model 298 loaded (total6mm_298.tsw)
model 8 loaded (liver_vessels_8.tsw)
version tsc 0.4 (TotalSegmentator 2.13/2.18 tasks + portal/hepatic split + custom models, C++/WASM), threads 24, task liver_vessels, roi -
PROBE begin tid=298 net=(80,71,71) padded=(80,71,71) pad_lo=(0,0,0) crop=(80,71,71) lo=(0,0,0) tiles=8 probes net=0 crop=0
PROBE begin tid=8 net=(123,300,322) padded=(123,300,322) pad_lo=(0,0,0) crop=(37,289,311) lo=(0,0,0) tiles=27 probes net=48 crop=1
PROBE acc tid=8 net=(68,188,101) tile=9 origin=(30,0,0) g=0.00476074219 n=0->0.00476074219 c0:y=7.62103081,a=0->0.0362854004 c1:y=-2.77057052,a=0->-0.0131912231 c2:y=-4.8131628,a=0->-0.0229187012
PROBE acc tid=8 net=(68,188,102) tile=9 origin=(30,0,0) g=0.00471496582 n=0->0.00471496582 c0:y=7.6541481,a=0->0.0361022949 c1:y=-2.8374393,a=0->-0.013381958 c2:y=-4.77885914,a=0->-0.0225372314
PROBE acc tid=8 net=(68,188,103) tile=9 origin=(30,0,0) g=0.00466156006 n=0->0.00466156006 c0:y=7.80793476,a=0->0.0364074707 c1:y=-3.06819201,a=0->-0.0143051147 c2:y=-4.70060635,a=0->-0.0219116211
PROBE acc tid=8 net=(68,188,104) tile=9 origin=(30,0,0) g=0.0046005249 n=0->0.0046005249 c0:y=7.84772587,a=0->0.0361022949 c1:y=-3.17898536,a=0->-0.0146255493 c2:y=-4.628829,a=0->-0.0213012695
PROBE acc tid=8 net=(68,189,101) tile=9 origin=(30,0,0) g=0.00405502319 n=0->0.00405502319 c0:y=7.57973671,a=0->0.0307312012 c1:y=-2.64756083,a=0->-0.0107345581 c2:y=-4.89621687,a=0->-0.0198516846
PROBE acc tid=8 net=(68,189,102) tile=9 origin=(30,0,0) g=0.00401306152 n=0->0.00401306152 c0:y=7.52519417,a=0->0.0301971436 c1:y=-2.59726763,a=0->-0.0104217529 c2:y=-4.89237261,a=0->-0.0196380615
PROBE acc tid=8 net=(68,189,103) tile=9 origin=(30,0,0) g=0.00397109985 n=0->0.00397109985 c0:y=7.58818436,a=0->0.0301361084 c1:y=-2.6943171,a=0->-0.0106964111 c2:y=-4.85786963,a=0->-0.0192871094
PROBE acc tid=8 net=(68,189,104) tile=9 origin=(30,0,0) g=0.00391769409 n=0->0.00391769409 c0:y=7.58901882,a=0->0.0297241211 c1:y=-2.75503421,a=0->-0.0107955933 c2:y=-4.79737711,a=0->-0.0187988281
PROBE acc tid=8 net=(68,190,101) tile=9 origin=(30,0,0) g=0.00344657898 n=0->0.00344657898 c0:y=7.52812481,a=0->0.0259399414 c1:y=-2.83081388,a=0->-0.00975799561 c2:y=-4.6628294,a=0->-0.0160675049
PROBE acc tid=8 net=(68,190,102) tile=9 origin=(30,0,0) g=0.00341415405 n=0->0.00341415405 c0:y=7.49832678,a=0->0.025604248 c1:y=-2.79495811,a=0->-0.00954437256 c2:y=-4.66895962,a=0->-0.0159454346
PROBE acc tid=8 net=(68,190,103) tile=9 origin=(30,0,0) g=0.00337600708 n=0->0.00337600708 c0:y=7.51671791,a=0->0.0253753662 c1:y=-2.74280262,a=0->-0.00926208496 c2:y=-4.73956585,a=0->-0.0160064697
PROBE acc tid=8 net=(68,190,104) tile=9 origin=(30,0,0) g=0.00333213806 n=0->0.00333213806 c0:y=7.45410919,a=0->0.0248413086 c1:y=-2.65958047,a=0->-0.00886535645 c2:y=-4.76023197,a=0->-0.0158691406
PROBE acc tid=8 net=(68,191,101) tile=9 origin=(30,0,0) g=0.00292396545 n=0->0.00292396545 c0:y=7.17597008,a=0->0.020980835 c1:y=-3.11544871,a=0->-0.00910949707 c2:y=-4.02205706,a=0->-0.011756897
PROBE acc tid=8 net=(68,191,102) tile=9 origin=(30,0,0) g=0.00289726257 n=0->0.00289726257 c0:y=7.20697403,a=0->0.0208740234 c1:y=-3.10366273,a=0->-0.00899505615 c2:y=-4.0647068,a=0->-0.0117797852
PROBE acc tid=8 net=(68,191,103) tile=9 origin=(30,0,0) g=0.00286483765 n=0->0.00286483765 c0:y=7.20480299,a=0->0.0206451416 c1:y=-2.96853781,a=0->-0.0085067749 c2:y=-4.19744349,a=0->-0.0120239258
PROBE acc tid=8 net=(68,191,104) tile=9 origin=(30,0,0) g=0.00282669067 n=0->0.00282669067 c0:y=7.11539602,a=0->0.020111084 c1:y=-2.79686952,a=0->-0.00790405273 c2:y=-4.28007507,a=0->-0.0121002197
PROBE acc tid=8 net=(69,188,101) tile=9 origin=(30,0,0) g=0.00429916382 n=0->0.00429916382 c0:y=7.96585751,a=0->0.0342407227 c1:y=-2.07282329,a=0->-0.00891113281 c2:y=-5.86075735,a=0->-0.0251922607
PROBE acc tid=8 net=(69,188,102) tile=9 origin=(30,0,0) g=0.00425720215 n=0->0.00425720215 c0:y=8.10609055,a=0->0.0345153809 c1:y=-2.13243604,a=0->-0.00907897949 c2:y=-5.94020462,a=0->-0.0252838135
PROBE acc tid=8 net=(69,188,103) tile=9 origin=(30,0,0) g=0.00421142578 n=0->0.00421142578 c0:y=8.27957153,a=0->0.0348815918 c1:y=-2.2600553,a=0->-0.00952148438 c2:y=-5.98447609,a=0->-0.0252075195
PROBE acc tid=8 net=(69,188,104) tile=9 origin=(30,0,0) g=0.00415802002 n=0->0.00415802002 c0:y=8.29397488,a=0->0.0344848633 c1:y=-2.4512682,a=0->-0.0101928711 c2:y=-5.80665779,a=0->-0.0241394043
PROBE acc tid=8 net=(69,189,101) tile=9 origin=(30,0,0) g=0.00366210938 n=0->0.00366210938 c0:y=7.85596752,a=0->0.0287628174 c1:y=-1.9990617,a=0->-0.00732040405 c2:y=-5.82622957,a=0->-0.0213317871
PROBE acc tid=8 net=(69,189,102) tile=9 origin=(30,0,0) g=0.0036277771 n=0->0.0036277771 c0:y=7.90305901,a=0->0.0286712646 c1:y=-1.94071305,a=0->-0.00704193115 c2:y=-5.93122911,a=0->-0.0215148926
PROBE acc tid=8 net=(69,189,103) tile=9 origin=(30,0,0) g=0.00358581543 n=0->0.00358581543 c0:y=8.06192875,a=0->0.0289154053 c1:y=-1.95800483,a=0->-0.00702285767 c2:y=-6.07172441,a=0->-0.021774292
PROBE acc tid=8 net=(69,189,104) tile=9 origin=(30,0,0) g=0.00354003906 n=0->0.00354003906 c0:y=8.15081978,a=0->0.0288543701 c1:y=-2.00537252,a=0->-0.00709915161 c2:y=-6.11225033,a=0->-0.0216369629
PROBE acc tid=8 net=(69,190,101) tile=9 origin=(30,0,0) g=0.00311279297 n=0->0.00311279297 c0:y=7.90830708,a=0->0.0246124268 c1:y=-2.21989441,a=0->-0.00690841675 c2:y=-5.6568718,a=0->-0.0176086426
PROBE acc tid=8 net=(69,190,102) tile=9 origin=(30,0,0) g=0.00308418274 n=0->0.00308418274 c0:y=7.88030815,a=0->0.024307251 c1:y=-2.00482607,a=0->-0.00618362427 c2:y=-5.84416199,a=0->-0.0180206299
PROBE acc tid=8 net=(69,190,103) tile=9 origin=(30,0,0) g=0.00304985046 n=0->0.00304985046 c0:y=7.89416027,a=0->0.0240783691 c1:y=-1.86243927,a=0->-0.00568008423 c2:y=-6.00060034,a=0->-0.0182952881
PROBE acc tid=8 net=(69,190,104) tile=9 origin=(30,0,0) g=0.00300979614 n=0->0.00300979614 c0:y=7.90984726,a=0->0.0238037109 c1:y=-1.79811633,a=0->-0.00541305542 c2:y=-6.08043098,a=0->-0.0182952881
PROBE acc tid=8 net=(69,191,101) tile=9 origin=(30,0,0) g=0.00264167786 n=0->0.00264167786 c0:y=7.03089523,a=0->0.0185699463 c1:y=-2.4859395,a=0->-0.00656890869 c2:y=-4.51081181,a=0->-0.0119171143
PROBE acc tid=8 net=(69,191,102) tile=9 origin=(30,0,0) g=0.00261688232 n=0->0.00261688232 c0:y=7.05847359,a=0->0.0184783936 c1:y=-2.35651565,a=0->-0.00616836548 c2:y=-4.67061853,a=0->-0.01222229
PROBE acc tid=8 net=(69,191,103) tile=9 origin=(30,0,0) g=0.00258827209 n=0->0.00258827209 c0:y=6.8011632,a=0->0.0176086426 c1:y=-1.893924,a=0->-0.00490188599 c2:y=-4.88184547,a=0->-0.0126342773
PROBE acc tid=8 net=(69,191,104) tile=9 origin=(30,0,0) g=0.00255393982 n=0->0.00255393982 c0:y=6.62456369,a=0->0.0169219971 c1:y=-1.44458234,a=0->-0.00368881226 c2:y=-5.15614891,a=0->-0.013168335
PROBE acc tid=8 net=(70,188,101) tile=9 origin=(30,0,0) g=0.00382423401 n=0->0.00382423401 c0:y=1.97975624,a=0->0.00757217407 c1:y=4.01334381,a=0->0.0153503418 c2:y=-6.01109695,a=0->-0.0229949951
PROBE acc tid=8 net=(70,188,102) tile=9 origin=(30,0,0) g=0.00378799438 n=0->0.00378799438 c0:y=2.8739562,a=0->0.010887146 c1:y=3.36647177,a=0->0.0127487183 c2:y=-6.25463009,a=0->-0.0236968994
PROBE acc tid=8 net=(70,188,103) tile=9 origin=(30,0,0) g=0.00374603271 n=0->0.00374603271 c0:y=4.45967627,a=0->0.016708374 c1:y=2.09827447,a=0->0.00785827637 c2:y=-6.56312513,a=0->-0.0245819092
PROBE acc tid=8 net=(70,188,104) tile=9 origin=(30,0,0) g=0.00369644165 n=0->0.00369644165 c0:y=5.25055027,a=0->0.0194091797 c1:y=1.19134974,a=0->0.00440216064 c2:y=-6.44054222,a=0->-0.0238037109
PROBE acc tid=8 net=(70,189,101) tile=9 origin=(30,0,0) g=0.00325775146 n=0->0.00325775146 c0:y=1.56407416,a=0->0.00509643555 c1:y=4.10462332,a=0->0.0133743286 c2:y=-5.69161797,a=0->-0.0185394287
PROBE acc tid=8 net=(70,189,102) tile=9 origin=(30,0,0) g=0.00322532654 n=0->0.00322532654 c0:y=1.04986703,a=0->0.00338554382 c1:y=4.60070992,a=0->0.0148391724 c2:y=-5.67807055,a=0->-0.0183105469
PROBE acc tid=8 net=(70,189,103) tile=9 origin=(30,0,0) g=0.00318908691 n=0->0.00318908691 c0:y=1.1090709,a=0->0.00353622437 c1:y=4.70743036,a=0->0.0150146484 c2:y=-5.84473324,a=0->-0.0186462402
PROBE acc tid=8 net=(70,189,104) tile=9 origin=(30,0,0) g=0.00314903259 n=0->0.00314903259 c0:y=1.15543759,a=0->0.00363922119 c1:y=4.69555378,a=0->0.0147857666 c2:y=-5.87907314,a=0->-0.0185089111
PROBE acc tid=8 net=(70,190,101) tile=9 origin=(30,0,0) g=0.00276947021 n=0->0.00276947021 c0:y=4.90860987,a=0->0.0135955811 c1:y=1.44563091,a=0->0.00400543213 c2:y=-6.35518503,a=0->-0.0175933838
PROBE acc tid=8 net=(70,190,102) tile=9 origin=(30,0,0) g=0.00274276733 n=0->0.00274276733 c0:y=3.10122728,a=0->0.0085067749 c1:y=2.88710284,a=0->0.00791931152 c2:y=-6.00289202,a=0->-0.0164642334
PROBE acc tid=8 net=(70,190,103) tile=9 origin=(30,0,0) g=0.00271224976 n=0->0.00271224976 c0:y=1.13722289,a=0->0.00308418274 c1:y=4.4321084,a=0->0.0120239258 c2:y=-5.59714174,a=0->-0.0151824951
PROBE acc tid=8 net=(70,190,104) tile=9 origin=(30,0,0) g=0.00267601013 n=0->0.00267601013 c0:y=0.910356522,a=0->0.0024356842 c1:y=4.99705219,a=0->0.0133743286 c2:y=-5.93815994,a=0->-0.0158843994
PROBE acc tid=8 net=(70,191,101) tile=9 origin=(30,0,0) g=0.00234985352 n=0->0.00234985352 c0:y=5.57877064,a=0->0.0131072998 c1:y=-0.398693234,a=0->-0.000936985016 c2:y=-5.15768003,a=0->-0.0121231079
PROBE acc tid=8 net=(70,191,102) tile=9 origin=(30,0,0) g=0.00232696533 n=0->0.00232696533 c0:y=4.67025661,a=0->0.0108642578 c1:y=0.650211871,a=0->0.00151348114 c2:y=-5.31013012,a=0->-0.0123596191
PROBE acc tid=8 net=(70,191,103) tile=9 origin=(30,0,0) g=0.0023021698 n=0->0.0023021698 c0:y=2.1303246,a=0->0.00490570068 c1:y=2.93867421,a=0->0.00676345825 c2:y=-5.08071804,a=0->-0.0116958618
PROBE acc tid=8 net=(70,191,104) tile=9 origin=(30,0,0) g=0.00227165222 n=0->0.00227165222 c0:y=0.752459049,a=0->0.00170898438 c1:y=4.28245163,a=0->0.00972747803 c2:y=-5.06064844,a=0->-0.0114974976
PROBE acc tid=8 net=(68,188,101) tile=10 origin=(30,0,65) g=0.000213742256 n=0.00476074219->0.00497436523 c0:y=7.32951355,a=0.0362854004->0.0378417969 c1:y=-2.96559405,a=-0.0131912231->-0.0138244629 c2:y=-4.33016825,a=-0.0229187012->-0.0238494873
PROBE acc tid=8 net=(68,188,102) tile=10 origin=(30,0,65) g=0.000236988068 n=0.00471496582->0.00495147705 c0:y=7.37867594,a=0.0361022949->0.0378417969 c1:y=-2.99431062,a=-0.013381958->-0.0140914917 c2:y=-4.34941673,a=-0.0225372314->-0.0235748291
PROBE acc tid=8 net=(68,188,103) tile=10 origin=(30,0,65) g=0.000262260437 n=0.00466156006->0.00492477417 c0:y=7.47837067,a=0.0364074707->0.0383605957 c1:y=-3.09737611,a=-0.0143051147->-0.0151138306 c2:y=-4.34504509,a=-0.0219116211->-0.0230560303
PROBE acc tid=8 net=(68,188,104) tile=10 origin=(30,0,65) g=0.000289916992 n=0.0046005249->0.00489044189 c0:y=7.54124117,a=0.0361022949->0.0382995605 c1:y=-3.15824366,a=-0.0146255493->-0.0155410767 c2:y=-4.34619856,a=-0.0213012695->-0.022567749
PROBE acc tid=8 net=(68,189,101) tile=10 origin=(30,0,65) g=0.000182032585 n=0.00405502319->0.00423812866 c0:y=7.25456572,a=0.0307312012->0.032043457 c1:y=-2.89776015,a=-0.0107345581->-0.0112609863 c2:y=-4.32349968,a=-0.0198516846->-0.0206451416
PROBE acc tid=8 net=(68,189,102) tile=10 origin=(30,0,65) g=0.000201821327 n=0.00401306152->0.00421524048 c0:y=7.22459412,a=0.0301971436->0.0316467285 c1:y=-2.79145432,a=-0.0104217529->-0.0109863281 c2:y=-4.39945889,a=-0.0196380615->-0.0205230713
PROBE acc tid=8 net=(68,189,103) tile=10 origin=(30,0,65) g=0.000223398209 n=0.00397109985->0.00419616699 c0:y=7.23052216,a=0.0301361084->0.0317382812 c1:y=-2.78298402,a=-0.0106964111->-0.0113143921 c2:y=-4.41351366,a=-0.0192871094->-0.0202789307
PROBE acc tid=8 net=(68,189,104) tile=10 origin=(30,0,65) g=0.000246763229 n=0.00391769409->0.00416564941 c0:y=7.25864029,a=0.0297241211->0.0315246582 c1:y=-2.7837913,a=-0.0107955933->-0.0114822388 c2:y=-4.44054174,a=-0.0187988281->-0.0198974609
PROBE acc tid=8 net=(68,190,101) tile=10 origin=(30,0,65) g=0.000154733658 n=0.00344657898->0.00360107422 c0:y=7.17398167,a=0.0259399414->0.027053833 c1:y=-3.16571403,a=-0.00975799561->-0.0102462769 c2:y=-3.97603226,a=-0.0160675049->-0.0166778564
PROBE acc tid=8 net=(68,190,102) tile=10 origin=(30,0,65) g=0.000171542168 n=0.00341415405->0.00358581543 c0:y=7.18259764,a=0.025604248->0.02684021 c1:y=-3.06472874,a=-0.00954437256->-0.0100708008 c2:y=-4.08499289,a=-0.0159454346->-0.0166473389
PROBE acc tid=8 net=(68,190,103) tile=10 origin=(30,0,65) g=0.000189900398 n=0.00337600708->0.00356674194 c0:y=7.14334774,a=0.0253753662->0.0267333984 c1:y=-2.95132279,a=-0.00926208496->-0.00981903076 c2:y=-4.15906334,a=-0.0160064697->-0.0167999268
PROBE acc tid=8 net=(68,190,104) tile=10 origin=(30,0,65) g=0.00020980835 n=0.00333213806->0.00354194641 c0:y=7.12633228,a=0.0248413086->0.0263366699 c1:y=-2.79164052,a=-0.00886535645->-0.00945281982 c2:y=-4.30190229,a=-0.0158691406->-0.0167694092
PROBE acc tid=8 net=(68,191,101) tile=10 origin=(30,0,65) g=0.000131368637 n=0.00292396545->0.00305557251 c0:y=7.0923214,a=0.020980835->0.0219116211 c1:y=-3.35310054,a=-0.00910949707->-0.00955200195 c2:y=-3.69689322,a=-0.011756897->-0.0122451782
PROBE acc tid=8 net=(68,191,102) tile=10 origin=(30,0,65) g=0.000145554543 n=0.00289726257->0.00304222107 c0:y=7.17533016,a=0.0208740234->0.0219116211 c1:y=-3.32071471,a=-0.00899505615->-0.00947570801 c2:y=-3.81145287,a=-0.0117797852->-0.012336731
PROBE acc tid=8 net=(68,191,103) tile=10 origin=(30,0,65) g=0.000161170959 n=0.00286483765->0.00302505493 c0:y=7.14160109,a=0.0206451416->0.0217895508 c1:y=-3.21482658,a=-0.0085067749->-0.00902557373 c2:y=-3.88397741,a=-0.0120239258->-0.0126495361
PROBE acc tid=8 net=(68,191,104) tile=10 origin=(30,0,65) g=0.000178098679 n=0.00282669067->0.0030040741 c0:y=7.12536812,a=0.020111084->0.0213775635 c1:y=-3.03090239,a=-0.00790405273->-0.00844573975 c2:y=-4.05195904,a=-0.0121002197->-0.0128250122
PROBE acc tid=8 net=(69,188,101) tile=10 origin=(30,0,65) g=0.000193119049 n=0.00429916382->0.00449371338 c0:y=7.52661943,a=0.0342407227->0.0357055664 c1:y=-2.10845804,a=-0.00891113281->-0.00931549072 c2:y=-5.38455009,a=-0.0251922607->-0.0262298584
PROBE acc tid=8 net=(69,188,102) tile=10 origin=(30,0,65) g=0.000214099884 n=0.00425720215->0.0044708252 c0:y=7.6857996,a=0.0345153809->0.0361633301 c1:y=-2.19571161,a=-0.00907897949->-0.00955200195 c2:y=-5.4553957,a=-0.0252838135->-0.0264587402
PROBE acc tid=8 net=(69,188,103) tile=10 origin=(30,0,65) g=0.000236988068 n=0.00421142578->0.00444793701 c0:y=7.88594151,a=0.0348815918->0.0367431641 c1:y=-2.36472821,a=-0.00952148438->-0.0100784302 c2:y=-5.48522377,a=-0.0252075195->-0.0265045166
PROBE acc tid=8 net=(69,188,104) tile=10 origin=(30,0,65) g=0.0002617836 n=0.00415802002->0.00442123413 c0:y=7.86470413,a=0.0344848633->0.036529541 c1:y=-2.40626168,a=-0.0101928711->-0.0108261108 c2:y=-5.42215061,a=-0.0241394043->-0.0255584717
PROBE acc tid=8 net=(69,189,101) tile=10 origin=(30,0,65) g=0.00016438961 n=0.00366210938->0.00382614136 c0:y=7.3663435,a=0.0287628174->0.0299682617 c1:y=-2.02690315,a=-0.00732040405->-0.00765228271 c2:y=-5.30649424,a=-0.0213317871->-0.0222015381
PROBE acc tid=8 net=(69,189,102) tile=10 origin=(30,0,65) g=0.000182271004 n=0.0036277771->0.00381088257 c0:y=7.42189693,a=0.0286712646->0.0300292969 c1:y=-1.89375746,a=-0.00704193115->-0.00738525391 c2:y=-5.49497032,a=-0.0215148926->-0.0225219727
PROBE acc tid=8 net=(69,189,103) tile=10 origin=(30,0,65) g=0.000201821327 n=0.00358581543->0.00378799438 c0:y=7.55587721,a=0.0289154053->0.0304412842 c1:y=-1.87554765,a=-0.00702285767->-0.0074005127 c2:y=-5.64644718,a=-0.021774292->-0.0229187012
PROBE acc tid=8 net=(69,189,104) tile=10 origin=(30,0,65) g=0.000223040581 n=0.00354003906->0.00376319885 c0:y=7.70090485,a=0.0288543701->0.0305786133 c1:y=-1.89448833,a=-0.00709915161->-0.00752258301 c2:y=-5.77190304,a=-0.0216369629->-0.0229187012
PROBE acc tid=8 net=(69,190,101) tile=10 origin=(30,0,65) g=0.000139832497 n=0.00311279297->0.00325202942 c0:y=7.37828064,a=0.0246124268->0.0256500244 c1:y=-2.43027258,a=-0.00690841675->-0.0072479248 c2:y=-4.9142046,a=-0.0176086426->-0.0182952881
PROBE acc tid=8 net=(69,190,102) tile=10 origin=(30,0,65) g=0.000154972076 n=0.00308418274->0.00323867798 c0:y=7.40929747,a=0.024307251->0.0254516602 c1:y=-2.1874783,a=-0.00618362427->-0.00652313232 c2:y=-5.18802977,a=-0.0180206299->-0.0188293457
PROBE acc tid=8 net=(69,190,103) tile=10 origin=(30,0,65) g=0.000171542168 n=0.00304985046->0.00322151184 c0:y=7.36762762,a=0.0240783691->0.0253448486 c1:y=-1.90355444,a=-0.00568008423->-0.00600814819 c2:y=-5.43063116,a=-0.0182952881->-0.0192260742
PROBE acc tid=8 net=(69,190,104) tile=10 origin=(30,0,65) g=0.00018954277 n=0.00300979614->0.00319862366 c0:y=7.39729118,a=0.0238037109->0.0252075195 c1:y=-1.63753676,a=-0.00541305542->-0.0057220459 c2:y=-5.72678566,a=-0.0182952881->-0.0193786621
PROBE acc tid=8 net=(69,191,101) tile=10 origin=(30,0,65) g=0.000118613243 n=0.00264167786->0.00275993347 c0:y=6.9927597,a=0.0185699463->0.0193939209 c1:y=-2.83161068,a=-0.00656890869->-0.00690460205 c2:y=-4.12232161,a=-0.0119171143->-0.0124053955
PROBE acc tid=8 net=(69,191,102) tile=10 origin=(30,0,65) g=0.000131607056 n=0.00261688232->0.00274848938 c0:y=6.99562931,a=0.0184783936->0.0193939209 c1:y=-2.65051436,a=-0.00616836548->-0.00651550293 c2:y=-4.30904436,a=-0.01222229->-0.0127868652
PROBE acc tid=8 net=(69,191,103) tile=10 origin=(30,0,65) g=0.000145554543 n=0.00258827209->0.00273323059 c0:y=6.75832844,a=0.0176086426->0.0185852051 c1:y=-2.30888844,a=-0.00490188599->-0.00523757935 c2:y=-4.41947079,a=-0.0126342773->-0.0132751465
PROBE acc tid=8 net=(69,191,104) tile=10 origin=(30,0,65) g=0.000160932541 n=0.00255393982->0.0027141571 c0:y=6.47690392,a=0.0169219971->0.0179595947 c1:y=-1.82398188,a=-0.00368881226->-0.00398254395 c2:y=-4.62857199,a=-0.013168335->-0.0139160156
PROBE acc tid=8 net=(70,188,101) tile=10 origin=(30,0,65) g=0.000171780586 n=0.00382423401->0.00399780273 c0:y=2.78233504,a=0.00757217407->0.00804901123 c1:y=2.94915748,a=0.0153503418->0.0158538818 c2:y=-5.72942591,a=-0.0229949951->-0.0239868164
PROBE acc tid=8 net=(70,188,102) tile=10 origin=(30,0,65) g=0.000190377235 n=0.00378799438->0.00397872925 c0:y=3.56319427,a=0.010887146->0.0115661621 c1:y=2.2839272,a=0.0127487183->0.0131835938 c2:y=-5.84350538,a=-0.0236968994->-0.024810791
PROBE acc tid=8 net=(70,188,103) tile=10 origin=(30,0,65) g=0.000210762024 n=0.00374603271->0.00395584106 c0:y=4.49016142,a=0.016708374->0.0176544189 c1:y=1.45428872,a=0.00785827637->0.00816345215 c2:y=-5.93759251,a=-0.0245819092->-0.0258331299
PROBE acc tid=8 net=(70,188,104) tile=10 origin=(30,0,65) g=0.000232934952 n=0.00369644165->0.00392913818 c0:y=4.96731043,a=0.0194091797->0.0205688477 c1:y=0.933748424,a=0.00440216064->0.00461959839 c2:y=-5.89236116,a=-0.0238037109->-0.025177002
PROBE acc tid=8 net=(70,189,101) tile=10 origin=(30,0,65) g=0.000146269798 n=0.00325775146->0.00340461731 c0:y=1.92449605,a=0.00509643555->0.00537872314 c1:y=3.50496006,a=0.0133743286->0.013885498 c2:y=-5.44055128,a=-0.0185394287->-0.0193328857
PROBE acc tid=8 net=(70,189,102) tile=10 origin=(30,0,65) g=0.000162124634 n=0.00322532654->0.00338745117 c0:y=1.32561839,a=0.00338554382->0.00360107422 c1:y=4.0412159,a=0.0148391724->0.0154953003 c2:y=-5.38619089,a=-0.0183105469->-0.0191802979
PROBE acc tid=8 net=(70,189,103) tile=10 origin=(30,0,65) g=0.00017952919 n=0.00318908691->0.00336837769 c0:y=1.14683843,a=0.00353622437->0.00374221802 c1:y=4.27667475,a=0.0150146484->0.0157775879 c2:y=-5.44559574,a=-0.0186462402->-0.0196228027
PROBE acc tid=8 net=(70,189,104) tile=10 origin=(30,0,65) g=0.000198364258 n=0.00314903259->0.00334739685 c0:y=1.22310472,a=0.00363922119->0.00388145447 c1:y=4.31528282,a=0.0147857666->0.0156402588 c2:y=-5.56074286,a=-0.0185089111->-0.0196075439
PROBE acc tid=8 net=(70,190,101) tile=10 origin=(30,0,65) g=0.000124335289 n=0.00276947021->0.00289344788 c0:y=4.30925989,a=0.0135955811->0.0141296387 c1:y=1.03832805,a=0.00400543213->0.00413513184 c2:y=-5.34573174,a=-0.0175933838->-0.0182647705
PROBE acc tid=8 net=(70,190,102) tile=10 origin=(30,0,65) g=0.000137805939 n=0.00274276733->0.00288009644 c0:y=2.78532672,a=0.0085067749->0.00888824463 c1:y=2.59435296,a=0.00791931152->0.00827789307 c2:y=-5.39023781,a=-0.0164642334->-0.0172119141
PROBE acc tid=8 net=(70,190,103) tile=10 origin=(30,0,65) g=0.000152587891 n=0.00271224976->0.00286483765 c0:y=0.835098147,a=0.00308418274->0.0032119751 c1:y=4.14934349,a=0.0120239258->0.0126571655 c2:y=-5.00834084,a=-0.0151824951->-0.0159454346
PROBE acc tid=8 net=(70,190,104) tile=10 origin=(30,0,65) g=0.000168561935 n=0.00267601013->0.00284385681 c0:y=0.737231493,a=0.0024356842->0.00255966187 c1:y=4.64024925,a=0.0133743286->0.0141601562 c2:y=-5.40612841,a=-0.0158843994->-0.0167999268
PROBE acc tid=8 net=(70,191,101) tile=10 origin=(30,0,65) g=0.000105500221 n=0.00234985352->0.00245475769 c0:y=5.25803232,a=0.0131072998->0.0136642456 c1:y=-0.684292018,a=-0.000936985016->-0.00100898743 c2:y=-4.54829931,a=-0.0121231079->-0.0126037598
PROBE acc tid=8 net=(70,191,102) tile=10 origin=(30,0,65) g=0.000117003918 n=0.00232696533->0.0024433136 c0:y=4.24263239,a=0.0108642578->0.0113601685 c1:y=0.473916143,a=0.00151348114->0.00156879425 c2:y=-4.70371151,a=-0.0123596191->-0.0129089355
PROBE acc tid=8 net=(70,191,103) tile=10 origin=(30,0,65) g=0.000129461288 n=0.0023021698->0.00243186951 c0:y=1.98710692,a=0.00490570068->0.0051612854 c1:y=2.43104506,a=0.00676345825->0.00708007812 c2:y=-4.42577648,a=-0.0116958618->-0.0122680664
PROBE acc tid=8 net=(70,191,104) tile=10 origin=(30,0,65) g=0.000143051147 n=0.00227165222->0.00241470337 c0:y=0.65669632,a=0.00170898438->0.00180339813 c1:y=3.98663163,a=0.00972747803->0.0102996826 c2:y=-4.66797161,a=-0.0114974976->-0.0121688843
PROBE acc tid=8 net=(68,188,101) tile=12 origin=(30,54,0) g=2.109375 n=0.00497436523->2.11523438 c0:y=7.47464466,a=0.0378417969->15.8046875 c1:y=-3.20565629,a=-0.0138244629->-6.77734375 c2:y=-4.23378181,a=-0.0238494873->-8.953125
PROBE acc tid=8 net=(68,188,102) tile=12 origin=(30,54,0) g=2.08789062 n=0.00495147705->2.09375 c0:y=7.53868151,a=0.0378417969->15.78125 c1:y=-3.12384319,a=-0.0140914917->-6.53515625 c2:y=-4.37862778,a=-0.0235748291->-9.1640625
PROBE acc tid=8 net=(68,188,103) tile=12 origin=(30,54,0) g=2.06445312 n=0.00492477417->2.0703125 c0:y=7.69570637,a=0.0383605957->15.9296875 c1:y=-3.14735818,a=-0.0151138306->-6.51171875 c2:y=-4.51079559,a=-0.0230560303->-9.3359375
PROBE acc tid=8 net=(68,188,104) tile=12 origin=(30,54,0) g=2.0390625 n=0.00489044189->2.04492188 c0:y=7.74118233,a=0.0382995605->15.8203125 c1:y=-3.05003595,a=-0.0155410767->-6.234375 c2:y=-4.65300846,a=-0.022567749->-9.5078125
PROBE acc tid=8 net=(68,189,101) tile=12 origin=(30,54,0) g=1.97265625 n=0.00423812866->1.9765625 c0:y=7.53180265,a=0.032043457->14.890625 c1:y=-3.20373082,a=-0.0112609863->-6.33203125 c2:y=-4.29271173,a=-0.0206451416->-8.4921875
PROBE acc tid=8 net=(68,189,102) tile=12 origin=(30,54,0) g=1.95410156 n=0.00421524048->1.95800781 c0:y=7.49075842,a=0.0316467285->14.671875 c1:y=-2.9855051,a=-0.0109863281->-5.84375 c2:y=-4.46975708,a=-0.0205230713->-8.7578125
PROBE acc tid=8 net=(68,189,103) tile=12 origin=(30,54,0) g=1.93164062 n=0.00419616699->1.93554688 c0:y=7.55647326,a=0.0317382812->14.625 c1:y=-2.88322926,a=-0.0113143921->-5.58203125 c2:y=-4.63739538,a=-0.0202789307->-8.9765625
PROBE acc tid=8 net=(68,189,104) tile=12 origin=(30,54,0) g=1.90722656 n=0.00416564941->1.91113281 c0:y=7.54922342,a=0.0315246582->14.4296875 c1:y=-2.75615358,a=-0.0114822388->-5.26953125 c2:y=-4.75738287,a=-0.0198974609->-9.09375
PROBE acc tid=8 net=(68,190,101) tile=12 origin=(30,54,0) g=1.84179688 n=0.00360107422->1.84570312 c0:y=7.67341805,a=0.027053833->14.15625 c1:y=-3.45821452,a=-0.0102462769->-6.37890625 c2:y=-4.17799234,a=-0.0166778564->-7.7109375
PROBE acc tid=8 net=(68,190,102) tile=12 origin=(30,54,0) g=1.82421875 n=0.00358581543->1.828125 c0:y=7.64307404,a=0.02684021->13.96875 c1:y=-3.22816825,a=-0.0100708008->-5.8984375 c2:y=-4.37737274,a=-0.0166473389->-8
PROBE acc tid=8 net=(68,190,103) tile=12 origin=(30,54,0) g=1.80371094 n=0.00356674194->1.80761719 c0:y=7.6363945,a=0.0267333984->13.796875 c1:y=-2.97816253,a=-0.00981903076->-5.3828125 c2:y=-4.62110329,a=-0.0167999268->-8.3515625
PROBE acc tid=8 net=(68,190,104) tile=12 origin=(30,54,0) g=1.78027344 n=0.00354194641->1.78417969 c0:y=7.58503437,a=0.0263366699->13.53125 c1:y=-2.76944017,a=-0.00945281982->-4.94140625 c2:y=-4.77957964,a=-0.0167694092->-8.5234375
PROBE acc tid=8 net=(68,191,101) tile=12 origin=(30,54,0) g=1.71679688 n=0.00305557251->1.71972656 c0:y=7.81248665,a=0.0219116211->13.4375 c1:y=-3.74723434,a=-0.00955200195->-6.44140625 c2:y=-4.02650118,a=-0.0122451782->-6.92578125
PROBE acc tid=8 net=(68,191,102) tile=12 origin=(30,54,0) g=1.70019531 n=0.00304222107->1.703125 c0:y=7.77138901,a=0.0219116211->13.234375 c1:y=-3.53981304,a=-0.00947570801->-6.02734375 c2:y=-4.19319344,a=-0.012336731->-7.140625
PROBE acc tid=8 net=(68,191,103) tile=12 origin=(30,54,0) g=1.68164062 n=0.00302505493->1.68457031 c0:y=7.74722862,a=0.0217895508->13.046875 c1:y=-3.27680039,a=-0.00902557373->-5.51953125 c2:y=-4.43291998,a=-0.0126495361->-7.46875
PROBE acc tid=8 net=(68,191,104) tile=12 origin=(30,54,0) g=1.65917969 n=0.0030040741->1.66210938 c0:y=7.7067337,a=0.0213775635->12.8046875 c1:y=-3.01933813,a=-0.00844573975->-5.01953125 c2:y=-4.65083218,a=-0.0128250122->-7.73046875
PROBE acc tid=8 net=(69,188,101) tile=12 origin=(30,54,0) g=1.90527344 n=0.00449371338->1.91015625 c0:y=7.59735584,a=0.0357055664->14.5078125 c1:y=-2.23187947,a=-0.00931549072->-4.26171875 c2:y=-5.33242893,a=-0.0262298584->-10.1875
PROBE acc tid=8 net=(69,188,102) tile=12 origin=(30,54,0) g=1.88671875 n=0.0044708252->1.89160156 c0:y=7.77425003,a=0.0361633301->14.703125 c1:y=-2.28595138,a=-0.00955200195->-4.32421875 c2:y=-5.45396471,a=-0.0264587402->-10.3203125
PROBE acc tid=8 net=(69,188,103) tile=12 origin=(30,54,0) g=1.86621094 n=0.00444793701->1.87109375 c0:y=8.01233482,a=0.0367431641->14.9921875 c1:y=-2.41682696,a=-0.0100784302->-4.51953125 c2:y=-5.55993843,a=-0.0265045166->-10.40625
PROBE acc tid=8 net=(69,188,104) tile=12 origin=(30,54,0) g=1.84179688 n=0.00442123413->1.84667969 c0:y=8.15447998,a=0.036529541->15.0546875 c1:y=-2.46903872,a=-0.0108261108->-4.55859375 c2:y=-5.6490674,a=-0.0255584717->-10.4296875
PROBE acc tid=8 net=(69,189,101) tile=12 origin=(30,54,0) g=1.78222656 n=0.00382614136->1.78613281 c0:y=7.67313004,a=0.0299682617->13.703125 c1:y=-2.30826068,a=-0.00765228271->-4.12109375 c2:y=-5.3313899,a=-0.0222015381->-9.5234375
PROBE acc tid=8 net=(69,189,102) tile=12 origin=(30,54,0) g=1.76464844 n=0.00381088257->1.76855469 c0:y=7.76652718,a=0.0300292969->13.734375 c1:y=-2.18859816,a=-0.00738525391->-3.86914062 c2:y=-5.5438571,a=-0.0225219727->-9.8046875
PROBE acc tid=8 net=(69,189,103) tile=12 origin=(30,54,0) g=1.74511719 n=0.00378799438->1.74902344 c0:y=7.9408865,a=0.0304412842->13.890625 c1:y=-2.14828873,a=-0.0074005127->-3.75585938 c2:y=-5.75807428,a=-0.0229187012->-10.0703125
PROBE acc tid=8 net=(69,189,104) tile=12 origin=(30,54,0) g=1.72265625 n=0.00376319885->1.7265625 c0:y=8.06180096,a=0.0305786133->13.921875 c1:y=-2.09785318,a=-0.00752258301->-3.62109375 c2:y=-5.92939568,a=-0.0229187012->-10.234375
PROBE acc tid=8 net=(69,190,101) tile=12 origin=(30,54,0) g=1.6640625 n=0.00325202942->1.66699219 c0:y=7.71651459,a=0.0256500244->12.8671875 c1:y=-2.66571307,a=-0.0072479248->-4.44140625 c2:y=-5.01581955,a=-0.0182952881->-8.3671875
PROBE acc tid=8 net=(69,190,102) tile=12 origin=(30,54,0) g=1.6484375 n=0.00323867798->1.65136719 c0:y=7.9311142,a=0.0254516602->13.1015625 c1:y=-2.5535078,a=-0.00652313232->-4.21484375 c2:y=-5.3416853,a=-0.0188293457->-8.828125
PROBE acc tid=8 net=(69,190,103) tile=12 origin=(30,54,0) g=1.62988281 n=0.00322151184->1.6328125 c0:y=8.03042698,a=0.0253448486->13.1171875 c1:y=-2.31933713,a=-0.00600814819->-3.78710938 c2:y=-5.67548037,a=-0.0192260742->-9.2734375
PROBE acc tid=8 net=(69,190,104) tile=12 origin=(30,54,0) g=1.60839844 n=0.00319862366->1.61132812 c0:y=8.05307865,a=0.0252075195->12.9765625 c1:y=-2.11457682,a=-0.0057220459->-3.40625 c2:y=-5.90385199,a=-0.0193786621->-9.515625
PROBE acc tid=8 net=(69,191,101) tile=12 origin=(30,54,0) g=1.55078125 n=0.00275993347->1.55371094 c0:y=7.49328232,a=0.0193939209->11.640625 c1:y=-2.85757375,a=-0.00690460205->-4.4375 c2:y=-4.600492,a=-0.0124053955->-7.1484375
PROBE acc tid=8 net=(69,191,102) tile=12 origin=(30,54,0) g=1.53613281 n=0.00274848938->1.5390625 c0:y=7.69740868,a=0.0193939209->11.84375 c1:y=-2.78215313,a=-0.00651550293->-4.28125 c2:y=-4.87860775,a=-0.0127868652->-7.5078125
PROBE acc tid=8 net=(69,191,103) tile=12 origin=(30,54,0) g=1.51855469 n=0.00273323059->1.52148438 c0:y=7.95286179,a=0.0185852051->12.09375 c1:y=-2.72312403,a=-0.00523757935->-4.140625 c2:y=-5.19274092,a=-0.0132751465->-7.8984375
PROBE acc tid=8 net=(69,191,104) tile=12 origin=(30,54,0) g=1.49902344 n=0.0027141571->1.50195312 c0:y=8.15736771,a=0.0179595947->12.2421875 c1:y=-2.5791049,a=-0.00398254395->-3.87109375 c2:y=-5.54184532,a=-0.0139160156->-8.3203125
PROBE acc tid=8 net=(70,188,101) tile=12 origin=(30,54,0) g=1.69433594 n=0.00399780273->1.69824219 c0:y=2.8343122,a=0.00804901123->4.80859375 c1:y=3.5406189,a=0.0158538818->6.015625 c2:y=-6.37029314,a=-0.0239868164->-10.8203125
PROBE acc tid=8 net=(70,188,102) tile=12 origin=(30,54,0) g=1.67871094 n=0.00397872925->1.68261719 c0:y=3.34468818,a=0.0115661621->5.625 c1:y=3.04309678,a=0.0131835938->5.12109375 c2:y=-6.38274956,a=-0.024810791->-10.7421875
PROBE acc tid=8 net=(70,188,103) tile=12 origin=(30,54,0) g=1.65917969 n=0.00395584106->1.66308594 c0:y=4.39869738,a=0.0176544189->7.31640625 c1:y=2.03728008,a=0.00816345215->3.38867188 c2:y=-6.42819071,a=-0.0258331299->-10.6875
PROBE acc tid=8 net=(70,188,104) tile=12 origin=(30,54,0) g=1.63769531 n=0.00392913818->1.64160156 c0:y=5.10314322,a=0.0205688477->8.375 c1:y=1.25566185,a=0.00461959839->2.06054688 c2:y=-6.34847975,a=-0.025177002->-10.421875
PROBE acc tid=8 net=(70,189,101) tile=12 origin=(30,54,0) g=1.58496094 n=0.00340461731->1.58789062 c0:y=2.86440349,a=0.00537872314->4.546875 c1:y=3.49265361,a=0.013885498->5.55078125 c2:y=-6.3540678,a=-0.0193328857->-10.09375
PROBE acc tid=8 net=(70,189,102) tile=12 origin=(30,54,0) g=1.5703125 n=0.00338745117->1.57324219 c0:y=1.95932686,a=0.00360107422->3.08007812 c1:y=4.10663033,a=0.0154953003->6.46484375 c2:y=-6.07385874,a=-0.0191802979->-9.5546875
PROBE acc tid=8 net=(70,189,103) tile=12 origin=(30,54,0) g=1.55273438 n=0.00336837769->1.55566406 c0:y=1.4658196,a=0.00374221802->2.27929688 c1:y=4.47397804,a=0.0157775879->6.9609375 c2:y=-5.95599222,a=-0.0196228027->-9.265625
PROBE acc tid=8 net=(70,189,104) tile=12 origin=(30,54,0) g=1.53222656 n=0.00334739685->1.53515625 c0:y=1.24570191,a=0.00388145447->1.91210938 c1:y=4.63048887,a=0.0156402588->7.109375 c2:y=-5.8983984,a=-0.0196075439->-9.0546875
PROBE acc tid=8 net=(70,190,101) tile=12 origin=(30,54,0) g=1.47949219 n=0.00289344788->1.48242188 c0:y=5.25543451,a=0.0141296387->7.7890625 c1:y=1.29104173,a=0.00413513184->1.9140625 c2:y=-6.52921772,a=-0.0182647705->-9.6796875
PROBE acc tid=8 net=(70,190,102) tile=12 origin=(30,54,0) g=1.46582031 n=0.00288009644->1.46875 c0:y=4.25221682,a=0.00888824463->6.2421875 c1:y=2.2028029,a=0.00827789307->3.23632812 c2:y=-6.45099115,a=-0.0172119141->-9.4765625
PROBE acc tid=8 net=(70,190,103) tile=12 origin=(30,54,0) g=1.44921875 n=0.00286483765->1.45214844 c0:y=2.44713187,a=0.0032119751->3.54882812 c1:y=3.66741848,a=0.0126571655->5.328125 c2:y=-6.12798643,a=-0.0159454346->-8.8984375
PROBE acc tid=8 net=(70,190,104) tile=12 origin=(30,54,0) g=1.43066406 n=0.00284385681->1.43359375 c0:y=0.963379502,a=0.00255966187->1.38085938 c1:y=4.80095196,a=0.0141601562->6.8828125 c2:y=-5.79330158,a=-0.0167999268->-8.3046875
PROBE acc tid=8 net=(70,191,101) tile=12 origin=(30,54,0) g=1.37988281 n=0.00245475769->1.3828125 c0:y=5.75445032,a=0.0136642456->7.953125 c1:y=0.169892013,a=-0.00100898743->0.233398438 c2:y=-5.90170717,a=-0.0126037598->-8.15625
PROBE acc tid=8 net=(70,191,102) tile=12 origin=(30,54,0) g=1.36621094 n=0.0024433136->1.36914062 c0:y=5.57632828,a=0.0113601685->7.62890625 c1:y=0.500217795,a=0.00156879425->0.685058594 c2:y=-6.05999994,a=-0.0129089355->-8.2890625
PROBE acc tid=8 net=(70,191,103) tile=12 origin=(30,54,0) g=1.35058594 n=0.00243186951->1.35253906 c0:y=5.28498507,a=0.0051612854->7.14453125 c1:y=1.06298542,a=0.00708007812->1.44238281 c2:y=-6.33728552,a=-0.0122680664->-8.5703125
PROBE acc tid=8 net=(70,191,104) tile=12 origin=(30,54,0) g=1.33398438 n=0.00241470337->1.3359375 c0:y=3.80188966,a=0.00180339813->5.07421875 c1:y=2.58585858,a=0.0102996826->3.45898438 c2:y=-6.39162016,a=-0.0121688843->-8.5390625
PROBE acc tid=8 net=(68,188,101) tile=13 origin=(30,54,65) g=0.0946655273 n=2.11523438->2.20898438 c0:y=6.90716648,a=15.8046875->16.453125 c1:y=-3.25127721,a=-6.77734375->-7.0859375 c2:y=-3.62674665,a=-8.953125->-9.296875
PROBE acc tid=8 net=(68,188,102) tile=13 origin=(30,54,65) g=0.104980469 n=2.09375->2.19921875 c0:y=6.96745014,a=15.78125->16.515625 c1:y=-3.15692234,a=-6.53515625->-6.8671875 c2:y=-3.78030491,a=-9.1640625->-9.5625
PROBE acc tid=8 net=(68,188,103) tile=13 origin=(30,54,65) g=0.116210938 n=2.0703125->2.1875 c0:y=7.08490896,a=15.9296875->16.75 c1:y=-3.11739039,a=-6.51171875->-6.875 c2:y=-3.93633747,a=-9.3359375->-9.796875
PROBE acc tid=8 net=(68,188,104) tile=13 origin=(30,54,65) g=0.128417969 n=2.04492188->2.17382812 c0:y=7.17294788,a=15.8203125->16.734375 c1:y=-3.05368876,a=-6.234375->-6.625 c2:y=-4.08704901,a=-9.5078125->-10.03125
PROBE acc tid=8 net=(68,189,101) tile=13 origin=(30,54,65) g=0.0885620117 n=1.9765625->2.06445312 c0:y=6.9317131,a=14.890625->15.5078125 c1:y=-3.31858277,a=-6.33203125->-6.625 c2:y=-3.58384228,a=-8.4921875->-8.8125
PROBE acc tid=8 net=(68,189,102) tile=13 origin=(30,54,65) g=0.0982055664 n=1.95800781->2.05664062 c0:y=6.90368748,a=14.671875->15.3515625 c1:y=-3.09535789,a=-5.84375->-6.1484375 c2:y=-3.77876377,a=-8.7578125->-9.1328125
PROBE acc tid=8 net=(68,189,103) tile=13 origin=(30,54,65) g=0.108703613 n=1.93554688->2.04492188 c0:y=6.95310545,a=14.625->15.3828125 c1:y=-2.9656949,a=-5.58203125->-5.90625 c2:y=-3.9575181,a=-8.9765625->-9.40625
PROBE acc tid=8 net=(68,189,104) tile=13 origin=(30,54,65) g=0.120117188 n=1.91113281->2.03125 c0:y=6.99974489,a=14.4296875->15.2734375 c1:y=-2.86295676,a=-5.26953125->-5.61328125 c2:y=-4.10673761,a=-9.09375->-9.5859375
PROBE acc tid=8 net=(68,190,101) tile=13 origin=(30,54,65) g=0.0827026367 n=1.84570312->1.92871094 c0:y=7.00388384,a=14.15625->14.734375 c1:y=-3.55132341,a=-6.37890625->-6.671875 c2:y=-3.42199349,a=-7.7109375->-7.9921875
PROBE acc tid=8 net=(68,190,102) tile=13 origin=(30,54,65) g=0.0916748047 n=1.828125->1.91992188 c0:y=6.98444796,a=13.96875->14.609375 c1:y=-3.30749702,a=-5.8984375->-6.203125 c2:y=-3.64599419,a=-8->-8.3359375
PROBE acc tid=8 net=(68,190,103) tile=13 origin=(30,54,65) g=0.101501465 n=1.80761719->1.90917969 c0:y=6.98257589,a=13.796875->14.5078125 c1:y=-3.07449579,a=-5.3828125->-5.6953125 c2:y=-3.87741756,a=-8.3515625->-8.7421875
PROBE acc tid=8 net=(68,190,104) tile=13 origin=(30,54,65) g=0.112182617 n=1.78417969->1.89648438 c0:y=7.00776386,a=13.53125->14.3203125 c1:y=-2.89346123,a=-4.94140625->-5.265625 c2:y=-4.08421946,a=-8.5234375->-8.984375
PROBE acc tid=8 net=(68,191,101) tile=13 origin=(30,54,65) g=0.0770874023 n=1.71972656->1.796875 c0:y=7.07956886,a=13.4375->13.984375 c1:y=-3.80534959,a=-6.44140625->-6.734375 c2:y=-3.24245167,a=-6.92578125->-7.17578125
PROBE acc tid=8 net=(68,191,102) tile=13 origin=(30,54,65) g=0.0854492188 n=1.703125->1.7890625 c0:y=7.07498407,a=13.234375->13.8359375 c1:y=-3.60708761,a=-6.02734375->-6.3359375 c2:y=-3.43620086,a=-7.140625->-7.43359375
PROBE acc tid=8 net=(68,191,103) tile=13 origin=(30,54,65) g=0.0946044922 n=1.68457031->1.77929688 c0:y=7.08554697,a=13.046875->13.71875 c1:y=-3.38648224,a=-5.51953125->-5.83984375 c2:y=-3.66788101,a=-7.46875->-7.81640625
PROBE acc tid=8 net=(68,191,104) tile=13 origin=(30,54,65) g=0.104553223 n=1.66210938->1.76660156 c0:y=7.13052654,a=12.8046875->13.546875 c1:y=-3.14778042,a=-5.01953125->-5.34765625 c2:y=-3.95200777,a=-7.73046875->-8.140625
PROBE acc tid=8 net=(69,188,101) tile=13 origin=(30,54,65) g=0.0855712891 n=1.91015625->1.99609375 c0:y=7.04355145,a=14.5078125->15.109375 c1:y=-2.41621661,a=-4.26171875->-4.46875 c2:y=-4.59732866,a=-10.1875->-10.578125
PROBE acc tid=8 net=(69,188,102) tile=13 origin=(30,54,65) g=0.0948486328 n=1.89160156->1.98632812 c0:y=7.23505306,a=14.703125->15.390625 c1:y=-2.41794467,a=-4.32421875->-4.5546875 c2:y=-4.78557539,a=-10.3203125->-10.7734375
PROBE acc tid=8 net=(69,188,103) tile=13 origin=(30,54,65) g=0.104980469 n=1.87109375->1.9765625 c0:y=7.41512012,a=14.9921875->15.7734375 c1:y=-2.46368384,a=-4.51953125->-4.77734375 c2:y=-4.91877937,a=-10.40625->-10.921875
PROBE acc tid=8 net=(69,188,104) tile=13 origin=(30,54,65) g=0.116027832 n=1.84667969->1.96289062 c0:y=7.52189875,a=15.0546875->15.9296875 c1:y=-2.47029614,a=-4.55859375->-4.84375 c2:y=-5.01794243,a=-10.4296875->-11.015625
PROBE acc tid=8 net=(69,189,101) tile=13 origin=(30,54,65) g=0.0800170898 n=1.78613281->1.86621094 c0:y=7.07635498,a=13.703125->14.265625 c1:y=-2.56584263,a=-4.12109375->-4.328125 c2:y=-4.48028326,a=-9.5234375->-9.8828125
PROBE acc tid=8 net=(69,189,102) tile=13 origin=(30,54,65) g=0.0887451172 n=1.76855469->1.85742188 c0:y=7.14025736,a=13.734375->14.3671875 c1:y=-2.37360096,a=-3.86914062->-4.078125 c2:y=-4.73533154,a=-9.8046875->-10.2265625
PROBE acc tid=8 net=(69,189,103) tile=13 origin=(30,54,65) g=0.0982055664 n=1.74902344->1.84765625 c0:y=7.28171062,a=13.890625->14.609375 c1:y=-2.30805063,a=-3.75585938->-3.98242188 c2:y=-4.94130564,a=-10.0703125->-10.5546875
PROBE acc tid=8 net=(69,189,104) tile=13 origin=(30,54,65) g=0.108520508 n=1.7265625->1.83496094 c0:y=7.417068,a=13.921875->14.7265625 c1:y=-2.24363899,a=-3.62109375->-3.86523438 c2:y=-5.14039707,a=-10.234375->-10.7890625
PROBE acc tid=8 net=(69,190,101) tile=13 origin=(30,54,65) g=0.0747070312 n=1.66699219->1.7421875 c0:y=7.10467434,a=12.8671875->13.3984375 c1:y=-2.94807386,a=-4.44140625->-4.66015625 c2:y=-4.12611008,a=-8.3671875->-8.671875
PROBE acc tid=8 net=(69,190,102) tile=13 origin=(30,54,65) g=0.082824707 n=1.65136719->1.734375 c0:y=7.27048206,a=13.1015625->13.703125 c1:y=-2.75973964,a=-4.21484375->-4.4453125 c2:y=-4.47845459,a=-8.828125->-9.1953125
PROBE acc tid=8 net=(69,190,103) tile=13 origin=(30,54,65) g=0.0916748047 n=1.6328125->1.72460938 c0:y=7.41491508,a=13.1171875->13.796875 c1:y=-2.60968757,a=-3.78710938->-4.02734375 c2:y=-4.77194738,a=-9.2734375->-9.7109375
PROBE acc tid=8 net=(69,190,104) tile=13 origin=(30,54,65) g=0.101318359 n=1.61132812->1.71289062 c0:y=7.38990307,a=12.9765625->13.7265625 c1:y=-2.32256675,a=-3.40625->-3.640625 c2:y=-5.03438616,a=-9.515625->-10.0234375
PROBE acc tid=8 net=(69,191,101) tile=13 origin=(30,54,65) g=0.0696411133 n=1.55371094->1.62304688 c0:y=6.98108912,a=11.640625->12.125 c1:y=-3.2071104,a=-4.4375->-4.66015625 c2:y=-3.7436657,a=-7.1484375->-7.41015625
PROBE acc tid=8 net=(69,191,102) tile=13 origin=(30,54,65) g=0.0772094727 n=1.5390625->1.61621094 c0:y=7.18302393,a=11.84375->12.3984375 c1:y=-3.10818124,a=-4.28125->-4.51953125 c2:y=-4.04291201,a=-7.5078125->-7.8203125
PROBE acc tid=8 net=(69,191,103) tile=13 origin=(30,54,65) g=0.0854492188 n=1.52148438->1.60742188 c0:y=7.39057207,a=12.09375->12.7265625 c1:y=-3.04554105,a=-4.140625->-4.40234375 c2:y=-4.31222677,a=-7.8984375->-8.265625
PROBE acc tid=8 net=(69,191,104) tile=13 origin=(30,54,65) g=0.0944213867 n=1.50195312->1.59667969 c0:y=7.59445095,a=12.2421875->12.9609375 c1:y=-2.86439419,a=-3.87109375->-4.140625 c2:y=-4.6966877,a=-8.3203125->-8.765625
PROBE acc tid=8 net=(70,188,101) tile=13 origin=(30,54,65) g=0.0761108398 n=1.69824219->1.77441406 c0:y=3.55230165,a=4.80859375->5.078125 c1:y=2.50093126,a=6.015625->6.20703125 c2:y=-6.03009367,a=-10.8203125->-11.28125
PROBE acc tid=8 net=(70,188,102) tile=13 origin=(30,54,65) g=0.0843505859 n=1.68261719->1.76660156 c0:y=4.33769131,a=5.625->5.9921875 c1:y=1.74057961,a=5.12109375->5.26953125 c2:y=-6.05334711,a=-10.7421875->-11.25
PROBE acc tid=8 net=(70,188,103) tile=13 origin=(30,54,65) g=0.0933837891 n=1.66308594->1.75683594 c0:y=4.94406891,a=7.31640625->7.77734375 c1:y=1.10559773,a=3.38867188->3.4921875 c2:y=-6.02430487,a=-10.6875->-11.25
PROBE acc tid=8 net=(70,188,104) tile=13 origin=(30,54,65) g=0.103210449 n=1.64160156->1.74511719 c0:y=5.16780758,a=8.375->8.90625 c1:y=0.743164182,a=2.06054688->2.13671875 c2:y=-5.8866806,a=-10.421875->-11.03125
PROBE acc tid=8 net=(70,189,101) tile=13 origin=(30,54,65) g=0.0711669922 n=1.58789062->1.65917969 c0:y=3.74285817,a=4.546875->4.8125 c1:y=2.33585572,a=5.55078125->5.71875 c2:y=-6.05575848,a=-10.09375->-10.5234375
PROBE acc tid=8 net=(70,189,102) tile=13 origin=(30,54,65) g=0.078918457 n=1.57324219->1.65234375 c0:y=3.24491668,a=3.08007812->3.3359375 c1:y=2.79408073,a=6.46484375->6.68359375 c2:y=-6.02304411,a=-9.5546875->-10.03125
PROBE acc tid=8 net=(70,189,103) tile=13 origin=(30,54,65) g=0.0873413086 n=1.55566406->1.64257812 c0:y=2.96634555,a=2.27929688->2.5390625 c1:y=2.97495818,a=6.9609375->7.22265625 c2:y=-5.9311986,a=-9.265625->-9.78125
PROBE acc tid=8 net=(70,189,104) tile=13 origin=(30,54,65) g=0.096496582 n=1.53515625->1.63183594 c0:y=2.83745503,a=1.91210938->2.18554688 c1:y=3.03519416,a=7.109375->7.40234375 c2:y=-5.86721325,a=-9.0546875->-9.6171875
PROBE acc tid=8 net=(70,190,101) tile=13 origin=(30,54,65) g=0.0664672852 n=1.48242188->1.54882812 c0:y=5.09836912,a=7.7890625->8.125 c1:y=0.715188265,a=1.9140625->1.96191406 c2:y=-5.78353214,a=-9.6796875->-10.0625
PROBE acc tid=8 net=(70,190,102) tile=13 origin=(30,54,65) g=0.0736694336 n=1.46875->1.54199219 c0:y=4.59427118,a=6.2421875->6.58203125 c1:y=1.25833046,a=3.23632812->3.328125 c2:y=-5.83049107,a=-9.4765625->-9.90625
PROBE acc tid=8 net=(70,190,103) tile=13 origin=(30,54,65) g=0.0815429688 n=1.45214844->1.53320312 c0:y=3.75753617,a=3.54882812->3.85546875 c1:y=2.01285768,a=5.328125->5.4921875 c2:y=-5.75803947,a=-8.8984375->-9.3671875
PROBE acc tid=8 net=(70,190,104) tile=13 origin=(30,54,65) g=0.0901489258 n=1.43359375->1.5234375 c0:y=2.2507019,a=1.38085938->1.58398438 c1:y=3.4002738,a=6.8828125->7.1875 c2:y=-5.6520319,a=-8.3046875->-8.8125
PROBE acc tid=8 net=(70,191,101) tile=13 origin=(30,54,65) g=0.0619506836 n=1.3828125->1.44433594 c0:y=5.6267066,a=7.953125->8.3046875 c1:y=-0.369469523,a=0.233398438->0.210449219 c2:y=-5.2237711,a=-8.15625->-8.4765625
PROBE acc tid=8 net=(70,191,102) tile=13 origin=(30,54,65) g=0.0686645508 n=1.36914062->1.4375 c0:y=5.45177698,a=7.62890625->8 c1:y=0.000121660531,a=0.685058594->0.685058594 c2:y=-5.42238522,a=-8.2890625->-8.6640625
PROBE acc tid=8 net=(70,191,103) tile=13 origin=(30,54,65) g=0.0760498047 n=1.35253906->1.42871094 c0:y=5.15094995,a=7.14453125->7.53515625 c1:y=0.465412289,a=1.44238281->1.47753906 c2:y=-5.5917592,a=-8.5703125->-8.9921875
PROBE acc tid=8 net=(70,191,104) tile=13 origin=(30,54,65) g=0.083984375 n=1.3359375->1.41992188 c0:y=4.40067291,a=5.07421875->5.4453125 c1:y=1.46955371,a=3.45898438->3.58203125 c2:y=-5.85349607,a=-8.5390625->-9.03125
PROBE acc tid=8 net=(68,188,101) tile=15 origin=(30,108,0) g=5.9140625 n=2.20898438->8.125 c0:y=7.07426214,a=16.453125->58.28125 c1:y=-3.200459,a=-7.0859375->-26.015625 c2:y=-3.84042835,a=-9.296875->-32
PROBE acc tid=8 net=(68,188,102) tile=15 origin=(30,108,0) g=5.859375 n=2.19921875->8.0625 c0:y=7.11548996,a=16.515625->58.21875 c1:y=-3.13859463,a=-6.8671875->-25.25 c2:y=-3.94197607,a=-9.5625->-32.65625
PROBE acc tid=8 net=(68,188,103) tile=15 origin=(30,108,0) g=5.79296875 n=2.1875->7.98046875 c0:y=7.29715157,a=16.75->59.03125 c1:y=-3.19224072,a=-6.875->-25.375 c2:y=-4.06810808,a=-9.796875->-33.375
PROBE acc tid=8 net=(68,188,104) tile=15 origin=(30,108,0) g=5.71875 n=2.17382812->7.890625 c0:y=7.39940882,a=16.734375->59.0625 c1:y=-3.12201071,a=-6.625->-24.484375 c2:y=-4.23904371,a=-10.03125->-34.28125
PROBE acc tid=8 net=(68,189,101) tile=15 origin=(30,108,0) g=6.07421875 n=2.06445312->8.140625 c0:y=7.13532782,a=15.5078125->58.84375 c1:y=-3.20020533,a=-6.625->-26.0625 c2:y=-3.90199184,a=-8.8125->-32.5
PROBE acc tid=8 net=(68,189,102) tile=15 origin=(30,108,0) g=6.01953125 n=2.05664062->8.078125 c0:y=7.06723499,a=15.3515625->57.90625 c1:y=-2.97410607,a=-6.1484375->-24.046875 c2:y=-4.0595212,a=-9.1328125->-33.5625
PROBE acc tid=8 net=(68,189,103) tile=15 origin=(30,108,0) g=5.94921875 n=2.04492188->7.9921875 c0:y=7.14541817,a=15.3828125->57.90625 c1:y=-2.88601017,a=-5.90625->-23.078125 c2:y=-4.22507143,a=-9.40625->-34.53125
PROBE acc tid=8 net=(68,189,104) tile=15 origin=(30,108,0) g=5.875 n=2.03125->7.90625 c0:y=7.21683788,a=15.2734375->57.6875 c1:y=-2.80806994,a=-5.61328125->-22.109375 c2:y=-4.37368441,a=-9.5859375->-35.28125
PROBE acc tid=8 net=(68,190,101) tile=15 origin=(30,108,0) g=6.23046875 n=1.92871094->8.15625 c0:y=7.26529503,a=14.734375->60 c1:y=-3.5031817,a=-6.671875->-28.5 c2:y=-3.72680473,a=-7.9921875->-31.21875
PROBE acc tid=8 net=(68,190,102) tile=15 origin=(30,108,0) g=6.171875 n=1.91992188->8.09375 c0:y=7.18530655,a=14.609375->58.96875 c1:y=-3.23634839,a=-6.203125->-26.171875 c2:y=-3.91323853,a=-8.3359375->-32.5
PROBE acc tid=8 net=(68,190,103) tile=15 origin=(30,108,0) g=6.1015625 n=1.90917969->8.0078125 c0:y=7.17610168,a=14.5078125->58.28125 c1:y=-2.97320509,a=-5.6953125->-23.84375 c2:y=-4.16753387,a=-8.7421875->-34.15625
PROBE acc tid=8 net=(68,190,104) tile=15 origin=(30,108,0) g=6.0234375 n=1.89648438->7.921875 c0:y=7.16069841,a=14.3203125->57.4375 c1:y=-2.78119278,a=-5.265625->-22.015625 c2:y=-4.34498835,a=-8.984375->-35.15625
PROBE acc tid=8 net=(68,191,101) tile=15 origin=(30,108,0) g=6.37890625 n=1.796875->8.171875 c0:y=7.42425251,a=13.984375->61.34375 c1:y=-3.90216708,a=-6.734375->-31.625 c2:y=-3.4844408,a=-7.17578125->-29.40625
PROBE acc tid=8 net=(68,191,102) tile=15 origin=(30,108,0) g=6.31640625 n=1.7890625->8.109375 c0:y=7.3154459,a=13.8359375->60.03125 c1:y=-3.67426777,a=-6.3359375->-29.546875 c2:y=-3.60412979,a=-7.43359375->-30.203125
PROBE acc tid=8 net=(68,191,103) tile=15 origin=(30,108,0) g=6.24609375 n=1.77929688->8.0234375 c0:y=7.28914738,a=13.71875->59.25 c1:y=-3.41832161,a=-5.83984375->-27.1875 c2:y=-3.83476782,a=-7.81640625->-31.765625
PROBE acc tid=8 net=(68,191,104) tile=15 origin=(30,108,0) g=6.16796875 n=1.76660156->7.93359375 c0:y=7.27271652,a=13.546875->58.40625 c1:y=-3.17350936,a=-5.34765625->-24.921875 c2:y=-4.06407452,a=-8.140625->-33.21875
PROBE acc tid=8 net=(69,188,101) tile=15 origin=(30,108,0) g=5.34375 n=1.99609375->7.33984375 c0:y=7.13690281,a=15.109375->53.25 c1:y=-2.27296853,a=-4.46875->-16.609375 c2:y=-4.83295536,a=-10.578125->-36.40625
PROBE acc tid=8 net=(69,188,102) tile=15 origin=(30,108,0) g=5.29296875 n=1.98632812->7.28125 c0:y=7.31316423,a=15.390625->54.09375 c1:y=-2.36082006,a=-4.5546875->-17.046875 c2:y=-4.91914701,a=-10.7734375->-36.8125
PROBE acc tid=8 net=(69,188,103) tile=15 origin=(30,108,0) g=5.234375 n=1.9765625->7.2109375 c0:y=7.63534451,a=15.7734375->55.75 c1:y=-2.57718229,a=-4.77734375->-18.265625 c2:y=-5.02253103,a=-10.921875->-37.21875
PROBE acc tid=8 net=(69,188,104) tile=15 origin=(30,108,0) g=5.1640625 n=1.96289062->7.125 c0:y=7.76631737,a=15.9296875->56.03125 c1:y=-2.59666443,a=-4.84375->-18.25 c2:y=-5.13213587,a=-11.015625->-37.53125
PROBE acc tid=8 net=(69,189,101) tile=15 origin=(30,108,0) g=5.48828125 n=1.86621094->7.35546875 c0:y=7.11711454,a=14.265625->53.3125 c1:y=-2.33928251,a=-4.328125->-17.171875 c2:y=-4.74710989,a=-9.8828125->-35.9375
PROBE acc tid=8 net=(69,189,102) tile=15 origin=(30,108,0) g=5.4375 n=1.85742188->7.296875 c0:y=7.1862464,a=14.3671875->53.4375 c1:y=-2.22662187,a=-4.078125->-16.1875 c2:y=-4.92792511,a=-10.2265625->-37.03125
PROBE acc tid=8 net=(69,189,103) tile=15 origin=(30,108,0) g=5.375 n=1.84765625->7.22265625 c0:y=7.41573095,a=14.609375->54.46875 c1:y=-2.26021171,a=-3.98242188->-16.125 c2:y=-5.12263584,a=-10.5546875->-38.09375
PROBE acc tid=8 net=(69,189,104) tile=15 origin=(30,108,0) g=5.3046875 n=1.83496094->7.140625 c0:y=7.61347198,a=14.7265625->55.125 c1:y=-2.2876122,a=-3.86523438->-16 c2:y=-5.29181385,a=-10.7890625->-38.875
PROBE acc tid=8 net=(69,190,101) tile=15 origin=(30,108,0) g=5.62890625 n=1.7421875->7.37109375 c0:y=7.19418478,a=13.3984375->53.90625 c1:y=-2.89779162,a=-4.66015625->-20.96875 c2:y=-4.26432371,a=-8.671875->-32.6875
PROBE acc tid=8 net=(69,190,102) tile=15 origin=(30,108,0) g=5.57421875 n=1.734375->7.30859375 c0:y=7.32553625,a=13.703125->54.53125 c1:y=-2.6581161,a=-4.4453125->-19.265625 c2:y=-4.63342476,a=-9.1953125->-35.03125
PROBE acc tid=8 net=(69,190,103) tile=15 origin=(30,108,0) g=5.51171875 n=1.72460938->7.234375 c0:y=7.4085784,a=13.796875->54.625 c1:y=-2.42620587,a=-4.02734375->-17.40625 c2:y=-4.94866705,a=-9.7109375->-37
PROBE acc tid=8 net=(69,190,104) tile=15 origin=(30,108,0) g=5.44140625 n=1.71289062->7.15625 c0:y=7.42834806,a=13.7265625->54.15625 c1:y=-2.21821618,a=-3.640625->-15.7109375 c2:y=-5.17724085,a=-10.0234375->-38.1875
PROBE acc tid=8 net=(69,191,101) tile=15 origin=(30,108,0) g=5.76171875 n=1.62304688->7.3828125 c0:y=6.99452925,a=12.125->52.4375 c1:y=-3.27809548,a=-4.66015625->-23.546875 c2:y=-3.6836791,a=-7.41015625->-28.640625
PROBE acc tid=8 net=(69,191,102) tile=15 origin=(30,108,0) g=5.70703125 n=1.61621094->7.32421875 c0:y=7.16975355,a=12.3984375->53.3125 c1:y=-3.20818329,a=-4.51953125->-22.828125 c2:y=-3.92743063,a=-7.8203125->-30.234375
PROBE acc tid=8 net=(69,191,103) tile=15 origin=(30,108,0) g=5.64453125 n=1.60742188->7.25 c0:y=7.37442827,a=12.7265625->54.34375 c1:y=-3.1057663,a=-4.40234375->-21.9375 c2:y=-4.23414326,a=-8.265625->-32.15625
PROBE acc tid=8 net=(69,191,104) tile=15 origin=(30,108,0) g=5.5703125 n=1.59667969->7.16796875 c0:y=7.57557774,a=12.9609375->55.15625 c1:y=-2.9179697,a=-4.140625->-20.390625 c2:y=-4.62282133,a=-8.765625->-34.53125
PROBE acc tid=8 net=(70,188,101) tile=15 origin=(30,108,0) g=4.75390625 n=1.77441406->6.52734375 c0:y=2.9334178,a=5.078125->19.015625 c1:y=3.69297719,a=6.20703125->23.765625 c2:y=-6.61385298,a=-11.28125->-42.71875
PROBE acc tid=8 net=(70,188,102) tile=15 origin=(30,108,0) g=4.70703125 n=1.76660156->6.47265625 c0:y=3.65412354,a=5.9921875->23.1875 c1:y=3.03304768,a=5.26953125->19.546875 c2:y=-6.67196083,a=-11.25->-42.65625
PROBE acc tid=8 net=(70,188,103) tile=15 origin=(30,108,0) g=4.65625 n=1.75683594->6.4140625 c0:y=4.99662733,a=7.77734375->31.046875 c1:y=1.70974648,a=3.4921875->11.453125 c2:y=-6.68549347,a=-11.25->-42.375
PROBE acc tid=8 net=(70,188,104) tile=15 origin=(30,108,0) g=4.59375 n=1.74511719->6.33984375 c0:y=5.33619642,a=8.90625->33.40625 c1:y=1.16134596,a=2.13671875->7.47265625 c2:y=-6.47627163,a=-11.03125->-40.78125
PROBE acc tid=8 net=(70,189,101) tile=15 origin=(30,108,0) g=4.8828125 n=1.65917969->6.54296875 c0:y=2.88439059,a=4.8125->18.890625 c1:y=3.6509788,a=5.71875->23.546875 c2:y=-6.52353573,a=-10.5234375->-42.375
PROBE acc tid=8 net=(70,189,102) tile=15 origin=(30,108,0) g=4.8359375 n=1.65234375->6.48828125 c0:y=2.16989899,a=3.3359375->13.828125 c1:y=4.12827063,a=6.68359375->26.640625 c2:y=-6.29493856,a=-10.03125->-40.46875
PROBE acc tid=8 net=(70,189,103) tile=15 origin=(30,108,0) g=4.78125 n=1.64257812->6.421875 c0:y=2.14376616,a=2.5390625->12.7890625 c1:y=4.18539476,a=7.22265625->27.234375 c2:y=-6.32993793,a=-9.78125->-40.03125
PROBE acc tid=8 net=(70,189,104) tile=15 origin=(30,108,0) g=4.71875 n=1.63183594->6.3515625 c0:y=2.1900506,a=2.18554688->12.5234375 c1:y=4.11658382,a=7.40234375->26.828125 c2:y=-6.31007671,a=-9.6171875->-39.40625
PROBE acc tid=8 net=(70,190,101) tile=15 origin=(30,108,0) g=5.0078125 n=1.54882812->6.5546875 c0:y=5.30172968,a=8.125->34.6875 c1:y=1.35681224,a=1.96191406->8.7578125 c2:y=-6.63171816,a=-10.0625->-43.28125
PROBE acc tid=8 net=(70,190,102) tile=15 origin=(30,108,0) g=4.95703125 n=1.54199219->6.5 c0:y=4.33781719,a=6.58203125->28.078125 c1:y=2.20339274,a=3.328125->14.25 c2:y=-6.52637005,a=-9.90625->-42.25
PROBE acc tid=8 net=(70,190,103) tile=15 origin=(30,108,0) g=4.90234375 n=1.53320312->6.4375 c0:y=2.95751858,a=3.85546875->18.359375 c1:y=3.40601945,a=5.4921875->22.1875 c2:y=-6.36164951,a=-9.3671875->-40.5625
PROBE acc tid=8 net=(70,190,104) tile=15 origin=(30,108,0) g=4.83984375 n=1.5234375->6.36328125 c0:y=1.61885107,a=1.58398438->9.421875 c1:y=4.45359802,a=7.1875->28.75 c2:y=-6.08412647,a=-8.8125->-38.25
PROBE acc tid=8 net=(70,191,101) tile=15 origin=(30,108,0) g=5.125 n=1.44433594->6.5703125 c0:y=5.84833908,a=8.3046875->38.28125 c1:y=0.013108857,a=0.210449219->0.277587891 c2:y=-5.82843351,a=-8.4765625->-38.34375
PROBE acc tid=8 net=(70,191,102) tile=15 origin=(30,108,0) g=5.078125 n=1.4375->6.515625 c0:y=5.63011885,a=8->36.59375 c1:y=0.301696748,a=0.685058594->2.21679688 c2:y=-5.90428734,a=-8.6640625->-38.65625
PROBE acc tid=8 net=(70,191,103) tile=15 origin=(30,108,0) g=5.01953125 n=1.42871094->6.44921875 c0:y=5.36010408,a=7.53515625->34.4375 c1:y=0.845071495,a=1.47753906->5.71875 c2:y=-6.18222046,a=-8.9921875->-40.03125
PROBE acc tid=8 net=(70,191,104) tile=15 origin=(30,108,0) g=4.953125 n=1.41992188->6.375 c0:y=4.4184413,a=5.4453125->27.328125 c1:y=2.00546455,a=3.58203125->13.515625 c2:y=-6.41099882,a=-9.03125->-40.78125
PROBE acc tid=8 net=(68,188,101) tile=16 origin=(30,108,65) g=0.265625 n=8.125->8.390625 c0:y=6.97062349,a=58.28125->60.125 c1:y=-3.70315003,a=-26.015625->-27 c2:y=-3.2371335,a=-32->-32.875
PROBE acc tid=8 net=(68,188,102) tile=16 origin=(30,108,65) g=0.294433594 n=8.0625->8.359375 c0:y=7.02645397,a=58.21875->60.28125 c1:y=-3.62017965,a=-25.25->-26.3125 c2:y=-3.37442064,a=-32.65625->-33.65625
PROBE acc tid=8 net=(68,188,103) tile=16 origin=(30,108,65) g=0.325927734 n=7.98046875->8.3046875 c0:y=7.15756798,a=59.03125->61.375 c1:y=-3.59163284,a=-25.375->-26.546875 c2:y=-3.53264999,a=-33.375->-34.53125
PROBE acc tid=8 net=(68,188,104) tile=16 origin=(30,108,65) g=0.360107422 n=7.890625->8.25 c0:y=7.25286245,a=59.0625->61.6875 c1:y=-3.5280757,a=-24.484375->-25.75 c2:y=-3.68986464,a=-34.28125->-35.625
PROBE acc tid=8 net=(68,189,101) tile=16 origin=(30,108,65) g=0.272705078 n=8.140625->8.4140625 c0:y=6.9497304,a=58.84375->60.75 c1:y=-3.78046727,a=-26.0625->-27.09375 c2:y=-3.13905406,a=-32.5->-33.34375
PROBE acc tid=8 net=(68,189,102) tile=16 origin=(30,108,65) g=0.302490234 n=8.078125->8.3828125 c0:y=6.91694927,a=57.90625->60 c1:y=-3.53674006,a=-24.046875->-25.109375 c2:y=-3.34945679,a=-33.5625->-34.5625
PROBE acc tid=8 net=(68,189,103) tile=16 origin=(30,108,65) g=0.334716797 n=7.9921875->8.328125 c0:y=6.98078966,a=57.90625->60.25 c1:y=-3.40175056,a=-23.078125->-24.21875 c2:y=-3.54766083,a=-34.53125->-35.71875
PROBE acc tid=8 net=(68,189,104) tile=16 origin=(30,108,65) g=0.369873047 n=7.90625->8.2734375 c0:y=7.03718281,a=57.6875->60.28125 c1:y=-3.29154181,a=-22.109375->-23.328125 c2:y=-3.71374273,a=-35.28125->-36.65625
PROBE acc tid=8 net=(68,190,101) tile=16 origin=(30,108,65) g=0.279785156 n=8.15625->8.4375 c0:y=7.0386076,a=60->61.96875 c1:y=-4.13337612,a=-28.5->-29.65625 c2:y=-2.87329578,a=-31.21875->-32.03125
PROBE acc tid=8 net=(68,190,102) tile=16 origin=(30,108,65) g=0.310302734 n=8.09375->8.40625 c0:y=7.00707245,a=58.96875->61.15625 c1:y=-3.86033034,a=-26.171875->-27.375 c2:y=-3.11424017,a=-32.5->-33.46875
PROBE acc tid=8 net=(68,190,103) tile=16 origin=(30,108,65) g=0.343261719 n=8.0078125->8.3515625 c0:y=6.99992514,a=58.28125->60.6875 c1:y=-3.60452628,a=-23.84375->-25.078125 c2:y=-3.36318564,a=-34.15625->-35.3125
PROBE acc tid=8 net=(68,190,104) tile=16 origin=(30,108,65) g=0.379394531 n=7.921875->8.3046875 c0:y=7.02922773,a=57.4375->60.09375 c1:y=-3.40277719,a=-22.015625->-23.3125 c2:y=-3.59472752,a=-35.15625->-36.53125
PROBE acc tid=8 net=(68,191,101) tile=16 origin=(30,108,65) g=0.286376953 n=8.171875->8.4609375 c0:y=7.1564846,a=61.34375->63.40625 c1:y=-4.56139517,a=-31.625->-32.9375 c2:y=-2.56123996,a=-29.40625->-30.140625
PROBE acc tid=8 net=(68,191,102) tile=16 origin=(30,108,65) g=0.317626953 n=8.109375->8.4296875 c0:y=7.11896372,a=60.03125->62.28125 c1:y=-4.33660936,a=-29.546875->-30.921875 c2:y=-2.74869251,a=-30.203125->-31.078125
PROBE acc tid=8 net=(68,191,103) tile=16 origin=(30,108,65) g=0.3515625 n=8.0234375->8.375 c0:y=7.10058737,a=59.25->61.75 c1:y=-4.08639812,a=-27.1875->-28.625 c2:y=-2.98133898,a=-31.765625->-32.8125
PROBE acc tid=8 net=(68,191,104) tile=16 origin=(30,108,65) g=0.388427734 n=7.93359375->8.3203125 c0:y=7.12993813,a=58.40625->61.1875 c1:y=-3.80551767,a=-24.921875->-26.40625 c2:y=-3.29217911,a=-33.21875->-34.5
PROBE acc tid=8 net=(69,188,101) tile=16 origin=(30,108,65) g=0.239868164 n=7.33984375->7.578125 c0:y=6.87775183,a=53.25->54.90625 c1:y=-2.87881708,a=-16.609375->-17.296875 c2:y=-3.96933842,a=-36.40625->-37.34375
PROBE acc tid=8 net=(69,188,102) tile=16 origin=(30,108,65) g=0.266113281 n=7.28125->7.546875 c0:y=7.1114769,a=54.09375->56 c1:y=-2.86869192,a=-17.046875->-17.8125 c2:y=-4.21094275,a=-36.8125->-37.9375
PROBE acc tid=8 net=(69,188,103) tile=16 origin=(30,108,65) g=0.294433594 n=7.2109375->7.50390625 c0:y=7.28247881,a=55.75->57.90625 c1:y=-2.88544989,a=-18.265625->-19.109375 c2:y=-4.36366606,a=-37.21875->-38.5
PROBE acc tid=8 net=(69,188,104) tile=16 origin=(30,108,65) g=0.325439453 n=7.125->7.44921875 c0:y=7.41671133,a=56.03125->58.4375 c1:y=-2.871351,a=-18.25->-19.1875 c2:y=-4.5103035,a=-37.53125->-39
PROBE acc tid=8 net=(69,189,101) tile=16 origin=(30,108,65) g=0.246459961 n=7.35546875->7.6015625 c0:y=6.83679438,a=53.3125->55 c1:y=-3.06900668,a=-17.171875->-17.921875 c2:y=-3.73836613,a=-35.9375->-36.84375
PROBE acc tid=8 net=(69,189,102) tile=16 origin=(30,108,65) g=0.273193359 n=7.296875->7.5703125 c0:y=6.90914249,a=53.4375->55.3125 c1:y=-2.82899356,a=-16.1875->-16.953125 c2:y=-4.04933023,a=-37.03125->-38.125
PROBE acc tid=8 net=(69,189,103) tile=16 origin=(30,108,65) g=0.302490234 n=7.22265625->7.5234375 c0:y=7.07790184,a=54.46875->56.625 c1:y=-2.76569247,a=-16.125->-16.96875 c2:y=-4.280056,a=-38.09375->-39.375
PROBE acc tid=8 net=(69,189,104) tile=16 origin=(30,108,65) g=0.334228516 n=7.140625->7.4765625 c0:y=7.25000048,a=55.125->57.5625 c1:y=-2.71547961,a=-16->-16.90625 c2:y=-4.50129604,a=-38.875->-40.375
PROBE acc tid=8 net=(69,190,101) tile=16 origin=(30,108,65) g=0.252685547 n=7.37109375->7.625 c0:y=6.8310461,a=53.90625->55.625 c1:y=-3.52612066,a=-20.96875->-21.859375 c2:y=-3.27519822,a=-32.6875->-33.5
PROBE acc tid=8 net=(69,190,102) tile=16 origin=(30,108,65) g=0.280273438 n=7.30859375->7.58984375 c0:y=7.02395725,a=54.53125->56.5 c1:y=-3.32306814,a=-19.265625->-20.203125 c2:y=-3.66893673,a=-35.03125->-36.0625
PROBE acc tid=8 net=(69,190,103) tile=16 origin=(30,108,65) g=0.310302734 n=7.234375->7.54296875 c0:y=7.16453743,a=54.625->56.84375 c1:y=-3.13898039,a=-17.40625->-18.375 c2:y=-3.9926219,a=-37->-38.25
PROBE acc tid=8 net=(69,190,104) tile=16 origin=(30,108,65) g=0.342773438 n=7.15625->7.5 c0:y=7.13448668,a=54.15625->56.59375 c1:y=-2.82682848,a=-15.7109375->-16.6875 c2:y=-4.27518845,a=-38.1875->-39.65625
PROBE acc tid=8 net=(69,191,101) tile=16 origin=(30,108,65) g=0.258789062 n=7.3828125->7.640625 c0:y=6.70497513,a=52.4375->54.1875 c1:y=-3.88664913,a=-23.546875->-24.546875 c2:y=-2.78857946,a=-28.640625->-29.359375
PROBE acc tid=8 net=(69,191,102) tile=16 origin=(30,108,65) g=0.286865234 n=7.32421875->7.609375 c0:y=6.89749908,a=53.3125->55.28125 c1:y=-3.78023958,a=-22.828125->-23.90625 c2:y=-3.08564305,a=-30.234375->-31.125
PROBE acc tid=8 net=(69,191,103) tile=16 origin=(30,108,65) g=0.317626953 n=7.25->7.56640625 c0:y=7.0725956,a=54.34375->56.59375 c1:y=-3.69745731,a=-21.9375->-23.109375 c2:y=-3.34281468,a=-32.15625->-33.21875
PROBE acc tid=8 net=(69,191,104) tile=16 origin=(30,108,65) g=0.350830078 n=7.16796875->7.51953125 c0:y=7.28829002,a=55.15625->57.71875 c1:y=-3.50812006,a=-20.390625->-21.625 c2:y=-3.7473135,a=-34.53125->-35.84375
PROBE acc tid=8 net=(70,188,101) tile=16 origin=(30,108,65) g=0.213378906 n=6.52734375->6.7421875 c0:y=4.27364874,a=19.015625->19.921875 c1:y=2.02517366,a=23.765625->24.203125 c2:y=-6.26396561,a=-42.71875->-44.0625
PROBE acc tid=8 net=(70,188,102) tile=16 origin=(30,108,65) g=0.236572266 n=6.47265625->6.7109375 c0:y=4.91607809,a=23.1875->24.34375 c1:y=1.29765332,a=19.546875->19.859375 c2:y=-6.17909241,a=-42.65625->-44.125
PROBE acc tid=8 net=(70,188,103) tile=16 origin=(30,108,65) g=0.261962891 n=6.4140625->6.67578125 c0:y=5.27551556,a=31.046875->32.4375 c1:y=0.800783098,a=11.453125->11.6640625 c2:y=-6.0433383,a=-42.375->-43.96875
PROBE acc tid=8 net=(70,188,104) tile=16 origin=(30,108,65) g=0.289306641 n=6.33984375->6.62890625 c0:y=5.34329224,a=33.40625->34.9375 c1:y=0.492063254,a=7.47265625->7.61328125 c2:y=-5.80449915,a=-40.78125->-42.46875
PROBE acc tid=8 net=(70,189,101) tile=16 origin=(30,108,65) g=0.219238281 n=6.54296875->6.76171875 c0:y=4.38158989,a=18.890625->19.84375 c1:y=1.89139211,a=23.546875->23.96875 c2:y=-6.23813629,a=-42.375->-43.75
PROBE acc tid=8 net=(70,189,102) tile=16 origin=(30,108,65) g=0.243041992 n=6.48828125->6.73046875 c0:y=3.89076591,a=13.828125->14.7734375 c1:y=2.35606956,a=26.640625->27.21875 c2:y=-6.21953249,a=-40.46875->-41.96875
PROBE acc tid=8 net=(70,189,103) tile=16 origin=(30,108,65) g=0.269042969 n=6.421875->6.69140625 c0:y=3.73562074,a=12.7890625->13.796875 c1:y=2.43732142,a=27.234375->27.890625 c2:y=-6.15091896,a=-40.03125->-41.6875
PROBE acc tid=8 net=(70,189,104) tile=16 origin=(30,108,65) g=0.297363281 n=6.3515625->6.6484375 c0:y=3.78887486,a=12.5234375->13.6484375 c1:y=2.31156969,a=26.828125->27.515625 c2:y=-6.0817523,a=-39.40625->-41.21875
PROBE acc tid=8 net=(70,190,101) tile=16 origin=(30,108,65) g=0.224853516 n=6.5546875->6.78125 c0:y=5.35174608,a=34.6875->35.90625 c1:y=0.410321802,a=8.7578125->8.8515625 c2:y=-5.72307348,a=-43.28125->-44.5625
PROBE acc tid=8 net=(70,190,102) tile=16 origin=(30,108,65) g=0.249267578 n=6.5->6.75 c0:y=5.05412626,a=28.078125->29.34375 c1:y=0.83858341,a=14.25->14.4609375 c2:y=-5.86022615,a=-42.25->-43.71875
PROBE acc tid=8 net=(70,190,103) tile=16 origin=(30,108,65) g=0.275878906 n=6.4375->6.71484375 c0:y=4.42520666,a=18.359375->19.578125 c1:y=1.50900221,a=22.1875->22.609375 c2:y=-5.9095335,a=-40.5625->-42.1875
PROBE acc tid=8 net=(70,190,104) tile=16 origin=(30,108,65) g=0.304931641 n=6.36328125->6.66796875 c0:y=3.05778432,a=9.421875->10.3515625 c1:y=2.83138537,a=28.75->29.609375 c2:y=-5.87665701,a=-38.25->-40.03125
PROBE acc tid=8 net=(70,191,101) tile=16 origin=(30,108,65) g=0.230102539 n=6.5703125->6.80078125 c0:y=5.78270102,a=38.28125->39.625 c1:y=-0.782583654,a=0.277587891->0.0975341797 c2:y=-4.95846844,a=-38.34375->-39.5
PROBE acc tid=8 net=(70,191,102) tile=16 origin=(30,108,65) g=0.255126953 n=6.515625->6.76953125 c0:y=5.62193489,a=36.59375->38.03125 c1:y=-0.400648832,a=2.21679688->2.11523438 c2:y=-5.18331623,a=-38.65625->-39.96875
PROBE acc tid=8 net=(70,191,103) tile=16 origin=(30,108,65) g=0.282470703 n=6.44921875->6.73046875 c0:y=5.33347845,a=34.4375->35.9375 c1:y=0.121953495,a=5.71875->5.75390625 c2:y=-5.42184019,a=-40.03125->-41.5625
PROBE acc tid=8 net=(70,191,104) tile=16 origin=(30,108,65) g=0.312011719 n=6.375->6.6875 c0:y=4.86945343,a=27.328125->28.84375 c1:y=0.982925117,a=13.515625->13.8203125 c2:y=-5.82424164,a=-40.78125->-42.59375
PROBE acc tid=8 net=(68,188,101) tile=18 origin=(59,0,0) g=0.000101149082 n=8.390625->8.390625 c0:y=8.67486572,a=60.125->60.125 c1:y=-2.64170432,a=-27->-27 c2:y=-6.0012393,a=-32.875->-32.875
PROBE acc tid=8 net=(68,188,102) tile=18 origin=(59,0,0) g=0.000100135803 n=8.359375->8.359375 c0:y=8.68730927,a=60.28125->60.28125 c1:y=-2.8956635,a=-26.3125->-26.3125 c2:y=-5.75717115,a=-33.65625->-33.65625
PROBE acc tid=8 net=(68,188,103) tile=18 origin=(59,0,0) g=9.90629196e-05 n=8.3046875->8.3046875 c0:y=8.87728024,a=61.375->61.375 c1:y=-3.25795126,a=-26.546875->-26.546875 c2:y=-5.58226156,a=-34.53125->-34.53125
PROBE acc tid=8 net=(68,188,104) tile=18 origin=(59,0,0) g=9.77516174e-05 n=8.25->8.25 c0:y=8.94258404,a=61.6875->61.6875 c1:y=-3.51220012,a=-25.75->-25.75 c2:y=-5.39081192,a=-35.625->-35.625
PROBE acc tid=8 net=(68,189,101) tile=18 origin=(59,0,0) g=8.61287117e-05 n=8.4140625->8.4140625 c0:y=8.49202156,a=60.75->60.75 c1:y=-2.47541094,a=-27.09375->-27.09375 c2:y=-5.98548079,a=-33.34375->-33.34375
PROBE acc tid=8 net=(68,189,102) tile=18 origin=(59,0,0) g=8.52942467e-05 n=8.3828125->8.3828125 c0:y=8.45222378,a=60->60 c1:y=-2.61687016,a=-25.109375->-25.109375 c2:y=-5.802701,a=-34.5625->-34.5625
PROBE acc tid=8 net=(68,189,103) tile=18 origin=(59,0,0) g=8.43405724e-05 n=8.328125->8.328125 c0:y=8.59640026,a=60.25->60.25 c1:y=-2.87773752,a=-24.21875->-24.21875 c2:y=-5.68428421,a=-35.71875->-35.71875
PROBE acc tid=8 net=(68,189,104) tile=18 origin=(59,0,0) g=8.32676888e-05 n=8.2734375->8.2734375 c0:y=8.66260719,a=60.28125->60.28125 c1:y=-3.11407089,a=-23.328125->-23.328125 c2:y=-5.51185703,a=-36.65625->-36.65625
PROBE acc tid=8 net=(68,190,101) tile=18 origin=(59,0,0) g=7.31945038e-05 n=8.4375->8.4375 c0:y=8.20908356,a=61.96875->61.96875 c1:y=-2.58450389,a=-29.65625->-29.65625 c2:y=-5.59438133,a=-32.03125->-32.03125
PROBE acc tid=8 net=(68,190,102) tile=18 origin=(59,0,0) g=7.25388527e-05 n=8.40625->8.40625 c0:y=8.22177696,a=61.15625->61.15625 c1:y=-2.72392988,a=-27.375->-27.375 c2:y=-5.466465,a=-33.46875->-33.46875
PROBE acc tid=8 net=(68,190,103) tile=18 origin=(59,0,0) g=7.17043877e-05 n=8.3515625->8.3515625 c0:y=8.34578228,a=60.6875->60.6875 c1:y=-2.85188603,a=-25.078125->-25.078125 c2:y=-5.46145773,a=-35.3125->-35.3125
PROBE acc tid=8 net=(68,190,104) tile=18 origin=(59,0,0) g=7.0810318e-05 n=8.3046875->8.3046875 c0:y=8.39393234,a=60.09375->60.09375 c1:y=-2.95404506,a=-23.3125->-23.3125 c2:y=-5.40590525,a=-36.53125->-36.53125
PROBE acc tid=8 net=(68,191,101) tile=18 origin=(59,0,0) g=6.21676445e-05 n=8.4609375->8.4609375 c0:y=7.47265339,a=63.40625->63.40625 c1:y=-2.73651862,a=-32.9375->-32.9375 c2:y=-4.69834137,a=-30.140625->-30.140625
PROBE acc tid=8 net=(68,191,102) tile=18 origin=(59,0,0) g=6.15715981e-05 n=8.4296875->8.4296875 c0:y=7.4979353,a=62.28125->62.28125 c1:y=-2.81737447,a=-30.921875->-30.921875 c2:y=-4.64222479,a=-31.078125->-31.078125
PROBE acc tid=8 net=(68,191,103) tile=18 origin=(59,0,0) g=6.08563423e-05 n=8.375->8.375 c0:y=7.55801392,a=61.75->61.75 c1:y=-2.81518888,a=-28.625->-28.625 c2:y=-4.70369053,a=-32.8125->-32.8125
PROBE acc tid=8 net=(68,191,104) tile=18 origin=(59,0,0) g=6.00814819e-05 n=8.3203125->8.3203125 c0:y=7.57496834,a=61.1875->61.1875 c1:y=-2.79308128,a=-26.40625->-26.40625 c2:y=-4.74208879,a=-34.5->-34.5
PROBE acc tid=8 net=(69,188,101) tile=18 origin=(59,0,0) g=0.000143766403 n=7.578125->7.578125 c0:y=8.97563553,a=54.90625->54.90625 c1:y=-2.03524232,a=-17.296875->-17.296875 c2:y=-6.91566229,a=-37.34375->-37.34375
PROBE acc tid=8 net=(69,188,102) tile=18 origin=(59,0,0) g=0.000142335892 n=7.546875->7.546875 c0:y=9.0960989,a=56->56 c1:y=-2.16557646,a=-17.8125->-17.8125 c2:y=-6.90334272,a=-37.9375->-37.9375
PROBE acc tid=8 net=(69,188,103) tile=18 origin=(59,0,0) g=0.000140786171 n=7.50390625->7.50390625 c0:y=9.30387783,a=57.90625->57.90625 c1:y=-2.36159325,a=-19.109375->-19.109375 c2:y=-6.91261625,a=-38.5->-38.5
PROBE acc tid=8 net=(69,188,104) tile=18 origin=(59,0,0) g=0.000138998032 n=7.44921875->7.44921875 c0:y=9.43764782,a=58.4375->58.4375 c1:y=-2.54973793,a=-19.1875->-19.1875 c2:y=-6.85531855,a=-39->-39
PROBE acc tid=8 net=(69,189,101) tile=18 origin=(59,0,0) g=0.00012242794 n=7.6015625->7.6015625 c0:y=8.74197388,a=55->55 c1:y=-1.91475582,a=-17.921875->-17.921875 c2:y=-6.80350256,a=-36.84375->-36.84375
PROBE acc tid=8 net=(69,189,102) tile=18 origin=(59,0,0) g=0.000121235847 n=7.5703125->7.5703125 c0:y=8.83267784,a=55.3125->55.3125 c1:y=-1.96137035,a=-16.953125->-16.953125 c2:y=-6.84585428,a=-38.125->-38.125
PROBE acc tid=8 net=(69,189,103) tile=18 origin=(59,0,0) g=0.000119864941 n=7.5234375->7.5234375 c0:y=9.06564713,a=56.625->56.625 c1:y=-2.08519483,a=-16.96875->-16.96875 c2:y=-6.95292568,a=-39.375->-39.375
PROBE acc tid=8 net=(69,189,104) tile=18 origin=(59,0,0) g=0.00011831522 n=7.4765625->7.4765625 c0:y=9.30512142,a=57.5625->57.5625 c1:y=-2.28382874,a=-16.90625->-16.90625 c2:y=-6.990942,a=-40.375->-40.375
PROBE acc tid=8 net=(69,190,101) tile=18 origin=(59,0,0) g=0.00010406971 n=7.625->7.625 c0:y=8.74734974,a=55.625->55.625 c1:y=-2.01360106,a=-21.859375->-21.859375 c2:y=-6.7075386,a=-33.5->-33.5
PROBE acc tid=8 net=(69,190,102) tile=18 origin=(59,0,0) g=0.000103056431 n=7.58984375->7.58984375 c0:y=8.79192829,a=56.5->56.5 c1:y=-2.01526976,a=-20.203125->-20.203125 c2:y=-6.7497015,a=-36.0625->-36.0625
PROBE acc tid=8 net=(69,190,103) tile=18 origin=(59,0,0) g=0.000101923943 n=7.54296875->7.54296875 c0:y=8.90902042,a=56.84375->56.84375 c1:y=-2.02374315,a=-18.375->-18.375 c2:y=-6.8576088,a=-38.25->-38.25
PROBE acc tid=8 net=(69,190,104) tile=18 origin=(59,0,0) g=0.00010061264 n=7.5->7.5 c0:y=9.04498959,a=56.59375->56.59375 c1:y=-2.12369156,a=-16.6875->-16.6875 c2:y=-6.89228678,a=-39.65625->-39.65625
PROBE acc tid=8 net=(69,191,101) tile=18 origin=(59,0,0) g=8.83340836e-05 n=7.640625->7.640625 c0:y=7.43699408,a=54.1875->54.1875 c1:y=-2.05700564,a=-24.546875->-24.546875 c2:y=-5.35152483,a=-29.359375->-29.359375
PROBE acc tid=8 net=(69,191,102) tile=18 origin=(59,0,0) g=8.74996185e-05 n=7.609375->7.609375 c0:y=7.51282263,a=55.28125->55.28125 c1:y=-2.00280905,a=-23.90625->-23.90625 c2:y=-5.48417997,a=-31.125->-31.125
PROBE acc tid=8 net=(69,191,103) tile=18 origin=(59,0,0) g=8.64863396e-05 n=7.56640625->7.56640625 c0:y=7.37293959,a=56.59375->56.59375 c1:y=-1.65292323,a=-23.109375->-23.109375 c2:y=-5.69650602,a=-33.21875->-33.21875
PROBE acc tid=8 net=(69,191,104) tile=18 origin=(59,0,0) g=8.53538513e-05 n=7.51953125->7.51953125 c0:y=7.26704407,a=57.71875->57.71875 c1:y=-1.33573496,a=-21.625->-21.625 c2:y=-5.90851927,a=-35.84375->-35.84375
PROBE acc tid=8 net=(70,188,101) tile=18 origin=(59,0,0) g=0.000201106071 n=6.7421875->6.7421875 c0:y=2.75305605,a=19.921875->19.921875 c1:y=4.05868101,a=24.203125->24.203125 c2:y=-6.82773161,a=-44.0625->-44.0625
PROBE acc tid=8 net=(70,188,102) tile=18 origin=(59,0,0) g=0.000199198723 n=6.7109375->6.7109375 c0:y=4.23818636,a=24.34375->24.34375 c1:y=3.01266885,a=19.859375->19.859375 c2:y=-7.25650072,a=-44.125->-44.125
PROBE acc tid=8 net=(70,188,103) tile=18 origin=(59,0,0) g=0.000196933746 n=6.67578125->6.67578125 c0:y=5.94069386,a=32.4375->32.4375 c1:y=1.76953602,a=11.6640625->11.6640625 c2:y=-7.70722437,a=-43.96875->-43.96875
PROBE acc tid=8 net=(70,188,104) tile=18 origin=(59,0,0) g=0.000194430351 n=6.62890625->6.62890625 c0:y=6.54457903,a=34.9375->34.9375 c1:y=0.94558388,a=7.61328125->7.61328125 c2:y=-7.48259306,a=-42.46875->-42.46875
PROBE acc tid=8 net=(70,189,101) tile=18 origin=(59,0,0) g=0.000171303749 n=6.76171875->6.76171875 c0:y=1.88070667,a=19.84375->19.84375 c1:y=4.34813786,a=23.96875->23.96875 c2:y=-6.2568469,a=-43.75->-43.75
PROBE acc tid=8 net=(70,189,102) tile=18 origin=(59,0,0) g=0.000169634819 n=6.73046875->6.73046875 c0:y=1.54901445,a=14.7734375->14.7734375 c1:y=4.70161963,a=27.21875->27.21875 c2:y=-6.27938747,a=-41.96875->-41.96875
PROBE acc tid=8 net=(70,189,103) tile=18 origin=(59,0,0) g=0.00016772747 n=6.69140625->6.69140625 c0:y=1.69213688,a=13.796875->13.796875 c1:y=4.71685028,a=27.890625->27.890625 c2:y=-6.43826437,a=-41.6875->-41.6875
PROBE acc tid=8 net=(70,189,104) tile=18 origin=(59,0,0) g=0.000165581703 n=6.6484375->6.6484375 c0:y=1.85780561,a=13.6484375->13.6484375 c1:y=4.57222795,a=27.515625->27.515625 c2:y=-6.45859671,a=-41.21875->-41.21875
PROBE acc tid=8 net=(70,190,101) tile=18 origin=(59,0,0) g=0.000145554543 n=6.78125->6.78125 c0:y=5.4495225,a=35.90625->35.90625 c1:y=1.70740175,a=8.8515625->8.8515625 c2:y=-7.15996647,a=-44.5625->-44.5625
PROBE acc tid=8 net=(70,190,102) tile=18 origin=(59,0,0) g=0.00014424324 n=6.75->6.75 c0:y=3.42062759,a=29.34375->29.34375 c1:y=3.18591404,a=14.4609375->14.4609375 c2:y=-6.62372732,a=-43.71875->-43.71875
PROBE acc tid=8 net=(70,190,103) tile=18 origin=(59,0,0) g=0.00014257431 n=6.71484375->6.71484375 c0:y=1.52569222,a=19.578125->19.578125 c1:y=4.64705324,a=22.609375->22.609375 c2:y=-6.20108414,a=-42.1875->-42.1875
PROBE acc tid=8 net=(70,190,104) tile=18 origin=(59,0,0) g=0.000140786171 n=6.66796875->6.66796875 c0:y=1.29524565,a=10.3515625->10.3515625 c1:y=5.1172905,a=29.609375->29.609375 c2:y=-6.44319677,a=-40.03125->-40.03125
PROBE acc tid=8 net=(70,191,101) tile=18 origin=(59,0,0) g=0.000123620033 n=6.80078125->6.80078125 c0:y=6.08028126,a=39.625->39.625 c1:y=-0.126853883,a=0.0975341797->0.0975341797 c2:y=-5.92739391,a=-39.5->-39.5
PROBE acc tid=8 net=(70,191,102) tile=18 origin=(59,0,0) g=0.00012242794 n=6.76953125->6.76953125 c0:y=4.98896837,a=38.03125->38.03125 c1:y=0.952354372,a=2.11523438->2.11523438 c2:y=-5.92631817,a=-39.96875->-39.96875
PROBE acc tid=8 net=(70,191,103) tile=18 origin=(59,0,0) g=0.000121057034 n=6.73046875->6.73046875 c0:y=2.3333149,a=35.9375->35.9375 c1:y=3.22071171,a=5.75390625->5.75390625 c2:y=-5.55876684,a=-41.5625->-41.5625
PROBE acc tid=8 net=(70,191,104) tile=18 origin=(59,0,0) g=0.000119447708 n=6.6875->6.6875 c0:y=1.26145709,a=28.84375->28.84375 c1:y=4.32712173,a=13.8203125->13.8203125 c2:y=-5.60539675,a=-42.59375->-42.59375
PROBE acc tid=8 net=(68,188,101) tile=19 origin=(59,0,65) g=4.529953e-06 n=8.390625->8.390625 c0:y=7.93193913,a=60.125->60.125 c1:y=-2.45429182,a=-27->-27 c2:y=-5.44388819,a=-32.875->-32.875
PROBE acc tid=8 net=(68,188,102) tile=19 origin=(59,0,65) g=5.00679016e-06 n=8.359375->8.359375 c0:y=8.03295422,a=60.28125->60.28125 c1:y=-2.66131139,a=-26.3125->-26.3125 c2:y=-5.3358717,a=-33.65625->-33.65625
PROBE acc tid=8 net=(68,188,103) tile=19 origin=(59,0,65) g=5.54323196e-06 n=8.3046875->8.3046875 c0:y=8.21941471,a=61.375->61.375 c1:y=-2.92319727,a=-26.546875->-26.546875 c2:y=-5.2583313,a=-34.53125->-34.53125
PROBE acc tid=8 net=(68,188,104) tile=19 origin=(59,0,65) g=6.13927841e-06 n=8.25->8.25 c0:y=8.32175922,a=61.6875->61.6875 c1:y=-3.12238526,a=-25.75->-25.75 c2:y=-5.15934992,a=-35.625->-35.625
PROBE acc tid=8 net=(68,189,101) tile=19 origin=(59,0,65) g=3.87430191e-06 n=8.4140625->8.4140625 c0:y=7.83246517,a=60.75->60.75 c1:y=-2.37156606,a=-27.09375->-27.09375 c2:y=-5.42768097,a=-33.34375->-33.34375
PROBE acc tid=8 net=(68,189,102) tile=19 origin=(59,0,65) g=4.29153442e-06 n=8.3828125->8.3828125 c0:y=7.88517761,a=60->60 c1:y=-2.46199441,a=-25.109375->-25.109375 c2:y=-5.38908052,a=-34.5625->-34.5625
PROBE acc tid=8 net=(68,189,103) tile=19 origin=(59,0,65) g=4.76837158e-06 n=8.328125->8.328125 c0:y=8.00115776,a=60.25->60.25 c1:y=-2.63274121,a=-24.21875->-24.21875 c2:y=-5.33303261,a=-35.71875->-35.71875
PROBE acc tid=8 net=(68,189,104) tile=19 origin=(59,0,65) g=5.24520874e-06 n=8.2734375->8.2734375 c0:y=8.08577633,a=60.28125->60.28125 c1:y=-2.78642988,a=-23.328125->-23.328125 c2:y=-5.26230669,a=-36.65625->-36.65625
PROBE acc tid=8 net=(68,190,101) tile=19 origin=(59,0,65) g=3.27825546e-06 n=8.4375->8.4375 c0:y=7.63523769,a=61.96875->61.96875 c1:y=-2.5026741,a=-29.65625->-29.65625 c2:y=-5.10018873,a=-32.03125->-32.03125
PROBE acc tid=8 net=(68,190,102) tile=19 origin=(59,0,65) g=3.63588333e-06 n=8.40625->8.40625 c0:y=7.72195721,a=61.15625->61.15625 c1:y=-2.5664959,a=-27.375->-27.375 c2:y=-5.12256336,a=-33.46875->-33.46875
PROBE acc tid=8 net=(68,190,103) tile=19 origin=(59,0,65) g=4.05311584e-06 n=8.3515625->8.3515625 c0:y=7.80624866,a=60.6875->60.6875 c1:y=-2.63416457,a=-25.078125->-25.078125 c2:y=-5.13843155,a=-35.3125->-35.3125
PROBE acc tid=8 net=(68,190,104) tile=19 origin=(59,0,65) g=4.47034836e-06 n=8.3046875->8.3046875 c0:y=7.8756094,a=60.09375->60.09375 c1:y=-2.66045117,a=-23.3125->-23.3125 c2:y=-5.18067122,a=-36.53125->-36.53125
PROBE acc tid=8 net=(68,191,101) tile=19 origin=(59,0,65) g=2.8014183e-06 n=8.4609375->8.4609375 c0:y=7.18967962,a=63.40625->63.40625 c1:y=-2.80546713,a=-32.9375->-32.9375 c2:y=-4.34547043,a=-30.140625->-30.140625
PROBE acc tid=8 net=(68,191,102) tile=19 origin=(59,0,65) g=3.09944153e-06 n=8.4296875->8.4296875 c0:y=7.27321196,a=62.28125->62.28125 c1:y=-2.81902456,a=-30.921875->-30.921875 c2:y=-4.41488838,a=-31.078125->-31.078125
PROBE acc tid=8 net=(68,191,103) tile=19 origin=(59,0,65) g=3.39746475e-06 n=8.375->8.375 c0:y=7.31598902,a=61.75->61.75 c1:y=-2.81104255,a=-28.625->-28.625 c2:y=-4.46531534,a=-32.8125->-32.8125
PROBE acc tid=8 net=(68,191,104) tile=19 origin=(59,0,65) g=3.75509262e-06 n=8.3203125->8.3203125 c0:y=7.34931755,a=61.1875->61.1875 c1:y=-2.7381947,a=-26.40625->-26.40625 c2:y=-4.57102633,a=-34.5->-34.5
PROBE acc tid=8 net=(69,188,101) tile=19 origin=(59,0,65) g=6.43730164e-06 n=7.578125->7.578125 c0:y=8.37703705,a=54.90625->54.90625 c1:y=-1.85750127,a=-17.296875->-17.296875 c2:y=-6.49194813,a=-37.34375->-37.34375
PROBE acc tid=8 net=(69,188,102) tile=19 origin=(59,0,65) g=7.15255737e-06 n=7.546875->7.546875 c0:y=8.51220703,a=56->56 c1:y=-1.94019163,a=-17.8125->-17.8125 c2:y=-6.5429225,a=-37.9375->-37.9375
PROBE acc tid=8 net=(69,188,103) tile=19 origin=(59,0,65) g=7.92741776e-06 n=7.50390625->7.50390625 c0:y=8.82862759,a=57.90625->57.90625 c1:y=-2.1105597,a=-19.109375->-19.109375 c2:y=-6.6863122,a=-38.5->-38.5
PROBE acc tid=8 net=(69,188,104) tile=19 origin=(59,0,65) g=8.76188278e-06 n=7.44921875->7.44921875 c0:y=8.98266983,a=58.4375->58.4375 c1:y=-2.29158854,a=-19.1875->-19.1875 c2:y=-6.65716171,a=-39->-39
PROBE acc tid=8 net=(69,189,101) tile=19 origin=(59,0,65) g=5.48362732e-06 n=7.6015625->7.6015625 c0:y=8.19439697,a=55->55 c1:y=-1.79400516,a=-17.921875->-17.921875 c2:y=-6.37346077,a=-36.84375->-36.84375
PROBE acc tid=8 net=(69,189,102) tile=19 origin=(59,0,65) g=6.07967377e-06 n=7.5703125->7.5703125 c0:y=8.35753155,a=55.3125->55.3125 c1:y=-1.81747544,a=-16.953125->-16.953125 c2:y=-6.51199389,a=-38.125->-38.125
PROBE acc tid=8 net=(69,189,103) tile=19 origin=(59,0,65) g=6.73532486e-06 n=7.5234375->7.5234375 c0:y=8.59725571,a=56.625->56.625 c1:y=-1.90643036,a=-16.96875->-16.96875 c2:y=-6.66081715,a=-39.375->-39.375
PROBE acc tid=8 net=(69,189,104) tile=19 origin=(59,0,65) g=7.4505806e-06 n=7.4765625->7.4765625 c0:y=8.86968422,a=57.5625->57.5625 c1:y=-2.09320998,a=-16.90625->-16.90625 c2:y=-6.74418211,a=-40.375->-40.375
PROBE acc tid=8 net=(69,190,101) tile=19 origin=(59,0,65) g=4.64916229e-06 n=7.625->7.625 c0:y=8.19666195,a=55.625->55.625 c1:y=-1.89116979,a=-21.859375->-21.859375 c2:y=-6.27704382,a=-33.5->-33.5
PROBE acc tid=8 net=(69,190,102) tile=19 origin=(59,0,65) g=5.1856041e-06 n=7.58984375->7.58984375 c0:y=8.26873684,a=56.5->56.5 c1:y=-1.81940627,a=-20.203125->-20.203125 c2:y=-6.42087412,a=-36.0625->-36.0625
PROBE acc tid=8 net=(69,190,103) tile=19 origin=(59,0,65) g=5.7220459e-06 n=7.54296875->7.54296875 c0:y=8.39814949,a=56.84375->56.84375 c1:y=-1.83711874,a=-18.375->-18.375 c2:y=-6.53158903,a=-38.25->-38.25
PROBE acc tid=8 net=(69,190,104) tile=19 origin=(59,0,65) g=6.31809235e-06 n=7.5->7.5 c0:y=8.57833672,a=56.59375->56.59375 c1:y=-1.89751804,a=-16.6875->-16.6875 c2:y=-6.6503911,a=-39.65625->-39.65625
PROBE acc tid=8 net=(69,191,101) tile=19 origin=(59,0,65) g=3.9935112e-06 n=7.640625->7.640625 c0:y=7.19691277,a=54.1875->54.1875 c1:y=-2.08939338,a=-24.546875->-24.546875 c2:y=-5.07876587,a=-29.359375->-29.359375
PROBE acc tid=8 net=(69,191,102) tile=19 origin=(59,0,65) g=4.41074371e-06 n=7.609375->7.609375 c0:y=7.13246536,a=55.28125->55.28125 c1:y=-1.80773139,a=-23.90625->-23.90625 c2:y=-5.29994297,a=-31.125->-31.125
PROBE acc tid=8 net=(69,191,103) tile=19 origin=(59,0,65) g=4.88758087e-06 n=7.56640625->7.56640625 c0:y=7.01349926,a=56.59375->56.59375 c1:y=-1.45218766,a=-23.109375->-23.109375 c2:y=-5.5370183,a=-33.21875->-33.21875
PROBE acc tid=8 net=(69,191,104) tile=19 origin=(59,0,65) g=5.36441803e-06 n=7.51953125->7.51953125 c0:y=6.92047119,a=57.71875->57.71875 c1:y=-1.11658013,a=-21.625->-21.625 c2:y=-5.78036547,a=-35.84375->-35.84375
PROBE acc tid=8 net=(70,188,101) tile=19 origin=(59,0,65) g=9.00030136e-06 n=6.7421875->6.7421875 c0:y=1.64559615,a=19.921875->19.921875 c1:y=4.87504673,a=24.203125->24.203125 c2:y=-6.54212141,a=-44.0625->-44.0625
PROBE acc tid=8 net=(70,188,102) tile=19 origin=(59,0,65) g=1.00135803e-05 n=6.7109375->6.7109375 c0:y=2.59865212,a=24.34375->24.34375 c1:y=4.16976452,a=19.859375->19.859375 c2:y=-6.78264284,a=-44.125->-44.125
PROBE acc tid=8 net=(70,188,103) tile=19 origin=(59,0,65) g=1.10864639e-05 n=6.67578125->6.67578125 c0:y=4.41545391,a=32.4375->32.4375 c1:y=2.88727951,a=11.6640625->11.6640625 c2:y=-7.30485773,a=-43.96875->-43.96875
PROBE acc tid=8 net=(70,188,104) tile=19 origin=(59,0,65) g=1.22189522e-05 n=6.62890625->6.62890625 c0:y=5.67608452,a=34.9375->34.9375 c1:y=1.67597616,a=7.61328125->7.61328125 c2:y=-7.34769535,a=-42.46875->-42.46875
PROBE acc tid=8 net=(70,189,101) tile=19 origin=(59,0,65) g=7.68899918e-06 n=6.76171875->6.76171875 c0:y=1.3524375,a=19.84375->19.84375 c1:y=4.93948317,a=23.96875->23.96875 c2:y=-6.32120991,a=-43.75->-43.75
PROBE acc tid=8 net=(70,189,102) tile=19 origin=(59,0,65) g=8.5234642e-06 n=6.73046875->6.73046875 c0:y=1.41988456,a=14.7734375->14.7734375 c1:y=5.11626911,a=27.21875->27.21875 c2:y=-6.56659508,a=-41.96875->-41.96875
PROBE acc tid=8 net=(70,189,103) tile=19 origin=(59,0,65) g=9.41753387e-06 n=6.69140625->6.69140625 c0:y=1.44560301,a=13.796875->13.796875 c1:y=5.1788106,a=27.890625->27.890625 c2:y=-6.65527582,a=-41.6875->-41.6875
PROBE acc tid=8 net=(70,189,104) tile=19 origin=(59,0,65) g=1.04308128e-05 n=6.6484375->6.6484375 c0:y=1.49176919,a=13.6484375->13.6484375 c1:y=5.16454697,a=27.515625->27.515625 c2:y=-6.68697834,a=-41.21875->-41.21875
PROBE acc tid=8 net=(70,190,101) tile=19 origin=(59,0,65) g=6.55651093e-06 n=6.78125->6.78125 c0:y=3.50504088,a=35.90625->35.90625 c1:y=2.97295785,a=8.8515625->8.8515625 c2:y=-6.49088764,a=-44.5625->-44.5625
PROBE acc tid=8 net=(70,190,102) tile=19 origin=(59,0,65) g=7.27176666e-06 n=6.75->6.75 c0:y=1.53640139,a=29.34375->29.34375 c1:y=4.49927616,a=14.4609375->14.4609375 c2:y=-6.06271362,a=-43.71875->-43.71875
PROBE acc tid=8 net=(70,190,103) tile=19 origin=(59,0,65) g=8.04662704e-06 n=6.71484375->6.71484375 c0:y=1.31164277,a=19.578125->19.578125 c1:y=5.04505301,a=22.609375->22.609375 c2:y=-6.38684893,a=-42.1875->-42.1875
PROBE acc tid=8 net=(70,190,104) tile=19 origin=(59,0,65) g=8.88109207e-06 n=6.66796875->6.66796875 c0:y=1.35994971,a=10.3515625->10.3515625 c1:y=5.41691065,a=29.609375->29.609375 c2:y=-6.80959558,a=-40.03125->-40.03125
PROBE acc tid=8 net=(70,191,101) tile=19 origin=(59,0,65) g=5.54323196e-06 n=6.80078125->6.80078125 c0:y=5.04974365,a=39.625->39.625 c1:y=0.521647453,a=0.0975341797->0.0975341797 c2:y=-5.55288601,a=-39.5->-39.5
PROBE acc tid=8 net=(70,191,102) tile=19 origin=(59,0,65) g=6.13927841e-06 n=6.76953125->6.76953125 c0:y=3.37310576,a=38.03125->38.03125 c1:y=2.16991377,a=2.11523438->2.11523438 c2:y=-5.53897476,a=-39.96875->-39.96875
PROBE acc tid=8 net=(70,191,103) tile=19 origin=(59,0,65) g=6.7949295e-06 n=6.73046875->6.73046875 c0:y=1.46743023,a=35.9375->35.9375 c1:y=3.96414018,a=5.75390625->5.75390625 c2:y=-5.44579554,a=-41.5625->-41.5625
PROBE acc tid=8 net=(70,191,104) tile=19 origin=(59,0,65) g=7.51018524e-06 n=6.6875->6.6875 c0:y=1.1608665,a=28.84375->28.84375 c1:y=4.51715899,a=13.8203125->13.8203125 c2:y=-5.6994133,a=-42.59375->-42.59375
PROBE acc tid=8 net=(68,188,101) tile=21 origin=(59,54,0) g=0.0447998047 n=8.390625->8.4375 c0:y=8.70762825,a=60.125->60.5 c1:y=-3.12531829,a=-27->-27.140625 c2:y=-5.54552555,a=-32.875->-33.125
PROBE acc tid=8 net=(68,188,102) tile=21 origin=(59,54,0) g=0.0443725586 n=8.359375->8.40625 c0:y=8.65987396,a=60.28125->60.65625 c1:y=-3.18528771,a=-26.3125->-26.453125 c2:y=-5.43637133,a=-33.65625->-33.90625
PROBE acc tid=8 net=(68,188,103) tile=21 origin=(59,54,0) g=0.0438842773 n=8.3046875->8.3515625 c0:y=8.82611656,a=61.375->61.75 c1:y=-3.29597282,a=-26.546875->-26.6875 c2:y=-5.49090767,a=-34.53125->-34.78125
PROBE acc tid=8 net=(68,188,104) tile=21 origin=(59,54,0) g=0.0433044434 n=8.25->8.296875 c0:y=8.85190487,a=61.6875->62.0625 c1:y=-3.27867675,a=-25.75->-25.890625 c2:y=-5.53305244,a=-35.625->-35.875
PROBE acc tid=8 net=(68,189,101) tile=21 origin=(59,54,0) g=0.0419006348 n=8.4140625->8.453125 c0:y=8.65833759,a=60.75->61.125 c1:y=-3.17100549,a=-27.09375->-27.234375 c2:y=-5.4503274,a=-33.34375->-33.5625
PROBE acc tid=8 net=(68,189,102) tile=21 origin=(59,54,0) g=0.0415039062 n=8.3828125->8.421875 c0:y=8.54118443,a=60->60.34375 c1:y=-3.07282591,a=-25.109375->-25.234375 c2:y=-5.43151569,a=-34.5625->-34.78125
PROBE acc tid=8 net=(68,189,103) tile=21 origin=(59,54,0) g=0.0410461426 n=8.328125->8.3671875 c0:y=8.63559818,a=60.25->60.59375 c1:y=-3.02852345,a=-24.21875->-24.34375 c2:y=-5.57052994,a=-35.71875->-35.9375
PROBE acc tid=8 net=(68,189,104) tile=21 origin=(59,54,0) g=0.0405273438 n=8.2734375->8.3125 c0:y=8.60958004,a=60.28125->60.625 c1:y=-2.95258546,a=-23.328125->-23.453125 c2:y=-5.62025976,a=-36.65625->-36.875
PROBE acc tid=8 net=(68,190,101) tile=21 origin=(59,54,0) g=0.0391235352 n=8.4375->8.4765625 c0:y=8.61751556,a=61.96875->62.3125 c1:y=-3.28221083,a=-29.65625->-29.78125 c2:y=-5.29766226,a=-32.03125->-32.25
PROBE acc tid=8 net=(68,190,102) tile=21 origin=(59,54,0) g=0.0387573242 n=8.40625->8.4453125 c0:y=8.5353241,a=61.15625->61.5 c1:y=-3.14963865,a=-27.375->-27.5 c2:y=-5.34871626,a=-33.46875->-33.6875
PROBE acc tid=8 net=(68,190,103) tile=21 origin=(59,54,0) g=0.0383300781 n=8.3515625->8.390625 c0:y=8.59819031,a=60.6875->61.03125 c1:y=-2.97847247,a=-25.078125->-25.1875 c2:y=-5.58375931,a=-35.3125->-35.53125
PROBE acc tid=8 net=(68,190,104) tile=21 origin=(59,54,0) g=0.0378417969 n=8.3046875->8.34375 c0:y=8.56448269,a=60.09375->60.40625 c1:y=-2.85644913,a=-23.3125->-23.421875 c2:y=-5.6726203,a=-36.53125->-36.75
PROBE acc tid=8 net=(68,191,101) tile=21 origin=(59,54,0) g=0.0364685059 n=8.4609375->8.5 c0:y=8.64403439,a=63.40625->63.71875 c1:y=-3.333673,a=-32.9375->-33.0625 c2:y=-5.2713356,a=-30.140625->-30.328125
PROBE acc tid=8 net=(68,191,102) tile=21 origin=(59,54,0) g=0.0361328125 n=8.4296875->8.46875 c0:y=8.57577705,a=62.28125->62.59375 c1:y=-3.19567513,a=-30.921875->-31.03125 c2:y=-5.34170389,a=-31.078125->-31.265625
PROBE acc tid=8 net=(68,191,103) tile=21 origin=(59,54,0) g=0.035736084 n=8.375->8.4140625 c0:y=8.61660767,a=61.75->62.0625 c1:y=-2.99901581,a=-28.625->-28.734375 c2:y=-5.58027172,a=-32.8125->-33
PROBE acc tid=8 net=(68,191,104) tile=21 origin=(59,54,0) g=0.0352478027 n=8.3203125->8.359375 c0:y=8.61716461,a=61.1875->61.5 c1:y=-2.84499192,a=-26.40625->-26.5 c2:y=-5.73577404,a=-34.5->-34.6875
PROBE acc tid=8 net=(69,188,101) tile=21 origin=(59,54,0) g=0.063659668 n=7.578125->7.640625 c0:y=9.39855576,a=54.90625->55.5 c1:y=-2.68788433,a=-17.296875->-17.46875 c2:y=-6.67918873,a=-37.34375->-37.78125
PROBE acc tid=8 net=(69,188,102) tile=21 origin=(59,54,0) g=0.0630493164 n=7.546875->7.609375 c0:y=9.33450508,a=56->56.59375 c1:y=-2.59695029,a=-17.8125->-17.96875 c2:y=-6.70549107,a=-37.9375->-38.375
PROBE acc tid=8 net=(69,188,103) tile=21 origin=(59,54,0) g=0.0623779297 n=7.50390625->7.56640625 c0:y=9.50316715,a=57.90625->58.5 c1:y=-2.62033701,a=-19.109375->-19.265625 c2:y=-6.84963465,a=-38.5->-38.9375
PROBE acc tid=8 net=(69,188,104) tile=21 origin=(59,54,0) g=0.0615539551 n=7.44921875->7.51171875 c0:y=9.61344719,a=58.4375->59.03125 c1:y=-2.65320873,a=-19.1875->-19.34375 c2:y=-6.92559671,a=-39->-39.4375
PROBE acc tid=8 net=(69,189,101) tile=21 origin=(59,54,0) g=0.0595703125 n=7.6015625->7.66015625 c0:y=9.2529459,a=55->55.5625 c1:y=-2.63760924,a=-17.921875->-18.078125 c2:y=-6.58437967,a=-36.84375->-37.25
PROBE acc tid=8 net=(69,189,102) tile=21 origin=(59,54,0) g=0.0589904785 n=7.5703125->7.62890625 c0:y=9.13638306,a=55.3125->55.84375 c1:y=-2.4964993,a=-16.953125->-17.09375 c2:y=-6.60949993,a=-38.125->-38.5
PROBE acc tid=8 net=(69,189,103) tile=21 origin=(59,54,0) g=0.0583496094 n=7.5234375->7.58203125 c0:y=9.26753139,a=56.625->57.15625 c1:y=-2.43196917,a=-16.96875->-17.109375 c2:y=-6.80520105,a=-39.375->-39.78125
PROBE acc tid=8 net=(69,189,104) tile=21 origin=(59,54,0) g=0.0575866699 n=7.4765625->7.53515625 c0:y=9.34995937,a=57.5625->58.09375 c1:y=-2.39720178,a=-16.90625->-17.046875 c2:y=-6.92174864,a=-40.375->-40.78125
PROBE acc tid=8 net=(69,190,101) tile=21 origin=(59,54,0) g=0.0556030273 n=7.625->7.6796875 c0:y=9.20312595,a=55.625->56.125 c1:y=-2.68323565,a=-21.859375->-22.015625 c2:y=-6.48799133,a=-33.5->-33.875
PROBE acc tid=8 net=(69,190,102) tile=21 origin=(59,54,0) g=0.0550842285 n=7.58984375->7.64453125 c0:y=9.29219151,a=56.5->57 c1:y=-2.63951921,a=-20.203125->-20.34375 c2:y=-6.62041807,a=-36.0625->-36.4375
PROBE acc tid=8 net=(69,190,103) tile=21 origin=(59,54,0) g=0.054473877 n=7.54296875->7.59765625 c0:y=9.40854359,a=56.84375->57.34375 c1:y=-2.5440774,a=-18.375->-18.515625 c2:y=-6.83280087,a=-38.25->-38.625
PROBE acc tid=8 net=(69,190,104) tile=21 origin=(59,54,0) g=0.0537719727 n=7.5->7.5546875 c0:y=9.44689369,a=56.59375->57.09375 c1:y=-2.49836612,a=-16.6875->-16.828125 c2:y=-6.91699123,a=-39.65625->-40.03125
PROBE acc tid=8 net=(69,191,101) tile=21 origin=(59,54,0) g=0.0518493652 n=7.640625->7.69140625 c0:y=8.703825,a=54.1875->54.625 c1:y=-2.57737422,a=-24.546875->-24.6875 c2:y=-6.0950942,a=-29.359375->-29.671875
PROBE acc tid=8 net=(69,191,102) tile=21 origin=(59,54,0) g=0.051361084 n=7.609375->7.66015625 c0:y=8.91353607,a=55.28125->55.75 c1:y=-2.56855822,a=-23.90625->-24.03125 c2:y=-6.31295681,a=-31.125->-31.453125
PROBE acc tid=8 net=(69,191,103) tile=21 origin=(59,54,0) g=0.05078125 n=7.56640625->7.6171875 c0:y=9.35359955,a=56.59375->57.0625 c1:y=-2.60843992,a=-23.109375->-23.234375 c2:y=-6.71192169,a=-33.21875->-33.5625
PROBE acc tid=8 net=(69,191,104) tile=21 origin=(59,54,0) g=0.0501098633 n=7.51953125->7.5703125 c0:y=9.44759369,a=57.71875->58.1875 c1:y=-2.58165383,a=-21.625->-21.75 c2:y=-6.83294773,a=-35.84375->-36.1875
PROBE acc tid=8 net=(70,188,101) tile=21 origin=(59,54,0) g=0.0891113281 n=6.7421875->6.83203125 c0:y=1.58102334,a=19.921875->20.0625 c1:y=5.20850468,a=24.203125->24.671875 c2:y=-6.81400108,a=-44.0625->-44.65625
PROBE acc tid=8 net=(70,188,102) tile=21 origin=(59,54,0) g=0.0882568359 n=6.7109375->6.80078125 c0:y=2.05315423,a=24.34375->24.53125 c1:y=4.60285282,a=19.859375->20.265625 c2:y=-6.67304468,a=-44.125->-44.71875
PROBE acc tid=8 net=(70,188,103) tile=21 origin=(59,54,0) g=0.0872802734 n=6.67578125->6.76171875 c0:y=4.28473902,a=32.4375->32.8125 c1:y=3.10414124,a=11.6640625->11.9375 c2:y=-7.39322281,a=-43.96875->-44.625
PROBE acc tid=8 net=(70,188,104) tile=21 origin=(59,54,0) g=0.0861206055 n=6.62890625->6.71484375 c0:y=5.5656867,a=34.9375->35.40625 c1:y=1.90027881,a=7.61328125->7.77734375 c2:y=-7.46262217,a=-42.46875->-43.125
PROBE acc tid=8 net=(70,189,101) tile=21 origin=(59,54,0) g=0.0833740234 n=6.76171875->6.84375 c0:y=1.53275156,a=19.84375->19.96875 c1:y=5.11044693,a=23.96875->24.390625 c2:y=-6.6670537,a=-43.75->-44.3125
PROBE acc tid=8 net=(70,189,102) tile=21 origin=(59,54,0) g=0.0825805664 n=6.73046875->6.8125 c0:y=1.53398204,a=14.7734375->14.8984375 c1:y=5.18982744,a=27.21875->27.640625 c2:y=-6.74828482,a=-41.96875->-42.53125
PROBE acc tid=8 net=(70,189,103) tile=21 origin=(59,54,0) g=0.0816040039 n=6.69140625->6.7734375 c0:y=1.56692648,a=13.796875->13.921875 c1:y=5.2880125,a=27.890625->28.328125 c2:y=-6.88076305,a=-41.6875->-42.25
PROBE acc tid=8 net=(70,189,104) tile=21 origin=(59,54,0) g=0.0805664062 n=6.6484375->6.73046875 c0:y=1.53982782,a=13.6484375->13.7734375 c1:y=5.33799267,a=27.515625->27.953125 c2:y=-6.90541363,a=-41.21875->-41.78125
PROBE acc tid=8 net=(70,190,101) tile=21 origin=(59,54,0) g=0.0778198242 n=6.78125->6.859375 c0:y=5.00837088,a=35.90625->36.28125 c1:y=2.41227913,a=8.8515625->9.0390625 c2:y=-7.41701555,a=-44.5625->-45.125
PROBE acc tid=8 net=(70,190,102) tile=21 origin=(59,54,0) g=0.0770874023 n=6.75->6.828125 c0:y=3.44716883,a=29.34375->29.609375 c1:y=3.50590158,a=14.4609375->14.734375 c2:y=-6.96350098,a=-43.71875->-44.25
PROBE acc tid=8 net=(70,190,103) tile=21 origin=(59,54,0) g=0.0762329102 n=6.71484375->6.79296875 c0:y=1.48752534,a=19.578125->19.6875 c1:y=4.97263527,a=22.609375->22.984375 c2:y=-6.48636389,a=-42.1875->-42.6875
PROBE acc tid=8 net=(70,190,104) tile=21 origin=(59,54,0) g=0.0752563477 n=6.66796875->6.7421875 c0:y=1.41819429,a=10.3515625->10.4609375 c1:y=5.41657925,a=29.609375->30.015625 c2:y=-6.86683559,a=-40.03125->-40.5625
PROBE acc tid=8 net=(70,191,101) tile=21 origin=(59,54,0) g=0.0725097656 n=6.80078125->6.875 c0:y=6.41859722,a=39.625->40.09375 c1:y=0.666652024,a=0.0975341797->0.145874023 c2:y=-7.06748962,a=-39.5->-40
PROBE acc tid=8 net=(70,191,102) tile=21 origin=(59,54,0) g=0.0718383789 n=6.76953125->6.83984375 c0:y=6.09121132,a=38.03125->38.46875 c1:y=1.13422894,a=2.11523438->2.19726562 c2:y=-7.21384954,a=-39.96875->-40.5
PROBE acc tid=8 net=(70,191,103) tile=21 origin=(59,54,0) g=0.0710449219 n=6.73046875->6.80078125 c0:y=5.56734228,a=35.9375->36.34375 c1:y=1.90154147,a=5.75390625->5.890625 c2:y=-7.46376562,a=-41.5625->-42.09375
PROBE acc tid=8 net=(70,191,104) tile=21 origin=(59,54,0) g=0.0701293945 n=6.6875->6.7578125 c0:y=2.75162911,a=28.84375->29.03125 c1:y=4.02673578,a=13.8203125->14.1015625 c2:y=-6.7962451,a=-42.59375->-43.0625
PROBE acc tid=8 net=(68,188,101) tile=22 origin=(59,54,65) g=0.00201225281 n=8.4375->8.4375 c0:y=8.11076355,a=60.5->60.53125 c1:y=-3.39950061,a=-27.140625->-27.140625 c2:y=-4.67279339,a=-33.125->-33.125
PROBE acc tid=8 net=(68,188,102) tile=22 origin=(59,54,65) g=0.0022315979 n=8.40625->8.40625 c0:y=8.08675194,a=60.65625->60.6875 c1:y=-3.3391974,a=-26.453125->-26.453125 c2:y=-4.70801687,a=-33.90625->-33.90625
PROBE acc tid=8 net=(68,188,103) tile=22 origin=(59,54,65) g=0.00247001648 n=8.3515625->8.3515625 c0:y=8.1703167,a=61.75->61.78125 c1:y=-3.34494448,a=-26.6875->-26.703125 c2:y=-4.78471994,a=-34.78125->-34.78125
PROBE acc tid=8 net=(68,188,104) tile=22 origin=(59,54,65) g=0.00272941589 n=8.296875->8.296875 c0:y=8.19471741,a=62.0625->62.09375 c1:y=-3.28364754,a=-25.890625->-25.90625 c2:y=-4.86931944,a=-35.875->-35.875
PROBE acc tid=8 net=(68,189,101) tile=22 origin=(59,54,65) g=0.00188159943 n=8.453125->8.453125 c0:y=8.11658478,a=61.125->61.125 c1:y=-3.51573563,a=-27.234375->-27.234375 c2:y=-4.56238317,a=-33.5625->-33.5625
PROBE acc tid=8 net=(68,189,102) tile=22 origin=(59,54,65) g=0.0020866394 n=8.421875->8.421875 c0:y=8.02189255,a=60.34375->60.375 c1:y=-3.30028367,a=-25.234375->-25.234375 c2:y=-4.68334341,a=-34.78125->-34.78125
PROBE acc tid=8 net=(68,189,103) tile=22 origin=(59,54,65) g=0.00230979919 n=8.3671875->8.3671875 c0:y=8.02076626,a=60.59375->60.625 c1:y=-3.19610238,a=-24.34375->-24.34375 c2:y=-4.78612471,a=-35.9375->-35.9375
PROBE acc tid=8 net=(68,189,104) tile=22 origin=(59,54,65) g=0.00255203247 n=8.3125->8.3125 c0:y=7.99452114,a=60.625->60.65625 c1:y=-3.08522344,a=-23.453125->-23.46875 c2:y=-4.87044525,a=-36.875->-36.875
PROBE acc tid=8 net=(68,190,101) tile=22 origin=(59,54,65) g=0.00175666809 n=8.4765625->8.4765625 c0:y=8.09706783,a=62.3125->62.3125 c1:y=-3.69139028,a=-29.78125->-29.78125 c2:y=-4.3669486,a=-32.25->-32.25
PROBE acc tid=8 net=(68,190,102) tile=22 origin=(59,54,65) g=0.00194835663 n=8.4453125->8.4453125 c0:y=8.04691315,a=61.5->61.53125 c1:y=-3.44971824,a=-27.5->-27.5 c2:y=-4.55849314,a=-33.6875->-33.6875
PROBE acc tid=8 net=(68,190,103) tile=22 origin=(59,54,65) g=0.0021572113 n=8.390625->8.390625 c0:y=8.02242947,a=61.03125->61.0625 c1:y=-3.28556252,a=-25.1875->-25.1875 c2:y=-4.69830894,a=-35.53125->-35.53125
PROBE acc tid=8 net=(68,190,104) tile=22 origin=(59,54,65) g=0.00238227844 n=8.34375->8.34375 c0:y=7.98541927,a=60.40625->60.4375 c1:y=-3.12731242,a=-23.421875->-23.421875 c2:y=-4.8198781,a=-36.75->-36.75
PROBE acc tid=8 net=(68,191,101) tile=22 origin=(59,54,65) g=0.0016374588 n=8.5->8.5 c0:y=8.09966564,a=63.71875->63.71875 c1:y=-3.78659177,a=-33.0625->-33.0625 c2:y=-4.27369928,a=-30.328125->-30.328125
PROBE acc tid=8 net=(68,191,102) tile=22 origin=(59,54,65) g=0.0018157959 n=8.46875->8.46875 c0:y=8.07721233,a=62.59375->62.59375 c1:y=-3.62062097,a=-31.03125->-31.03125 c2:y=-4.41743469,a=-31.265625->-31.28125
PROBE acc tid=8 net=(68,191,103) tile=22 origin=(59,54,65) g=0.00201034546 n=8.4140625->8.4140625 c0:y=8.0555315,a=62.0625->62.09375 c1:y=-3.49638176,a=-28.734375->-28.734375 c2:y=-4.52047539,a=-33->-33
PROBE acc tid=8 net=(68,191,104) tile=22 origin=(59,54,65) g=0.00222206116 n=8.359375->8.359375 c0:y=8.04589558,a=61.5->61.53125 c1:y=-3.29606199,a=-26.5->-26.5 c2:y=-4.71162081,a=-34.6875->-34.6875
PROBE acc tid=8 net=(69,188,101) tile=22 origin=(59,54,65) g=0.0028591156 n=7.640625->7.64453125 c0:y=8.81438541,a=55.5->55.53125 c1:y=-2.60776043,a=-17.46875->-17.46875 c2:y=-6.17197418,a=-37.78125->-37.8125
PROBE acc tid=8 net=(69,188,102) tile=22 origin=(59,54,65) g=0.00317001343 n=7.609375->7.61328125 c0:y=8.79216099,a=56.59375->56.625 c1:y=-2.53411508,a=-17.96875->-17.984375 c2:y=-6.22324991,a=-38.375->-38.40625
PROBE acc tid=8 net=(69,188,103) tile=22 origin=(59,54,65) g=0.00350952148 n=7.56640625->7.5703125 c0:y=8.91045666,a=58.5->58.53125 c1:y=-2.56523561,a=-19.265625->-19.28125 c2:y=-6.30931711,a=-38.9375->-38.96875
PROBE acc tid=8 net=(69,188,104) tile=22 origin=(59,54,65) g=0.00387763977 n=7.51171875->7.515625 c0:y=8.95436573,a=59.03125->59.0625 c1:y=-2.56786561,a=-19.34375->-19.359375 c2:y=-6.34958744,a=-39.4375->-39.46875
PROBE acc tid=8 net=(69,189,101) tile=22 origin=(59,54,65) g=0.00267410278 n=7.66015625->7.6640625 c0:y=8.68836308,a=55.5625->55.59375 c1:y=-2.60606837,a=-18.078125->-18.078125 c2:y=-6.04816484,a=-37.25->-37.28125
PROBE acc tid=8 net=(69,189,102) tile=22 origin=(59,54,65) g=0.00296592712 n=7.62890625->7.6328125 c0:y=8.60560799,a=55.84375->55.875 c1:y=-2.46075821,a=-17.09375->-17.09375 c2:y=-6.11161089,a=-38.5->-38.53125
PROBE acc tid=8 net=(69,189,103) tile=22 origin=(59,54,65) g=0.003282547 n=7.58203125->7.5859375 c0:y=8.66297817,a=57.15625->57.1875 c1:y=-2.40193272,a=-17.109375->-17.125 c2:y=-6.22749758,a=-39.78125->-39.8125
PROBE acc tid=8 net=(69,189,104) tile=22 origin=(59,54,65) g=0.0036277771 n=7.53515625->7.5390625 c0:y=8.81285286,a=58.09375->58.125 c1:y=-2.39933705,a=-17.046875->-17.0625 c2:y=-6.37910175,a=-40.78125->-40.8125
PROBE acc tid=8 net=(69,190,101) tile=22 origin=(59,54,65) g=0.00249671936 n=7.6796875->7.68359375 c0:y=8.72197723,a=56.125->56.15625 c1:y=-2.98720026,a=-22.015625->-22.015625 c2:y=-5.69934607,a=-33.875->-33.875
PROBE acc tid=8 net=(69,190,102) tile=22 origin=(59,54,65) g=0.00276947021 n=7.64453125->7.6484375 c0:y=8.84355545,a=57->57.03125 c1:y=-2.83854318,a=-20.34375->-20.359375 c2:y=-5.9693327,a=-36.4375->-36.46875
PROBE acc tid=8 net=(69,190,103) tile=22 origin=(59,54,65) g=0.00306510925 n=7.59765625->7.6015625 c0:y=8.89283848,a=57.34375->57.375 c1:y=-2.64264154,a=-18.515625->-18.53125 c2:y=-6.21447182,a=-38.625->-38.65625
PROBE acc tid=8 net=(69,190,104) tile=22 origin=(59,54,65) g=0.00338745117 n=7.5546875->7.55859375 c0:y=8.86363983,a=57.09375->57.125 c1:y=-2.48367667,a=-16.828125->-16.84375 c2:y=-6.3450675,a=-40.03125->-40.0625
PROBE acc tid=8 net=(69,191,101) tile=22 origin=(59,54,65) g=0.00232696533 n=7.69140625->7.6953125 c0:y=8.2345171,a=54.625->54.65625 c1:y=-2.87460613,a=-24.6875->-24.6875 c2:y=-5.32511997,a=-29.671875->-29.6875
PROBE acc tid=8 net=(69,191,102) tile=22 origin=(59,54,65) g=0.0025806427 n=7.66015625->7.6640625 c0:y=8.46174145,a=55.75->55.78125 c1:y=-2.86933041,a=-24.03125->-24.03125 c2:y=-5.55671406,a=-31.453125->-31.46875
PROBE acc tid=8 net=(69,191,103) tile=22 origin=(59,54,65) g=0.00285720825 n=7.6171875->7.62109375 c0:y=8.7457304,a=57.0625->57.09375 c1:y=-2.94952059,a=-23.234375->-23.25 c2:y=-5.75920486,a=-33.5625->-33.59375
PROBE acc tid=8 net=(69,191,104) tile=22 origin=(59,54,65) g=0.00315666199 n=7.5703125->7.57421875 c0:y=8.95251465,a=58.1875->58.21875 c1:y=-2.78158069,a=-21.75->-21.765625 c2:y=-6.13366032,a=-36.1875->-36.21875
PROBE acc tid=8 net=(70,188,101) tile=22 origin=(59,54,65) g=0.00400161743 n=6.83203125->6.8359375 c0:y=1.76984155,a=20.0625->20.0625 c1:y=5.09288359,a=24.671875->24.6875 c2:y=-6.8806181,a=-44.65625->-44.6875
PROBE acc tid=8 net=(70,188,102) tile=22 origin=(59,54,65) g=0.00443649292 n=6.80078125->6.8046875 c0:y=2.28362131,a=24.53125->24.546875 c1:y=4.49436474,a=20.265625->20.28125 c2:y=-6.78545332,a=-44.71875->-44.75
PROBE acc tid=8 net=(70,188,103) tile=22 origin=(59,54,65) g=0.00490951538 n=6.76171875->6.765625 c0:y=4.22380877,a=32.8125->32.84375 c1:y=2.83231187,a=11.9375->11.953125 c2:y=-7.05070257,a=-44.625->-44.65625
PROBE acc tid=8 net=(70,188,104) tile=22 origin=(59,54,65) g=0.00542449951 n=6.71484375->6.71875 c0:y=5.1950717,a=35.40625->35.4375 c1:y=1.92035508,a=7.77734375->7.7890625 c2:y=-7.10607243,a=-43.125->-43.15625
PROBE acc tid=8 net=(70,189,101) tile=22 origin=(59,54,65) g=0.00374221802 n=6.84375->6.84765625 c0:y=1.71643722,a=19.96875->19.96875 c1:y=4.97798586,a=24.390625->24.40625 c2:y=-6.71157074,a=-44.3125->-44.34375
PROBE acc tid=8 net=(70,189,102) tile=22 origin=(59,54,65) g=0.00415039062 n=6.8125->6.81640625 c0:y=1.72895014,a=14.8984375->14.90625 c1:y=5.02094841,a=27.640625->27.65625 c2:y=-6.76767731,a=-42.53125->-42.5625
PROBE acc tid=8 net=(70,189,103) tile=22 origin=(59,54,65) g=0.00459289551 n=6.7734375->6.77734375 c0:y=1.70304835,a=13.921875->13.9296875 c1:y=5.04174328,a=28.328125->28.34375 c2:y=-6.76370573,a=-42.25->-42.28125
PROBE acc tid=8 net=(70,189,104) tile=22 origin=(59,54,65) g=0.00507354736 n=6.73046875->6.734375 c0:y=1.68522704,a=13.7734375->13.78125 c1:y=5.13832235,a=27.953125->27.984375 c2:y=-6.84526157,a=-41.78125->-41.8125
PROBE acc tid=8 net=(70,190,101) tile=22 origin=(59,54,65) g=0.0034942627 n=6.859375->6.86328125 c0:y=4.6019001,a=36.28125->36.3125 c1:y=2.33035684,a=9.0390625->9.046875 c2:y=-6.92193842,a=-45.125->-45.15625
PROBE acc tid=8 net=(70,190,102) tile=22 origin=(59,54,65) g=0.00387382507 n=6.828125->6.83203125 c0:y=3.72213292,a=29.609375->29.625 c1:y=3.16999936,a=14.734375->14.75 c2:y=-6.8911972,a=-44.25->-44.28125
PROBE acc tid=8 net=(70,190,103) tile=22 origin=(59,54,65) g=0.00428771973 n=6.79296875->6.796875 c0:y=1.91914642,a=19.6875->19.703125 c1:y=4.5249958,a=22.984375->23 c2:y=-6.45889139,a=-42.6875->-42.71875
PROBE acc tid=8 net=(70,190,104) tile=22 origin=(59,54,65) g=0.004737854 n=6.7421875->6.74609375 c0:y=1.53455913,a=10.4609375->10.46875 c1:y=5.19291353,a=30.015625->30.046875 c2:y=-6.75323963,a=-40.5625->-40.59375
PROBE acc tid=8 net=(70,191,101) tile=22 origin=(59,54,65) g=0.00325775146 n=6.875->6.87890625 c0:y=5.76494884,a=40.09375->40.125 c1:y=0.710238874,a=0.145874023->0.148193359 c2:y=-6.4528513,a=-40->-40.03125
PROBE acc tid=8 net=(70,191,102) tile=22 origin=(59,54,65) g=0.00361061096 n=6.83984375->6.84375 c0:y=5.61173058,a=38.46875->38.5 c1:y=1.04503584,a=2.19726562->2.20117188 c2:y=-6.63807392,a=-40.5->-40.53125
PROBE acc tid=8 net=(70,191,103) tile=22 origin=(59,54,65) g=0.00399780273 n=6.80078125->6.8046875 c0:y=5.07834768,a=36.34375->36.375 c1:y=1.66493022,a=5.890625->5.8984375 c2:y=-6.73156071,a=-42.09375->-42.125
PROBE acc tid=8 net=(70,191,104) tile=22 origin=(59,54,65) g=0.00441741943 n=6.7578125->6.76171875 c0:y=3.21281695,a=29.03125->29.046875 c1:y=3.56382108,a=14.1015625->14.1171875 c2:y=-6.78068686,a=-43.0625->-43.09375
PROBE acc tid=8 net=(68,188,101) tile=24 origin=(59,108,0) g=0.125610352 n=8.4375->8.5625 c0:y=8.41261005,a=60.53125->61.59375 c1:y=-3.46576905,a=-27.140625->-27.578125 c2:y=-4.90463686,a=-33.125->-33.75
PROBE acc tid=8 net=(68,188,102) tile=24 origin=(59,108,0) g=0.124450684 n=8.40625->8.53125 c0:y=8.40333652,a=60.6875->61.71875 c1:y=-3.55414176,a=-26.453125->-26.890625 c2:y=-4.8053112,a=-33.90625->-34.5
PROBE acc tid=8 net=(68,188,103) tile=24 origin=(59,108,0) g=0.123046875 n=8.3515625->8.4765625 c0:y=8.55074024,a=61.78125->62.84375 c1:y=-3.62776232,a=-26.703125->-27.15625 c2:y=-4.87833071,a=-34.78125->-35.375
PROBE acc tid=8 net=(68,188,104) tile=24 origin=(59,108,0) g=0.121459961 n=8.296875->8.421875 c0:y=8.54105663,a=62.09375->63.125 c1:y=-3.49020863,a=-25.90625->-26.328125 c2:y=-5.00614262,a=-35.875->-36.46875
PROBE acc tid=8 net=(68,189,101) tile=24 origin=(59,108,0) g=0.129150391 n=8.453125->8.5859375 c0:y=8.42986488,a=61.125->62.21875 c1:y=-3.51290274,a=-27.234375->-27.6875 c2:y=-4.87492228,a=-33.5625->-34.1875
PROBE acc tid=8 net=(68,189,102) tile=24 origin=(59,108,0) g=0.127807617 n=8.421875->8.546875 c0:y=8.3333683,a=60.375->61.4375 c1:y=-3.4224174,a=-25.234375->-25.671875 c2:y=-4.86908531,a=-34.78125->-35.40625
PROBE acc tid=8 net=(68,189,103) tile=24 origin=(59,108,0) g=0.126464844 n=8.3671875->8.4921875 c0:y=8.37922955,a=60.625->61.6875 c1:y=-3.33391833,a=-24.34375->-24.765625 c2:y=-5.0040431,a=-35.9375->-36.5625
PROBE acc tid=8 net=(68,189,104) tile=24 origin=(59,108,0) g=0.124816895 n=8.3125->8.4375 c0:y=8.27274323,a=60.65625->61.6875 c1:y=-3.12662745,a=-23.46875->-23.859375 c2:y=-5.10554552,a=-36.875->-37.5
PROBE acc tid=8 net=(68,190,101) tile=24 origin=(59,108,0) g=0.132324219 n=8.4765625->8.609375 c0:y=8.45199013,a=62.3125->63.4375 c1:y=-3.66549778,a=-29.78125->-30.265625 c2:y=-4.74393654,a=-32.25->-32.875
PROBE acc tid=8 net=(68,190,102) tile=24 origin=(59,108,0) g=0.131103516 n=8.4453125->8.578125 c0:y=8.36964989,a=61.53125->62.625 c1:y=-3.53232908,a=-27.5->-27.96875 c2:y=-4.79533291,a=-33.6875->-34.3125
PROBE acc tid=8 net=(68,190,103) tile=24 origin=(59,108,0) g=0.129638672 n=8.390625->8.5234375 c0:y=8.36668587,a=61.0625->62.15625 c1:y=-3.314183,a=-25.1875->-25.609375 c2:y=-5.01180458,a=-35.53125->-36.1875
PROBE acc tid=8 net=(68,190,104) tile=24 origin=(59,108,0) g=0.127929688 n=8.34375->8.46875 c0:y=8.24758244,a=60.4375->61.5 c1:y=-3.08149242,a=-23.421875->-23.8125 c2:y=-5.12661171,a=-36.75->-37.40625
PROBE acc tid=8 net=(68,191,101) tile=24 origin=(59,108,0) g=0.135498047 n=8.5->8.6328125 c0:y=8.5015192,a=63.71875->64.875 c1:y=-3.78115892,a=-33.0625->-33.5625 c2:y=-4.67704582,a=-30.328125->-30.96875
PROBE acc tid=8 net=(68,191,102) tile=24 origin=(59,108,0) g=0.134277344 n=8.46875->8.6015625 c0:y=8.41091347,a=62.59375->63.71875 c1:y=-3.62568617,a=-31.03125->-31.515625 c2:y=-4.74238253,a=-31.28125->-31.921875
PROBE acc tid=8 net=(68,191,103) tile=24 origin=(59,108,0) g=0.13269043 n=8.4140625->8.546875 c0:y=8.3837738,a=62.09375->63.21875 c1:y=-3.36329508,a=-28.734375->-29.1875 c2:y=-4.97859383,a=-33->-33.65625
PROBE acc tid=8 net=(68,191,104) tile=24 origin=(59,108,0) g=0.130981445 n=8.359375->8.4921875 c0:y=8.28697777,a=61.53125->62.625 c1:y=-3.11519289,a=-26.5->-26.90625 c2:y=-5.1312995,a=-34.6875->-35.375
PROBE acc tid=8 net=(69,188,101) tile=24 origin=(59,108,0) g=0.178588867 n=7.64453125->7.82421875 c0:y=9.18498039,a=55.53125->57.15625 c1:y=-2.96626329,a=-17.46875->-18 c2:y=-6.18310022,a=-37.8125->-38.90625
PROBE acc tid=8 net=(69,188,102) tile=24 origin=(59,108,0) g=0.176879883 n=7.61328125->7.7890625 c0:y=9.14666843,a=56.625->58.25 c1:y=-2.91125321,a=-17.984375->-18.5 c2:y=-6.19909811,a=-38.40625->-39.5
PROBE acc tid=8 net=(69,188,103) tile=24 origin=(59,108,0) g=0.174926758 n=7.5703125->7.74609375 c0:y=9.35552311,a=58.53125->60.15625 c1:y=-2.9432168,a=-19.28125->-19.796875 c2:y=-6.37468576,a=-38.96875->-40.09375
PROBE acc tid=8 net=(69,188,104) tile=24 origin=(59,108,0) g=0.172607422 n=7.515625->7.6875 c0:y=9.39545441,a=59.0625->60.6875 c1:y=-2.89610028,a=-19.359375->-19.859375 c2:y=-6.46086788,a=-39.46875->-40.59375
PROBE acc tid=8 net=(69,189,101) tile=24 origin=(59,108,0) g=0.18347168 n=7.6640625->7.84765625 c0:y=9.03895473,a=55.59375->57.25 c1:y=-2.93744898,a=-18.078125->-18.609375 c2:y=-6.06652689,a=-37.28125->-38.40625
PROBE acc tid=8 net=(69,189,102) tile=24 origin=(59,108,0) g=0.181762695 n=7.6328125->7.81640625 c0:y=8.94264984,a=55.875->57.5 c1:y=-2.80544066,a=-17.09375->-17.609375 c2:y=-6.10269642,a=-38.53125->-39.625
PROBE acc tid=8 net=(69,189,103) tile=24 origin=(59,108,0) g=0.1796875 n=7.5859375->7.765625 c0:y=9.04889011,a=57.1875->58.8125 c1:y=-2.70912385,a=-17.125->-17.609375 c2:y=-6.30546713,a=-39.8125->-40.9375
PROBE acc tid=8 net=(69,189,104) tile=24 origin=(59,108,0) g=0.177368164 n=7.5390625->7.71484375 c0:y=9.11258602,a=58.125->59.75 c1:y=-2.62420917,a=-17.0625->-17.53125 c2:y=-6.45382118,a=-40.8125->-41.96875
PROBE acc tid=8 net=(69,190,101) tile=24 origin=(59,108,0) g=0.188110352 n=7.68359375->7.87109375 c0:y=9.03249741,a=56.15625->57.84375 c1:y=-3.09023356,a=-22.015625->-22.59375 c2:y=-5.90603113,a=-33.875->-35
PROBE acc tid=8 net=(69,190,102) tile=24 origin=(59,108,0) g=0.186401367 n=7.6484375->7.8359375 c0:y=9.16822815,a=57.03125->58.75 c1:y=-3.01910949,a=-20.359375->-20.921875 c2:y=-6.11221695,a=-36.46875->-37.59375
PROBE acc tid=8 net=(69,190,103) tile=24 origin=(59,108,0) g=0.184326172 n=7.6015625->7.78515625 c0:y=9.22277069,a=57.375->59.0625 c1:y=-2.87123108,a=-18.53125->-19.0625 c2:y=-6.31575918,a=-38.65625->-39.8125
PROBE acc tid=8 net=(69,190,104) tile=24 origin=(59,108,0) g=0.181884766 n=7.55859375->7.7421875 c0:y=9.12598038,a=57.125->58.78125 c1:y=-2.69396734,a=-16.84375->-17.328125 c2:y=-6.39758587,a=-40.0625->-41.21875
PROBE acc tid=8 net=(69,191,101) tile=24 origin=(59,108,0) g=0.192626953 n=7.6953125->7.88671875 c0:y=8.54602432,a=54.65625->56.3125 c1:y=-2.98624754,a=-24.6875->-25.265625 c2:y=-5.52367258,a=-29.6875->-30.75
PROBE acc tid=8 net=(69,191,102) tile=24 origin=(59,108,0) g=0.190795898 n=7.6640625->7.85546875 c0:y=8.70524693,a=55.78125->57.4375 c1:y=-2.99595547,a=-24.03125->-24.609375 c2:y=-5.67242765,a=-31.46875->-32.5625
PROBE acc tid=8 net=(69,191,103) tile=24 origin=(59,108,0) g=0.188598633 n=7.62109375->7.80859375 c0:y=9.03860474,a=57.09375->58.8125 c1:y=-3.01461673,a=-23.25->-23.8125 c2:y=-5.98682451,a=-33.59375->-34.71875
PROBE acc tid=8 net=(69,191,104) tile=24 origin=(59,108,0) g=0.186157227 n=7.57421875->7.76171875 c0:y=9.17277241,a=58.21875->59.9375 c1:y=-2.88596058,a=-21.765625->-22.296875 c2:y=-6.25000811,a=-36.21875->-37.375
PROBE acc tid=8 net=(70,188,101) tile=24 origin=(59,108,0) g=0.24987793 n=6.8359375->7.0859375 c0:y=1.67106497,a=20.0625->20.484375 c1:y=5.34485435,a=24.6875->26.015625 c2:y=-7.04081774,a=-44.6875->-46.4375
PROBE acc tid=8 net=(70,188,102) tile=24 origin=(59,108,0) g=0.247558594 n=6.8046875->7.05078125 c0:y=2.02409959,a=24.546875->25.046875 c1:y=4.715137,a=20.28125->21.453125 c2:y=-6.75385237,a=-44.75->-46.4375
PROBE acc tid=8 net=(70,188,103) tile=24 origin=(59,108,0) g=0.244750977 n=6.765625->7.01171875 c0:y=4.32392693,a=32.84375->33.90625 c1:y=2.9277761,a=11.953125->12.671875 c2:y=-7.25291014,a=-44.65625->-46.4375
PROBE acc tid=8 net=(70,188,104) tile=24 origin=(59,108,0) g=0.241577148 n=6.71875->6.9609375 c0:y=5.22475624,a=35.4375->36.6875 c1:y=1.99016285,a=7.7890625->8.2734375 c2:y=-7.21070719,a=-43.15625->-44.90625
PROBE acc tid=8 net=(70,189,101) tile=24 origin=(59,108,0) g=0.256835938 n=6.84765625->7.10546875 c0:y=1.62445295,a=19.96875->20.390625 c1:y=5.17108679,a=24.40625->25.734375 c2:y=-6.81859112,a=-44.34375->-46.09375
PROBE acc tid=8 net=(70,189,102) tile=24 origin=(59,108,0) g=0.254394531 n=6.81640625->7.0703125 c0:y=1.61742795,a=14.90625->15.3203125 c1:y=5.2184267,a=27.65625->28.984375 c2:y=-6.85939741,a=-42.5625->-44.3125
PROBE acc tid=8 net=(70,189,103) tile=24 origin=(59,108,0) g=0.251464844 n=6.77734375->7.02734375 c0:y=1.65107358,a=13.9296875->14.34375 c1:y=5.31208181,a=28.34375->29.671875 c2:y=-6.98809719,a=-42.28125->-44.03125
PROBE acc tid=8 net=(70,189,104) tile=24 origin=(59,108,0) g=0.248168945 n=6.734375->6.984375 c0:y=1.59395444,a=13.78125->14.1796875 c1:y=5.34604454,a=27.984375->29.3125 c2:y=-6.96718836,a=-41.8125->-43.53125
PROBE acc tid=8 net=(70,190,101) tile=24 origin=(59,108,0) g=0.263183594 n=6.86328125->7.125 c0:y=4.65018892,a=36.3125->37.53125 c1:y=2.44166303,a=9.046875->9.6875 c2:y=-7.08627224,a=-45.15625->-47.03125
PROBE acc tid=8 net=(70,190,102) tile=24 origin=(59,108,0) g=0.260742188 n=6.83203125->7.09375 c0:y=3.76888347,a=29.625->30.609375 c1:y=3.2032795,a=14.75->15.5859375 c2:y=-6.97642422,a=-44.28125->-46.09375
PROBE acc tid=8 net=(70,190,103) tile=24 origin=(59,108,0) g=0.2578125 n=6.796875->7.0546875 c0:y=1.96819365,a=19.703125->20.203125 c1:y=4.64776516,a=23->24.203125 c2:y=-6.63576174,a=-42.71875->-44.4375
PROBE acc tid=8 net=(70,190,104) tile=24 origin=(59,108,0) g=0.254394531 n=6.74609375->7 c0:y=1.46918607,a=10.46875->10.84375 c1:y=5.36608458,a=30.046875->31.40625 c2:y=-6.86562014,a=-40.59375->-42.34375
PROBE acc tid=8 net=(70,191,101) tile=24 origin=(59,108,0) g=0.26953125 n=6.87890625->7.1484375 c0:y=5.88096046,a=40.125->41.71875 c1:y=0.679713249,a=0.148193359->0.331298828 c2:y=-6.54146576,a=-40.03125->-41.78125
PROBE acc tid=8 net=(70,191,102) tile=24 origin=(59,108,0) g=0.266845703 n=6.84375->7.109375 c0:y=5.59640932,a=38.5->40 c1:y=1.08357465,a=2.20117188->2.49023438 c2:y=-6.66614056,a=-40.53125->-42.3125
PROBE acc tid=8 net=(70,191,103) tile=24 origin=(59,108,0) g=0.263916016 n=6.8046875->7.0703125 c0:y=5.14509392,a=36.375->37.71875 c1:y=1.79537439,a=5.8984375->6.37109375 c2:y=-6.93202353,a=-42.125->-43.96875
PROBE acc tid=8 net=(70,191,104) tile=24 origin=(59,108,0) g=0.260498047 n=6.76171875->7.0234375 c0:y=3.25582671,a=29.046875->29.890625 c1:y=3.59813261,a=14.1171875->15.0546875 c2:y=-6.86292124,a=-43.09375->-44.875
PROBE acc tid=8 net=(68,188,101) tile=25 origin=(59,108,65) g=0.00564193726 n=8.5625->8.5703125 c0:y=8.13138676,a=61.59375->61.625 c1:y=-3.74276304,a=-27.578125->-27.59375 c2:y=-4.34759283,a=-33.75->-33.78125
PROBE acc tid=8 net=(68,188,102) tile=25 origin=(59,108,65) g=0.00625610352 n=8.53125->8.5390625 c0:y=8.12108517,a=61.71875->61.78125 c1:y=-3.69946313,a=-26.890625->-26.90625 c2:y=-4.37942362,a=-34.5->-34.53125
PROBE acc tid=8 net=(68,188,103) tile=25 origin=(59,108,65) g=0.00692367554 n=8.4765625->8.484375 c0:y=8.18072319,a=62.84375->62.90625 c1:y=-3.66354322,a=-27.15625->-27.1875 c2:y=-4.47410107,a=-35.375->-35.40625
PROBE acc tid=8 net=(68,188,104) tile=25 origin=(59,108,65) g=0.00765228271 n=8.421875->8.4296875 c0:y=8.14858341,a=63.125->63.1875 c1:y=-3.49127221,a=-26.328125->-26.359375 c2:y=-4.61355114,a=-36.46875->-36.5
PROBE acc tid=8 net=(68,189,101) tile=25 origin=(59,108,65) g=0.00579452515 n=8.5859375->8.59375 c0:y=8.15243244,a=62.21875->62.28125 c1:y=-3.78421783,a=-27.6875->-27.703125 c2:y=-4.32741213,a=-34.1875->-34.21875
PROBE acc tid=8 net=(68,189,102) tile=25 origin=(59,108,65) g=0.00642776489 n=8.546875->8.5546875 c0:y=8.02404881,a=61.4375->61.5 c1:y=-3.54428673,a=-25.671875->-25.6875 c2:y=-4.43933821,a=-35.40625->-35.4375
PROBE acc tid=8 net=(68,189,103) tile=25 origin=(59,108,65) g=0.0071144104 n=8.4921875->8.5 c0:y=7.96184826,a=61.6875->61.75 c1:y=-3.34773779,a=-24.765625->-24.796875 c2:y=-4.57401037,a=-36.5625->-36.59375
PROBE acc tid=8 net=(68,189,104) tile=25 origin=(59,108,65) g=0.00785827637 n=8.4375->8.4453125 c0:y=7.87404537,a=61.6875->61.75 c1:y=-3.11058259,a=-23.859375->-23.890625 c2:y=-4.72359991,a=-37.5->-37.53125
PROBE acc tid=8 net=(68,190,101) tile=25 origin=(59,108,65) g=0.00594329834 n=8.609375->8.6171875 c0:y=8.17124653,a=63.4375->63.5 c1:y=-3.99567318,a=-30.265625->-30.296875 c2:y=-4.13425255,a=-32.875->-32.90625
PROBE acc tid=8 net=(68,190,102) tile=25 origin=(59,108,65) g=0.00659179688 n=8.578125->8.5859375 c0:y=8.07991982,a=62.625->62.6875 c1:y=-3.70960045,a=-27.96875->-28 c2:y=-4.32920504,a=-34.3125->-34.34375
PROBE acc tid=8 net=(68,190,103) tile=25 origin=(59,108,65) g=0.00729370117 n=8.5234375->8.53125 c0:y=7.99072456,a=62.15625->62.21875 c1:y=-3.43001962,a=-25.609375->-25.640625 c2:y=-4.52040911,a=-36.1875->-36.21875
PROBE acc tid=8 net=(68,190,104) tile=25 origin=(59,108,65) g=0.00806427002 n=8.46875->8.4765625 c0:y=7.88257217,a=61.5->61.5625 c1:y=-3.12092066,a=-23.8125->-23.84375 c2:y=-4.72250414,a=-37.40625->-37.4375
PROBE acc tid=8 net=(68,191,101) tile=25 origin=(59,108,65) g=0.00608444214 n=8.6328125->8.640625 c0:y=8.20886517,a=64.875->64.9375 c1:y=-4.17537785,a=-33.5625->-33.59375 c2:y=-3.99132252,a=-30.96875->-31
PROBE acc tid=8 net=(68,191,102) tile=25 origin=(59,108,65) g=0.00674819946 n=8.6015625->8.609375 c0:y=8.13862324,a=63.71875->63.78125 c1:y=-3.95942664,a=-31.515625->-31.546875 c2:y=-4.13754129,a=-31.921875->-31.953125
PROBE acc tid=8 net=(68,191,103) tile=25 origin=(59,108,65) g=0.00746917725 n=8.546875->8.5546875 c0:y=8.04706001,a=63.21875->63.28125 c1:y=-3.71487355,a=-29.1875->-29.21875 c2:y=-4.29168558,a=-33.65625->-33.6875
PROBE acc tid=8 net=(68,191,104) tile=25 origin=(59,108,65) g=0.00825500488 n=8.4921875->8.5 c0:y=7.9544754,a=62.625->62.6875 c1:y=-3.34898949,a=-26.90625->-26.9375 c2:y=-4.56622219,a=-35.375->-35.40625
PROBE acc tid=8 net=(69,188,101) tile=25 origin=(59,108,65) g=0.00801849365 n=7.82421875->7.83203125 c0:y=8.87946224,a=57.15625->57.21875 c1:y=-2.95277977,a=-18->-18.03125 c2:y=-5.88937426,a=-38.90625->-38.96875
PROBE acc tid=8 net=(69,188,102) tile=25 origin=(59,108,65) g=0.00889587402 n=7.7890625->7.796875 c0:y=8.87965965,a=58.25->58.34375 c1:y=-2.89743519,a=-18.5->-18.53125 c2:y=-5.94455767,a=-39.5->-39.5625
PROBE acc tid=8 net=(69,188,103) tile=25 origin=(59,108,65) g=0.00984191895 n=7.74609375->7.7578125 c0:y=9.01844501,a=60.15625->60.25 c1:y=-2.91020012,a=-19.796875->-19.828125 c2:y=-6.06940031,a=-40.09375->-40.15625
PROBE acc tid=8 net=(69,188,104) tile=25 origin=(59,108,65) g=0.0108795166 n=7.6875->7.69921875 c0:y=9.0117569,a=60.6875->60.78125 c1:y=-2.81757784,a=-19.859375->-19.890625 c2:y=-6.15460396,a=-40.59375->-40.65625
PROBE acc tid=8 net=(69,189,101) tile=25 origin=(59,108,65) g=0.00823974609 n=7.84765625->7.85546875 c0:y=8.70657349,a=57.25->57.3125 c1:y=-2.92558885,a=-18.609375->-18.640625 c2:y=-5.74444389,a=-38.40625->-38.46875
PROBE acc tid=8 net=(69,189,102) tile=25 origin=(59,108,65) g=0.00913238525 n=7.81640625->7.82421875 c0:y=8.63636494,a=57.5->57.59375 c1:y=-2.77105093,a=-17.609375->-17.640625 c2:y=-5.82946491,a=-39.625->-39.6875
PROBE acc tid=8 net=(69,189,103) tile=25 origin=(59,108,65) g=0.0101089478 n=7.765625->7.77734375 c0:y=8.66688347,a=58.8125->58.90625 c1:y=-2.63945127,a=-17.609375->-17.640625 c2:y=-5.99166679,a=-40.9375->-41
PROBE acc tid=8 net=(69,189,104) tile=25 origin=(59,108,65) g=0.0111694336 n=7.71484375->7.7265625 c0:y=8.7879858,a=59.75->59.84375 c1:y=-2.56851459,a=-17.53125->-17.5625 c2:y=-6.18329859,a=-41.96875->-42.03125
PROBE acc tid=8 net=(69,190,101) tile=25 origin=(59,108,65) g=0.00844573975 n=7.87109375->7.87890625 c0:y=8.70975399,a=57.84375->57.90625 c1:y=-3.30637264,a=-22.59375->-22.625 c2:y=-5.36537313,a=-35->-35.03125
PROBE acc tid=8 net=(69,190,102) tile=25 origin=(59,108,65) g=0.00936889648 n=7.8359375->7.84375 c0:y=8.8203907,a=58.75->58.84375 c1:y=-3.16620779,a=-20.921875->-20.953125 c2:y=-5.61591053,a=-37.59375->-37.65625
PROBE acc tid=8 net=(69,190,103) tile=25 origin=(59,108,65) g=0.0103683472 n=7.78515625->7.796875 c0:y=8.79994392,a=59.0625->59.15625 c1:y=-2.89569402,a=-19.0625->-19.09375 c2:y=-5.86673164,a=-39.8125->-39.875
PROBE acc tid=8 net=(69,190,104) tile=25 origin=(59,108,65) g=0.0114593506 n=7.7421875->7.75390625 c0:y=8.73552322,a=58.78125->58.875 c1:y=-2.59337473,a=-17.328125->-17.359375 c2:y=-6.10624313,a=-41.21875->-41.28125
PROBE acc tid=8 net=(69,191,101) tile=25 origin=(59,108,65) g=0.0086517334 n=7.88671875->7.89453125 c0:y=8.25944996,a=56.3125->56.375 c1:y=-3.2668786,a=-25.265625->-25.296875 c2:y=-4.9542594,a=-30.75->-30.796875
PROBE acc tid=8 net=(69,191,102) tile=25 origin=(59,108,65) g=0.00959014893 n=7.85546875->7.86328125 c0:y=8.40263367,a=57.4375->57.53125 c1:y=-3.22342849,a=-24.609375->-24.640625 c2:y=-5.1402297,a=-32.5625->-32.625
PROBE acc tid=8 net=(69,191,103) tile=25 origin=(59,108,65) g=0.0106124878 n=7.80859375->7.8203125 c0:y=8.57480335,a=58.8125->58.90625 c1:y=-3.20785046,a=-23.8125->-23.84375 c2:y=-5.32787037,a=-34.71875->-34.78125
PROBE acc tid=8 net=(69,191,104) tile=25 origin=(59,108,65) g=0.0117263794 n=7.76171875->7.7734375 c0:y=8.81006718,a=59.9375->60.03125 c1:y=-2.98922133,a=-22.296875->-22.328125 c2:y=-5.78211832,a=-37.375->-37.4375
PROBE acc tid=8 net=(70,188,101) tile=25 origin=(59,108,65) g=0.0112228394 n=7.0859375->7.09765625 c0:y=1.83812463,a=20.484375->20.5 c1:y=5.18295336,a=26.015625->26.078125 c2:y=-7.03863287,a=-46.4375->-46.53125
PROBE acc tid=8 net=(70,188,102) tile=25 origin=(59,108,65) g=0.0124435425 n=7.05078125->7.0625 c0:y=2.44368815,a=25.046875->25.078125 c1:y=4.49709892,a=21.453125->21.515625 c2:y=-6.94590187,a=-46.4375->-46.53125
PROBE acc tid=8 net=(70,188,103) tile=25 origin=(59,108,65) g=0.0137710571 n=7.01171875->7.02734375 c0:y=4.43832302,a=33.90625->33.96875 c1:y=2.70466304,a=12.671875->12.7109375 c2:y=-7.1346364,a=-46.4375->-46.53125
PROBE acc tid=8 net=(70,188,104) tile=25 origin=(59,108,65) g=0.0152206421 n=6.9609375->6.9765625 c0:y=5.12090158,a=36.6875->36.75 c1:y=2.00456166,a=8.2734375->8.3046875 c2:y=-7.11478996,a=-44.90625->-45
PROBE acc tid=8 net=(70,189,101) tile=25 origin=(59,108,65) g=0.0115280151 n=7.10546875->7.1171875 c0:y=1.78580511,a=20.390625->20.40625 c1:y=5.04434443,a=25.734375->25.796875 c2:y=-6.8462677,a=-46.09375->-46.1875
PROBE acc tid=8 net=(70,189,102) tile=25 origin=(59,108,65) g=0.0127792358 n=7.0703125->7.08203125 c0:y=1.79368579,a=15.3203125->15.34375 c1:y=5.07896852,a=28.984375->29.046875 c2:y=-6.8894887,a=-44.3125->-44.40625
PROBE acc tid=8 net=(70,189,103) tile=25 origin=(59,108,65) g=0.0141448975 n=7.02734375->7.04296875 c0:y=1.78053677,a=14.34375->14.3671875 c1:y=5.09302425,a=29.671875->29.75 c2:y=-6.89121056,a=-44.03125->-44.125
PROBE acc tid=8 net=(70,189,104) tile=25 origin=(59,108,65) g=0.0156402588 n=6.984375->7 c0:y=1.75853598,a=14.1796875->14.2109375 c1:y=5.17567778,a=29.3125->29.390625 c2:y=-6.95511389,a=-43.53125->-43.625
PROBE acc tid=8 net=(70,190,101) tile=25 origin=(59,108,65) g=0.0118179321 n=7.125->7.13671875 c0:y=4.39468241,a=37.53125->37.59375 c1:y=2.45229435,a=9.6875->9.71875 c2:y=-6.83533287,a=-47.03125->-47.125
PROBE acc tid=8 net=(70,190,102) tile=25 origin=(59,108,65) g=0.0131072998 n=7.09375->7.10546875 c0:y=3.86792779,a=30.609375->30.65625 c1:y=3.01471424,a=15.5859375->15.625 c2:y=-6.87777996,a=-46.09375->-46.1875
PROBE acc tid=8 net=(70,190,103) tile=25 origin=(59,108,65) g=0.0145111084 n=7.0546875->7.0703125 c0:y=2.38259649,a=20.203125->20.234375 c1:y=4.29005289,a=24.203125->24.265625 c2:y=-6.68076992,a=-44.4375->-44.53125
PROBE acc tid=8 net=(70,190,104) tile=25 origin=(59,108,65) g=0.0160369873 n=7->7.015625 c0:y=1.63006079,a=10.84375->10.8671875 c1:y=5.20470047,a=31.40625->31.484375 c2:y=-6.85861683,a=-42.34375->-42.46875
PROBE acc tid=8 net=(70,191,101) tile=25 origin=(59,108,65) g=0.0121002197 n=7.1484375->7.16015625 c0:y=5.51959944,a=41.71875->41.78125 c1:y=0.759501576,a=0.331298828->0.340576172 c2:y=-6.25486755,a=-41.78125->-41.84375
PROBE acc tid=8 net=(70,191,102) tile=25 origin=(59,108,65) g=0.013420105 n=7.109375->7.12109375 c0:y=5.33496666,a=40->40.0625 c1:y=1.06834269,a=2.49023438->2.50390625 c2:y=-6.38231516,a=-42.3125->-42.40625
PROBE acc tid=8 net=(70,191,103) tile=25 origin=(59,108,65) g=0.0148544312 n=7.0703125->7.0859375 c0:y=4.88908625,a=37.71875->37.78125 c1:y=1.65757406,a=6.37109375->6.39453125 c2:y=-6.53142214,a=-43.96875->-44.0625
PROBE acc tid=8 net=(70,191,104) tile=25 origin=(59,108,65) g=0.016418457 n=7.0234375->7.0390625 c0:y=3.62360835,a=29.890625->29.953125 c1:y=3.23298836,a=15.0546875->15.109375 c2:y=-6.85346603,a=-44.875->-45
PROBE final tid=8 net=(68,188,101) n=8.5703125 c0=7.19140625 c1=-3.21875 c2=-3.94140625
PROBE final tid=8 net=(68,188,102) n=8.5390625 c0=7.234375 c1=-3.15039062 c2=-4.04296875
PROBE final tid=8 net=(68,188,103) n=8.484375 c0=7.4140625 c1=-3.20507812 c2=-4.171875
PROBE final tid=8 net=(68,188,104) n=8.4296875 c0=7.49609375 c1=-3.12695312 c2=-4.328125
PROBE final tid=8 net=(68,189,101) n=8.59375 c0=7.24609375 c1=-3.22460938 c2=-3.98242188
PROBE final tid=8 net=(68,189,102) n=8.5546875 c0=7.1875 c1=-3.00195312 c2=-4.140625
PROBE final tid=8 net=(68,189,103) n=8.5 c0=7.265625 c1=-2.91796875 c2=-4.3046875
PROBE final tid=8 net=(68,189,104) n=8.4453125 c0=7.3125 c1=-2.828125 c2=-4.4453125
PROBE final tid=8 net=(68,190,101) n=8.6171875 c0=7.3671875 c1=-3.515625 c2=-3.81835938
PROBE final tid=8 net=(68,190,102) n=8.5859375 c0=7.30078125 c1=-3.26171875 c2=-4
PROBE final tid=8 net=(68,190,103) n=8.53125 c0=7.29296875 c1=-3.00585938 c2=-4.24609375
PROBE final tid=8 net=(68,190,104) n=8.4765625 c0=7.26171875 c1=-2.8125 c2=-4.41796875
PROBE final tid=8 net=(68,191,101) n=8.640625 c0=7.515625 c1=-3.88867188 c2=-3.58789062
PROBE final tid=8 net=(68,191,102) n=8.609375 c0=7.41015625 c1=-3.6640625 c2=-3.7109375
PROBE final tid=8 net=(68,191,103) n=8.5546875 c0=7.3984375 c1=-3.41601562 c2=-3.9375
PROBE final tid=8 net=(68,191,104) n=8.5 c0=7.375 c1=-3.16992188 c2=-4.1640625
PROBE final tid=8 net=(69,188,101) n=7.83203125 c0=7.3046875 c1=-2.30273438 c2=-4.9765625
PROBE final tid=8 net=(69,188,102) n=7.796875 c0=7.484375 c1=-2.37695312 c2=-5.07421875
PROBE final tid=8 net=(69,188,103) n=7.7578125 c0=7.765625 c1=-2.55664062 c2=-5.17578125
PROBE final tid=8 net=(69,188,104) n=7.69921875 c0=7.89453125 c1=-2.58398438 c2=-5.28125
PROBE final tid=8 net=(69,189,101) n=7.85546875 c0=7.296875 c1=-2.37304688 c2=-4.8984375
PROBE final tid=8 net=(69,189,102) n=7.82421875 c0=7.359375 c1=-2.25390625 c2=-5.07421875
PROBE final tid=8 net=(69,189,103) n=7.77734375 c0=7.57421875 c1=-2.26757812 c2=-5.2734375
PROBE final tid=8 net=(69,189,104) n=7.7265625 c0=7.74609375 c1=-2.2734375 c2=-5.44140625
PROBE final tid=8 net=(69,190,101) n=7.87890625 c0=7.34765625 c1=-2.87109375 c2=-4.4453125
PROBE final tid=8 net=(69,190,102) n=7.84375 c0=7.50390625 c1=-2.671875 c2=-4.80078125
PROBE final tid=8 net=(69,190,103) n=7.796875 c0=7.5859375 c1=-2.44921875 c2=-5.11328125
PROBE final tid=8 net=(69,190,104) n=7.75390625 c0=7.59375 c1=-2.23828125 c2=-5.32421875
PROBE final tid=8 net=(69,191,101) n=7.89453125 c0=7.140625 c1=-3.20507812 c2=-3.90039062
PROBE final tid=8 net=(69,191,102) n=7.86328125 c0=7.31640625 c1=-3.1328125 c2=-4.1484375
PROBE final tid=8 net=(69,191,103) n=7.8203125 c0=7.53125 c1=-3.04882812 c2=-4.44921875
PROBE final tid=8 net=(69,191,104) n=7.7734375 c0=7.72265625 c1=-2.87304688 c2=-4.81640625
PROBE final tid=8 net=(70,188,101) n=7.09765625 c0=2.88867188 c1=3.67382812 c2=-6.5546875
PROBE final tid=8 net=(70,188,102) n=7.0625 c0=3.55078125 c1=3.046875 c2=-6.58984375
PROBE final tid=8 net=(70,188,103) n=7.02734375 c0=4.83203125 c1=1.80859375 c2=-6.62109375
PROBE final tid=8 net=(70,188,104) n=6.9765625 c0=5.26953125 c1=1.19042969 c2=-6.44921875
PROBE final tid=8 net=(70,189,101) n=7.1171875 c0=2.8671875 c1=3.625 c2=-6.48828125
PROBE final tid=8 net=(70,189,102) n=7.08203125 c0=2.16601562 c1=4.1015625 c2=-6.26953125
PROBE final tid=8 net=(70,189,103) n=7.04296875 c0=2.0390625 c1=4.22265625 c2=-6.265625
PROBE final tid=8 net=(70,189,104) n=7 c0=2.02929688 c1=4.19921875 c2=-6.23046875
PROBE final tid=8 net=(70,190,101) n=7.13671875 c0=5.26953125 c1=1.36132812 c2=-6.6015625
PROBE final tid=8 net=(70,190,102) n=7.10546875 c0=4.31640625 c1=2.19921875 c2=-6.5
PROBE final tid=8 net=(70,190,103) n=7.0703125 c0=2.86132812 c1=3.43164062 c2=-6.296875
PROBE final tid=8 net=(70,190,104) n=7.015625 c0=1.54882812 c1=4.48828125 c2=-6.0546875
PROBE final tid=8 net=(70,191,101) n=7.16015625 c0=5.8359375 c1=0.0475769043 c2=-5.84375
PROBE final tid=8 net=(70,191,102) n=7.12109375 c0=5.625 c1=0.3515625 c2=-5.953125
PROBE final tid=8 net=(70,191,103) n=7.0859375 c0=5.33203125 c1=0.90234375 c2=-6.21875
PROBE final tid=8 net=(70,191,104) n=7.0390625 c0=4.25390625 c1=2.14648438 c2=-6.39453125
PROBE crop tid=8 crop=(21,183,99) resampled=1 c0=3.125 c1=3.12695312 c2=-6.265625
COMPARE C:/Users/user/Desktop/TSC++Project/paper_jiim/paper_benchmarks/data/browser_lits_v11/lits_v11_chrome_wasm_p3/lits_054__liver_vessels_all.u8: differing voxels 0 of 25165824
