timestamp, utilization.gpu [%], memory.used [MiB], memory.total [MiB], clocks.current.sm [MHz], power.draw [W], temperature.gpu, clocks_event_reasons.active
2026/10/07 06:07:50.706, 0 %, 5 MiB, 4096 MiB, 300 MHz, 1.59 W, 48, 0x0000000000000001
2026/10/07 06:07:52.729, 0 %, 5 MiB, 4096 MiB, 300 MHz, 1.90 W, 48, 0x0000000000000001
2026/10/07 06:07:54.752, 0 %, 5 MiB, 4096 MiB, 300 MHz, 1.43 W, 48, 0x0000000000000001
2026/10/07 06:07:56.774, 0 %, 5 MiB, 4096 MiB, 300 MHz, 1.51 W, 48, 0x0000000000000001
2026/10/07 06:07:58.795, 0 %, 5 MiB, 4096 MiB, 300 MHz, 1.50 W, 48, 0x0000000000000001
2026/10/07 06:08:00.817, 0 %, 5 MiB, 4096 MiB, 300 MHz, 1.54 W, 48, 0x0000000000000001
2026/10/07 06:08:02.839, 0 %, 5 MiB, 4096 MiB, 300 MHz, 2.64 W, 47, 0x0000000000000001
2026/10/07 06:08:04.861, 0 %, 5 MiB, 4096 MiB, 300 MHz, 1.59 W, 47, 0x0000000000000001
2026/10/07 06:08:06.882, 0 %, 5 MiB, 4096 MiB, 300 MHz, 1.62 W, 47, 0x0000000000000001
2026/10/07 06:08:08.904, 0 %, 5 MiB, 4096 MiB, 300 MHz, 1.59 W, 47, 0x0000000000000001
2026/10/07 06:08:10.925, 0 %, 5 MiB, 4096 MiB, 300 MHz, 1.55 W, 47, 0x0000000000000001
2026/10/07 06:08:12.947, 0 %, 5 MiB, 4096 MiB, 300 MHz, 1.43 W, 47, 0x0000000000000001
2026/10/07 06:08:14.968, 0 %, 5 MiB, 4096 MiB, 300 MHz, 1.46 W, 47, 0x0000000000000001
2026/10/07 06:08:16.990, 0 %, 5 MiB, 4096 MiB, 300 MHz, 1.46 W, 47, 0x0000000000000001
2026/10/07 06:08:19.011, 0 %, 5 MiB, 4096 MiB, 300 MHz, 1.54 W, 46, 0x0000000000000001
2026/10/07 06:08:21.033, 0 %, 5 MiB, 4096 MiB, 300 MHz, 1.65 W, 47, 0x0000000000000001
2026/10/07 06:08:23.055, 0 %, 5 MiB, 4096 MiB, 300 MHz, 1.54 W, 46, 0x0000000000000001
2026/10/07 06:08:25.076, 0 %, 5 MiB, 4096 MiB, 300 MHz, 1.50 W, 46, 0x0000000000000001
2026/10/07 06:08:27.097, 0 %, 5 MiB, 4096 MiB, 300 MHz, 1.58 W, 46, 0x0000000000000001
2026/10/07 06:08:29.118, 0 %, 5 MiB, 4096 MiB, 300 MHz, 1.57 W, 46, 0x0000000000000001
2026/10/07 06:08:31.139, 0 %, 5 MiB, 4096 MiB, 300 MHz, 1.65 W, 46, 0x0000000000000001
2026/10/07 06:08:33.162, 0 %, 5 MiB, 4096 MiB, 300 MHz, 1.46 W, 46, 0x0000000000000001
2026/10/07 06:08:35.184, 0 %, 5 MiB, 4096 MiB, 300 MHz, 1.51 W, 46, 0x0000000000000001
2026/10/07 06:08:37.206, 0 %, 5 MiB, 4096 MiB, 300 MHz, 1.54 W, 46, 0x0000000000000001
2026/10/07 06:08:39.228, 0 %, 5 MiB, 4096 MiB, 300 MHz, 1.59 W, 46, 0x0000000000000001
2026/10/07 06:08:41.249, 0 %, 5 MiB, 4096 MiB, 300 MHz, 1.69 W, 46, 0x0000000000000001
2026/10/07 06:08:43.271, 0 %, 5 MiB, 4096 MiB, 300 MHz, 1.59 W, 46, 0x0000000000000001
2026/10/07 06:08:45.294, 0 %, 5 MiB, 4096 MiB, 300 MHz, 1.24 W, 46, 0x0000000000000001
2026/10/07 06:08:47.315, 0 %, 5 MiB, 4096 MiB, 300 MHz, 1.35 W, 46, 0x0000000000000001
2026/10/07 06:08:49.337, 0 %, 5 MiB, 4096 MiB, 300 MHz, 1.34 W, 46, 0x0000000000000001
2026/10/07 06:08:51.359, 0 %, 5 MiB, 4096 MiB, 300 MHz, 1.60 W, 46, 0x0000000000000001
2026/10/07 06:08:53.380, 0 %, 5 MiB, 4096 MiB, 300 MHz, 1.50 W, 46, 0x0000000000000001
2026/10/07 06:08:55.402, 0 %, 5 MiB, 4096 MiB, 300 MHz, 1.50 W, 46, 0x0000000000000001
2026/10/07 06:08:57.423, 0 %, 5 MiB, 4096 MiB, 300 MHz, 1.09 W, 46, 0x0000000000000001
2026/10/07 06:08:59.444, 0 %, 5 MiB, 4096 MiB, 300 MHz, 1.43 W, 46, 0x0000000000000001
2026/10/07 06:09:01.466, 0 %, 5 MiB, 4096 MiB, 300 MHz, 1.74 W, 46, 0x0000000000000001
2026/10/07 06:09:03.487, 0 %, 5 MiB, 4096 MiB, 300 MHz, 1.47 W, 46, 0x0000000000000001
2026/10/07 06:09:05.509, 0 %, 5 MiB, 4096 MiB, 300 MHz, 1.47 W, 46, 0x0000000000000001
2026/10/07 06:09:07.530, 0 %, 5 MiB, 4096 MiB, 300 MHz, 1.48 W, 45, 0x0000000000000001
2026/10/07 06:09:09.551, 0 %, 5 MiB, 4096 MiB, 300 MHz, 1.56 W, 45, 0x0000000000000001
2026/10/07 06:09:11.573, 0 %, 5 MiB, 4096 MiB, 300 MHz, 1.73 W, 45, 0x0000000000000001
2026/10/07 06:09:13.595, 0 %, 5 MiB, 4096 MiB, 300 MHz, 1.45 W, 45, 0x0000000000000001
2026/10/07 06:09:15.616, 0 %, 5 MiB, 4096 MiB, 300 MHz, 1.41 W, 45, 0x0000000000000001
2026/10/07 06:09:17.639, 0 %, 5 MiB, 4096 MiB, 300 MHz, 1.46 W, 45, 0x0000000000000001
2026/10/07 06:09:19.661, 0 %, 5 MiB, 4096 MiB, 300 MHz, 1.13 W, 45, 0x0000000000000001
2026/10/07 06:09:21.682, 0 %, 5 MiB, 4096 MiB, 300 MHz, 1.80 W, 45, 0x0000000000000001
2026/10/07 06:09:23.703, 0 %, 5 MiB, 4096 MiB, 300 MHz, 1.54 W, 45, 0x0000000000000001
2026/10/07 06:09:25.724, 0 %, 5 MiB, 4096 MiB, 300 MHz, 1.47 W, 45, 0x0000000000000001
2026/10/07 06:09:27.746, 0 %, 5 MiB, 4096 MiB, 300 MHz, 1.52 W, 45, 0x0000000000000001
2026/10/07 06:09:29.767, 0 %, 5 MiB, 4096 MiB, 300 MHz, 1.48 W, 45, 0x0000000000000001
2026/10/07 06:09:31.789, 0 %, 5 MiB, 4096 MiB, 300 MHz, 1.80 W, 45, 0x0000000000000001
2026/10/07 06:09:33.810, 0 %, 5 MiB, 4096 MiB, 300 MHz, 1.37 W, 45, 0x0000000000000001
2026/10/07 06:09:35.832, 0 %, 5 MiB, 4096 MiB, 300 MHz, 1.40 W, 45, 0x0000000000000001
2026/10/07 06:09:37.854, 0 %, 5 MiB, 4096 MiB, 300 MHz, 1.45 W, 45, 0x0000000000000001
2026/10/07 06:09:39.875, 0 %, 5 MiB, 4096 MiB, 300 MHz, 1.43 W, 45, 0x0000000000000001
2026/10/07 06:09:41.897, 0 %, 5 MiB, 4096 MiB, 300 MHz, 1.89 W, 45, 0x0000000000000001
2026/10/07 06:09:43.918, 0 %, 5 MiB, 4096 MiB, 300 MHz, 1.48 W, 45, 0x0000000000000001
2026/10/07 06:09:45.939, 0 %, 5 MiB, 4096 MiB, 300 MHz, 1.47 W, 45, 0x0000000000000001
2026/10/07 06:09:47.961, 0 %, 5 MiB, 4096 MiB, 300 MHz, 1.44 W, 45, 0x0000000000000001
2026/10/07 06:09:49.982, 0 %, 5 MiB, 4096 MiB, 300 MHz, 1.48 W, 45, 0x0000000000000001
2026/10/07 06:09:52.003, 0 %, 5 MiB, 4096 MiB, 300 MHz, 1.47 W, 45, 0x0000000000000001
2026/10/07 06:09:54.025, 0 %, 5 MiB, 4096 MiB, 300 MHz, 1.52 W, 45, 0x0000000000000001
2026/10/07 06:09:56.046, 0 %, 5 MiB, 4096 MiB, 300 MHz, 1.53 W, 45, 0x0000000000000001
2026/10/07 06:09:58.069, 0 %, 5 MiB, 4096 MiB, 300 MHz, 1.48 W, 45, 0x0000000000000001
2026/10/07 06:10:00.090, 0 %, 5 MiB, 4096 MiB, 300 MHz, 1.49 W, 45, 0x0000000000000001
2026/10/07 06:10:02.112, 0 %, 5 MiB, 4096 MiB, 300 MHz, 1.48 W, 45, 0x0000000000000001
2026/10/07 06:10:04.133, 0 %, 5 MiB, 4096 MiB, 300 MHz, 1.54 W, 45, 0x0000000000000001
2026/10/07 06:10:06.154, 0 %, 5 MiB, 4096 MiB, 300 MHz, 1.43 W, 45, 0x0000000000000001
2026/10/07 06:10:08.176, 0 %, 5 MiB, 4096 MiB, 300 MHz, 1.50 W, 45, 0x0000000000000001
2026/10/07 06:10:10.197, 0 %, 5 MiB, 4096 MiB, 300 MHz, 1.49 W, 45, 0x0000000000000001
2026/10/07 06:10:12.218, 0 %, 5 MiB, 4096 MiB, 300 MHz, 1.50 W, 45, 0x0000000000000001
2026/10/07 06:10:14.240, 0 %, 5 MiB, 4096 MiB, 300 MHz, 1.57 W, 45, 0x0000000000000001
2026/10/07 06:10:16.261, 0 %, 5 MiB, 4096 MiB, 300 MHz, 1.47 W, 45, 0x0000000000000001
2026/10/07 06:10:18.283, 0 %, 5 MiB, 4096 MiB, 300 MHz, 1.41 W, 45, 0x0000000000000001
2026/10/07 06:10:20.305, 0 %, 5 MiB, 4096 MiB, 300 MHz, 1.42 W, 45, 0x0000000000000001
2026/10/07 06:10:22.326, 0 %, 5 MiB, 4096 MiB, 300 MHz, 1.49 W, 45, 0x0000000000000001
2026/10/07 06:10:24.348, 0 %, 5 MiB, 4096 MiB, 300 MHz, 1.61 W, 45, 0x0000000000000001
2026/10/07 06:10:26.370, 0 %, 5 MiB, 4096 MiB, 300 MHz, 1.48 W, 45, 0x0000000000000001
2026/10/07 06:10:28.391, 0 %, 5 MiB, 4096 MiB, 300 MHz, 1.49 W, 45, 0x0000000000000001
2026/10/07 06:10:30.413, 0 %, 5 MiB, 4096 MiB, 300 MHz, 1.45 W, 45, 0x0000000000000001
2026/10/07 06:10:32.435, 0 %, 5 MiB, 4096 MiB, 300 MHz, 1.45 W, 45, 0x0000000000000001
2026/10/07 06:10:34.456, 0 %, 5 MiB, 4096 MiB, 300 MHz, 1.57 W, 45, 0x0000000000000001
2026/10/07 06:10:36.478, 0 %, 5 MiB, 4096 MiB, 300 MHz, 1.41 W, 45, 0x0000000000000001
2026/10/07 06:10:38.500, 0 %, 5 MiB, 4096 MiB, 300 MHz, 1.40 W, 45, 0x0000000000000001
2026/10/07 06:10:40.521, 0 %, 5 MiB, 4096 MiB, 300 MHz, 1.20 W, 45, 0x0000000000000001
2026/10/07 06:10:42.542, 0 %, 5 MiB, 4096 MiB, 300 MHz, 1.45 W, 45, 0x0000000000000001
2026/10/07 06:10:44.564, 0 %, 5 MiB, 4096 MiB, 300 MHz, 1.67 W, 44, 0x0000000000000001
2026/10/07 06:10:46.585, 0 %, 5 MiB, 4096 MiB, 300 MHz, 1.48 W, 44, 0x0000000000000001
2026/10/07 06:10:48.606, 0 %, 5 MiB, 4096 MiB, 300 MHz, 1.41 W, 44, 0x0000000000000001
2026/10/07 06:10:50.629, 0 %, 5 MiB, 4096 MiB, 300 MHz, 1.44 W, 44, 0x0000000000000001
2026/10/07 06:10:52.650, 0 %, 5 MiB, 4096 MiB, 300 MHz, 1.47 W, 44, 0x0000000000000001
2026/10/07 06:10:54.672, 0 %, 5 MiB, 4096 MiB, 300 MHz, 1.60 W, 44, 0x0000000000000001
2026/10/07 06:10:56.693, 0 %, 5 MiB, 4096 MiB, 300 MHz, 1.42 W, 44, 0x0000000000000001
2026/10/07 06:10:58.715, 0 %, 5 MiB, 4096 MiB, 300 MHz, 1.45 W, 44, 0x0000000000000001
2026/10/07 06:11:00.736, 0 %, 5 MiB, 4096 MiB, 300 MHz, 1.40 W, 44, 0x0000000000000001
2026/10/07 06:11:02.757, 0 %, 5 MiB, 4096 MiB, 300 MHz, 1.39 W, 44, 0x0000000000000001
2026/10/07 06:11:04.779, 0 %, 5 MiB, 4096 MiB, 300 MHz, 1.79 W, 44, 0x0000000000000001
2026/10/07 06:11:06.801, 0 %, 5 MiB, 4096 MiB, 300 MHz, 1.50 W, 44, 0x0000000000000001
2026/10/07 06:11:08.822, 0 %, 5 MiB, 4096 MiB, 300 MHz, 1.48 W, 44, 0x0000000000000001
2026/10/07 06:11:10.843, 0 %, 5 MiB, 4096 MiB, 300 MHz, 1.48 W, 44, 0x0000000000000001
2026/10/07 06:11:12.864, 0 %, 5 MiB, 4096 MiB, 300 MHz, 1.51 W, 44, 0x0000000000000001
2026/10/07 06:11:14.885, 0 %, 5 MiB, 4096 MiB, 300 MHz, 1.76 W, 44, 0x0000000000000001
2026/10/07 06:11:16.907, 0 %, 5 MiB, 4096 MiB, 300 MHz, 1.40 W, 44, 0x0000000000000001
2026/10/07 06:11:18.928, 0 %, 5 MiB, 4096 MiB, 300 MHz, 1.40 W, 44, 0x0000000000000001
2026/10/07 06:11:20.950, 0 %, 5 MiB, 4096 MiB, 300 MHz, 1.36 W, 44, 0x0000000000000001
2026/10/07 06:11:22.972, 0 %, 5 MiB, 4096 MiB, 300 MHz, 1.38 W, 44, 0x0000000000000001
2026/10/07 06:11:24.993, 0 %, 5 MiB, 4096 MiB, 300 MHz, 1.82 W, 44, 0x0000000000000001
2026/10/07 06:11:27.014, 0 %, 5 MiB, 4096 MiB, 300 MHz, 1.42 W, 44, 0x0000000000000001
2026/10/07 06:11:29.035, 0 %, 5 MiB, 4096 MiB, 300 MHz, 1.45 W, 44, 0x0000000000000001
2026/10/07 06:11:31.059, 0 %, 5 MiB, 4096 MiB, 300 MHz, 1.51 W, 44, 0x0000000000000001
2026/10/07 06:11:33.082, 0 %, 5 MiB, 4096 MiB, 300 MHz, 1.52 W, 44, 0x0000000000000001
2026/10/07 06:11:35.103, 0 %, 5 MiB, 4096 MiB, 300 MHz, 1.85 W, 44, 0x0000000000000001
2026/10/07 06:11:37.124, 0 %, 5 MiB, 4096 MiB, 300 MHz, 1.45 W, 44, 0x0000000000000001
2026/10/07 06:11:39.146, 0 %, 5 MiB, 4096 MiB, 300 MHz, 1.48 W, 44, 0x0000000000000001
2026/10/07 06:11:41.167, 0 %, 5 MiB, 4096 MiB, 300 MHz, 1.58 W, 44, 0x0000000000000001
2026/10/07 06:11:43.188, 0 %, 5 MiB, 4096 MiB, 300 MHz, 1.49 W, 44, 0x0000000000000001
2026/10/07 06:11:45.210, 0 %, 5 MiB, 4096 MiB, 300 MHz, 1.80 W, 44, 0x0000000000000001
2026/10/07 06:11:47.231, 0 %, 5 MiB, 4096 MiB, 300 MHz, 1.48 W, 44, 0x0000000000000001
2026/10/07 06:11:49.253, 0 %, 5 MiB, 4096 MiB, 300 MHz, 1.53 W, 44, 0x0000000000000001
2026/10/07 06:11:51.274, 0 %, 5 MiB, 4096 MiB, 300 MHz, 1.44 W, 44, 0x0000000000000001
2026/10/07 06:11:53.295, 0 %, 5 MiB, 4096 MiB, 300 MHz, 1.38 W, 44, 0x0000000000000001
2026/10/07 06:11:55.319, 0 %, 5 MiB, 4096 MiB, 300 MHz, 1.79 W, 44, 0x0000000000000001
2026/10/07 06:11:57.341, 0 %, 5 MiB, 4096 MiB, 300 MHz, 1.42 W, 44, 0x0000000000000001
2026/10/07 06:11:59.363, 0 %, 5 MiB, 4096 MiB, 300 MHz, 1.37 W, 44, 0x0000000000000001
2026/10/07 06:12:01.384, 0 %, 5 MiB, 4096 MiB, 300 MHz, 1.52 W, 44, 0x0000000000000001
2026/10/07 06:12:03.405, 0 %, 5 MiB, 4096 MiB, 300 MHz, 1.44 W, 44, 0x0000000000000001
2026/10/07 06:12:05.427, 0 %, 5 MiB, 4096 MiB, 300 MHz, 1.43 W, 44, 0x0000000000000001
2026/10/07 06:12:07.448, 0 %, 5 MiB, 4096 MiB, 300 MHz, 1.50 W, 44, 0x0000000000000001
2026/10/07 06:12:09.470, 0 %, 5 MiB, 4096 MiB, 300 MHz, 1.51 W, 44, 0x0000000000000001
2026/10/07 06:12:11.491, 0 %, 5 MiB, 4096 MiB, 300 MHz, 1.45 W, 44, 0x0000000000000001
2026/10/07 06:12:13.512, 0 %, 5 MiB, 4096 MiB, 300 MHz, 1.44 W, 44, 0x0000000000000001
2026/10/07 06:12:15.533, 0 %, 5 MiB, 4096 MiB, 300 MHz, 1.43 W, 44, 0x0000000000000001
2026/10/07 06:12:17.555, 0 %, 5 MiB, 4096 MiB, 300 MHz, 1.54 W, 44, 0x0000000000000001
2026/10/07 06:12:19.577, 0 %, 5 MiB, 4096 MiB, 300 MHz, 1.46 W, 44, 0x0000000000000001
2026/10/07 06:12:21.598, 0 %, 5 MiB, 4096 MiB, 300 MHz, 1.43 W, 44, 0x0000000000000001
2026/10/07 06:12:23.619, 0 %, 5 MiB, 4096 MiB, 300 MHz, 1.50 W, 44, 0x0000000000000001
2026/10/07 06:12:25.641, 0 %, 5 MiB, 4096 MiB, 300 MHz, 1.46 W, 44, 0x0000000000000001
2026/10/07 06:12:27.662, 0 %, 5 MiB, 4096 MiB, 300 MHz, 1.52 W, 44, 0x0000000000000001
2026/10/07 06:12:29.684, 0 %, 5 MiB, 4096 MiB, 300 MHz, 1.04 W, 44, 0x0000000000000001
2026/10/07 06:12:31.705, 0 %, 5 MiB, 4096 MiB, 300 MHz, 1.44 W, 44, 0x0000000000000001
2026/10/07 06:12:33.727, 0 %, 5 MiB, 4096 MiB, 300 MHz, 1.51 W, 44, 0x0000000000000001
2026/10/07 06:12:35.748, 0 %, 5 MiB, 4096 MiB, 300 MHz, 1.39 W, 44, 0x0000000000000001
2026/10/07 06:12:37.770, 0 %, 5 MiB, 4096 MiB, 300 MHz, 1.64 W, 44, 0x0000000000000001
2026/10/07 06:12:39.791, 0 %, 5 MiB, 4096 MiB, 300 MHz, 1.46 W, 44, 0x0000000000000001
2026/10/07 06:12:41.812, 0 %, 5 MiB, 4096 MiB, 300 MHz, 1.49 W, 44, 0x0000000000000001
2026/10/07 06:12:43.834, 0 %, 5 MiB, 4096 MiB, 300 MHz, 1.49 W, 44, 0x0000000000000001
2026/10/07 06:12:45.855, 0 %, 5 MiB, 4096 MiB, 300 MHz, 1.45 W, 44, 0x0000000000000001
2026/10/07 06:12:47.877, 0 %, 5 MiB, 4096 MiB, 300 MHz, 1.66 W, 44, 0x0000000000000001
2026/10/07 06:12:49.897, 0 %, 5 MiB, 4096 MiB, 300 MHz, 1.44 W, 44, 0x0000000000000001
2026/10/07 06:12:51.919, 0 %, 5 MiB, 4096 MiB, 300 MHz, 1.43 W, 44, 0x0000000000000001
2026/10/07 06:12:53.940, 0 %, 5 MiB, 4096 MiB, 300 MHz, 1.40 W, 44, 0x0000000000000001
2026/10/07 06:12:55.961, 0 %, 5 MiB, 4096 MiB, 300 MHz, 1.40 W, 44, 0x0000000000000001
2026/10/07 06:12:57.982, 0 %, 5 MiB, 4096 MiB, 300 MHz, 1.68 W, 44, 0x0000000000000001
2026/10/07 06:13:00.003, 0 %, 5 MiB, 4096 MiB, 300 MHz, 1.55 W, 44, 0x0000000000000001
2026/10/07 06:13:02.025, 0 %, 5 MiB, 4096 MiB, 300 MHz, 1.45 W, 44, 0x0000000000000001
2026/10/07 06:13:04.046, 0 %, 5 MiB, 4096 MiB, 300 MHz, 1.49 W, 44, 0x0000000000000001
2026/10/07 06:13:06.068, 0 %, 5 MiB, 4096 MiB, 300 MHz, 1.45 W, 44, 0x0000000000000001
2026/10/07 06:13:08.089, 0 %, 5 MiB, 4096 MiB, 300 MHz, 1.81 W, 44, 0x0000000000000001
2026/10/07 06:13:10.110, 0 %, 5 MiB, 4096 MiB, 300 MHz, 1.41 W, 44, 0x0000000000000001
2026/10/07 06:13:12.132, 0 %, 5 MiB, 4096 MiB, 300 MHz, 1.42 W, 44, 0x0000000000000001
2026/10/07 06:13:14.153, 0 %, 5 MiB, 4096 MiB, 300 MHz, 1.45 W, 44, 0x0000000000000001
2026/10/07 06:13:16.174, 0 %, 5 MiB, 4096 MiB, 300 MHz, 1.44 W, 44, 0x0000000000000001
2026/10/07 06:13:18.195, 0 %, 5 MiB, 4096 MiB, 300 MHz, 1.87 W, 44, 0x0000000000000001
2026/10/07 06:13:20.216, 0 %, 5 MiB, 4096 MiB, 300 MHz, 1.55 W, 44, 0x0000000000000001
2026/10/07 06:13:22.237, 0 %, 5 MiB, 4096 MiB, 300 MHz, 1.56 W, 44, 0x0000000000000001
2026/10/07 06:13:24.258, 0 %, 5 MiB, 4096 MiB, 300 MHz, 1.47 W, 44, 0x0000000000000001
2026/10/07 06:13:26.279, 0 %, 5 MiB, 4096 MiB, 300 MHz, 1.56 W, 44, 0x0000000000000001
2026/10/07 06:13:28.308, 0 %, 5 MiB, 4096 MiB, 300 MHz, 1.72 W, 44, 0x0000000000000001
2026/10/07 06:13:30.330, 0 %, 5 MiB, 4096 MiB, 300 MHz, 1.42 W, 44, 0x0000000000000001
2026/10/07 06:13:32.350, 0 %, 5 MiB, 4096 MiB, 300 MHz, 1.43 W, 44, 0x0000000000000001
2026/10/07 06:13:34.371, 0 %, 5 MiB, 4096 MiB, 300 MHz, 1.48 W, 44, 0x0000000000000001
2026/10/07 06:13:36.393, 0 %, 5 MiB, 4096 MiB, 300 MHz, 1.43 W, 44, 0x0000000000000001
2026/10/07 06:13:38.415, 0 %, 5 MiB, 4096 MiB, 300 MHz, 1.81 W, 44, 0x0000000000000001
2026/10/07 06:13:40.437, 0 %, 5 MiB, 4096 MiB, 300 MHz, 1.52 W, 44, 0x0000000000000001
2026/10/07 06:13:42.458, 0 %, 5 MiB, 4096 MiB, 300 MHz, 1.54 W, 44, 0x0000000000000001
2026/10/07 06:13:44.479, 0 %, 5 MiB, 4096 MiB, 300 MHz, 1.49 W, 44, 0x0000000000000001
2026/10/07 06:13:46.501, 0 %, 5 MiB, 4096 MiB, 300 MHz, 1.52 W, 44, 0x0000000000000001
2026/10/07 06:13:48.522, 0 %, 5 MiB, 4096 MiB, 300 MHz, 1.78 W, 44, 0x0000000000000001
2026/10/07 06:13:50.543, 0 %, 5 MiB, 4096 MiB, 300 MHz, 1.50 W, 44, 0x0000000000000001
2026/10/07 06:13:52.564, 0 %, 5 MiB, 4096 MiB, 300 MHz, 1.46 W, 44, 0x0000000000000001
2026/10/07 06:13:54.585, 0 %, 5 MiB, 4096 MiB, 300 MHz, 1.42 W, 44, 0x0000000000000001
2026/10/07 06:13:56.607, 0 %, 5 MiB, 4096 MiB, 300 MHz, 1.44 W, 44, 0x0000000000000001
2026/10/07 06:13:58.629, 0 %, 5 MiB, 4096 MiB, 300 MHz, 1.84 W, 44, 0x0000000000000001
2026/10/07 06:14:00.650, 0 %, 5 MiB, 4096 MiB, 300 MHz, 1.45 W, 44, 0x0000000000000001
2026/10/07 06:14:02.672, 0 %, 5 MiB, 4096 MiB, 300 MHz, 1.45 W, 44, 0x0000000000000001
2026/10/07 06:14:04.694, 0 %, 5 MiB, 4096 MiB, 300 MHz, 1.50 W, 44, 0x0000000000000001
2026/10/07 06:14:06.716, 0 %, 5 MiB, 4096 MiB, 300 MHz, 1.49 W, 44, 0x0000000000000001
2026/10/07 06:14:08.737, 0 %, 5 MiB, 4096 MiB, 300 MHz, 1.45 W, 44, 0x0000000000000001
2026/10/07 06:14:10.760, 0 %, 5 MiB, 4096 MiB, 300 MHz, 1.45 W, 44, 0x0000000000000001
2026/10/07 06:14:12.782, 0 %, 5 MiB, 4096 MiB, 300 MHz, 1.41 W, 44, 0x0000000000000001
2026/10/07 06:14:14.803, 0 %, 5 MiB, 4096 MiB, 300 MHz, 1.42 W, 44, 0x0000000000000001
2026/10/07 06:14:16.825, 0 %, 5 MiB, 4096 MiB, 300 MHz, 1.43 W, 44, 0x0000000000000001
2026/10/07 06:14:18.846, 0 %, 5 MiB, 4096 MiB, 300 MHz, 1.41 W, 44, 0x0000000000000001
2026/10/07 06:14:20.867, 0 %, 5 MiB, 4096 MiB, 300 MHz, 1.53 W, 44, 0x0000000000000001
2026/10/07 06:14:22.889, 0 %, 5 MiB, 4096 MiB, 300 MHz, 1.49 W, 44, 0x0000000000000001
2026/10/07 06:14:24.911, 0 %, 5 MiB, 4096 MiB, 300 MHz, 1.49 W, 44, 0x0000000000000001
2026/10/07 06:14:26.932, 0 %, 5 MiB, 4096 MiB, 300 MHz, 1.48 W, 44, 0x0000000000000001
2026/10/07 06:14:28.954, 0 %, 5 MiB, 4096 MiB, 300 MHz, 1.44 W, 44, 0x0000000000000001
2026/10/07 06:14:30.975, 0 %, 5 MiB, 4096 MiB, 300 MHz, 1.55 W, 44, 0x0000000000000001
2026/10/07 06:14:32.997, 0 %, 5 MiB, 4096 MiB, 300 MHz, 1.41 W, 44, 0x0000000000000001
2026/10/07 06:14:35.018, 0 %, 5 MiB, 4096 MiB, 300 MHz, 1.51 W, 44, 0x0000000000000001
2026/10/07 06:14:37.040, 0 %, 5 MiB, 4096 MiB, 300 MHz, 1.48 W, 44, 0x0000000000000001
2026/10/07 06:14:39.061, 0 %, 5 MiB, 4096 MiB, 300 MHz, 1.47 W, 44, 0x0000000000000001
2026/10/07 06:14:41.082, 0 %, 5 MiB, 4096 MiB, 300 MHz, 1.65 W, 44, 0x0000000000000001
2026/10/07 06:14:43.103, 0 %, 5 MiB, 4096 MiB, 300 MHz, 1.47 W, 44, 0x0000000000000001
2026/10/07 06:14:45.125, 0 %, 5 MiB, 4096 MiB, 300 MHz, 1.46 W, 44, 0x0000000000000001
2026/10/07 06:14:47.146, 0 %, 5 MiB, 4096 MiB, 300 MHz, 1.45 W, 44, 0x0000000000000001
2026/10/07 06:14:49.167, 0 %, 5 MiB, 4096 MiB, 300 MHz, 1.47 W, 44, 0x0000000000000001
2026/10/07 06:14:51.188, 0 %, 5 MiB, 4096 MiB, 300 MHz, 1.67 W, 44, 0x0000000000000001
2026/10/07 06:14:53.210, 0 %, 5 MiB, 4096 MiB, 300 MHz, 1.50 W, 44, 0x0000000000000001
2026/10/07 06:14:55.231, 0 %, 5 MiB, 4096 MiB, 300 MHz, 1.49 W, 44, 0x0000000000000001
2026/10/07 06:14:57.253, 0 %, 5 MiB, 4096 MiB, 300 MHz, 1.45 W, 44, 0x0000000000000001
2026/10/07 06:14:59.273, 0 %, 5 MiB, 4096 MiB, 300 MHz, 1.43 W, 44, 0x0000000000000001
2026/10/07 06:15:01.295, 0 %, 5 MiB, 4096 MiB, 300 MHz, 1.53 W, 44, 0x0000000000000001
2026/10/07 06:15:03.317, 0 %, 5 MiB, 4096 MiB, 300 MHz, 1.49 W, 44, 0x0000000000000001
2026/10/07 06:15:05.340, 0 %, 5 MiB, 4096 MiB, 300 MHz, 1.50 W, 44, 0x0000000000000001
2026/10/07 06:15:07.361, 0 %, 5 MiB, 4096 MiB, 300 MHz, 1.49 W, 44, 0x0000000000000001
2026/10/07 06:15:09.382, 0 %, 5 MiB, 4096 MiB, 300 MHz, 1.55 W, 44, 0x0000000000000001
2026/10/07 06:15:11.403, 0 %, 5 MiB, 4096 MiB, 300 MHz, 1.84 W, 44, 0x0000000000000001
2026/10/07 06:15:13.425, 0 %, 5 MiB, 4096 MiB, 300 MHz, 1.60 W, 44, 0x0000000000000001
2026/10/07 06:15:15.447, 0 %, 5 MiB, 4096 MiB, 300 MHz, 1.55 W, 44, 0x0000000000000001
2026/10/07 06:15:17.468, 0 %, 5 MiB, 4096 MiB, 300 MHz, 1.53 W, 44, 0x0000000000000001
2026/10/07 06:15:19.489, 0 %, 5 MiB, 4096 MiB, 300 MHz, 1.57 W, 44, 0x0000000000000001
2026/10/07 06:15:21.511, 0 %, 5 MiB, 4096 MiB, 300 MHz, 1.85 W, 44, 0x0000000000000001
2026/10/07 06:15:23.532, 0 %, 5 MiB, 4096 MiB, 300 MHz, 1.49 W, 44, 0x0000000000000001
2026/10/07 06:15:25.553, 0 %, 5 MiB, 4096 MiB, 300 MHz, 1.51 W, 44, 0x0000000000000001
2026/10/07 06:15:27.574, 0 %, 5 MiB, 4096 MiB, 300 MHz, 1.53 W, 44, 0x0000000000000001
2026/10/07 06:15:29.596, 0 %, 5 MiB, 4096 MiB, 300 MHz, 1.50 W, 44, 0x0000000000000001
2026/10/07 06:15:31.617, 0 %, 5 MiB, 4096 MiB, 300 MHz, 1.90 W, 44, 0x0000000000000001
2026/10/07 06:15:33.639, 0 %, 5 MiB, 4096 MiB, 300 MHz, 1.44 W, 44, 0x0000000000000001
2026/10/07 06:15:35.660, 0 %, 5 MiB, 4096 MiB, 300 MHz, 1.40 W, 44, 0x0000000000000001
2026/10/07 06:15:37.683, 0 %, 5 MiB, 4096 MiB, 300 MHz, 1.44 W, 44, 0x0000000000000001
2026/10/07 06:15:39.704, 0 %, 5 MiB, 4096 MiB, 300 MHz, 1.45 W, 44, 0x0000000000000001
2026/10/07 06:15:41.725, 0 %, 5 MiB, 4096 MiB, 300 MHz, 1.39 W, 44, 0x0000000000000001
2026/10/07 06:15:43.746, 0 %, 5 MiB, 4096 MiB, 300 MHz, 1.47 W, 44, 0x0000000000000001
2026/10/07 06:15:45.768, 0 %, 5 MiB, 4096 MiB, 300 MHz, 1.45 W, 44, 0x0000000000000001
2026/10/07 06:15:47.789, 0 %, 5 MiB, 4096 MiB, 300 MHz, 1.46 W, 44, 0x0000000000000001
2026/10/07 06:15:49.811, 0 %, 5 MiB, 4096 MiB, 300 MHz, 1.45 W, 44, 0x0000000000000001
2026/10/07 06:15:51.832, 0 %, 5 MiB, 4096 MiB, 300 MHz, 1.43 W, 44, 0x0000000000000001
2026/10/07 06:15:53.853, 0 %, 5 MiB, 4096 MiB, 300 MHz, 1.46 W, 44, 0x0000000000000001
2026/10/07 06:15:55.875, 0 %, 5 MiB, 4096 MiB, 300 MHz, 1.42 W, 44, 0x0000000000000001
2026/10/07 06:15:57.896, 0 %, 5 MiB, 4096 MiB, 300 MHz, 1.45 W, 44, 0x0000000000000001
2026/10/07 06:15:59.918, 0 %, 5 MiB, 4096 MiB, 300 MHz, 1.42 W, 44, 0x0000000000000001
2026/10/07 06:16:01.939, 0 %, 5 MiB, 4096 MiB, 300 MHz, 1.43 W, 44, 0x0000000000000001
2026/10/07 06:16:03.961, 0 %, 5 MiB, 4096 MiB, 300 MHz, 1.58 W, 44, 0x0000000000000001
2026/10/07 06:16:05.982, 0 %, 5 MiB, 4096 MiB, 300 MHz, 1.46 W, 44, 0x0000000000000001
2026/10/07 06:16:08.004, 0 %, 5 MiB, 4096 MiB, 300 MHz, 1.51 W, 44, 0x0000000000000001
2026/10/07 06:16:10.025, 0 %, 5 MiB, 4096 MiB, 300 MHz, 1.49 W, 44, 0x0000000000000001
2026/10/07 06:16:12.046, 0 %, 5 MiB, 4096 MiB, 300 MHz, 1.47 W, 44, 0x0000000000000001
2026/10/07 06:16:14.067, 0 %, 5 MiB, 4096 MiB, 300 MHz, 1.62 W, 44, 0x0000000000000001
2026/10/07 06:16:16.089, 0 %, 5 MiB, 4096 MiB, 300 MHz, 1.46 W, 44, 0x0000000000000001
2026/10/07 06:16:18.111, 0 %, 5 MiB, 4096 MiB, 300 MHz, 1.43 W, 44, 0x0000000000000001
2026/10/07 06:16:20.132, 0 %, 5 MiB, 4096 MiB, 300 MHz, 1.40 W, 44, 0x0000000000000001
2026/10/07 06:16:22.153, 0 %, 5 MiB, 4096 MiB, 300 MHz, 1.44 W, 44, 0x0000000000000001
2026/10/07 06:16:24.174, 0 %, 5 MiB, 4096 MiB, 300 MHz, 1.65 W, 44, 0x0000000000000001
2026/10/07 06:16:26.195, 0 %, 5 MiB, 4096 MiB, 300 MHz, 1.44 W, 44, 0x0000000000000001
2026/10/07 06:16:28.217, 0 %, 5 MiB, 4096 MiB, 300 MHz, 1.50 W, 44, 0x0000000000000001
2026/10/07 06:16:30.238, 0 %, 5 MiB, 4096 MiB, 300 MHz, 1.46 W, 44, 0x0000000000000001
2026/10/07 06:16:32.260, 0 %, 5 MiB, 4096 MiB, 300 MHz, 1.42 W, 44, 0x0000000000000001
2026/10/07 06:16:34.281, 0 %, 5 MiB, 4096 MiB, 300 MHz, 1.70 W, 44, 0x0000000000000001
2026/10/07 06:16:36.303, 0 %, 5 MiB, 4096 MiB, 300 MHz, 1.21 W, 44, 0x0000000000000001
2026/10/07 06:16:38.325, 0 %, 5 MiB, 4096 MiB, 300 MHz, 1.44 W, 44, 0x0000000000000001
2026/10/07 06:16:40.346, 0 %, 5 MiB, 4096 MiB, 300 MHz, 1.46 W, 44, 0x0000000000000001
2026/10/07 06:16:42.367, 0 %, 5 MiB, 4096 MiB, 300 MHz, 1.51 W, 44, 0x0000000000000001
2026/10/07 06:16:44.388, 0 %, 5 MiB, 4096 MiB, 300 MHz, 1.75 W, 44, 0x0000000000000001
2026/10/07 06:16:46.409, 0 %, 5 MiB, 4096 MiB, 300 MHz, 1.47 W, 44, 0x0000000000000001
2026/10/07 06:16:48.431, 0 %, 5 MiB, 4096 MiB, 300 MHz, 1.44 W, 44, 0x0000000000000001
2026/10/07 06:16:50.452, 0 %, 5 MiB, 4096 MiB, 300 MHz, 1.50 W, 44, 0x0000000000000001
2026/10/07 06:16:52.474, 0 %, 5 MiB, 4096 MiB, 300 MHz, 1.50 W, 44, 0x0000000000000001
2026/10/07 06:16:54.495, 0 %, 5 MiB, 4096 MiB, 300 MHz, 1.83 W, 44, 0x0000000000000001
2026/10/07 06:16:56.516, 0 %, 5 MiB, 4096 MiB, 300 MHz, 1.52 W, 44, 0x0000000000000001
2026/10/07 06:16:58.538, 0 %, 5 MiB, 4096 MiB, 300 MHz, 1.58 W, 44, 0x0000000000000001
2026/10/07 06:17:00.559, 0 %, 5 MiB, 4096 MiB, 300 MHz, 1.50 W, 44, 0x0000000000000001
2026/10/07 06:17:02.581, 0 %, 5 MiB, 4096 MiB, 300 MHz, 1.50 W, 44, 0x0000000000000001
2026/10/07 06:17:04.602, 0 %, 5 MiB, 4096 MiB, 300 MHz, 1.80 W, 44, 0x0000000000000001
2026/10/07 06:17:06.624, 0 %, 5 MiB, 4096 MiB, 300 MHz, 1.50 W, 44, 0x0000000000000001
2026/10/07 06:17:08.645, 0 %, 5 MiB, 4096 MiB, 300 MHz, 1.44 W, 44, 0x0000000000000001
2026/10/07 06:17:10.666, 0 %, 5 MiB, 4096 MiB, 300 MHz, 1.49 W, 44, 0x0000000000000001
2026/10/07 06:17:12.688, 0 %, 5 MiB, 4096 MiB, 300 MHz, 1.52 W, 44, 0x0000000000000001
2026/10/07 06:17:14.709, 0 %, 5 MiB, 4096 MiB, 300 MHz, 1.89 W, 44, 0x0000000000000001
2026/10/07 06:17:16.732, 0 %, 5 MiB, 4096 MiB, 300 MHz, 1.45 W, 44, 0x0000000000000001
2026/10/07 06:17:18.753, 0 %, 5 MiB, 4096 MiB, 300 MHz, 1.42 W, 44, 0x0000000000000001
2026/10/07 06:17:20.775, 0 %, 5 MiB, 4096 MiB, 300 MHz, 1.42 W, 44, 0x0000000000000001
2026/10/07 06:17:22.797, 0 %, 5 MiB, 4096 MiB, 300 MHz, 1.38 W, 44, 0x0000000000000001
2026/10/07 06:17:24.818, 0 %, 5 MiB, 4096 MiB, 300 MHz, 1.82 W, 44, 0x0000000000000001
2026/10/07 06:17:26.839, 0 %, 5 MiB, 4096 MiB, 300 MHz, 1.45 W, 44, 0x0000000000000001
2026/10/07 06:17:28.861, 0 %, 5 MiB, 4096 MiB, 300 MHz, 1.48 W, 44, 0x0000000000000001
2026/10/07 06:17:30.882, 0 %, 5 MiB, 4096 MiB, 300 MHz, 1.45 W, 44, 0x0000000000000001
2026/10/07 06:17:32.903, 0 %, 5 MiB, 4096 MiB, 300 MHz, 1.41 W, 44, 0x0000000000000001
2026/10/07 06:17:34.925, 0 %, 5 MiB, 4096 MiB, 300 MHz, 1.86 W, 44, 0x0000000000000001
2026/10/07 06:17:36.946, 0 %, 5 MiB, 4096 MiB, 300 MHz, 1.41 W, 44, 0x0000000000000001
2026/10/07 06:17:38.969, 0 %, 5 MiB, 4096 MiB, 300 MHz, 1.18 W, 44, 0x0000000000000001
2026/10/07 06:17:40.990, 0 %, 5 MiB, 4096 MiB, 300 MHz, 1.45 W, 44, 0x0000000000000001
2026/10/07 06:17:43.011, 0 %, 5 MiB, 4096 MiB, 300 MHz, 1.47 W, 44, 0x0000000000000001
2026/10/07 06:17:45.033, 0 %, 5 MiB, 4096 MiB, 300 MHz, 1.38 W, 44, 0x0000000000000001
2026/10/07 06:17:47.054, 0 %, 5 MiB, 4096 MiB, 300 MHz, 1.62 W, 44, 0x0000000000000001
2026/10/07 06:17:49.075, 0 %, 5 MiB, 4096 MiB, 300 MHz, 1.50 W, 44, 0x0000000000000001
2026/10/07 06:17:51.097, 0 %, 5 MiB, 4096 MiB, 300 MHz, 1.47 W, 44, 0x0000000000000001
2026/10/07 06:17:53.118, 0 %, 5 MiB, 4096 MiB, 300 MHz, 1.44 W, 44, 0x0000000000000001
2026/10/07 06:17:55.140, 0 %, 5 MiB, 4096 MiB, 300 MHz, 1.51 W, 44, 0x0000000000000001
2026/10/07 06:17:57.161, 0 %, 5 MiB, 4096 MiB, 300 MHz, 1.47 W, 44, 0x0000000000000001
2026/10/07 06:17:59.183, 0 %, 5 MiB, 4096 MiB, 300 MHz, 1.45 W, 44, 0x0000000000000001
2026/10/07 06:18:01.205, 0 %, 5 MiB, 4096 MiB, 300 MHz, 1.31 W, 44, 0x0000000000000001
2026/10/07 06:18:03.227, 0 %, 5 MiB, 4096 MiB, 300 MHz, 1.41 W, 44, 0x0000000000000001
2026/10/07 06:18:05.249, 0 %, 5 MiB, 4096 MiB, 300 MHz, 1.44 W, 44, 0x0000000000000001
2026/10/07 06:18:07.270, 0 %, 5 MiB, 4096 MiB, 300 MHz, 1.51 W, 44, 0x0000000000000001
2026/10/07 06:18:09.292, 0 %, 5 MiB, 4096 MiB, 300 MHz, 1.54 W, 44, 0x0000000000000001
2026/10/07 06:18:11.313, 0 %, 5 MiB, 4096 MiB, 300 MHz, 1.53 W, 44, 0x0000000000000001
2026/10/07 06:18:13.335, 0 %, 5 MiB, 4096 MiB, 300 MHz, 1.50 W, 44, 0x0000000000000001
2026/10/07 06:18:15.356, 0 %, 5 MiB, 4096 MiB, 300 MHz, 1.48 W, 44, 0x0000000000000001
2026/10/07 06:18:17.377, 0 %, 5 MiB, 4096 MiB, 300 MHz, 1.55 W, 44, 0x0000000000000001
2026/10/07 06:18:19.399, 0 %, 5 MiB, 4096 MiB, 300 MHz, 1.47 W, 44, 0x0000000000000001
2026/10/07 06:18:21.420, 0 %, 5 MiB, 4096 MiB, 300 MHz, 1.41 W, 44, 0x0000000000000001
2026/10/07 06:18:23.442, 0 %, 5 MiB, 4096 MiB, 300 MHz, 1.39 W, 44, 0x0000000000000001
2026/10/07 06:18:25.463, 0 %, 5 MiB, 4096 MiB, 300 MHz, 1.45 W, 44, 0x0000000000000001
2026/10/07 06:18:27.484, 0 %, 5 MiB, 4096 MiB, 300 MHz, 1.58 W, 44, 0x0000000000000001
2026/10/07 06:18:29.506, 0 %, 5 MiB, 4096 MiB, 300 MHz, 1.47 W, 44, 0x0000000000000001
2026/10/07 06:18:31.527, 0 %, 5 MiB, 4096 MiB, 300 MHz, 1.50 W, 44, 0x0000000000000001
2026/10/07 06:18:33.548, 0 %, 5 MiB, 4096 MiB, 300 MHz, 1.48 W, 44, 0x0000000000000001
2026/10/07 06:18:35.569, 0 %, 5 MiB, 4096 MiB, 300 MHz, 1.46 W, 44, 0x0000000000000001
2026/10/07 06:18:37.592, 0 %, 5 MiB, 4096 MiB, 300 MHz, 1.72 W, 44, 0x0000000000000001
2026/10/07 06:18:39.614, 0 %, 5 MiB, 4096 MiB, 300 MHz, 1.50 W, 44, 0x0000000000000001
2026/10/07 06:18:41.636, 0 %, 5 MiB, 4096 MiB, 300 MHz, 1.48 W, 44, 0x0000000000000001
2026/10/07 06:18:43.657, 0 %, 5 MiB, 4096 MiB, 300 MHz, 1.56 W, 44, 0x0000000000000001
2026/10/07 06:18:45.679, 0 %, 5 MiB, 4096 MiB, 300 MHz, 1.53 W, 44, 0x0000000000000001
2026/10/07 06:18:47.700, 0 %, 5 MiB, 4096 MiB, 300 MHz, 1.73 W, 44, 0x0000000000000001
2026/10/07 06:18:49.722, 0 %, 5 MiB, 4096 MiB, 300 MHz, 1.49 W, 44, 0x0000000000000001
2026/10/07 06:18:51.743, 0 %, 5 MiB, 4096 MiB, 300 MHz, 1.48 W, 44, 0x0000000000000001
2026/10/07 06:18:53.765, 0 %, 5 MiB, 4096 MiB, 300 MHz, 1.49 W, 44, 0x0000000000000001
2026/10/07 06:18:55.786, 0 %, 5 MiB, 4096 MiB, 300 MHz, 1.57 W, 44, 0x0000000000000001
2026/10/07 06:18:57.807, 0 %, 5 MiB, 4096 MiB, 300 MHz, 1.71 W, 44, 0x0000000000000001
2026/10/07 06:18:59.830, 0 %, 5 MiB, 4096 MiB, 300 MHz, 1.37 W, 44, 0x0000000000000001
2026/10/07 06:19:01.851, 0 %, 5 MiB, 4096 MiB, 300 MHz, 1.42 W, 44, 0x0000000000000001
2026/10/07 06:19:03.872, 0 %, 5 MiB, 4096 MiB, 300 MHz, 1.41 W, 44, 0x0000000000000001
2026/10/07 06:19:05.893, 0 %, 5 MiB, 4096 MiB, 300 MHz, 1.50 W, 44, 0x0000000000000001
2026/10/07 06:19:07.914, 0 %, 5 MiB, 4096 MiB, 300 MHz, 1.81 W, 44, 0x0000000000000001
2026/10/07 06:19:09.936, 0 %, 5 MiB, 4096 MiB, 300 MHz, 1.44 W, 44, 0x0000000000000001
2026/10/07 06:19:11.957, 0 %, 5 MiB, 4096 MiB, 300 MHz, 1.49 W, 44, 0x0000000000000001
2026/10/07 06:19:13.978, 0 %, 5 MiB, 4096 MiB, 300 MHz, 1.52 W, 44, 0x0000000000000001
2026/10/07 06:19:16.000, 0 %, 5 MiB, 4096 MiB, 300 MHz, 1.48 W, 44, 0x0000000000000001
2026/10/07 06:19:18.021, 0 %, 5 MiB, 4096 MiB, 300 MHz, 1.78 W, 44, 0x0000000000000001
2026/10/07 06:19:20.043, 0 %, 5 MiB, 4096 MiB, 300 MHz, 1.44 W, 44, 0x0000000000000001
2026/10/07 06:19:22.064, 0 %, 5 MiB, 4096 MiB, 300 MHz, 1.46 W, 44, 0x0000000000000001
2026/10/07 06:19:24.086, 0 %, 5 MiB, 4096 MiB, 300 MHz, 1.40 W, 44, 0x0000000000000001
2026/10/07 06:19:26.107, 0 %, 5 MiB, 4096 MiB, 300 MHz, 1.41 W, 44, 0x0000000000000001
2026/10/07 06:19:28.129, 0 %, 5 MiB, 4096 MiB, 300 MHz, 1.84 W, 44, 0x0000000000000001
2026/10/07 06:19:30.151, 0 %, 5 MiB, 4096 MiB, 300 MHz, 1.50 W, 44, 0x0000000000000001
2026/10/07 06:19:32.172, 0 %, 5 MiB, 4096 MiB, 300 MHz, 1.47 W, 44, 0x0000000000000001
2026/10/07 06:19:34.194, 0 %, 5 MiB, 4096 MiB, 300 MHz, 1.53 W, 44, 0x0000000000000001
2026/10/07 06:19:36.215, 0 %, 5 MiB, 4096 MiB, 300 MHz, 1.51 W, 44, 0x0000000000000001
2026/10/07 06:19:38.236, 0 %, 5 MiB, 4096 MiB, 300 MHz, 1.87 W, 44, 0x0000000000000001
2026/10/07 06:19:40.257, 0 %, 5 MiB, 4096 MiB, 300 MHz, 1.41 W, 44, 0x0000000000000001
2026/10/07 06:19:42.280, 0 %, 5 MiB, 4096 MiB, 300 MHz, 1.28 W, 44, 0x0000000000000001
2026/10/07 06:19:44.301, 0 %, 5 MiB, 4096 MiB, 300 MHz, 1.42 W, 44, 0x0000000000000001
2026/10/07 06:19:46.322, 0 %, 5 MiB, 4096 MiB, 300 MHz, 1.41 W, 44, 0x0000000000000001
2026/10/07 06:19:48.344, 0 %, 5 MiB, 4096 MiB, 300 MHz, 1.44 W, 44, 0x0000000000000001
2026/10/07 06:19:50.366, 0 %, 5 MiB, 4096 MiB, 300 MHz, 1.48 W, 44, 0x0000000000000001
2026/10/07 06:19:52.388, 0 %, 5 MiB, 4096 MiB, 300 MHz, 1.38 W, 44, 0x0000000000000001
2026/10/07 06:19:54.410, 0 %, 5 MiB, 4096 MiB, 300 MHz, 1.44 W, 44, 0x0000000000000001
2026/10/07 06:19:56.432, 0 %, 5 MiB, 4096 MiB, 300 MHz, 1.44 W, 44, 0x0000000000000001
2026/10/07 06:19:58.454, 0 %, 5 MiB, 4096 MiB, 300 MHz, 1.56 W, 44, 0x0000000000000001
2026/10/07 06:20:00.475, 0 %, 5 MiB, 4096 MiB, 300 MHz, 1.43 W, 44, 0x0000000000000001
2026/10/07 06:20:02.497, 0 %, 5 MiB, 4096 MiB, 300 MHz, 1.43 W, 44, 0x0000000000000001
2026/10/07 06:20:04.518, 0 %, 5 MiB, 4096 MiB, 300 MHz, 1.46 W, 44, 0x0000000000000001
2026/10/07 06:20:06.541, 0 %, 5 MiB, 4096 MiB, 300 MHz, 1.47 W, 44, 0x0000000000000001
2026/10/07 06:20:08.563, 0 %, 5 MiB, 4096 MiB, 300 MHz, 1.42 W, 44, 0x0000000000000001
2026/10/07 06:20:10.584, 0 %, 5 MiB, 4096 MiB, 300 MHz, 1.47 W, 44, 0x0000000000000001
2026/10/07 06:20:12.606, 0 %, 5 MiB, 4096 MiB, 300 MHz, 1.44 W, 44, 0x0000000000000001
2026/10/07 06:20:14.628, 0 %, 5 MiB, 4096 MiB, 300 MHz, 1.46 W, 44, 0x0000000000000001
2026/10/07 06:20:16.649, 0 %, 5 MiB, 4096 MiB, 300 MHz, 1.47 W, 44, 0x0000000000000001
2026/10/07 06:20:18.670, 0 %, 5 MiB, 4096 MiB, 300 MHz, 1.38 W, 44, 0x0000000000000001
2026/10/07 06:20:20.692, 0 %, 5 MiB, 4096 MiB, 300 MHz, 1.53 W, 44, 0x0000000000000001
2026/10/07 06:20:22.715, 0 %, 5 MiB, 4096 MiB, 300 MHz, 1.47 W, 44, 0x0000000000000001
2026/10/07 06:20:24.736, 0 %, 5 MiB, 4096 MiB, 300 MHz, 1.51 W, 44, 0x0000000000000001
2026/10/07 06:20:26.758, 0 %, 5 MiB, 4096 MiB, 300 MHz, 1.49 W, 44, 0x0000000000000001
2026/10/07 06:20:28.779, 0 %, 5 MiB, 4096 MiB, 300 MHz, 1.46 W, 44, 0x0000000000000001
2026/10/07 06:20:30.801, 0 %, 5 MiB, 4096 MiB, 300 MHz, 1.52 W, 44, 0x0000000000000001
2026/10/07 06:20:32.823, 0 %, 5 MiB, 4096 MiB, 300 MHz, 1.53 W, 44, 0x0000000000000001
2026/10/07 06:20:34.844, 0 %, 5 MiB, 4096 MiB, 300 MHz, 1.49 W, 44, 0x0000000000000001
2026/10/07 06:20:36.866, 0 %, 5 MiB, 4096 MiB, 300 MHz, 1.54 W, 44, 0x0000000000000001
2026/10/07 06:20:38.887, 0 %, 5 MiB, 4096 MiB, 300 MHz, 1.49 W, 44, 0x0000000000000001
2026/10/07 06:20:40.909, 0 %, 5 MiB, 4096 MiB, 300 MHz, 1.47 W, 44, 0x0000000000000001
2026/10/07 06:20:42.930, 0 %, 5 MiB, 4096 MiB, 300 MHz, 1.39 W, 44, 0x0000000000000001
2026/10/07 06:20:44.952, 0 %, 5 MiB, 4096 MiB, 300 MHz, 1.42 W, 44, 0x0000000000000001
2026/10/07 06:20:46.973, 0 %, 5 MiB, 4096 MiB, 300 MHz, 1.43 W, 44, 0x0000000000000001
2026/10/07 06:20:48.994, 0 %, 5 MiB, 4096 MiB, 300 MHz, 1.45 W, 44, 0x0000000000000001
2026/10/07 06:20:51.016, 0 %, 5 MiB, 4096 MiB, 300 MHz, 1.58 W, 44, 0x0000000000000001
2026/10/07 06:20:53.037, 0 %, 5 MiB, 4096 MiB, 300 MHz, 1.45 W, 44, 0x0000000000000001
2026/10/07 06:20:55.059, 0 %, 5 MiB, 4096 MiB, 300 MHz, 1.47 W, 44, 0x0000000000000001
2026/10/07 06:20:57.080, 0 %, 5 MiB, 4096 MiB, 300 MHz, 1.45 W, 44, 0x0000000000000001
2026/10/07 06:20:59.101, 0 %, 5 MiB, 4096 MiB, 300 MHz, 1.45 W, 44, 0x0000000000000001
2026/10/07 06:21:01.123, 0 %, 5 MiB, 4096 MiB, 300 MHz, 1.52 W, 44, 0x0000000000000001
2026/10/07 06:21:03.144, 0 %, 5 MiB, 4096 MiB, 300 MHz, 1.41 W, 44, 0x0000000000000001
2026/10/07 06:21:05.165, 0 %, 5 MiB, 4096 MiB, 300 MHz, 1.47 W, 44, 0x0000000000000001
2026/10/07 06:21:07.186, 0 %, 5 MiB, 4096 MiB, 300 MHz, 1.45 W, 44, 0x0000000000000001
2026/10/07 06:21:09.207, 0 %, 5 MiB, 4096 MiB, 300 MHz, 1.42 W, 44, 0x0000000000000001
2026/10/07 06:21:11.229, 0 %, 5 MiB, 4096 MiB, 300 MHz, 1.66 W, 44, 0x0000000000000001
2026/10/07 06:21:13.250, 0 %, 5 MiB, 4096 MiB, 300 MHz, 1.44 W, 44, 0x0000000000000001
2026/10/07 06:21:15.272, 0 %, 5 MiB, 4096 MiB, 300 MHz, 1.46 W, 43, 0x0000000000000001
2026/10/07 06:21:17.293, 0 %, 5 MiB, 4096 MiB, 300 MHz, 1.48 W, 44, 0x0000000000000001
2026/10/07 06:21:19.314, 0 %, 5 MiB, 4096 MiB, 300 MHz, 1.53 W, 44, 0x0000000000000001
2026/10/07 06:21:21.336, 0 %, 5 MiB, 4096 MiB, 300 MHz, 1.68 W, 44, 0x0000000000000001
2026/10/07 06:21:23.357, 0 %, 5 MiB, 4096 MiB, 300 MHz, 1.44 W, 44, 0x0000000000000001
2026/10/07 06:21:25.378, 0 %, 5 MiB, 4096 MiB, 300 MHz, 1.45 W, 44, 0x0000000000000001
2026/10/07 06:21:27.399, 0 %, 5 MiB, 4096 MiB, 300 MHz, 1.41 W, 44, 0x0000000000000001
2026/10/07 06:21:29.420, 0 %, 5 MiB, 4096 MiB, 300 MHz, 1.41 W, 44, 0x0000000000000001
2026/10/07 06:21:31.442, 0 %, 5 MiB, 4096 MiB, 300 MHz, 1.77 W, 44, 0x0000000000000001
2026/10/07 06:21:33.463, 0 %, 5 MiB, 4096 MiB, 300 MHz, 1.58 W, 44, 0x0000000000000001
2026/10/07 06:21:35.484, 0 %, 5 MiB, 4096 MiB, 300 MHz, 1.58 W, 44, 0x0000000000000001
2026/10/07 06:21:37.505, 0 %, 5 MiB, 4096 MiB, 300 MHz, 1.47 W, 44, 0x0000000000000001
2026/10/07 06:21:39.526, 0 %, 5 MiB, 4096 MiB, 300 MHz, 1.50 W, 44, 0x0000000000000001
2026/10/07 06:21:41.547, 0 %, 5 MiB, 4096 MiB, 300 MHz, 1.83 W, 44, 0x0000000000000001
2026/10/07 06:21:43.569, 0 %, 5 MiB, 4096 MiB, 300 MHz, 1.49 W, 44, 0x0000000000000001
2026/10/07 06:21:45.590, 0 %, 5 MiB, 4096 MiB, 300 MHz, 1.50 W, 44, 0x0000000000000001
2026/10/07 06:21:47.612, 0 %, 5 MiB, 4096 MiB, 300 MHz, 1.49 W, 44, 0x0000000000000001
2026/10/07 06:21:49.634, 0 %, 5 MiB, 4096 MiB, 300 MHz, 1.47 W, 44, 0x0000000000000001
2026/10/07 06:21:51.655, 0 %, 5 MiB, 4096 MiB, 300 MHz, 1.85 W, 44, 0x0000000000000001
2026/10/07 06:21:53.676, 0 %, 5 MiB, 4096 MiB, 300 MHz, 1.50 W, 44, 0x0000000000000001
2026/10/07 06:21:55.698, 0 %, 5 MiB, 4096 MiB, 300 MHz, 1.46 W, 44, 0x0000000000000001
2026/10/07 06:21:57.719, 0 %, 5 MiB, 4096 MiB, 300 MHz, 1.45 W, 44, 0x0000000000000001
2026/10/07 06:21:59.741, 0 %, 5 MiB, 4096 MiB, 300 MHz, 1.45 W, 44, 0x0000000000000001
2026/10/07 06:22:01.762, 0 %, 5 MiB, 4096 MiB, 300 MHz, 1.82 W, 44, 0x0000000000000001
2026/10/07 06:22:03.785, 0 %, 5 MiB, 4096 MiB, 300 MHz, 1.42 W, 44, 0x0000000000000001
2026/10/07 06:22:05.806, 0 %, 5 MiB, 4096 MiB, 300 MHz, 1.55 W, 44, 0x0000000000000001
2026/10/07 06:22:07.827, 0 %, 5 MiB, 4096 MiB, 300 MHz, 1.61 W, 44, 0x0000000000000001
2026/10/07 06:22:09.849, 0 %, 5 MiB, 4096 MiB, 300 MHz, 1.49 W, 44, 0x0000000000000001
2026/10/07 06:22:11.871, 0 %, 5 MiB, 4096 MiB, 300 MHz, 1.99 W, 44, 0x0000000000000001
2026/10/07 06:22:13.893, 0 %, 5 MiB, 4096 MiB, 300 MHz, 1.57 W, 44, 0x0000000000000001
2026/10/07 06:22:15.914, 0 %, 5 MiB, 4096 MiB, 300 MHz, 1.54 W, 44, 0x0000000000000001
2026/10/07 06:22:17.935, 0 %, 5 MiB, 4096 MiB, 300 MHz, 1.53 W, 44, 0x0000000000000001
2026/10/07 06:22:19.956, 0 %, 5 MiB, 4096 MiB, 300 MHz, 1.58 W, 44, 0x0000000000000001
2026/10/07 06:22:21.978, 0 %, 5 MiB, 4096 MiB, 300 MHz, 1.55 W, 44, 0x0000000000000001
2026/10/07 06:22:23.999, 0 %, 5 MiB, 4096 MiB, 300 MHz, 1.46 W, 44, 0x0000000000000001
2026/10/07 06:22:26.021, 0 %, 5 MiB, 4096 MiB, 300 MHz, 1.44 W, 44, 0x0000000000000001
2026/10/07 06:22:28.042, 0 %, 5 MiB, 4096 MiB, 300 MHz, 1.43 W, 44, 0x0000000000000001
2026/10/07 06:22:30.064, 0 %, 5 MiB, 4096 MiB, 300 MHz, 1.40 W, 44, 0x0000000000000001
2026/10/07 06:22:32.085, 0 %, 5 MiB, 4096 MiB, 300 MHz, 1.37 W, 44, 0x0000000000000001
2026/10/07 06:22:34.107, 0 %, 5 MiB, 4096 MiB, 300 MHz, 1.50 W, 44, 0x0000000000000001
2026/10/07 06:22:36.129, 0 %, 5 MiB, 4096 MiB, 300 MHz, 1.47 W, 44, 0x0000000000000001
2026/10/07 06:22:38.151, 0 %, 5 MiB, 4096 MiB, 300 MHz, 1.49 W, 44, 0x0000000000000001
2026/10/07 06:22:40.172, 0 %, 5 MiB, 4096 MiB, 300 MHz, 1.48 W, 44, 0x0000000000000001
2026/10/07 06:22:42.194, 0 %, 5 MiB, 4096 MiB, 300 MHz, 1.47 W, 44, 0x0000000000000001
2026/10/07 06:22:44.215, 0 %, 5 MiB, 4096 MiB, 300 MHz, 1.49 W, 44, 0x0000000000000001
2026/10/07 06:22:46.237, 0 %, 5 MiB, 4096 MiB, 300 MHz, 1.44 W, 44, 0x0000000000000001
2026/10/07 06:22:48.259, 0 %, 5 MiB, 4096 MiB, 300 MHz, 1.44 W, 44, 0x0000000000000001
2026/10/07 06:22:50.281, 0 %, 5 MiB, 4096 MiB, 300 MHz, 1.40 W, 44, 0x0000000000000001
2026/10/07 06:22:52.303, 0 %, 5 MiB, 4096 MiB, 300 MHz, 1.43 W, 44, 0x0000000000000001
2026/10/07 06:22:54.324, 0 %, 5 MiB, 4096 MiB, 300 MHz, 1.53 W, 44, 0x0000000000000001
2026/10/07 06:22:56.346, 0 %, 5 MiB, 4096 MiB, 300 MHz, 1.49 W, 44, 0x0000000000000001
2026/10/07 06:22:58.368, 0 %, 5 MiB, 4096 MiB, 300 MHz, 1.46 W, 44, 0x0000000000000001
2026/10/07 06:23:00.389, 0 %, 5 MiB, 4096 MiB, 300 MHz, 1.50 W, 44, 0x0000000000000001
2026/10/07 06:23:02.411, 0 %, 5 MiB, 4096 MiB, 300 MHz, 1.50 W, 44, 0x0000000000000001
2026/10/07 06:23:04.432, 0 %, 5 MiB, 4096 MiB, 300 MHz, 1.49 W, 44, 0x0000000000000001
2026/10/07 06:23:06.454, 0 %, 5 MiB, 4096 MiB, 300 MHz, 1.44 W, 44, 0x0000000000000001
2026/10/07 06:23:08.475, 0 %, 5 MiB, 4096 MiB, 300 MHz, 1.43 W, 43, 0x0000000000000001
2026/10/07 06:23:10.497, 0 %, 5 MiB, 4096 MiB, 300 MHz, 1.50 W, 43, 0x0000000000000001
2026/10/07 06:23:12.518, 0 %, 5 MiB, 4096 MiB, 300 MHz, 1.46 W, 44, 0x0000000000000001
2026/10/07 06:23:14.539, 0 %, 5 MiB, 4096 MiB, 300 MHz, 1.58 W, 43, 0x0000000000000001
2026/10/07 06:23:16.560, 0 %, 5 MiB, 4096 MiB, 300 MHz, 1.47 W, 43, 0x0000000000000001
2026/10/07 06:23:18.581, 0 %, 5 MiB, 4096 MiB, 300 MHz, 1.47 W, 43, 0x0000000000000001
2026/10/07 06:23:20.603, 0 %, 5 MiB, 4096 MiB, 300 MHz, 1.43 W, 44, 0x0000000000000001
2026/10/07 06:23:22.624, 0 %, 5 MiB, 4096 MiB, 300 MHz, 1.45 W, 44, 0x0000000000000001
2026/10/07 06:23:24.645, 0 %, 5 MiB, 4096 MiB, 300 MHz, 1.60 W, 43, 0x0000000000000001
2026/10/07 06:23:26.667, 0 %, 5 MiB, 4096 MiB, 300 MHz, 1.56 W, 43, 0x0000000000000001
2026/10/07 06:23:28.689, 0 %, 5 MiB, 4096 MiB, 300 MHz, 1.50 W, 44, 0x0000000000000001
2026/10/07 06:23:30.710, 0 %, 5 MiB, 4096 MiB, 300 MHz, 1.50 W, 43, 0x0000000000000001
2026/10/07 06:23:32.731, 0 %, 5 MiB, 4096 MiB, 300 MHz, 1.45 W, 44, 0x0000000000000001
2026/10/07 06:23:34.753, 0 %, 5 MiB, 4096 MiB, 300 MHz, 1.68 W, 43, 0x0000000000000001
2026/10/07 06:23:36.775, 0 %, 5 MiB, 4096 MiB, 300 MHz, 1.42 W, 44, 0x0000000000000001
2026/10/07 06:23:38.796, 0 %, 5 MiB, 4096 MiB, 300 MHz, 1.25 W, 44, 0x0000000000000001
2026/10/07 06:23:40.818, 0 %, 5 MiB, 4096 MiB, 300 MHz, 1.45 W, 44, 0x0000000000000001
2026/10/07 06:23:42.839, 0 %, 5 MiB, 4096 MiB, 300 MHz, 1.40 W, 43, 0x0000000000000001
2026/10/07 06:23:44.860, 0 %, 5 MiB, 4096 MiB, 300 MHz, 1.72 W, 43, 0x0000000000000001
2026/10/07 06:23:46.882, 0 %, 5 MiB, 4096 MiB, 300 MHz, 1.53 W, 43, 0x0000000000000001
2026/10/07 06:23:48.903, 0 %, 5 MiB, 4096 MiB, 300 MHz, 1.48 W, 43, 0x0000000000000001
2026/10/07 06:23:50.924, 0 %, 5 MiB, 4096 MiB, 300 MHz, 1.50 W, 44, 0x0000000000000001
2026/10/07 06:23:52.946, 0 %, 5 MiB, 4096 MiB, 300 MHz, 1.53 W, 44, 0x0000000000000001
2026/10/07 06:23:54.969, 0 %, 5 MiB, 4096 MiB, 300 MHz, 1.75 W, 44, 0x0000000000000001
2026/10/07 06:23:56.990, 0 %, 5 MiB, 4096 MiB, 300 MHz, 1.49 W, 44, 0x0000000000000001
2026/10/07 06:23:59.011, 0 %, 5 MiB, 4096 MiB, 300 MHz, 1.52 W, 44, 0x0000000000000001
2026/10/07 06:24:01.032, 0 %, 5 MiB, 4096 MiB, 300 MHz, 1.55 W, 44, 0x0000000000000001
2026/10/07 06:24:03.054, 0 %, 5 MiB, 4096 MiB, 300 MHz, 1.47 W, 44, 0x0000000000000001
2026/10/07 06:24:05.076, 0 %, 5 MiB, 4096 MiB, 300 MHz, 1.78 W, 44, 0x0000000000000001
2026/10/07 06:24:07.097, 0 %, 5 MiB, 4096 MiB, 300 MHz, 1.45 W, 44, 0x0000000000000001
2026/10/07 06:24:09.118, 0 %, 5 MiB, 4096 MiB, 300 MHz, 1.43 W, 44, 0x0000000000000001
2026/10/07 06:24:11.140, 0 %, 5 MiB, 4096 MiB, 300 MHz, 1.51 W, 43, 0x0000000000000001
2026/10/07 06:24:13.161, 0 %, 5 MiB, 4096 MiB, 300 MHz, 1.47 W, 43, 0x0000000000000001
2026/10/07 06:24:15.182, 0 %, 5 MiB, 4096 MiB, 300 MHz, 1.80 W, 44, 0x0000000000000001
2026/10/07 06:24:17.203, 0 %, 5 MiB, 4096 MiB, 300 MHz, 1.43 W, 44, 0x0000000000000001
2026/10/07 06:24:19.224, 0 %, 5 MiB, 4096 MiB, 300 MHz, 1.47 W, 43, 0x0000000000000001
2026/10/07 06:24:21.245, 0 %, 5 MiB, 4096 MiB, 300 MHz, 1.42 W, 43, 0x0000000000000001
2026/10/07 06:24:23.267, 0 %, 5 MiB, 4096 MiB, 300 MHz, 1.40 W, 44, 0x0000000000000001
2026/10/07 06:24:25.288, 0 %, 5 MiB, 4096 MiB, 300 MHz, 1.42 W, 43, 0x0000000000000001
2026/10/07 06:24:27.310, 0 %, 5 MiB, 4096 MiB, 300 MHz, 1.50 W, 43, 0x0000000000000001
2026/10/07 06:24:29.331, 0 %, 5 MiB, 4096 MiB, 300 MHz, 1.48 W, 44, 0x0000000000000001
2026/10/07 06:24:31.353, 0 %, 5 MiB, 4096 MiB, 300 MHz, 1.47 W, 44, 0x0000000000000001
2026/10/07 06:24:33.375, 0 %, 5 MiB, 4096 MiB, 300 MHz, 1.44 W, 43, 0x0000000000000001
2026/10/07 06:24:35.396, 0 %, 5 MiB, 4096 MiB, 300 MHz, 1.48 W, 44, 0x0000000000000001
2026/10/07 06:24:37.417, 0 %, 5 MiB, 4096 MiB, 300 MHz, 1.43 W, 44, 0x0000000000000001
2026/10/07 06:24:39.440, 0 %, 5 MiB, 4096 MiB, 300 MHz, 1.41 W, 43, 0x0000000000000001
2026/10/07 06:24:41.461, 0 %, 5 MiB, 4096 MiB, 300 MHz, 1.41 W, 43, 0x0000000000000001
2026/10/07 06:24:43.483, 0 %, 5 MiB, 4096 MiB, 300 MHz, 1.52 W, 43, 0x0000000000000001
2026/10/07 06:24:45.504, 0 %, 5 MiB, 4096 MiB, 300 MHz, 1.45 W, 44, 0x0000000000000001
2026/10/07 06:24:47.525, 0 %, 5 MiB, 4096 MiB, 300 MHz, 1.55 W, 44, 0x0000000000000001
2026/10/07 06:24:49.547, 0 %, 5 MiB, 4096 MiB, 300 MHz, 1.49 W, 44, 0x0000000000000001
2026/10/07 06:24:51.568, 0 %, 5 MiB, 4096 MiB, 300 MHz, 1.43 W, 44, 0x0000000000000001
2026/10/07 06:24:53.590, 0 %, 5 MiB, 4096 MiB, 300 MHz, 1.40 W, 43, 0x0000000000000001
2026/10/07 06:24:55.611, 0 %, 5 MiB, 4096 MiB, 300 MHz, 1.54 W, 44, 0x0000000000000001
2026/10/07 06:24:57.633, 0 %, 5 MiB, 4096 MiB, 300 MHz, 1.50 W, 43, 0x0000000000000001
2026/10/07 06:24:59.655, 0 %, 5 MiB, 4096 MiB, 300 MHz, 1.39 W, 43, 0x0000000000000001
2026/10/07 06:25:01.676, 0 %, 5 MiB, 4096 MiB, 300 MHz, 1.41 W, 43, 0x0000000000000001
2026/10/07 06:25:03.697, 0 %, 5 MiB, 4096 MiB, 300 MHz, 1.42 W, 43, 0x0000000000000001
2026/10/07 06:25:05.719, 0 %, 5 MiB, 4096 MiB, 300 MHz, 1.40 W, 43, 0x0000000000000001
2026/10/07 06:25:07.741, 0 %, 5 MiB, 4096 MiB, 300 MHz, 1.60 W, 43, 0x0000000000000001
2026/10/07 06:25:09.762, 0 %, 5 MiB, 4096 MiB, 300 MHz, 1.45 W, 43, 0x0000000000000001
2026/10/07 06:25:11.783, 0 %, 5 MiB, 4096 MiB, 300 MHz, 1.46 W, 43, 0x0000000000000001
2026/10/07 06:25:13.805, 0 %, 5 MiB, 4096 MiB, 300 MHz, 1.50 W, 43, 0x0000000000000001
2026/10/07 06:25:15.827, 0 %, 5 MiB, 4096 MiB, 300 MHz, 1.50 W, 43, 0x0000000000000001
2026/10/07 06:25:17.849, 0 %, 5 MiB, 4096 MiB, 300 MHz, 1.60 W, 43, 0x0000000000000001
2026/10/07 06:25:19.870, 0 %, 5 MiB, 4096 MiB, 300 MHz, 1.45 W, 43, 0x0000000000000001
2026/10/07 06:25:21.891, 0 %, 5 MiB, 4096 MiB, 300 MHz, 1.46 W, 43, 0x0000000000000001
2026/10/07 06:25:23.913, 0 %, 5 MiB, 4096 MiB, 300 MHz, 1.43 W, 43, 0x0000000000000001
2026/10/07 06:25:25.934, 0 %, 5 MiB, 4096 MiB, 300 MHz, 1.44 W, 43, 0x0000000000000001
2026/10/07 06:25:27.956, 0 %, 5 MiB, 4096 MiB, 300 MHz, 1.63 W, 43, 0x0000000000000001
2026/10/07 06:25:29.977, 0 %, 5 MiB, 4096 MiB, 300 MHz, 1.60 W, 43, 0x0000000000000001
2026/10/07 06:25:31.998, 0 %, 5 MiB, 4096 MiB, 300 MHz, 1.51 W, 44, 0x0000000000000001
2026/10/07 06:25:34.019, 0 %, 5 MiB, 4096 MiB, 300 MHz, 1.52 W, 43, 0x0000000000000001
2026/10/07 06:25:36.041, 0 %, 5 MiB, 4096 MiB, 300 MHz, 1.51 W, 44, 0x0000000000000001
2026/10/07 06:25:38.063, 0 %, 5 MiB, 4096 MiB, 300 MHz, 1.62 W, 43, 0x0000000000000001
2026/10/07 06:25:40.084, 0 %, 5 MiB, 4096 MiB, 300 MHz, 1.48 W, 43, 0x0000000000000001
2026/10/07 06:25:42.106, 0 %, 5 MiB, 4096 MiB, 300 MHz, 1.49 W, 44, 0x0000000000000001
2026/10/07 06:25:44.128, 0 %, 5 MiB, 4096 MiB, 300 MHz, 1.51 W, 43, 0x0000000000000001
2026/10/07 06:25:46.149, 0 %, 5 MiB, 4096 MiB, 300 MHz, 1.55 W, 43, 0x0000000000000001
2026/10/07 06:25:48.170, 0 %, 5 MiB, 4096 MiB, 300 MHz, 1.65 W, 43, 0x0000000000000001
2026/10/07 06:25:50.191, 0 %, 5 MiB, 4096 MiB, 300 MHz, 1.48 W, 43, 0x0000000000000001
2026/10/07 06:25:52.212, 0 %, 5 MiB, 4096 MiB, 300 MHz, 1.52 W, 43, 0x0000000000000001
2026/10/07 06:25:54.234, 0 %, 5 MiB, 4096 MiB, 300 MHz, 1.47 W, 43, 0x0000000000000001
2026/10/07 06:25:56.255, 0 %, 5 MiB, 4096 MiB, 300 MHz, 1.52 W, 43, 0x0000000000000001
2026/10/07 06:25:58.276, 0 %, 5 MiB, 4096 MiB, 300 MHz, 1.66 W, 43, 0x0000000000000001
2026/10/07 06:26:00.298, 0 %, 5 MiB, 4096 MiB, 300 MHz, 1.38 W, 43, 0x0000000000000001
2026/10/07 06:26:02.319, 0 %, 5 MiB, 4096 MiB, 300 MHz, 1.43 W, 43, 0x0000000000000001
2026/10/07 06:26:04.340, 0 %, 5 MiB, 4096 MiB, 300 MHz, 1.45 W, 43, 0x0000000000000001
2026/10/07 06:26:06.362, 0 %, 5 MiB, 4096 MiB, 300 MHz, 1.40 W, 43, 0x0000000000000001
2026/10/07 06:26:08.383, 0 %, 5 MiB, 4096 MiB, 300 MHz, 1.79 W, 43, 0x0000000000000001
2026/10/07 06:26:10.404, 0 %, 5 MiB, 4096 MiB, 300 MHz, 1.48 W, 43, 0x0000000000000001
2026/10/07 06:26:12.425, 0 %, 5 MiB, 4096 MiB, 300 MHz, 1.48 W, 43, 0x0000000000000001
2026/10/07 06:26:14.448, 0 %, 5 MiB, 4096 MiB, 300 MHz, 1.45 W, 43, 0x0000000000000001
2026/10/07 06:26:16.469, 0 %, 5 MiB, 4096 MiB, 300 MHz, 1.43 W, 43, 0x0000000000000001
2026/10/07 06:26:18.491, 0 %, 5 MiB, 4096 MiB, 300 MHz, 1.70 W, 43, 0x0000000000000001
2026/10/07 06:26:20.512, 0 %, 5 MiB, 4096 MiB, 300 MHz, 1.53 W, 43, 0x0000000000000001
2026/10/07 06:26:22.534, 0 %, 5 MiB, 4096 MiB, 300 MHz, 1.49 W, 43, 0x0000000000000001
2026/10/07 06:26:24.555, 0 %, 5 MiB, 4096 MiB, 300 MHz, 1.44 W, 43, 0x0000000000000001
2026/10/07 06:26:26.576, 0 %, 5 MiB, 4096 MiB, 300 MHz, 1.38 W, 43, 0x0000000000000001
2026/10/07 06:26:28.598, 0 %, 5 MiB, 4096 MiB, 300 MHz, 1.75 W, 43, 0x0000000000000001
2026/10/07 06:26:30.619, 0 %, 5 MiB, 4096 MiB, 300 MHz, 1.44 W, 43, 0x0000000000000001
2026/10/07 06:26:32.640, 0 %, 5 MiB, 4096 MiB, 300 MHz, 1.47 W, 43, 0x0000000000000001
2026/10/07 06:26:34.661, 0 %, 5 MiB, 4096 MiB, 300 MHz, 1.49 W, 44, 0x0000000000000001
2026/10/07 06:26:36.683, 0 %, 5 MiB, 4096 MiB, 300 MHz, 1.49 W, 43, 0x0000000000000001
2026/10/07 06:26:38.705, 0 %, 5 MiB, 4096 MiB, 300 MHz, 1.73 W, 44, 0x0000000000000001
2026/10/07 06:26:40.726, 0 %, 5 MiB, 4096 MiB, 300 MHz, 1.45 W, 44, 0x0000000000000001
2026/10/07 06:26:42.748, 0 %, 5 MiB, 4096 MiB, 300 MHz, 1.42 W, 43, 0x0000000000000001
2026/10/07 06:26:44.769, 0 %, 5 MiB, 4096 MiB, 300 MHz, 1.39 W, 43, 0x0000000000000001
2026/10/07 06:26:46.791, 0 %, 5 MiB, 4096 MiB, 300 MHz, 1.40 W, 44, 0x0000000000000001
2026/10/07 06:26:48.813, 0 %, 5 MiB, 4096 MiB, 300 MHz, 1.71 W, 43, 0x0000000000000001
2026/10/07 06:26:50.835, 0 %, 5 MiB, 4096 MiB, 300 MHz, 1.52 W, 43, 0x0000000000000001
2026/10/07 06:26:52.857, 0 %, 5 MiB, 4096 MiB, 300 MHz, 1.50 W, 43, 0x0000000000000001
2026/10/07 06:26:54.879, 0 %, 5 MiB, 4096 MiB, 300 MHz, 1.43 W, 44, 0x0000000000000001
2026/10/07 06:26:56.900, 0 %, 5 MiB, 4096 MiB, 300 MHz, 1.45 W, 43, 0x0000000000000001
2026/10/07 06:26:58.921, 0 %, 5 MiB, 4096 MiB, 300 MHz, 1.70 W, 44, 0x0000000000000001
2026/10/07 06:27:00.942, 0 %, 5 MiB, 4096 MiB, 300 MHz, 1.49 W, 43, 0x0000000000000001
2026/10/07 06:27:02.964, 0 %, 5 MiB, 4096 MiB, 300 MHz, 1.43 W, 43, 0x0000000000000001
2026/10/07 06:27:04.985, 0 %, 5 MiB, 4096 MiB, 300 MHz, 1.48 W, 43, 0x0000000000000001
2026/10/07 06:27:07.007, 0 %, 5 MiB, 4096 MiB, 300 MHz, 1.45 W, 43, 0x0000000000000001
2026/10/07 06:27:09.028, 0 %, 5 MiB, 4096 MiB, 300 MHz, 1.84 W, 43, 0x0000000000000001
2026/10/07 06:27:11.050, 0 %, 5 MiB, 4096 MiB, 300 MHz, 1.49 W, 43, 0x0000000000000001
2026/10/07 06:27:13.072, 0 %, 5 MiB, 4096 MiB, 300 MHz, 1.48 W, 43, 0x0000000000000001
2026/10/07 06:27:15.093, 0 %, 5 MiB, 4096 MiB, 300 MHz, 1.45 W, 43, 0x0000000000000001
2026/10/07 06:27:17.114, 0 %, 5 MiB, 4096 MiB, 300 MHz, 1.55 W, 43, 0x0000000000000001
2026/10/07 06:27:19.136, 0 %, 5 MiB, 4096 MiB, 300 MHz, 1.69 W, 44, 0x0000000000000001
2026/10/07 06:27:21.157, 0 %, 5 MiB, 4096 MiB, 300 MHz, 1.39 W, 43, 0x0000000000000001
2026/10/07 06:27:23.178, 0 %, 5 MiB, 4096 MiB, 300 MHz, 1.45 W, 43, 0x0000000000000001
2026/10/07 06:27:25.201, 0 %, 5 MiB, 4096 MiB, 300 MHz, 1.49 W, 43, 0x0000000000000001
2026/10/07 06:27:27.223, 0 %, 5 MiB, 4096 MiB, 300 MHz, 1.42 W, 43, 0x0000000000000001
2026/10/07 06:27:29.245, 0 %, 5 MiB, 4096 MiB, 300 MHz, 1.82 W, 43, 0x0000000000000001
2026/10/07 06:27:31.266, 0 %, 5 MiB, 4096 MiB, 300 MHz, 1.49 W, 43, 0x0000000000000001
2026/10/07 06:27:33.288, 0 %, 5 MiB, 4096 MiB, 300 MHz, 1.56 W, 43, 0x0000000000000001
2026/10/07 06:27:35.309, 0 %, 5 MiB, 4096 MiB, 300 MHz, 1.58 W, 44, 0x0000000000000001
2026/10/07 06:27:37.331, 0 %, 5 MiB, 4096 MiB, 300 MHz, 1.59 W, 43, 0x0000000000000001
2026/10/07 06:27:39.352, 0 %, 5 MiB, 4096 MiB, 300 MHz, 1.78 W, 43, 0x0000000000000001
2026/10/07 06:27:41.373, 0 %, 5 MiB, 4096 MiB, 300 MHz, 1.44 W, 44, 0x0000000000000001
2026/10/07 06:27:43.394, 0 %, 5 MiB, 4096 MiB, 300 MHz, 1.41 W, 44, 0x0000000000000001
2026/10/07 06:27:45.416, 0 %, 5 MiB, 4096 MiB, 300 MHz, 1.40 W, 43, 0x0000000000000001
2026/10/07 06:27:47.438, 0 %, 5 MiB, 4096 MiB, 300 MHz, 1.41 W, 44, 0x0000000000000001
2026/10/07 06:27:49.459, 0 %, 5 MiB, 4096 MiB, 300 MHz, 1.76 W, 43, 0x0000000000000001
2026/10/07 06:27:51.481, 0 %, 5 MiB, 4096 MiB, 300 MHz, 1.49 W, 44, 0x0000000000000001
2026/10/07 06:27:53.503, 0 %, 5 MiB, 4096 MiB, 300 MHz, 1.49 W, 44, 0x0000000000000001
2026/10/07 06:27:55.524, 0 %, 5 MiB, 4096 MiB, 300 MHz, 1.47 W, 43, 0x0000000000000001
2026/10/07 06:27:57.546, 0 %, 5 MiB, 4096 MiB, 300 MHz, 1.47 W, 43, 0x0000000000000001
2026/10/07 06:27:59.567, 0 %, 5 MiB, 4096 MiB, 300 MHz, 1.80 W, 44, 0x0000000000000001
2026/10/07 06:28:01.589, 0 %, 5 MiB, 4096 MiB, 300 MHz, 1.39 W, 43, 0x0000000000000001
2026/10/07 06:28:03.610, 0 %, 5 MiB, 4096 MiB, 300 MHz, 1.42 W, 44, 0x0000000000000001
2026/10/07 06:28:05.632, 0 %, 5 MiB, 4096 MiB, 300 MHz, 1.43 W, 43, 0x0000000000000001
2026/10/07 06:28:07.653, 0 %, 5 MiB, 4096 MiB, 300 MHz, 1.50 W, 44, 0x0000000000000001
2026/10/07 06:28:09.675, 0 %, 5 MiB, 4096 MiB, 300 MHz, 1.74 W, 43, 0x0000000000000001
2026/10/07 06:28:11.696, 0 %, 5 MiB, 4096 MiB, 300 MHz, 1.47 W, 43, 0x0000000000000001
2026/10/07 06:28:13.718, 0 %, 5 MiB, 4096 MiB, 300 MHz, 1.43 W, 43, 0x0000000000000001
2026/10/07 06:28:15.739, 0 %, 5 MiB, 4096 MiB, 300 MHz, 1.49 W, 44, 0x0000000000000001
2026/10/07 06:28:17.760, 0 %, 5 MiB, 4096 MiB, 300 MHz, 1.45 W, 43, 0x0000000000000001
2026/10/07 06:28:19.781, 0 %, 5 MiB, 4096 MiB, 300 MHz, 1.72 W, 43, 0x0000000000000001
2026/10/07 06:28:21.802, 0 %, 5 MiB, 4096 MiB, 300 MHz, 1.37 W, 43, 0x0000000000000001
2026/10/07 06:28:23.824, 0 %, 5 MiB, 4096 MiB, 300 MHz, 1.45 W, 43, 0x0000000000000001
2026/10/07 06:28:25.845, 0 %, 5 MiB, 4096 MiB, 300 MHz, 1.43 W, 43, 0x0000000000000001
2026/10/07 06:28:27.866, 0 %, 5 MiB, 4096 MiB, 300 MHz, 1.42 W, 43, 0x0000000000000001
2026/10/07 06:28:29.888, 0 %, 5 MiB, 4096 MiB, 300 MHz, 1.89 W, 43, 0x0000000000000001
2026/10/07 06:28:31.909, 0 %, 5 MiB, 4096 MiB, 300 MHz, 1.44 W, 43, 0x0000000000000001
2026/10/07 06:28:33.931, 0 %, 5 MiB, 4096 MiB, 300 MHz, 1.46 W, 43, 0x0000000000000001
2026/10/07 06:28:35.952, 0 %, 5 MiB, 4096 MiB, 300 MHz, 1.48 W, 43, 0x0000000000000001
2026/10/07 06:28:37.974, 0 %, 5 MiB, 4096 MiB, 300 MHz, 1.48 W, 44, 0x0000000000000001
2026/10/07 06:28:39.996, 0 %, 5 MiB, 4096 MiB, 300 MHz, 1.81 W, 43, 0x0000000000000001
2026/10/07 06:28:42.017, 0 %, 5 MiB, 4096 MiB, 300 MHz, 1.42 W, 43, 0x0000000000000001
2026/10/07 06:28:44.038, 0 %, 5 MiB, 4096 MiB, 300 MHz, 1.44 W, 43, 0x0000000000000001
2026/10/07 06:28:46.060, 0 %, 5 MiB, 4096 MiB, 300 MHz, 1.39 W, 43, 0x0000000000000001
2026/10/07 06:28:48.082, 0 %, 5 MiB, 4096 MiB, 300 MHz, 1.42 W, 43, 0x0000000000000001
2026/10/07 06:28:50.104, 0 %, 5 MiB, 4096 MiB, 300 MHz, 1.80 W, 43, 0x0000000000000001
2026/10/07 06:28:52.125, 0 %, 5 MiB, 4096 MiB, 300 MHz, 1.46 W, 43, 0x0000000000000001
2026/10/07 06:28:54.146, 0 %, 5 MiB, 4096 MiB, 300 MHz, 1.48 W, 43, 0x0000000000000001
2026/10/07 06:28:56.168, 0 %, 5 MiB, 4096 MiB, 300 MHz, 1.45 W, 43, 0x0000000000000001
2026/10/07 06:28:58.189, 0 %, 5 MiB, 4096 MiB, 300 MHz, 1.47 W, 43, 0x0000000000000001
2026/10/07 06:29:00.211, 0 %, 5 MiB, 4096 MiB, 300 MHz, 1.83 W, 43, 0x0000000000000001
2026/10/07 06:29:02.232, 0 %, 5 MiB, 4096 MiB, 300 MHz, 1.39 W, 43, 0x0000000000000001
2026/10/07 06:29:04.254, 0 %, 5 MiB, 4096 MiB, 300 MHz, 1.37 W, 43, 0x0000000000000001
2026/10/07 06:29:06.275, 0 %, 5 MiB, 4096 MiB, 300 MHz, 1.40 W, 43, 0x0000000000000001
2026/10/07 06:29:08.299, 0 %, 5 MiB, 4096 MiB, 300 MHz, 1.43 W, 43, 0x0000000000000001
2026/10/07 06:29:10.320, 0 %, 5 MiB, 4096 MiB, 300 MHz, 1.96 W, 43, 0x0000000000000001
2026/10/07 06:29:12.342, 0 %, 5 MiB, 4096 MiB, 300 MHz, 1.55 W, 43, 0x0000000000000001
2026/10/07 06:29:14.363, 0 %, 5 MiB, 4096 MiB, 300 MHz, 1.57 W, 43, 0x0000000000000001
2026/10/07 06:29:16.384, 0 %, 5 MiB, 4096 MiB, 300 MHz, 1.50 W, 43, 0x0000000000000001
2026/10/07 06:29:18.405, 0 %, 5 MiB, 4096 MiB, 300 MHz, 1.54 W, 43, 0x0000000000000001
2026/10/07 06:29:20.427, 0 %, 5 MiB, 4096 MiB, 300 MHz, 1.55 W, 44, 0x0000000000000001
2026/10/07 06:29:22.448, 0 %, 5 MiB, 4096 MiB, 300 MHz, 1.44 W, 43, 0x0000000000000001
2026/10/07 06:29:24.470, 0 %, 5 MiB, 4096 MiB, 300 MHz, 1.42 W, 43, 0x0000000000000001
2026/10/07 06:29:26.492, 0 %, 5 MiB, 4096 MiB, 300 MHz, 1.34 W, 43, 0x0000000000000001
2026/10/07 06:29:28.513, 0 %, 5 MiB, 4096 MiB, 300 MHz, 1.45 W, 43, 0x0000000000000001
2026/10/07 06:29:30.535, 0 %, 5 MiB, 4096 MiB, 300 MHz, 1.40 W, 43, 0x0000000000000001
2026/10/07 06:29:32.556, 0 %, 5 MiB, 4096 MiB, 300 MHz, 1.53 W, 43, 0x0000000000000001
2026/10/07 06:29:34.578, 0 %, 5 MiB, 4096 MiB, 300 MHz, 1.45 W, 43, 0x0000000000000001
2026/10/07 06:29:36.600, 0 %, 5 MiB, 4096 MiB, 300 MHz, 1.48 W, 43, 0x0000000000000001
2026/10/07 06:29:38.622, 0 %, 5 MiB, 4096 MiB, 300 MHz, 1.49 W, 43, 0x0000000000000001
2026/10/07 06:29:40.643, 0 %, 5 MiB, 4096 MiB, 300 MHz, 1.51 W, 43, 0x0000000000000001
2026/10/07 06:29:42.664, 0 %, 5 MiB, 4096 MiB, 300 MHz, 1.45 W, 43, 0x0000000000000001
2026/10/07 06:29:44.686, 0 %, 5 MiB, 4096 MiB, 300 MHz, 1.42 W, 43, 0x0000000000000001
2026/10/07 06:29:46.708, 0 %, 5 MiB, 4096 MiB, 300 MHz, 1.43 W, 43, 0x0000000000000001
2026/10/07 06:29:48.729, 0 %, 5 MiB, 4096 MiB, 300 MHz, 1.42 W, 43, 0x0000000000000001
2026/10/07 06:29:50.751, 0 %, 5 MiB, 4096 MiB, 300 MHz, 1.39 W, 43, 0x0000000000000001
2026/10/07 06:29:52.772, 0 %, 5 MiB, 4096 MiB, 300 MHz, 1.50 W, 43, 0x0000000000000001
2026/10/07 06:29:54.794, 0 %, 5 MiB, 4096 MiB, 300 MHz, 1.45 W, 43, 0x0000000000000001
2026/10/07 06:29:56.815, 0 %, 5 MiB, 4096 MiB, 300 MHz, 1.45 W, 43, 0x0000000000000001
2026/10/07 06:29:58.837, 0 %, 5 MiB, 4096 MiB, 300 MHz, 1.45 W, 43, 0x0000000000000001
2026/10/07 06:30:00.858, 0 %, 5 MiB, 4096 MiB, 300 MHz, 1.44 W, 43, 0x0000000000000001
2026/10/07 06:30:02.879, 0 %, 5 MiB, 4096 MiB, 300 MHz, 1.54 W, 43, 0x0000000000000001
2026/10/07 06:30:04.900, 0 %, 5 MiB, 4096 MiB, 300 MHz, 1.41 W, 43, 0x0000000000000001
2026/10/07 06:30:06.921, 0 %, 5 MiB, 4096 MiB, 300 MHz, 1.37 W, 43, 0x0000000000000001
2026/10/07 06:30:08.943, 0 %, 5 MiB, 4096 MiB, 300 MHz, 1.38 W, 43, 0x0000000000000001
2026/10/07 06:30:10.964, 0 %, 5 MiB, 4096 MiB, 300 MHz, 1.48 W, 43, 0x0000000000000001
2026/10/07 06:30:12.985, 0 %, 5 MiB, 4096 MiB, 300 MHz, 1.62 W, 43, 0x0000000000000001
2026/10/07 06:30:15.006, 0 %, 5 MiB, 4096 MiB, 300 MHz, 1.50 W, 43, 0x0000000000000001
2026/10/07 06:30:17.027, 0 %, 5 MiB, 4096 MiB, 300 MHz, 1.52 W, 43, 0x0000000000000001
2026/10/07 06:30:19.048, 0 %, 5 MiB, 4096 MiB, 300 MHz, 1.50 W, 43, 0x0000000000000001
2026/10/07 06:30:21.069, 0 %, 5 MiB, 4096 MiB, 300 MHz, 1.46 W, 43, 0x0000000000000001
2026/10/07 06:30:23.090, 0 %, 5 MiB, 4096 MiB, 300 MHz, 1.70 W, 43, 0x0000000000000001
2026/10/07 06:30:25.111, 0 %, 5 MiB, 4096 MiB, 300 MHz, 1.45 W, 43, 0x0000000000000001
2026/10/07 06:30:27.133, 0 %, 5 MiB, 4096 MiB, 300 MHz, 1.48 W, 43, 0x0000000000000001
2026/10/07 06:30:29.154, 0 %, 5 MiB, 4096 MiB, 300 MHz, 1.48 W, 43, 0x0000000000000001
2026/10/07 06:30:31.175, 0 %, 5 MiB, 4096 MiB, 300 MHz, 1.45 W, 43, 0x0000000000000001
2026/10/07 06:30:33.196, 0 %, 5 MiB, 4096 MiB, 300 MHz, 1.76 W, 43, 0x0000000000000001
2026/10/07 06:30:35.218, 0 %, 5 MiB, 4096 MiB, 300 MHz, 1.54 W, 43, 0x0000000000000001
2026/10/07 06:30:37.239, 0 %, 5 MiB, 4096 MiB, 300 MHz, 1.44 W, 43, 0x0000000000000001
2026/10/07 06:30:39.261, 0 %, 5 MiB, 4096 MiB, 300 MHz, 1.45 W, 43, 0x0000000000000001
2026/10/07 06:30:41.282, 0 %, 5 MiB, 4096 MiB, 300 MHz, 1.48 W, 43, 0x0000000000000001
2026/10/07 06:30:43.305, 0 %, 5 MiB, 4096 MiB, 300 MHz, 1.75 W, 43, 0x0000000000000001
2026/10/07 06:30:45.326, 0 %, 5 MiB, 4096 MiB, 300 MHz, 1.43 W, 43, 0x0000000000000001
2026/10/07 06:30:47.348, 0 %, 5 MiB, 4096 MiB, 300 MHz, 1.49 W, 43, 0x0000000000000001
2026/10/07 06:30:49.369, 0 %, 5 MiB, 4096 MiB, 300 MHz, 1.41 W, 43, 0x0000000000000001
2026/10/07 06:30:51.390, 0 %, 5 MiB, 4096 MiB, 300 MHz, 1.39 W, 43, 0x0000000000000001
2026/10/07 06:30:53.412, 0 %, 5 MiB, 4096 MiB, 300 MHz, 1.84 W, 43, 0x0000000000000001
2026/10/07 06:30:55.433, 0 %, 5 MiB, 4096 MiB, 300 MHz, 1.55 W, 43, 0x0000000000000001
2026/10/07 06:30:57.454, 0 %, 5 MiB, 4096 MiB, 300 MHz, 1.49 W, 43, 0x0000000000000001
2026/10/07 06:30:59.475, 0 %, 5 MiB, 4096 MiB, 300 MHz, 1.53 W, 43, 0x0000000000000001
2026/10/07 06:31:01.497, 0 %, 5 MiB, 4096 MiB, 300 MHz, 1.55 W, 43, 0x0000000000000001
2026/10/07 06:31:03.518, 0 %, 5 MiB, 4096 MiB, 300 MHz, 1.81 W, 43, 0x0000000000000001
2026/10/07 06:31:05.539, 0 %, 5 MiB, 4096 MiB, 300 MHz, 1.46 W, 43, 0x0000000000000001
2026/10/07 06:31:07.560, 0 %, 5 MiB, 4096 MiB, 300 MHz, 1.42 W, 43, 0x0000000000000001
2026/10/07 06:31:09.582, 0 %, 5 MiB, 4096 MiB, 300 MHz, 1.42 W, 43, 0x0000000000000001
2026/10/07 06:31:11.603, 0 %, 5 MiB, 4096 MiB, 300 MHz, 1.40 W, 43, 0x0000000000000001
2026/10/07 06:31:13.625, 0 %, 5 MiB, 4096 MiB, 300 MHz, 1.43 W, 43, 0x0000000000000001
2026/10/07 06:31:15.646, 0 %, 5 MiB, 4096 MiB, 300 MHz, 1.50 W, 43, 0x0000000000000001
2026/10/07 06:31:17.667, 0 %, 5 MiB, 4096 MiB, 300 MHz, 1.51 W, 43, 0x0000000000000001
2026/10/07 06:31:19.688, 0 %, 5 MiB, 4096 MiB, 300 MHz, 1.46 W, 43, 0x0000000000000001
2026/10/07 06:31:21.710, 0 %, 5 MiB, 4096 MiB, 300 MHz, 1.46 W, 43, 0x0000000000000001
2026/10/07 06:31:23.731, 0 %, 5 MiB, 4096 MiB, 300 MHz, 1.48 W, 43, 0x0000000000000001
2026/10/07 06:31:25.753, 0 %, 5 MiB, 4096 MiB, 300 MHz, 1.46 W, 43, 0x0000000000000001
2026/10/07 06:31:27.774, 0 %, 5 MiB, 4096 MiB, 300 MHz, 1.37 W, 43, 0x0000000000000001
2026/10/07 06:31:29.795, 0 %, 5 MiB, 4096 MiB, 300 MHz, 1.43 W, 43, 0x0000000000000001
2026/10/07 06:31:31.817, 0 %, 5 MiB, 4096 MiB, 300 MHz, 1.40 W, 43, 0x0000000000000001
2026/10/07 06:31:33.838, 0 %, 5 MiB, 4096 MiB, 300 MHz, 1.39 W, 43, 0x0000000000000001
2026/10/07 06:31:35.860, 0 %, 5 MiB, 4096 MiB, 300 MHz, 1.57 W, 43, 0x0000000000000001
2026/10/07 06:31:37.881, 0 %, 5 MiB, 4096 MiB, 300 MHz, 1.63 W, 43, 0x0000000000000001
2026/10/07 06:31:39.903, 0 %, 5 MiB, 4096 MiB, 300 MHz, 1.44 W, 43, 0x0000000000000001
2026/10/07 06:31:41.925, 0 %, 5 MiB, 4096 MiB, 300 MHz, 1.43 W, 43, 0x0000000000000001
2026/10/07 06:31:43.946, 0 %, 5 MiB, 4096 MiB, 300 MHz, 1.52 W, 43, 0x0000000000000001
2026/10/07 06:31:45.969, 0 %, 5 MiB, 4096 MiB, 300 MHz, 1.52 W, 44, 0x0000000000000001
2026/10/07 06:31:47.990, 0 %, 5 MiB, 4096 MiB, 300 MHz, 1.45 W, 43, 0x0000000000000001
2026/10/07 06:31:50.011, 0 %, 5 MiB, 4096 MiB, 300 MHz, 1.43 W, 43, 0x0000000000000001
2026/10/07 06:31:52.033, 0 %, 5 MiB, 4096 MiB, 300 MHz, 1.40 W, 43, 0x0000000000000001
2026/10/07 06:31:54.055, 0 %, 5 MiB, 4096 MiB, 300 MHz, 1.42 W, 43, 0x0000000000000001
2026/10/07 06:31:56.076, 0 %, 5 MiB, 4096 MiB, 300 MHz, 1.58 W, 43, 0x0000000000000001
2026/10/07 06:31:58.099, 0 %, 5 MiB, 4096 MiB, 300 MHz, 1.48 W, 44, 0x0000000000000001
2026/10/07 06:32:00.120, 0 %, 5 MiB, 4096 MiB, 300 MHz, 1.49 W, 43, 0x0000000000000001
2026/10/07 06:32:02.141, 0 %, 5 MiB, 4096 MiB, 300 MHz, 1.50 W, 43, 0x0000000000000001
2026/10/07 06:32:04.162, 0 %, 5 MiB, 4096 MiB, 300 MHz, 1.53 W, 43, 0x0000000000000001
2026/10/07 06:32:06.183, 0 %, 5 MiB, 4096 MiB, 300 MHz, 1.61 W, 43, 0x0000000000000001
2026/10/07 06:32:08.204, 0 %, 5 MiB, 4096 MiB, 300 MHz, 1.46 W, 43, 0x0000000000000001
2026/10/07 06:32:10.225, 0 %, 5 MiB, 4096 MiB, 300 MHz, 1.42 W, 43, 0x0000000000000001
2026/10/07 06:32:12.247, 0 %, 5 MiB, 4096 MiB, 300 MHz, 1.50 W, 43, 0x0000000000000001
2026/10/07 06:32:14.269, 0 %, 5 MiB, 4096 MiB, 300 MHz, 1.48 W, 43, 0x0000000000000001
2026/10/07 06:32:16.290, 0 %, 5 MiB, 4096 MiB, 300 MHz, 1.60 W, 43, 0x0000000000000001
2026/10/07 06:32:18.311, 0 %, 5 MiB, 4096 MiB, 300 MHz, 1.47 W, 43, 0x0000000000000001
2026/10/07 06:32:20.332, 0 %, 5 MiB, 4096 MiB, 300 MHz, 1.37 W, 43, 0x0000000000000001
2026/10/07 06:32:22.354, 0 %, 5 MiB, 4096 MiB, 300 MHz, 1.48 W, 43, 0x0000000000000001
2026/10/07 06:32:24.376, 0 %, 5 MiB, 4096 MiB, 300 MHz, 1.43 W, 43, 0x0000000000000001
2026/10/07 06:32:26.397, 0 %, 5 MiB, 4096 MiB, 300 MHz, 1.62 W, 43, 0x0000000000000001
2026/10/07 06:32:28.419, 0 %, 5 MiB, 4096 MiB, 300 MHz, 1.40 W, 43, 0x0000000000000001
2026/10/07 06:32:30.440, 0 %, 5 MiB, 4096 MiB, 300 MHz, 1.41 W, 43, 0x0000000000000001
2026/10/07 06:32:32.462, 0 %, 5 MiB, 4096 MiB, 300 MHz, 1.44 W, 43, 0x0000000000000001
2026/10/07 06:32:34.484, 0 %, 5 MiB, 4096 MiB, 300 MHz, 1.45 W, 43, 0x0000000000000001
2026/10/07 06:32:36.505, 0 %, 5 MiB, 4096 MiB, 300 MHz, 1.67 W, 43, 0x0000000000000001
2026/10/07 06:32:38.526, 0 %, 5 MiB, 4096 MiB, 300 MHz, 1.50 W, 43, 0x0000000000000001
2026/10/07 06:32:40.547, 0 %, 5 MiB, 4096 MiB, 300 MHz, 1.45 W, 43, 0x0000000000000001
2026/10/07 06:32:42.569, 0 %, 5 MiB, 4096 MiB, 300 MHz, 1.44 W, 43, 0x0000000000000001
2026/10/07 06:32:44.591, 0 %, 5 MiB, 4096 MiB, 300 MHz, 1.50 W, 43, 0x0000000000000001
2026/10/07 06:32:46.612, 0 %, 5 MiB, 4096 MiB, 300 MHz, 1.77 W, 43, 0x0000000000000001
2026/10/07 06:32:48.633, 0 %, 5 MiB, 4096 MiB, 300 MHz, 1.49 W, 43, 0x0000000000000001
2026/10/07 06:32:50.654, 0 %, 5 MiB, 4096 MiB, 300 MHz, 1.51 W, 43, 0x0000000000000001
2026/10/07 06:32:52.675, 0 %, 5 MiB, 4096 MiB, 300 MHz, 1.53 W, 43, 0x0000000000000001
2026/10/07 06:32:54.697, 0 %, 5 MiB, 4096 MiB, 300 MHz, 1.55 W, 43, 0x0000000000000001
2026/10/07 06:32:56.718, 0 %, 5 MiB, 4096 MiB, 300 MHz, 1.83 W, 43, 0x0000000000000001
2026/10/07 06:32:58.740, 0 %, 5 MiB, 4096 MiB, 300 MHz, 1.48 W, 43, 0x0000000000000001
2026/10/07 06:33:00.761, 0 %, 5 MiB, 4096 MiB, 300 MHz, 1.46 W, 43, 0x0000000000000001
2026/10/07 06:33:02.783, 0 %, 5 MiB, 4096 MiB, 300 MHz, 1.53 W, 43, 0x0000000000000001
2026/10/07 06:33:04.804, 0 %, 5 MiB, 4096 MiB, 300 MHz, 1.48 W, 43, 0x0000000000000001
2026/10/07 06:33:06.826, 0 %, 5 MiB, 4096 MiB, 300 MHz, 1.76 W, 43, 0x0000000000000001
2026/10/07 06:33:08.847, 0 %, 5 MiB, 4096 MiB, 300 MHz, 1.41 W, 43, 0x0000000000000001
2026/10/07 06:33:10.868, 0 %, 5 MiB, 4096 MiB, 300 MHz, 1.49 W, 43, 0x0000000000000001
2026/10/07 06:33:12.889, 0 %, 5 MiB, 4096 MiB, 300 MHz, 1.35 W, 43, 0x0000000000000001
2026/10/07 06:33:14.910, 0 %, 5 MiB, 4096 MiB, 300 MHz, 1.40 W, 43, 0x0000000000000001
2026/10/07 06:33:16.932, 0 %, 5 MiB, 4096 MiB, 300 MHz, 1.86 W, 43, 0x0000000000000001
2026/10/07 06:33:18.953, 0 %, 5 MiB, 4096 MiB, 300 MHz, 1.46 W, 43, 0x0000000000000001
2026/10/07 06:33:20.974, 0 %, 5 MiB, 4096 MiB, 300 MHz, 1.47 W, 43, 0x0000000000000001
2026/10/07 06:33:22.996, 0 %, 5 MiB, 4096 MiB, 300 MHz, 1.50 W, 43, 0x0000000000000001
2026/10/07 06:33:25.018, 0 %, 5 MiB, 4096 MiB, 300 MHz, 1.44 W, 43, 0x0000000000000001
2026/10/07 06:33:27.039, 0 %, 5 MiB, 4096 MiB, 300 MHz, 1.83 W, 43, 0x0000000000000001
2026/10/07 06:33:29.061, 0 %, 5 MiB, 4096 MiB, 300 MHz, 1.43 W, 43, 0x0000000000000001
2026/10/07 06:33:31.083, 0 %, 5 MiB, 4096 MiB, 300 MHz, 1.28 W, 43, 0x0000000000000001
2026/10/07 06:33:33.105, 0 %, 5 MiB, 4096 MiB, 300 MHz, 1.42 W, 43, 0x0000000000000001
2026/10/07 06:33:35.127, 0 %, 5 MiB, 4096 MiB, 300 MHz, 1.41 W, 43, 0x0000000000000001
2026/10/07 06:33:37.149, 0 %, 5 MiB, 4096 MiB, 300 MHz, 1.82 W, 43, 0x0000000000000001
2026/10/07 06:33:39.171, 0 %, 5 MiB, 4096 MiB, 300 MHz, 1.52 W, 43, 0x0000000000000001
2026/10/07 06:33:41.192, 0 %, 5 MiB, 4096 MiB, 300 MHz, 1.52 W, 43, 0x0000000000000001
2026/10/07 06:33:43.214, 0 %, 5 MiB, 4096 MiB, 300 MHz, 1.47 W, 43, 0x0000000000000001
2026/10/07 06:33:45.235, 0 %, 5 MiB, 4096 MiB, 300 MHz, 1.47 W, 43, 0x0000000000000001
2026/10/07 06:33:47.257, 0 %, 5 MiB, 4096 MiB, 300 MHz, 1.83 W, 43, 0x0000000000000001
2026/10/07 06:33:49.278, 0 %, 5 MiB, 4096 MiB, 300 MHz, 1.44 W, 43, 0x0000000000000001
2026/10/07 06:33:51.299, 0 %, 5 MiB, 4096 MiB, 300 MHz, 1.50 W, 43, 0x0000000000000001
2026/10/07 06:33:53.320, 0 %, 5 MiB, 4096 MiB, 300 MHz, 1.46 W, 43, 0x0000000000000001
2026/10/07 06:33:55.341, 0 %, 5 MiB, 4096 MiB, 300 MHz, 1.43 W, 43, 0x0000000000000001
2026/10/07 06:33:57.362, 0 %, 5 MiB, 4096 MiB, 300 MHz, 1.45 W, 43, 0x0000000000000001
2026/10/07 06:33:59.384, 0 %, 5 MiB, 4096 MiB, 300 MHz, 1.50 W, 43, 0x0000000000000001
2026/10/07 06:34:01.406, 0 %, 5 MiB, 4096 MiB, 300 MHz, 1.44 W, 43, 0x0000000000000001
2026/10/07 06:34:03.427, 0 %, 5 MiB, 4096 MiB, 300 MHz, 1.44 W, 43, 0x0000000000000001
2026/10/07 06:34:05.449, 0 %, 5 MiB, 4096 MiB, 300 MHz, 1.47 W, 43, 0x0000000000000001
2026/10/07 06:34:07.470, 0 %, 5 MiB, 4096 MiB, 300 MHz, 1.47 W, 43, 0x0000000000000001
2026/10/07 06:34:09.491, 0 %, 5 MiB, 4096 MiB, 300 MHz, 1.47 W, 43, 0x0000000000000001
2026/10/07 06:34:11.513, 0 %, 5 MiB, 4096 MiB, 300 MHz, 1.41 W, 43, 0x0000000000000001
2026/10/07 06:34:13.534, 0 %, 5 MiB, 4096 MiB, 300 MHz, 1.36 W, 43, 0x0000000000000001
2026/10/07 06:34:15.556, 0 %, 5 MiB, 4096 MiB, 300 MHz, 1.38 W, 43, 0x0000000000000001
2026/10/07 06:34:17.577, 0 %, 5 MiB, 4096 MiB, 300 MHz, 1.40 W, 43, 0x0000000000000001
2026/10/07 06:34:19.598, 0 %, 5 MiB, 4096 MiB, 300 MHz, 1.51 W, 43, 0x0000000000000001
2026/10/07 06:34:21.620, 0 %, 5 MiB, 4096 MiB, 300 MHz, 1.40 W, 43, 0x0000000000000001
2026/10/07 06:34:23.642, 0 %, 5 MiB, 4096 MiB, 300 MHz, 1.43 W, 43, 0x0000000000000001
2026/10/07 06:34:25.665, 0 %, 5 MiB, 4096 MiB, 300 MHz, 1.43 W, 43, 0x0000000000000001
2026/10/07 06:34:27.687, 0 %, 5 MiB, 4096 MiB, 300 MHz, 1.43 W, 43, 0x0000000000000001
2026/10/07 06:34:29.708, 0 %, 5 MiB, 4096 MiB, 300 MHz, 1.59 W, 43, 0x0000000000000001
2026/10/07 06:34:31.730, 0 %, 5 MiB, 4096 MiB, 300 MHz, 1.50 W, 43, 0x0000000000000001
2026/10/07 06:34:33.752, 0 %, 5 MiB, 4096 MiB, 300 MHz, 1.50 W, 43, 0x0000000000000001
2026/10/07 06:34:35.773, 0 %, 5 MiB, 4096 MiB, 300 MHz, 1.53 W, 43, 0x0000000000000001
2026/10/07 06:34:37.795, 0 %, 5 MiB, 4096 MiB, 300 MHz, 1.52 W, 43, 0x0000000000000001
2026/10/07 06:34:39.816, 0 %, 5 MiB, 4096 MiB, 300 MHz, 1.58 W, 43, 0x0000000000000001
2026/10/07 06:34:41.837, 0 %, 5 MiB, 4096 MiB, 300 MHz, 1.41 W, 43, 0x0000000000000001
2026/10/07 06:34:43.859, 0 %, 5 MiB, 4096 MiB, 300 MHz, 1.42 W, 43, 0x0000000000000001
2026/10/07 06:34:45.880, 0 %, 5 MiB, 4096 MiB, 300 MHz, 1.43 W, 43, 0x0000000000000001
2026/10/07 06:34:47.901, 0 %, 5 MiB, 4096 MiB, 300 MHz, 1.39 W, 43, 0x0000000000000001
2026/10/07 06:34:49.923, 0 %, 5 MiB, 4096 MiB, 300 MHz, 1.59 W, 43, 0x0000000000000001
2026/10/07 06:34:51.945, 0 %, 5 MiB, 4096 MiB, 300 MHz, 1.45 W, 43, 0x0000000000000001
2026/10/07 06:34:53.966, 0 %, 5 MiB, 4096 MiB, 300 MHz, 1.46 W, 43, 0x0000000000000001
2026/10/07 06:34:55.987, 0 %, 5 MiB, 4096 MiB, 300 MHz, 1.44 W, 43, 0x0000000000000001
2026/10/07 06:34:58.009, 0 %, 5 MiB, 4096 MiB, 300 MHz, 1.40 W, 43, 0x0000000000000001
2026/10/07 06:35:00.030, 0 %, 5 MiB, 4096 MiB, 300 MHz, 1.60 W, 43, 0x0000000000000001
2026/10/07 06:35:02.051, 0 %, 5 MiB, 4096 MiB, 300 MHz, 1.38 W, 43, 0x0000000000000001
2026/10/07 06:35:04.073, 0 %, 5 MiB, 4096 MiB, 300 MHz, 1.38 W, 43, 0x0000000000000001
2026/10/07 06:35:06.094, 0 %, 5 MiB, 4096 MiB, 300 MHz, 1.45 W, 43, 0x0000000000000001
2026/10/07 06:35:08.115, 0 %, 5 MiB, 4096 MiB, 300 MHz, 1.42 W, 43, 0x0000000000000001
2026/10/07 06:35:10.137, 0 %, 5 MiB, 4096 MiB, 300 MHz, 1.61 W, 43, 0x0000000000000001
2026/10/07 06:35:12.159, 0 %, 5 MiB, 4096 MiB, 300 MHz, 1.45 W, 43, 0x0000000000000001
2026/10/07 06:35:14.180, 0 %, 5 MiB, 4096 MiB, 300 MHz, 1.52 W, 43, 0x0000000000000001
2026/10/07 06:35:16.202, 0 %, 5 MiB, 4096 MiB, 300 MHz, 1.44 W, 43, 0x0000000000000001
2026/10/07 06:35:18.223, 0 %, 5 MiB, 4096 MiB, 300 MHz, 1.45 W, 43, 0x0000000000000001
2026/10/07 06:35:20.246, 0 %, 5 MiB, 4096 MiB, 300 MHz, 1.68 W, 43, 0x0000000000000001
2026/10/07 06:35:22.267, 0 %, 5 MiB, 4096 MiB, 300 MHz, 1.51 W, 43, 0x0000000000000001
2026/10/07 06:35:24.290, 0 %, 5 MiB, 4096 MiB, 300 MHz, 1.48 W, 43, 0x0000000000000001
2026/10/07 06:35:26.311, 0 %, 5 MiB, 4096 MiB, 300 MHz, 1.49 W, 43, 0x0000000000000001
2026/10/07 06:35:28.332, 0 %, 5 MiB, 4096 MiB, 300 MHz, 1.46 W, 43, 0x0000000000000001
2026/10/07 06:35:30.354, 0 %, 5 MiB, 4096 MiB, 300 MHz, 1.78 W, 43, 0x0000000000000001
2026/10/07 06:35:32.376, 0 %, 5 MiB, 4096 MiB, 300 MHz, 1.48 W, 43, 0x0000000000000001
2026/10/07 06:35:34.397, 0 %, 5 MiB, 4096 MiB, 300 MHz, 1.40 W, 43, 0x0000000000000001
2026/10/07 06:35:36.419, 0 %, 5 MiB, 4096 MiB, 300 MHz, 1.43 W, 43, 0x0000000000000001
2026/10/07 06:35:38.441, 0 %, 5 MiB, 4096 MiB, 300 MHz, 1.51 W, 43, 0x0000000000000001
2026/10/07 06:35:40.462, 0 %, 5 MiB, 4096 MiB, 300 MHz, 1.59 W, 43, 0x0000000000000001
2026/10/07 06:35:42.483, 0 %, 5 MiB, 4096 MiB, 300 MHz, 1.42 W, 43, 0x0000000000000001
2026/10/07 06:35:44.505, 0 %, 5 MiB, 4096 MiB, 300 MHz, 1.40 W, 43, 0x0000000000000001
2026/10/07 06:35:46.527, 0 %, 5 MiB, 4096 MiB, 300 MHz, 1.40 W, 43, 0x0000000000000001
2026/10/07 06:35:48.549, 0 %, 5 MiB, 4096 MiB, 300 MHz, 1.39 W, 43, 0x0000000000000001
2026/10/07 06:35:50.571, 0 %, 5 MiB, 4096 MiB, 300 MHz, 1.67 W, 43, 0x0000000000000001
2026/10/07 06:35:52.592, 0 %, 5 MiB, 4096 MiB, 300 MHz, 1.47 W, 43, 0x0000000000000001
2026/10/07 06:35:54.613, 0 %, 5 MiB, 4096 MiB, 300 MHz, 1.45 W, 43, 0x0000000000000001
2026/10/07 06:35:56.634, 0 %, 5 MiB, 4096 MiB, 300 MHz, 1.47 W, 43, 0x0000000000000001
2026/10/07 06:35:58.656, 0 %, 5 MiB, 4096 MiB, 300 MHz, 1.50 W, 43, 0x0000000000000001
2026/10/07 06:36:00.678, 0 %, 5 MiB, 4096 MiB, 300 MHz, 1.67 W, 43, 0x0000000000000001
2026/10/07 06:36:02.699, 0 %, 5 MiB, 4096 MiB, 300 MHz, 1.43 W, 43, 0x0000000000000001
2026/10/07 06:36:04.720, 0 %, 5 MiB, 4096 MiB, 300 MHz, 1.40 W, 43, 0x0000000000000001
2026/10/07 06:36:06.742, 0 %, 5 MiB, 4096 MiB, 300 MHz, 1.39 W, 43, 0x0000000000000001
2026/10/07 06:36:08.764, 0 %, 5 MiB, 4096 MiB, 300 MHz, 1.43 W, 43, 0x0000000000000001
2026/10/07 06:36:10.787, 0 %, 5 MiB, 4096 MiB, 300 MHz, 1.74 W, 43, 0x0000000000000001
2026/10/07 06:36:12.809, 0 %, 5 MiB, 4096 MiB, 300 MHz, 1.53 W, 43, 0x0000000000000001
2026/10/07 06:36:14.830, 0 %, 5 MiB, 4096 MiB, 300 MHz, 1.54 W, 43, 0x0000000000000001
2026/10/07 06:36:16.851, 0 %, 5 MiB, 4096 MiB, 300 MHz, 1.57 W, 43, 0x0000000000000001
2026/10/07 06:36:18.873, 0 %, 5 MiB, 4096 MiB, 300 MHz, 1.52 W, 43, 0x0000000000000001
2026/10/07 06:36:20.894, 0 %, 5 MiB, 4096 MiB, 300 MHz, 1.73 W, 43, 0x0000000000000001
2026/10/07 06:36:22.915, 0 %, 5 MiB, 4096 MiB, 300 MHz, 1.44 W, 43, 0x0000000000000001
2026/10/07 06:36:24.937, 0 %, 5 MiB, 4096 MiB, 300 MHz, 1.39 W, 43, 0x0000000000000001
2026/10/07 06:36:26.958, 0 %, 5 MiB, 4096 MiB, 300 MHz, 1.48 W, 43, 0x0000000000000001
2026/10/07 06:36:28.980, 0 %, 5 MiB, 4096 MiB, 300 MHz, 1.47 W, 43, 0x0000000000000001
2026/10/07 06:36:31.001, 0 %, 5 MiB, 4096 MiB, 300 MHz, 1.81 W, 43, 0x0000000000000001
2026/10/07 06:36:33.022, 0 %, 5 MiB, 4096 MiB, 300 MHz, 1.47 W, 43, 0x0000000000000001
2026/10/07 06:36:35.044, 0 %, 5 MiB, 4096 MiB, 300 MHz, 1.45 W, 43, 0x0000000000000001
2026/10/07 06:36:37.065, 0 %, 5 MiB, 4096 MiB, 300 MHz, 1.42 W, 43, 0x0000000000000001
2026/10/07 06:36:39.087, 0 %, 5 MiB, 4096 MiB, 300 MHz, 1.42 W, 43, 0x0000000000000001
2026/10/07 06:36:41.108, 0 %, 5 MiB, 4096 MiB, 300 MHz, 1.84 W, 43, 0x0000000000000001
2026/10/07 06:36:43.129, 0 %, 5 MiB, 4096 MiB, 300 MHz, 1.43 W, 43, 0x0000000000000001
2026/10/07 06:36:45.151, 0 %, 5 MiB, 4096 MiB, 300 MHz, 1.46 W, 43, 0x0000000000000001
2026/10/07 06:36:47.172, 0 %, 5 MiB, 4096 MiB, 300 MHz, 1.43 W, 43, 0x0000000000000001
2026/10/07 06:36:49.193, 0 %, 5 MiB, 4096 MiB, 300 MHz, 1.40 W, 43, 0x0000000000000001
2026/10/07 06:36:51.215, 0 %, 5 MiB, 4096 MiB, 300 MHz, 1.39 W, 43, 0x0000000000000001
2026/10/07 06:36:53.237, 0 %, 5 MiB, 4096 MiB, 300 MHz, 1.16 W, 43, 0x0000000000000001
2026/10/07 06:36:55.258, 0 %, 5 MiB, 4096 MiB, 300 MHz, 1.45 W, 43, 0x0000000000000001
2026/10/07 06:36:57.280, 0 %, 5 MiB, 4096 MiB, 300 MHz, 1.45 W, 43, 0x0000000000000001
2026/10/07 06:36:59.301, 0 %, 5 MiB, 4096 MiB, 300 MHz, 1.44 W, 43, 0x0000000000000001
2026/10/07 06:37:01.322, 0 %, 5 MiB, 4096 MiB, 300 MHz, 1.47 W, 43, 0x0000000000000001
2026/10/07 06:37:03.344, 0 %, 5 MiB, 4096 MiB, 300 MHz, 1.57 W, 43, 0x0000000000000001
2026/10/07 06:37:05.365, 0 %, 5 MiB, 4096 MiB, 300 MHz, 1.50 W, 43, 0x0000000000000001
2026/10/07 06:37:07.386, 0 %, 5 MiB, 4096 MiB, 300 MHz, 1.43 W, 43, 0x0000000000000001
2026/10/07 06:37:09.408, 0 %, 5 MiB, 4096 MiB, 300 MHz, 1.36 W, 43, 0x0000000000000001
2026/10/07 06:37:11.429, 0 %, 5 MiB, 4096 MiB, 300 MHz, 1.52 W, 43, 0x0000000000000001
2026/10/07 06:37:13.450, 0 %, 5 MiB, 4096 MiB, 300 MHz, 1.58 W, 43, 0x0000000000000001
2026/10/07 06:37:15.472, 0 %, 5 MiB, 4096 MiB, 300 MHz, 1.52 W, 43, 0x0000000000000001
2026/10/07 06:37:17.493, 0 %, 5 MiB, 4096 MiB, 300 MHz, 1.52 W, 43, 0x0000000000000001
2026/10/07 06:37:19.516, 0 %, 5 MiB, 4096 MiB, 300 MHz, 1.46 W, 43, 0x0000000000000001
2026/10/07 06:37:21.537, 0 %, 5 MiB, 4096 MiB, 300 MHz, 1.48 W, 43, 0x0000000000000001
2026/10/07 06:37:23.559, 0 %, 5 MiB, 4096 MiB, 300 MHz, 1.54 W, 43, 0x0000000000000001
2026/10/07 06:37:25.582, 0 %, 5 MiB, 4096 MiB, 300 MHz, 1.40 W, 43, 0x0000000000000001
2026/10/07 06:37:27.603, 0 %, 5 MiB, 4096 MiB, 300 MHz, 1.38 W, 43, 0x0000000000000001
2026/10/07 06:37:29.624, 0 %, 5 MiB, 4096 MiB, 300 MHz, 1.42 W, 43, 0x0000000000000001
2026/10/07 06:37:31.646, 0 %, 5 MiB, 4096 MiB, 300 MHz, 1.41 W, 43, 0x0000000000000001
2026/10/07 06:37:33.667, 0 %, 5 MiB, 4096 MiB, 300 MHz, 1.59 W, 43, 0x0000000000000001
2026/10/07 06:37:35.688, 0 %, 5 MiB, 4096 MiB, 300 MHz, 1.49 W, 43, 0x0000000000000001
2026/10/07 06:37:37.710, 0 %, 5 MiB, 4096 MiB, 300 MHz, 1.44 W, 43, 0x0000000000000001
2026/10/07 06:37:39.731, 0 %, 5 MiB, 4096 MiB, 300 MHz, 1.46 W, 43, 0x0000000000000001
2026/10/07 06:37:41.753, 0 %, 5 MiB, 4096 MiB, 300 MHz, 1.47 W, 43, 0x0000000000000001
2026/10/07 06:37:43.774, 0 %, 5 MiB, 4096 MiB, 300 MHz, 1.57 W, 43, 0x0000000000000001
2026/10/07 06:37:45.795, 0 %, 5 MiB, 4096 MiB, 300 MHz, 1.39 W, 43, 0x0000000000000001
2026/10/07 06:37:47.817, 0 %, 5 MiB, 4096 MiB, 300 MHz, 1.43 W, 43, 0x0000000000000001
2026/10/07 06:37:49.838, 0 %, 5 MiB, 4096 MiB, 300 MHz, 1.40 W, 43, 0x0000000000000001
2026/10/07 06:37:51.860, 0 %, 5 MiB, 4096 MiB, 300 MHz, 1.43 W, 43, 0x0000000000000001
2026/10/07 06:37:53.881, 0 %, 5 MiB, 4096 MiB, 300 MHz, 1.71 W, 43, 0x0000000000000001
2026/10/07 06:37:55.903, 0 %, 5 MiB, 4096 MiB, 300 MHz, 1.42 W, 43, 0x0000000000000001
2026/10/07 06:37:57.924, 0 %, 5 MiB, 4096 MiB, 300 MHz, 1.43 W, 43, 0x0000000000000001
2026/10/07 06:37:59.945, 0 %, 5 MiB, 4096 MiB, 300 MHz, 1.51 W, 43, 0x0000000000000001
2026/10/07 06:38:01.966, 0 %, 5 MiB, 4096 MiB, 300 MHz, 1.45 W, 43, 0x0000000000000001
2026/10/07 06:38:03.987, 0 %, 5 MiB, 4096 MiB, 300 MHz, 1.81 W, 43, 0x0000000000000001
2026/10/07 06:38:06.008, 0 %, 5 MiB, 4096 MiB, 300 MHz, 1.50 W, 43, 0x0000000000000001
2026/10/07 06:38:08.030, 0 %, 5 MiB, 4096 MiB, 300 MHz, 1.54 W, 43, 0x0000000000000001
2026/10/07 06:38:10.052, 0 %, 5 MiB, 4096 MiB, 300 MHz, 1.47 W, 43, 0x0000000000000001
2026/10/07 06:38:12.073, 0 %, 5 MiB, 4096 MiB, 300 MHz, 1.49 W, 43, 0x0000000000000001
2026/10/07 06:38:14.095, 0 %, 5 MiB, 4096 MiB, 300 MHz, 1.76 W, 43, 0x0000000000000001
2026/10/07 06:38:16.117, 0 %, 5 MiB, 4096 MiB, 300 MHz, 1.46 W, 43, 0x0000000000000001
2026/10/07 06:38:18.139, 0 %, 5 MiB, 4096 MiB, 300 MHz, 1.45 W, 43, 0x0000000000000001
2026/10/07 06:38:20.160, 0 %, 5 MiB, 4096 MiB, 300 MHz, 1.44 W, 43, 0x0000000000000001
2026/10/07 06:38:22.181, 0 %, 5 MiB, 4096 MiB, 300 MHz, 1.42 W, 43, 0x0000000000000001
2026/10/07 06:38:24.203, 0 %, 5 MiB, 4096 MiB, 300 MHz, 1.82 W, 43, 0x0000000000000001
2026/10/07 06:38:26.224, 0 %, 5 MiB, 4096 MiB, 300 MHz, 1.41 W, 43, 0x0000000000000001
2026/10/07 06:38:28.246, 0 %, 5 MiB, 4096 MiB, 300 MHz, 1.38 W, 43, 0x0000000000000001
2026/10/07 06:38:30.267, 0 %, 5 MiB, 4096 MiB, 300 MHz, 1.39 W, 43, 0x0000000000000001
2026/10/07 06:38:32.289, 0 %, 5 MiB, 4096 MiB, 300 MHz, 1.42 W, 43, 0x0000000000000001
2026/10/07 06:38:34.310, 0 %, 5 MiB, 4096 MiB, 300 MHz, 1.83 W, 43, 0x0000000000000001
2026/10/07 06:38:36.332, 0 %, 5 MiB, 4096 MiB, 300 MHz, 1.53 W, 43, 0x0000000000000001
2026/10/07 06:38:38.354, 0 %, 5 MiB, 4096 MiB, 300 MHz, 1.52 W, 43, 0x0000000000000001
2026/10/07 06:38:40.375, 0 %, 5 MiB, 4096 MiB, 300 MHz, 1.46 W, 43, 0x0000000000000001
2026/10/07 06:38:42.397, 0 %, 5 MiB, 4096 MiB, 300 MHz, 1.49 W, 43, 0x0000000000000001
2026/10/07 06:38:44.419, 0 %, 5 MiB, 4096 MiB, 300 MHz, 1.90 W, 43, 0x0000000000000001
2026/10/07 06:38:46.440, 0 %, 5 MiB, 4096 MiB, 300 MHz, 1.50 W, 43, 0x0000000000000001
2026/10/07 06:38:48.461, 0 %, 5 MiB, 4096 MiB, 300 MHz, 1.48 W, 44, 0x0000000000000001
2026/10/07 06:38:50.482, 0 %, 5 MiB, 4096 MiB, 300 MHz, 1.51 W, 43, 0x0000000000000001
2026/10/07 06:38:52.503, 0 %, 5 MiB, 4096 MiB, 300 MHz, 1.47 W, 44, 0x0000000000000001
2026/10/07 06:38:54.525, 0 %, 5 MiB, 4096 MiB, 300 MHz, 1.49 W, 44, 0x0000000000000001
2026/10/07 06:38:56.546, 0 %, 5 MiB, 4096 MiB, 300 MHz, 1.49 W, 44, 0x0000000000000001
2026/10/07 06:38:58.568, 0 %, 5 MiB, 4096 MiB, 300 MHz, 1.48 W, 44, 0x0000000000000001
2026/10/07 06:39:00.589, 0 %, 5 MiB, 4096 MiB, 300 MHz, 1.45 W, 44, 0x0000000000000001
2026/10/07 06:39:02.611, 0 %, 5 MiB, 4096 MiB, 300 MHz, 1.51 W, 44, 0x0000000000000001
2026/10/07 06:39:04.632, 0 %, 5 MiB, 4096 MiB, 300 MHz, 1.48 W, 44, 0x0000000000000001
2026/10/07 06:39:06.653, 0 %, 5 MiB, 4096 MiB, 300 MHz, 1.47 W, 44, 0x0000000000000001
2026/10/07 06:39:08.675, 0 %, 5 MiB, 4096 MiB, 300 MHz, 1.47 W, 44, 0x0000000000000001
2026/10/07 06:39:10.696, 0 %, 5 MiB, 4096 MiB, 300 MHz, 1.42 W, 44, 0x0000000000000001
2026/10/07 06:39:12.717, 0 %, 5 MiB, 4096 MiB, 300 MHz, 1.41 W, 44, 0x0000000000000001
2026/10/07 06:39:14.740, 0 %, 5 MiB, 4096 MiB, 300 MHz, 1.42 W, 44, 0x0000000000000001
2026/10/07 06:39:16.761, 0 %, 5 MiB, 4096 MiB, 300 MHz, 1.51 W, 44, 0x0000000000000001
2026/10/07 06:39:18.783, 0 %, 5 MiB, 4096 MiB, 300 MHz, 1.41 W, 44, 0x0000000000000001
2026/10/07 06:39:20.804, 0 %, 5 MiB, 4096 MiB, 300 MHz, 1.51 W, 44, 0x0000000000000001
2026/10/07 06:39:22.825, 0 %, 5 MiB, 4096 MiB, 300 MHz, 1.49 W, 44, 0x0000000000000001
2026/10/07 06:39:24.846, 0 %, 5 MiB, 4096 MiB, 300 MHz, 1.46 W, 44, 0x0000000000000001
2026/10/07 06:39:26.868, 0 %, 5 MiB, 4096 MiB, 300 MHz, 1.54 W, 44, 0x0000000000000001
2026/10/07 06:39:28.889, 0 %, 5 MiB, 4096 MiB, 300 MHz, 1.42 W, 44, 0x0000000000000001
2026/10/07 06:39:30.911, 0 %, 5 MiB, 4096 MiB, 300 MHz, 1.42 W, 44, 0x0000000000000001
2026/10/07 06:39:32.932, 0 %, 5 MiB, 4096 MiB, 300 MHz, 1.43 W, 44, 0x0000000000000001
2026/10/07 06:39:34.953, 0 %, 5 MiB, 4096 MiB, 300 MHz, 1.50 W, 44, 0x0000000000000001
2026/10/07 06:39:36.975, 0 %, 5 MiB, 4096 MiB, 300 MHz, 1.62 W, 44, 0x0000000000000001
2026/10/07 06:39:38.995, 0 %, 5 MiB, 4096 MiB, 300 MHz, 1.49 W, 44, 0x0000000000000001
2026/10/07 06:39:41.017, 0 %, 5 MiB, 4096 MiB, 300 MHz, 1.50 W, 44, 0x0000000000000001
2026/10/07 06:39:43.038, 0 %, 5 MiB, 4096 MiB, 300 MHz, 1.47 W, 44, 0x0000000000000001
2026/10/07 06:39:45.061, 0 %, 5 MiB, 4096 MiB, 300 MHz, 1.43 W, 44, 0x0000000000000001
2026/10/07 06:39:47.082, 0 %, 5 MiB, 4096 MiB, 300 MHz, 1.67 W, 44, 0x0000000000000001
2026/10/07 06:39:49.103, 0 %, 5 MiB, 4096 MiB, 300 MHz, 1.49 W, 44, 0x0000000000000001
2026/10/07 06:39:51.124, 0 %, 5 MiB, 4096 MiB, 300 MHz, 1.53 W, 44, 0x0000000000000001
2026/10/07 06:39:53.146, 0 %, 5 MiB, 4096 MiB, 300 MHz, 1.50 W, 44, 0x0000000000000001
2026/10/07 06:39:55.167, 0 %, 5 MiB, 4096 MiB, 300 MHz, 1.53 W, 44, 0x0000000000000001
2026/10/07 06:39:57.189, 0 %, 5 MiB, 4096 MiB, 300 MHz, 1.74 W, 44, 0x0000000000000001
2026/10/07 06:39:59.210, 0 %, 5 MiB, 4096 MiB, 300 MHz, 1.45 W, 44, 0x0000000000000001
2026/10/07 06:40:01.231, 0 %, 5 MiB, 4096 MiB, 300 MHz, 1.36 W, 44, 0x0000000000000001
2026/10/07 06:40:03.252, 0 %, 5 MiB, 4096 MiB, 300 MHz, 1.45 W, 44, 0x0000000000000001
2026/10/07 06:40:05.273, 0 %, 5 MiB, 4096 MiB, 300 MHz, 1.50 W, 44, 0x0000000000000001
2026/10/07 06:40:07.295, 0 %, 5 MiB, 4096 MiB, 300 MHz, 1.70 W, 44, 0x0000000000000001
2026/10/07 06:40:09.316, 0 %, 5 MiB, 4096 MiB, 300 MHz, 1.47 W, 44, 0x0000000000000001
2026/10/07 06:40:11.337, 0 %, 5 MiB, 4096 MiB, 300 MHz, 1.45 W, 44, 0x0000000000000001
2026/10/07 06:40:13.358, 0 %, 5 MiB, 4096 MiB, 300 MHz, 1.42 W, 44, 0x0000000000000001
2026/10/07 06:40:15.380, 0 %, 5 MiB, 4096 MiB, 300 MHz, 1.44 W, 44, 0x0000000000000001
2026/10/07 06:40:17.401, 0 %, 5 MiB, 4096 MiB, 300 MHz, 1.88 W, 44, 0x0000000000000001
2026/10/07 06:40:19.424, 0 %, 5 MiB, 4096 MiB, 300 MHz, 1.50 W, 44, 0x0000000000000001
2026/10/07 06:40:21.446, 0 %, 5 MiB, 4096 MiB, 300 MHz, 1.54 W, 44, 0x0000000000000001
2026/10/07 06:40:23.469, 0 %, 5 MiB, 4096 MiB, 300 MHz, 1.55 W, 44, 0x0000000000000001
2026/10/07 06:40:25.490, 0 %, 5 MiB, 4096 MiB, 300 MHz, 1.54 W, 44, 0x0000000000000001
2026/10/07 06:40:27.512, 0 %, 5 MiB, 4096 MiB, 300 MHz, 1.97 W, 44, 0x0000000000000001
2026/10/07 06:40:29.533, 0 %, 5 MiB, 4096 MiB, 300 MHz, 1.66 W, 44, 0x0000000000000001
2026/10/07 06:40:31.554, 0 %, 5 MiB, 4096 MiB, 300 MHz, 1.50 W, 44, 0x0000000000000001
2026/10/07 06:40:33.577, 0 %, 5 MiB, 4096 MiB, 300 MHz, 1.51 W, 44, 0x0000000000000001
2026/10/07 06:40:35.599, 0 %, 5 MiB, 4096 MiB, 300 MHz, 1.52 W, 44, 0x0000000000000001
2026/10/07 06:40:37.620, 0 %, 5 MiB, 4096 MiB, 300 MHz, 1.85 W, 44, 0x0000000000000001
2026/10/07 06:40:39.640, 0 %, 5 MiB, 4096 MiB, 300 MHz, 1.56 W, 44, 0x0000000000000001
2026/10/07 06:40:41.662, 0 %, 5 MiB, 4096 MiB, 300 MHz, 1.55 W, 44, 0x0000000000000001
2026/10/07 06:40:43.683, 0 %, 5 MiB, 4096 MiB, 300 MHz, 1.51 W, 44, 0x0000000000000001
2026/10/07 06:40:45.704, 0 %, 5 MiB, 4096 MiB, 300 MHz, 1.49 W, 44, 0x0000000000000001
2026/10/07 06:40:47.725, 0 %, 5 MiB, 4096 MiB, 300 MHz, 1.90 W, 44, 0x0000000000000001
2026/10/07 06:40:49.746, 0 %, 5 MiB, 4096 MiB, 300 MHz, 1.48 W, 44, 0x0000000000000001
2026/10/07 06:40:51.767, 0 %, 5 MiB, 4096 MiB, 300 MHz, 1.42 W, 44, 0x0000000000000001
2026/10/07 06:40:53.789, 0 %, 5 MiB, 4096 MiB, 300 MHz, 1.50 W, 44, 0x0000000000000001
2026/10/07 06:40:55.811, 0 %, 5 MiB, 4096 MiB, 300 MHz, 1.47 W, 44, 0x0000000000000001
2026/10/07 06:40:57.832, 0 %, 5 MiB, 4096 MiB, 300 MHz, 1.47 W, 44, 0x0000000000000001
2026/10/07 06:40:59.854, 0 %, 5 MiB, 4096 MiB, 300 MHz, 1.52 W, 44, 0x0000000000000001
2026/10/07 06:41:01.876, 0 %, 5 MiB, 4096 MiB, 300 MHz, 1.48 W, 44, 0x0000000000000001
2026/10/07 06:41:03.897, 0 %, 5 MiB, 4096 MiB, 300 MHz, 1.50 W, 44, 0x0000000000000001
2026/10/07 06:41:05.921, 0 %, 5 MiB, 4096 MiB, 300 MHz, 1.49 W, 44, 0x0000000000000001
2026/10/07 06:41:07.942, 0 %, 5 MiB, 4096 MiB, 300 MHz, 1.89 W, 44, 0x0000000000000001
2026/10/07 06:41:09.964, 0 %, 5 MiB, 4096 MiB, 300 MHz, 1.50 W, 44, 0x0000000000000001
2026/10/07 06:41:11.985, 0 %, 5 MiB, 4096 MiB, 300 MHz, 1.54 W, 44, 0x0000000000000001
2026/10/07 06:41:14.007, 0 %, 5 MiB, 4096 MiB, 300 MHz, 1.47 W, 44, 0x0000000000000001
2026/10/07 06:41:16.028, 0 %, 5 MiB, 4096 MiB, 300 MHz, 1.57 W, 44, 0x0000000000000001
2026/10/07 06:41:18.050, 0 %, 5 MiB, 4096 MiB, 300 MHz, 1.96 W, 44, 0x0000000000000001
2026/10/07 06:41:20.072, 0 %, 5 MiB, 4096 MiB, 300 MHz, 1.59 W, 44, 0x0000000000000001
2026/10/07 06:41:22.094, 0 %, 5 MiB, 4096 MiB, 300 MHz, 1.55 W, 44, 0x0000000000000001
2026/10/07 06:41:24.115, 0 %, 5 MiB, 4096 MiB, 300 MHz, 1.58 W, 44, 0x0000000000000001
2026/10/07 06:41:26.136, 0 %, 5 MiB, 4096 MiB, 300 MHz, 1.59 W, 44, 0x0000000000000001
2026/10/07 06:41:28.158, 0 %, 5 MiB, 4096 MiB, 300 MHz, 2.00 W, 44, 0x0000000000000001
2026/10/07 06:41:30.181, 0 %, 5 MiB, 4096 MiB, 300 MHz, 1.56 W, 44, 0x0000000000000001
2026/10/07 06:41:32.202, 0 %, 5 MiB, 4096 MiB, 300 MHz, 1.55 W, 44, 0x0000000000000001
2026/10/07 06:41:34.224, 0 %, 5 MiB, 4096 MiB, 300 MHz, 1.49 W, 44, 0x0000000000000001
2026/10/07 06:41:36.245, 0 %, 5 MiB, 4096 MiB, 300 MHz, 1.48 W, 44, 0x0000000000000001
2026/10/07 06:41:38.266, 0 %, 5 MiB, 4096 MiB, 300 MHz, 1.57 W, 44, 0x0000000000000001
2026/10/07 06:41:40.287, 0 %, 5 MiB, 4096 MiB, 300 MHz, 1.53 W, 44, 0x0000000000000001
2026/10/07 06:41:42.309, 0 %, 5 MiB, 4096 MiB, 300 MHz, 1.50 W, 44, 0x0000000000000001
2026/10/07 06:41:44.330, 0 %, 5 MiB, 4096 MiB, 300 MHz, 1.53 W, 44, 0x0000000000000001
2026/10/07 06:41:46.352, 0 %, 5 MiB, 4096 MiB, 300 MHz, 1.51 W, 44, 0x0000000000000001
2026/10/07 06:41:48.374, 0 %, 5 MiB, 4096 MiB, 300 MHz, 1.50 W, 44, 0x0000000000000001
2026/10/07 06:41:50.395, 0 %, 5 MiB, 4096 MiB, 300 MHz, 1.56 W, 44, 0x0000000000000001
2026/10/07 06:41:52.417, 0 %, 5 MiB, 4096 MiB, 300 MHz, 1.77 W, 44, 0x0000000000000001
2026/10/07 06:41:54.439, 0 %, 5 MiB, 4096 MiB, 300 MHz, 1.43 W, 44, 0x0000000000000001
2026/10/07 06:41:56.460, 0 %, 5 MiB, 4096 MiB, 300 MHz, 1.54 W, 44, 0x0000000000000001
2026/10/07 06:41:58.481, 0 %, 5 MiB, 4096 MiB, 300 MHz, 1.45 W, 44, 0x0000000000000001
2026/10/07 06:42:00.503, 0 %, 5 MiB, 4096 MiB, 300 MHz, 1.64 W, 44, 0x0000000000000001
2026/10/07 06:42:02.524, 0 %, 5 MiB, 4096 MiB, 300 MHz, 1.52 W, 44, 0x0000000000000001
2026/10/07 06:42:04.545, 0 %, 5 MiB, 4096 MiB, 300 MHz, 1.55 W, 44, 0x0000000000000001
2026/10/07 06:42:06.567, 0 %, 5 MiB, 4096 MiB, 300 MHz, 1.49 W, 44, 0x0000000000000001
2026/10/07 06:42:08.588, 0 %, 5 MiB, 4096 MiB, 300 MHz, 1.59 W, 44, 0x0000000000000001
2026/10/07 06:42:10.610, 0 %, 5 MiB, 4096 MiB, 300 MHz, 1.62 W, 44, 0x0000000000000001
2026/10/07 06:42:12.631, 0 %, 5 MiB, 4096 MiB, 300 MHz, 1.58 W, 44, 0x0000000000000001
2026/10/07 06:42:14.652, 0 %, 5 MiB, 4096 MiB, 300 MHz, 1.61 W, 44, 0x0000000000000001
2026/10/07 06:42:16.674, 0 %, 5 MiB, 4096 MiB, 300 MHz, 1.60 W, 44, 0x0000000000000001
2026/10/07 06:42:18.695, 0 %, 5 MiB, 4096 MiB, 300 MHz, 1.57 W, 44, 0x0000000000000001
2026/10/07 06:42:20.717, 0 %, 5 MiB, 4096 MiB, 300 MHz, 1.64 W, 44, 0x0000000000000001
2026/10/07 06:42:22.739, 0 %, 5 MiB, 4096 MiB, 300 MHz, 1.50 W, 44, 0x0000000000000001
2026/10/07 06:42:24.760, 0 %, 5 MiB, 4096 MiB, 300 MHz, 1.46 W, 44, 0x0000000000000001
2026/10/07 06:42:26.787, 0 %, 5 MiB, 4096 MiB, 300 MHz, 1.55 W, 44, 0x0000000000000001
2026/10/07 06:42:28.809, 0 %, 5 MiB, 4096 MiB, 300 MHz, 1.51 W, 44, 0x0000000000000001
2026/10/07 06:42:30.830, 0 %, 5 MiB, 4096 MiB, 300 MHz, 1.55 W, 44, 0x0000000000000001
2026/10/07 06:42:32.852, 0 %, 5 MiB, 4096 MiB, 300 MHz, 1.49 W, 44, 0x0000000000000001
2026/10/07 06:42:34.873, 0 %, 5 MiB, 4096 MiB, 300 MHz, 1.39 W, 44, 0x0000000000000001
2026/10/07 06:42:36.894, 0 %, 5 MiB, 4096 MiB, 300 MHz, 1.55 W, 44, 0x0000000000000001
2026/10/07 06:42:38.916, 0 %, 5 MiB, 4096 MiB, 300 MHz, 1.57 W, 44, 0x0000000000000001
2026/10/07 06:42:40.937, 0 %, 5 MiB, 4096 MiB, 300 MHz, 1.62 W, 44, 0x0000000000000001
2026/10/07 06:42:42.959, 0 %, 5 MiB, 4096 MiB, 300 MHz, 1.53 W, 44, 0x0000000000000001
2026/10/07 06:42:44.980, 0 %, 5 MiB, 4096 MiB, 300 MHz, 1.50 W, 44, 0x0000000000000001
2026/10/07 06:42:47.001, 0 %, 5 MiB, 4096 MiB, 300 MHz, 1.47 W, 44, 0x0000000000000001
2026/10/07 06:42:49.022, 0 %, 5 MiB, 4096 MiB, 300 MHz, 1.52 W, 44, 0x0000000000000001
2026/10/07 06:42:51.043, 0 %, 5 MiB, 4096 MiB, 300 MHz, 1.65 W, 44, 0x0000000000000001
2026/10/07 06:42:53.064, 0 %, 5 MiB, 4096 MiB, 300 MHz, 1.46 W, 44, 0x0000000000000001
2026/10/07 06:42:55.085, 0 %, 5 MiB, 4096 MiB, 300 MHz, 1.46 W, 44, 0x0000000000000001
2026/10/07 06:42:57.107, 0 %, 5 MiB, 4096 MiB, 300 MHz, 1.53 W, 44, 0x0000000000000001
2026/10/07 06:42:59.129, 0 %, 5 MiB, 4096 MiB, 300 MHz, 1.53 W, 44, 0x0000000000000001
2026/10/07 06:43:01.150, 0 %, 5 MiB, 4096 MiB, 300 MHz, 1.77 W, 44, 0x0000000000000001
2026/10/07 06:43:03.172, 0 %, 5 MiB, 4096 MiB, 300 MHz, 1.57 W, 44, 0x0000000000000001
2026/10/07 06:43:05.193, 0 %, 5 MiB, 4096 MiB, 300 MHz, 1.57 W, 44, 0x0000000000000001
2026/10/07 06:43:07.214, 0 %, 5 MiB, 4096 MiB, 300 MHz, 1.55 W, 44, 0x0000000000000001
2026/10/07 06:43:09.236, 0 %, 5 MiB, 4096 MiB, 300 MHz, 1.55 W, 44, 0x0000000000000001
2026/10/07 06:43:11.257, 0 %, 5 MiB, 4096 MiB, 300 MHz, 1.69 W, 44, 0x0000000000000001
2026/10/07 06:43:13.278, 0 %, 5 MiB, 4096 MiB, 300 MHz, 1.46 W, 44, 0x0000000000000001
2026/10/07 06:43:15.300, 0 %, 5 MiB, 4096 MiB, 300 MHz, 1.51 W, 44, 0x0000000000000001
2026/10/07 06:43:17.322, 0 %, 5 MiB, 4096 MiB, 300 MHz, 1.55 W, 44, 0x0000000000000001
2026/10/07 06:43:19.343, 0 %, 5 MiB, 4096 MiB, 300 MHz, 1.42 W, 44, 0x0000000000000001
2026/10/07 06:43:21.364, 0 %, 5 MiB, 4096 MiB, 300 MHz, 1.86 W, 44, 0x0000000000000001
2026/10/07 06:43:23.385, 0 %, 5 MiB, 4096 MiB, 300 MHz, 1.58 W, 44, 0x0000000000000001
2026/10/07 06:43:25.407, 0 %, 5 MiB, 4096 MiB, 300 MHz, 1.56 W, 44, 0x0000000000000001
2026/10/07 06:43:27.428, 0 %, 5 MiB, 4096 MiB, 300 MHz, 1.52 W, 44, 0x0000000000000001
2026/10/07 06:43:29.450, 0 %, 5 MiB, 4096 MiB, 300 MHz, 1.58 W, 44, 0x0000000000000001
2026/10/07 06:43:31.471, 0 %, 5 MiB, 4096 MiB, 300 MHz, 1.77 W, 44, 0x0000000000000001
2026/10/07 06:43:33.492, 0 %, 5 MiB, 4096 MiB, 300 MHz, 1.48 W, 44, 0x0000000000000001
2026/10/07 06:43:35.513, 0 %, 5 MiB, 4096 MiB, 300 MHz, 1.53 W, 44, 0x0000000000000001
2026/10/07 06:43:37.534, 0 %, 5 MiB, 4096 MiB, 300 MHz, 1.47 W, 44, 0x0000000000000001
2026/10/07 06:43:39.555, 0 %, 5 MiB, 4096 MiB, 300 MHz, 1.46 W, 44, 0x0000000000000001
2026/10/07 06:43:41.577, 0 %, 5 MiB, 4096 MiB, 300 MHz, 1.90 W, 44, 0x0000000000000001
2026/10/07 06:43:43.598, 0 %, 5 MiB, 4096 MiB, 300 MHz, 1.49 W, 44, 0x0000000000000001
2026/10/07 06:43:45.619, 0 %, 5 MiB, 4096 MiB, 300 MHz, 1.47 W, 44, 0x0000000000000001
2026/10/07 06:43:47.641, 0 %, 5 MiB, 4096 MiB, 300 MHz, 1.49 W, 44, 0x0000000000000001
2026/10/07 06:43:49.662, 0 %, 5 MiB, 4096 MiB, 300 MHz, 1.49 W, 44, 0x0000000000000001
2026/10/07 06:43:51.683, 0 %, 5 MiB, 4096 MiB, 300 MHz, 1.88 W, 44, 0x0000000000000001
2026/10/07 06:43:53.705, 0 %, 5 MiB, 4096 MiB, 300 MHz, 1.47 W, 44, 0x0000000000000001
2026/10/07 06:43:55.726, 0 %, 5 MiB, 4096 MiB, 300 MHz, 1.41 W, 44, 0x0000000000000001
2026/10/07 06:43:57.747, 0 %, 5 MiB, 4096 MiB, 300 MHz, 1.44 W, 44, 0x0000000000000001
2026/10/07 06:43:59.769, 0 %, 5 MiB, 4096 MiB, 300 MHz, 1.46 W, 44, 0x0000000000000001
2026/10/07 06:44:01.790, 0 %, 5 MiB, 4096 MiB, 300 MHz, 1.49 W, 44, 0x0000000000000001
2026/10/07 06:44:03.811, 0 %, 5 MiB, 4096 MiB, 300 MHz, 1.49 W, 44, 0x0000000000000001
2026/10/07 06:44:05.833, 0 %, 5 MiB, 4096 MiB, 300 MHz, 1.47 W, 44, 0x0000000000000001
2026/10/07 06:44:07.854, 0 %, 5 MiB, 4096 MiB, 300 MHz, 1.44 W, 44, 0x0000000000000001
2026/10/07 06:44:09.876, 0 %, 5 MiB, 4096 MiB, 300 MHz, 1.39 W, 43, 0x0000000000000001
2026/10/07 06:44:11.897, 0 %, 5 MiB, 4096 MiB, 300 MHz, 1.45 W, 44, 0x0000000000000001
2026/10/07 06:44:13.919, 0 %, 5 MiB, 4096 MiB, 300 MHz, 1.50 W, 44, 0x0000000000000001
2026/10/07 06:44:15.941, 0 %, 5 MiB, 4096 MiB, 300 MHz, 1.36 W, 44, 0x0000000000000001
2026/10/07 06:44:17.962, 0 %, 5 MiB, 4096 MiB, 300 MHz, 1.41 W, 43, 0x0000000000000001
2026/10/07 06:44:19.983, 0 %, 5 MiB, 4096 MiB, 300 MHz, 1.41 W, 43, 0x0000000000000001
2026/10/07 06:44:22.005, 0 %, 5 MiB, 4096 MiB, 300 MHz, 1.41 W, 44, 0x0000000000000001
2026/10/07 06:44:24.026, 0 %, 5 MiB, 4096 MiB, 300 MHz, 1.62 W, 43, 0x0000000000000001
2026/10/07 06:44:26.047, 0 %, 5 MiB, 4096 MiB, 300 MHz, 1.43 W, 44, 0x0000000000000001
2026/10/07 06:44:28.069, 0 %, 5 MiB, 4096 MiB, 300 MHz, 1.43 W, 43, 0x0000000000000001
2026/10/07 06:44:30.090, 0 %, 5 MiB, 4096 MiB, 300 MHz, 1.48 W, 43, 0x0000000000000001
2026/10/07 06:44:32.111, 0 %, 5 MiB, 4096 MiB, 300 MHz, 1.57 W, 43, 0x0000000000000001
2026/10/07 06:44:34.133, 0 %, 5 MiB, 4096 MiB, 300 MHz, 1.68 W, 44, 0x0000000000000001
2026/10/07 06:44:36.154, 0 %, 5 MiB, 4096 MiB, 300 MHz, 1.51 W, 44, 0x0000000000000001
2026/10/07 06:44:38.176, 0 %, 5 MiB, 4096 MiB, 300 MHz, 1.41 W, 44, 0x0000000000000001
2026/10/07 06:44:40.197, 0 %, 5 MiB, 4096 MiB, 300 MHz, 1.39 W, 44, 0x0000000000000001
2026/10/07 06:44:42.218, 0 %, 5 MiB, 4096 MiB, 300 MHz, 1.47 W, 44, 0x0000000000000001
2026/10/07 06:44:44.239, 0 %, 5 MiB, 4096 MiB, 300 MHz, 1.70 W, 44, 0x0000000000000001
2026/10/07 06:44:46.261, 0 %, 5 MiB, 4096 MiB, 300 MHz, 1.46 W, 44, 0x0000000000000001
2026/10/07 06:44:48.282, 0 %, 5 MiB, 4096 MiB, 300 MHz, 1.52 W, 44, 0x0000000000000001
2026/10/07 06:44:50.303, 0 %, 5 MiB, 4096 MiB, 300 MHz, 1.59 W, 44, 0x0000000000000001
2026/10/07 06:44:52.324, 0 %, 5 MiB, 4096 MiB, 300 MHz, 1.50 W, 44, 0x0000000000000001
2026/10/07 06:44:54.346, 0 %, 5 MiB, 4096 MiB, 300 MHz, 1.76 W, 44, 0x0000000000000001
2026/10/07 06:44:56.368, 0 %, 5 MiB, 4096 MiB, 300 MHz, 1.43 W, 44, 0x0000000000000001
2026/10/07 06:44:58.390, 0 %, 5 MiB, 4096 MiB, 300 MHz, 1.47 W, 44, 0x0000000000000001
2026/10/07 06:45:00.411, 0 %, 5 MiB, 4096 MiB, 300 MHz, 1.40 W, 44, 0x0000000000000001
2026/10/07 06:45:02.434, 0 %, 5 MiB, 4096 MiB, 300 MHz, 1.47 W, 44, 0x0000000000000001
2026/10/07 06:45:04.456, 0 %, 5 MiB, 4096 MiB, 300 MHz, 1.80 W, 44, 0x0000000000000001
2026/10/07 06:45:06.477, 0 %, 5 MiB, 4096 MiB, 300 MHz, 1.56 W, 44, 0x0000000000000001
2026/10/07 06:45:08.498, 0 %, 5 MiB, 4096 MiB, 300 MHz, 1.59 W, 44, 0x0000000000000001
2026/10/07 06:45:10.519, 0 %, 5 MiB, 4096 MiB, 300 MHz, 1.52 W, 44, 0x0000000000000001
2026/10/07 06:45:12.541, 0 %, 5 MiB, 4096 MiB, 300 MHz, 1.53 W, 43, 0x0000000000000001
2026/10/07 06:45:14.563, 0 %, 5 MiB, 4096 MiB, 300 MHz, 1.71 W, 44, 0x0000000000000001
2026/10/07 06:45:16.585, 0 %, 5 MiB, 4096 MiB, 300 MHz, 1.36 W, 43, 0x0000000000000001
2026/10/07 06:45:18.607, 0 %, 5 MiB, 4096 MiB, 300 MHz, 1.43 W, 44, 0x0000000000000001
2026/10/07 06:45:20.629, 0 %, 5 MiB, 4096 MiB, 300 MHz, 1.44 W, 43, 0x0000000000000001
2026/10/07 06:45:22.650, 0 %, 5 MiB, 4096 MiB, 300 MHz, 1.42 W, 44, 0x0000000000000001
2026/10/07 06:45:24.671, 0 %, 5 MiB, 4096 MiB, 300 MHz, 1.86 W, 44, 0x0000000000000001
2026/10/07 06:45:26.692, 0 %, 5 MiB, 4096 MiB, 300 MHz, 1.49 W, 44, 0x0000000000000001
2026/10/07 06:45:28.714, 0 %, 5 MiB, 4096 MiB, 300 MHz, 1.47 W, 44, 0x0000000000000001
2026/10/07 06:45:30.735, 0 %, 5 MiB, 4096 MiB, 300 MHz, 1.39 W, 44, 0x0000000000000001
2026/10/07 06:45:32.757, 0 %, 5 MiB, 4096 MiB, 300 MHz, 1.45 W, 43, 0x0000000000000001
2026/10/07 06:45:34.778, 0 %, 5 MiB, 4096 MiB, 300 MHz, 1.88 W, 43, 0x0000000000000001
2026/10/07 06:45:36.800, 0 %, 5 MiB, 4096 MiB, 300 MHz, 1.51 W, 44, 0x0000000000000001
2026/10/07 06:45:38.822, 0 %, 5 MiB, 4096 MiB, 300 MHz, 1.46 W, 43, 0x0000000000000001
2026/10/07 06:45:40.843, 0 %, 5 MiB, 4096 MiB, 300 MHz, 1.47 W, 44, 0x0000000000000001
2026/10/07 06:45:42.864, 0 %, 5 MiB, 4096 MiB, 300 MHz, 1.48 W, 44, 0x0000000000000001
2026/10/07 06:45:44.886, 0 %, 5 MiB, 4096 MiB, 300 MHz, 1.49 W, 43, 0x0000000000000001
2026/10/07 06:45:46.907, 0 %, 5 MiB, 4096 MiB, 300 MHz, 1.43 W, 44, 0x0000000000000001
2026/10/07 06:45:48.929, 0 %, 5 MiB, 4096 MiB, 300 MHz, 1.39 W, 43, 0x0000000000000001
2026/10/07 06:45:50.950, 0 %, 5 MiB, 4096 MiB, 300 MHz, 1.43 W, 44, 0x0000000000000001
2026/10/07 06:45:52.971, 0 %, 5 MiB, 4096 MiB, 300 MHz, 1.42 W, 43, 0x0000000000000001
2026/10/07 06:45:54.993, 0 %, 5 MiB, 4096 MiB, 300 MHz, 1.38 W, 44, 0x0000000000000001
2026/10/07 06:45:57.014, 0 %, 5 MiB, 4096 MiB, 300 MHz, 1.56 W, 44, 0x0000000000000001
2026/10/07 06:45:59.036, 0 %, 5 MiB, 4096 MiB, 300 MHz, 1.43 W, 44, 0x0000000000000001
2026/10/07 06:46:01.058, 0 %, 5 MiB, 4096 MiB, 300 MHz, 1.47 W, 44, 0x0000000000000001
2026/10/07 06:46:03.079, 0 %, 5 MiB, 4096 MiB, 300 MHz, 1.45 W, 44, 0x0000000000000001
2026/10/07 06:46:05.101, 0 %, 5 MiB, 4096 MiB, 300 MHz, 1.48 W, 43, 0x0000000000000001
2026/10/07 06:46:07.122, 0 %, 5 MiB, 4096 MiB, 300 MHz, 1.51 W, 44, 0x0000000000000001
2026/10/07 06:46:09.144, 0 %, 5 MiB, 4096 MiB, 300 MHz, 1.43 W, 43, 0x0000000000000001
2026/10/07 06:46:11.166, 0 %, 5 MiB, 4096 MiB, 300 MHz, 1.42 W, 44, 0x0000000000000001
2026/10/07 06:46:13.188, 0 %, 5 MiB, 4096 MiB, 300 MHz, 1.43 W, 44, 0x0000000000000001
2026/10/07 06:46:15.209, 0 %, 5 MiB, 4096 MiB, 300 MHz, 1.38 W, 44, 0x0000000000000001
2026/10/07 06:46:17.231, 0 %, 5 MiB, 4096 MiB, 300 MHz, 1.58 W, 44, 0x0000000000000001
2026/10/07 06:46:19.253, 0 %, 5 MiB, 4096 MiB, 300 MHz, 1.46 W, 44, 0x0000000000000001
2026/10/07 06:46:21.274, 0 %, 5 MiB, 4096 MiB, 300 MHz, 1.48 W, 44, 0x0000000000000001
2026/10/07 06:46:23.295, 0 %, 5 MiB, 4096 MiB, 300 MHz, 1.46 W, 44, 0x0000000000000001
2026/10/07 06:46:25.316, 0 %, 5 MiB, 4096 MiB, 300 MHz, 1.48 W, 43, 0x0000000000000001
2026/10/07 06:46:27.337, 0 %, 5 MiB, 4096 MiB, 300 MHz, 1.71 W, 44, 0x0000000000000001
2026/10/07 06:46:29.359, 0 %, 5 MiB, 4096 MiB, 300 MHz, 1.45 W, 43, 0x0000000000000001
2026/10/07 06:46:31.381, 0 %, 5 MiB, 4096 MiB, 300 MHz, 1.45 W, 44, 0x0000000000000001
2026/10/07 06:46:33.403, 0 %, 5 MiB, 4096 MiB, 300 MHz, 1.45 W, 44, 0x0000000000000001
2026/10/07 06:46:35.424, 0 %, 5 MiB, 4096 MiB, 300 MHz, 1.48 W, 44, 0x0000000000000001
2026/10/07 06:46:37.445, 0 %, 5 MiB, 4096 MiB, 300 MHz, 1.63 W, 43, 0x0000000000000001
2026/10/07 06:46:39.467, 0 %, 5 MiB, 4096 MiB, 300 MHz, 1.45 W, 43, 0x0000000000000001
2026/10/07 06:46:41.489, 0 %, 5 MiB, 4096 MiB, 300 MHz, 1.45 W, 43, 0x0000000000000001
2026/10/07 06:46:43.510, 0 %, 5 MiB, 4096 MiB, 300 MHz, 1.41 W, 43, 0x0000000000000001
2026/10/07 06:46:45.532, 0 %, 5 MiB, 4096 MiB, 300 MHz, 1.44 W, 44, 0x0000000000000001
2026/10/07 06:46:47.554, 0 %, 5 MiB, 4096 MiB, 300 MHz, 1.69 W, 43, 0x0000000000000001
2026/10/07 06:46:49.576, 0 %, 5 MiB, 4096 MiB, 300 MHz, 1.62 W, 44, 0x0000000000000001
2026/10/07 06:46:51.597, 0 %, 5 MiB, 4096 MiB, 300 MHz, 1.49 W, 43, 0x0000000000000001
2026/10/07 06:46:53.619, 0 %, 5 MiB, 4096 MiB, 300 MHz, 1.53 W, 44, 0x0000000000000001
2026/10/07 06:46:55.640, 0 %, 5 MiB, 4096 MiB, 300 MHz, 1.55 W, 44, 0x0000000000000001
2026/10/07 06:46:57.662, 0 %, 5 MiB, 4096 MiB, 300 MHz, 1.70 W, 44, 0x0000000000000001
2026/10/07 06:46:59.683, 0 %, 5 MiB, 4096 MiB, 300 MHz, 1.53 W, 43, 0x0000000000000001
2026/10/07 06:47:01.704, 0 %, 5 MiB, 4096 MiB, 300 MHz, 1.38 W, 43, 0x0000000000000001
2026/10/07 06:47:03.726, 0 %, 5 MiB, 4096 MiB, 300 MHz, 1.49 W, 44, 0x0000000000000001
2026/10/07 06:47:05.747, 0 %, 5 MiB, 4096 MiB, 300 MHz, 1.48 W, 43, 0x0000000000000001
2026/10/07 06:47:07.769, 0 %, 5 MiB, 4096 MiB, 300 MHz, 1.72 W, 43, 0x0000000000000001
2026/10/07 06:47:09.790, 0 %, 5 MiB, 4096 MiB, 300 MHz, 1.47 W, 43, 0x0000000000000001
2026/10/07 06:47:11.811, 0 %, 5 MiB, 4096 MiB, 300 MHz, 1.47 W, 43, 0x0000000000000001
2026/10/07 06:47:13.832, 0 %, 5 MiB, 4096 MiB, 300 MHz, 1.44 W, 43, 0x0000000000000001
2026/10/07 06:47:15.854, 0 %, 5 MiB, 4096 MiB, 300 MHz, 1.42 W, 43, 0x0000000000000001
2026/10/07 06:47:17.876, 0 %, 5 MiB, 4096 MiB, 300 MHz, 1.78 W, 43, 0x0000000000000001
2026/10/07 06:47:19.897, 0 %, 5 MiB, 4096 MiB, 300 MHz, 1.43 W, 43, 0x0000000000000001
2026/10/07 06:47:21.919, 0 %, 5 MiB, 4096 MiB, 300 MHz, 1.48 W, 43, 0x0000000000000001
2026/10/07 06:47:23.940, 0 %, 5 MiB, 4096 MiB, 300 MHz, 1.49 W, 43, 0x0000000000000001
2026/10/07 06:47:25.962, 0 %, 5 MiB, 4096 MiB, 300 MHz, 1.50 W, 43, 0x0000000000000001
2026/10/07 06:47:27.983, 0 %, 5 MiB, 4096 MiB, 300 MHz, 1.74 W, 43, 0x0000000000000001
2026/10/07 06:47:30.004, 0 %, 5 MiB, 4096 MiB, 300 MHz, 1.42 W, 43, 0x0000000000000001
2026/10/07 06:47:32.025, 0 %, 5 MiB, 4096 MiB, 300 MHz, 1.39 W, 43, 0x0000000000000001
2026/10/07 06:47:34.047, 0 %, 5 MiB, 4096 MiB, 300 MHz, 1.41 W, 43, 0x0000000000000001
2026/10/07 06:47:36.068, 0 %, 5 MiB, 4096 MiB, 300 MHz, 1.47 W, 43, 0x0000000000000001
2026/10/07 06:47:38.089, 0 %, 5 MiB, 4096 MiB, 300 MHz, 1.83 W, 43, 0x0000000000000001
2026/10/07 06:47:40.111, 0 %, 5 MiB, 4096 MiB, 300 MHz, 1.41 W, 43, 0x0000000000000001
2026/10/07 06:47:42.133, 0 %, 5 MiB, 4096 MiB, 300 MHz, 1.47 W, 43, 0x0000000000000001
2026/10/07 06:47:44.154, 0 %, 5 MiB, 4096 MiB, 300 MHz, 1.44 W, 43, 0x0000000000000001
2026/10/07 06:47:46.175, 0 %, 5 MiB, 4096 MiB, 300 MHz, 1.45 W, 43, 0x0000000000000001
2026/10/07 06:47:48.197, 0 %, 5 MiB, 4096 MiB, 300 MHz, 1.82 W, 43, 0x0000000000000001
2026/10/07 06:47:50.219, 0 %, 5 MiB, 4096 MiB, 300 MHz, 1.29 W, 43, 0x0000000000000001
2026/10/07 06:47:52.240, 0 %, 5 MiB, 4096 MiB, 300 MHz, 1.40 W, 43, 0x0000000000000001
2026/10/07 06:47:54.261, 0 %, 5 MiB, 4096 MiB, 300 MHz, 1.28 W, 43, 0x0000000000000001
2026/10/07 06:47:56.282, 0 %, 5 MiB, 4096 MiB, 300 MHz, 1.40 W, 43, 0x0000000000000001
2026/10/07 06:47:58.304, 0 %, 5 MiB, 4096 MiB, 300 MHz, 1.05 W, 43, 0x0000000000000001
2026/10/07 06:48:00.326, 0 %, 5 MiB, 4096 MiB, 300 MHz, 1.50 W, 43, 0x0000000000000001
2026/10/07 06:48:02.348, 0 %, 5 MiB, 4096 MiB, 300 MHz, 1.48 W, 43, 0x0000000000000001
2026/10/07 06:48:04.369, 0 %, 5 MiB, 4096 MiB, 300 MHz, 1.50 W, 43, 0x0000000000000001
2026/10/07 06:48:06.391, 0 %, 5 MiB, 4096 MiB, 300 MHz, 1.44 W, 43, 0x0000000000000001
2026/10/07 06:48:08.412, 0 %, 5 MiB, 4096 MiB, 300 MHz, 1.50 W, 43, 0x0000000000000001
2026/10/07 06:48:10.433, 0 %, 5 MiB, 4096 MiB, 300 MHz, 1.46 W, 43, 0x0000000000000001
2026/10/07 06:48:12.456, 0 %, 5 MiB, 4096 MiB, 300 MHz, 1.44 W, 43, 0x0000000000000001
2026/10/07 06:48:14.478, 0 %, 5 MiB, 4096 MiB, 300 MHz, 1.43 W, 43, 0x0000000000000001
2026/10/07 06:48:16.500, 0 %, 5 MiB, 4096 MiB, 300 MHz, 1.40 W, 43, 0x0000000000000001
2026/10/07 06:48:18.522, 0 %, 5 MiB, 4096 MiB, 300 MHz, 1.42 W, 43, 0x0000000000000001
2026/10/07 06:48:20.543, 0 %, 5 MiB, 4096 MiB, 300 MHz, 1.48 W, 43, 0x0000000000000001
2026/10/07 06:48:22.565, 0 %, 5 MiB, 4096 MiB, 300 MHz, 1.45 W, 43, 0x0000000000000001
2026/10/07 06:48:24.586, 0 %, 5 MiB, 4096 MiB, 300 MHz, 1.43 W, 43, 0x0000000000000001
2026/10/07 06:48:26.608, 0 %, 5 MiB, 4096 MiB, 300 MHz, 1.47 W, 43, 0x0000000000000001
2026/10/07 06:48:28.630, 0 %, 5 MiB, 4096 MiB, 300 MHz, 1.47 W, 44, 0x0000000000000001
2026/10/07 06:48:30.651, 0 %, 5 MiB, 4096 MiB, 300 MHz, 1.49 W, 43, 0x0000000000000001
2026/10/07 06:48:32.673, 0 %, 5 MiB, 4096 MiB, 300 MHz, 1.40 W, 43, 0x0000000000000001
2026/10/07 06:48:34.694, 0 %, 5 MiB, 4096 MiB, 300 MHz, 1.43 W, 43, 0x0000000000000001
2026/10/07 06:48:36.716, 0 %, 5 MiB, 4096 MiB, 300 MHz, 1.39 W, 43, 0x0000000000000001
2026/10/07 06:48:38.737, 0 %, 5 MiB, 4096 MiB, 300 MHz, 1.40 W, 43, 0x0000000000000001
2026/10/07 06:48:40.758, 0 %, 5 MiB, 4096 MiB, 300 MHz, 1.56 W, 43, 0x0000000000000001
2026/10/07 06:48:42.780, 0 %, 5 MiB, 4096 MiB, 300 MHz, 1.52 W, 43, 0x0000000000000001
2026/10/07 06:48:44.802, 0 %, 5 MiB, 4096 MiB, 300 MHz, 1.56 W, 43, 0x0000000000000001
2026/10/07 06:48:46.823, 0 %, 5 MiB, 4096 MiB, 300 MHz, 1.53 W, 43, 0x0000000000000001
2026/10/07 06:48:48.845, 0 %, 5 MiB, 4096 MiB, 300 MHz, 1.48 W, 43, 0x0000000000000001
2026/10/07 06:48:50.866, 0 %, 5 MiB, 4096 MiB, 300 MHz, 1.52 W, 43, 0x0000000000000001
2026/10/07 06:48:52.888, 0 %, 5 MiB, 4096 MiB, 300 MHz, 1.43 W, 43, 0x0000000000000001
2026/10/07 06:48:54.909, 0 %, 5 MiB, 4096 MiB, 300 MHz, 1.44 W, 43, 0x0000000000000001
2026/10/07 06:48:56.930, 0 %, 5 MiB, 4096 MiB, 300 MHz, 1.46 W, 43, 0x0000000000000001
2026/10/07 06:48:58.951, 0 %, 5 MiB, 4096 MiB, 300 MHz, 1.46 W, 43, 0x0000000000000001
2026/10/07 06:49:00.972, 0 %, 5 MiB, 4096 MiB, 300 MHz, 1.61 W, 43, 0x0000000000000001
2026/10/07 06:49:02.994, 0 %, 5 MiB, 4096 MiB, 300 MHz, 1.47 W, 43, 0x0000000000000001
2026/10/07 06:49:05.015, 0 %, 5 MiB, 4096 MiB, 300 MHz, 1.47 W, 43, 0x0000000000000001
2026/10/07 06:49:07.036, 0 %, 5 MiB, 4096 MiB, 300 MHz, 1.36 W, 43, 0x0000000000000001
2026/10/07 06:49:09.058, 0 %, 5 MiB, 4096 MiB, 300 MHz, 1.46 W, 43, 0x0000000000000001
2026/10/07 06:49:11.080, 0 %, 5 MiB, 4096 MiB, 300 MHz, 1.56 W, 43, 0x0000000000000001
2026/10/07 06:49:13.101, 0 %, 5 MiB, 4096 MiB, 300 MHz, 1.40 W, 43, 0x0000000000000001
2026/10/07 06:49:15.122, 0 %, 5 MiB, 4096 MiB, 300 MHz, 1.42 W, 43, 0x0000000000000001
2026/10/07 06:49:17.144, 0 %, 5 MiB, 4096 MiB, 300 MHz, 1.43 W, 43, 0x0000000000000001
2026/10/07 06:49:19.165, 0 %, 5 MiB, 4096 MiB, 300 MHz, 1.40 W, 43, 0x0000000000000001
2026/10/07 06:49:21.187, 0 %, 5 MiB, 4096 MiB, 300 MHz, 1.64 W, 43, 0x0000000000000001
2026/10/07 06:49:23.208, 0 %, 5 MiB, 4096 MiB, 300 MHz, 1.42 W, 43, 0x0000000000000001
2026/10/07 06:49:25.230, 0 %, 5 MiB, 4096 MiB, 300 MHz, 1.41 W, 43, 0x0000000000000001
2026/10/07 06:49:27.251, 0 %, 5 MiB, 4096 MiB, 300 MHz, 1.46 W, 43, 0x0000000000000001
2026/10/07 06:49:29.273, 0 %, 5 MiB, 4096 MiB, 300 MHz, 1.47 W, 43, 0x0000000000000001
2026/10/07 06:49:31.294, 0 %, 5 MiB, 4096 MiB, 300 MHz, 1.64 W, 43, 0x0000000000000001
2026/10/07 06:49:33.315, 0 %, 5 MiB, 4096 MiB, 300 MHz, 1.43 W, 43, 0x0000000000000001
2026/10/07 06:49:35.337, 0 %, 5 MiB, 4096 MiB, 300 MHz, 1.43 W, 43, 0x0000000000000001
2026/10/07 06:49:37.358, 0 %, 5 MiB, 4096 MiB, 300 MHz, 1.41 W, 43, 0x0000000000000001
2026/10/07 06:49:39.380, 0 %, 5 MiB, 4096 MiB, 300 MHz, 1.42 W, 43, 0x0000000000000001
2026/10/07 06:49:41.401, 0 %, 5 MiB, 4096 MiB, 300 MHz, 1.66 W, 43, 0x0000000000000001
2026/10/07 06:49:43.422, 0 %, 5 MiB, 4096 MiB, 300 MHz, 1.25 W, 43, 0x0000000000000001
2026/10/07 06:49:45.443, 0 %, 5 MiB, 4096 MiB, 300 MHz, 1.46 W, 43, 0x0000000000000001
2026/10/07 06:49:47.465, 0 %, 5 MiB, 4096 MiB, 300 MHz, 1.45 W, 43, 0x0000000000000001
2026/10/07 06:49:49.486, 0 %, 5 MiB, 4096 MiB, 300 MHz, 1.44 W, 43, 0x0000000000000001
2026/10/07 06:49:51.508, 0 %, 5 MiB, 4096 MiB, 300 MHz, 1.77 W, 43, 0x0000000000000001
2026/10/07 06:49:53.529, 0 %, 5 MiB, 4096 MiB, 300 MHz, 1.42 W, 43, 0x0000000000000001
2026/10/07 06:49:55.551, 0 %, 5 MiB, 4096 MiB, 300 MHz, 1.42 W, 43, 0x0000000000000001
2026/10/07 06:49:57.572, 0 %, 5 MiB, 4096 MiB, 300 MHz, 1.46 W, 43, 0x0000000000000001
2026/10/07 06:49:59.594, 0 %, 5 MiB, 4096 MiB, 300 MHz, 1.48 W, 43, 0x0000000000000001
2026/10/07 06:50:01.616, 0 %, 5 MiB, 4096 MiB, 300 MHz, 1.71 W, 43, 0x0000000000000001
2026/10/07 06:50:03.637, 0 %, 5 MiB, 4096 MiB, 300 MHz, 1.46 W, 43, 0x0000000000000001
2026/10/07 06:50:05.658, 0 %, 5 MiB, 4096 MiB, 300 MHz, 1.46 W, 43, 0x0000000000000001
2026/10/07 06:50:07.680, 0 %, 5 MiB, 4096 MiB, 300 MHz, 1.48 W, 43, 0x0000000000000001
2026/10/07 06:50:09.701, 0 %, 5 MiB, 4096 MiB, 300 MHz, 1.45 W, 43, 0x0000000000000001
2026/10/07 06:50:11.722, 0 %, 5 MiB, 4096 MiB, 300 MHz, 1.77 W, 43, 0x0000000000000001
2026/10/07 06:50:13.743, 0 %, 5 MiB, 4096 MiB, 300 MHz, 1.41 W, 43, 0x0000000000000001
2026/10/07 06:50:15.765, 0 %, 5 MiB, 4096 MiB, 300 MHz, 1.49 W, 43, 0x0000000000000001
2026/10/07 06:50:17.786, 0 %, 5 MiB, 4096 MiB, 300 MHz, 1.43 W, 43, 0x0000000000000001
2026/10/07 06:50:19.807, 0 %, 5 MiB, 4096 MiB, 300 MHz, 1.21 W, 43, 0x0000000000000001
2026/10/07 06:50:21.829, 0 %, 5 MiB, 4096 MiB, 300 MHz, 1.93 W, 43, 0x0000000000000001
2026/10/07 06:50:23.851, 0 %, 5 MiB, 4096 MiB, 300 MHz, 1.54 W, 43, 0x0000000000000001
2026/10/07 06:50:25.873, 0 %, 5 MiB, 4096 MiB, 300 MHz, 1.52 W, 43, 0x0000000000000001
2026/10/07 06:50:27.894, 0 %, 5 MiB, 4096 MiB, 300 MHz, 1.55 W, 43, 0x0000000000000001
2026/10/07 06:50:29.916, 0 %, 5 MiB, 4096 MiB, 300 MHz, 1.52 W, 43, 0x0000000000000001
2026/10/07 06:50:31.938, 0 %, 5 MiB, 4096 MiB, 300 MHz, 1.77 W, 43, 0x0000000000000001
2026/10/07 06:50:33.960, 0 %, 5 MiB, 4096 MiB, 300 MHz, 1.43 W, 43, 0x0000000000000001
2026/10/07 06:50:35.981, 0 %, 5 MiB, 4096 MiB, 300 MHz, 1.46 W, 43, 0x0000000000000001
2026/10/07 06:50:38.002, 0 %, 5 MiB, 4096 MiB, 300 MHz, 1.39 W, 43, 0x0000000000000001
2026/10/07 06:50:40.024, 0 %, 5 MiB, 4096 MiB, 300 MHz, 1.42 W, 43, 0x0000000000000001
2026/10/07 06:50:42.046, 0 %, 5 MiB, 4096 MiB, 300 MHz, 1.80 W, 43, 0x0000000000000001
2026/10/07 06:50:44.067, 0 %, 5 MiB, 4096 MiB, 300 MHz, 1.44 W, 43, 0x0000000000000001
2026/10/07 06:50:46.088, 0 %, 5 MiB, 4096 MiB, 300 MHz, 1.42 W, 43, 0x0000000000000001
2026/10/07 06:50:48.110, 0 %, 5 MiB, 4096 MiB, 300 MHz, 1.48 W, 43, 0x0000000000000001
2026/10/07 06:50:50.131, 0 %, 5 MiB, 4096 MiB, 300 MHz, 1.51 W, 43, 0x0000000000000001
2026/10/07 06:50:52.152, 0 %, 5 MiB, 4096 MiB, 300 MHz, 1.83 W, 43, 0x0000000000000001
2026/10/07 06:50:54.174, 0 %, 5 MiB, 4096 MiB, 300 MHz, 1.42 W, 43, 0x0000000000000001
2026/10/07 06:50:56.195, 0 %, 5 MiB, 4096 MiB, 300 MHz, 1.39 W, 43, 0x0000000000000001
2026/10/07 06:50:58.216, 0 %, 5 MiB, 4096 MiB, 300 MHz, 1.40 W, 43, 0x0000000000000001
2026/10/07 06:51:00.238, 0 %, 5 MiB, 4096 MiB, 300 MHz, 1.42 W, 43, 0x0000000000000001
2026/10/07 06:51:02.259, 0 %, 5 MiB, 4096 MiB, 300 MHz, 1.43 W, 43, 0x0000000000000001
2026/10/07 06:51:04.280, 0 %, 5 MiB, 4096 MiB, 300 MHz, 1.57 W, 43, 0x0000000000000001
2026/10/07 06:51:06.302, 0 %, 5 MiB, 4096 MiB, 300 MHz, 1.52 W, 43, 0x0000000000000001
2026/10/07 06:51:08.323, 0 %, 5 MiB, 4096 MiB, 300 MHz, 1.43 W, 43, 0x0000000000000001
2026/10/07 06:51:10.345, 0 %, 5 MiB, 4096 MiB, 300 MHz, 1.45 W, 43, 0x0000000000000001
2026/10/07 06:51:12.373, 0 %, 5 MiB, 4096 MiB, 300 MHz, 1.77 W, 43, 0x0000000000000001
2026/10/07 06:51:14.395, 0 %, 5 MiB, 4096 MiB, 300 MHz, 1.40 W, 43, 0x0000000000000001
2026/10/07 06:51:16.416, 0 %, 5 MiB, 4096 MiB, 300 MHz, 1.42 W, 43, 0x0000000000000001
2026/10/07 06:51:18.437, 0 %, 5 MiB, 4096 MiB, 300 MHz, 1.45 W, 43, 0x0000000000000001
2026/10/07 06:51:20.458, 0 %, 5 MiB, 4096 MiB, 300 MHz, 1.42 W, 43, 0x0000000000000001
2026/10/07 06:51:22.480, 0 %, 5 MiB, 4096 MiB, 300 MHz, 1.90 W, 43, 0x0000000000000001
2026/10/07 06:51:24.501, 0 %, 5 MiB, 4096 MiB, 300 MHz, 1.47 W, 43, 0x0000000000000001
2026/10/07 06:51:26.523, 0 %, 5 MiB, 4096 MiB, 300 MHz, 1.44 W, 44, 0x0000000000000001
2026/10/07 06:51:28.544, 0 %, 5 MiB, 4096 MiB, 300 MHz, 1.49 W, 43, 0x0000000000000001
2026/10/07 06:51:30.565, 0 %, 5 MiB, 4096 MiB, 300 MHz, 1.44 W, 43, 0x0000000000000001
2026/10/07 06:51:32.587, 0 %, 5 MiB, 4096 MiB, 300 MHz, 1.46 W, 43, 0x0000000000000001
2026/10/07 06:51:34.608, 0 %, 5 MiB, 4096 MiB, 300 MHz, 1.45 W, 43, 0x0000000000000001
2026/10/07 06:51:36.630, 0 %, 5 MiB, 4096 MiB, 300 MHz, 1.47 W, 43, 0x0000000000000001
2026/10/07 06:51:38.652, 0 %, 5 MiB, 4096 MiB, 300 MHz, 1.43 W, 43, 0x0000000000000001
2026/10/07 06:51:40.673, 0 %, 5 MiB, 4096 MiB, 300 MHz, 1.39 W, 43, 0x0000000000000001
2026/10/07 06:51:42.694, 0 %, 5 MiB, 4096 MiB, 300 MHz, 1.39 W, 43, 0x0000000000000001
2026/10/07 06:51:44.715, 0 %, 5 MiB, 4096 MiB, 300 MHz, 1.56 W, 43, 0x0000000000000001
2026/10/07 06:51:46.737, 0 %, 5 MiB, 4096 MiB, 300 MHz, 1.45 W, 43, 0x0000000000000001
2026/10/07 06:51:48.759, 0 %, 5 MiB, 4096 MiB, 300 MHz, 1.47 W, 43, 0x0000000000000001
2026/10/07 06:51:50.781, 0 %, 5 MiB, 4096 MiB, 300 MHz, 1.45 W, 43, 0x0000000000000001
2026/10/07 06:51:52.802, 0 %, 5 MiB, 4096 MiB, 300 MHz, 1.49 W, 43, 0x0000000000000001
2026/10/07 06:51:54.823, 0 %, 5 MiB, 4096 MiB, 300 MHz, 1.52 W, 43, 0x0000000000000001
2026/10/07 06:51:56.845, 0 %, 5 MiB, 4096 MiB, 300 MHz, 1.43 W, 43, 0x0000000000000001
2026/10/07 06:51:58.867, 0 %, 5 MiB, 4096 MiB, 300 MHz, 1.38 W, 43, 0x0000000000000001
2026/10/07 06:52:00.888, 0 %, 5 MiB, 4096 MiB, 300 MHz, 1.42 W, 43, 0x0000000000000001
2026/10/07 06:52:02.909, 0 %, 5 MiB, 4096 MiB, 300 MHz, 1.43 W, 43, 0x0000000000000001
2026/10/07 06:52:04.930, 0 %, 5 MiB, 4096 MiB, 300 MHz, 1.65 W, 43, 0x0000000000000001
2026/10/07 06:52:06.952, 0 %, 5 MiB, 4096 MiB, 300 MHz, 1.57 W, 43, 0x0000000000000001
2026/10/07 06:52:08.973, 0 %, 5 MiB, 4096 MiB, 300 MHz, 1.52 W, 43, 0x0000000000000001
2026/10/07 06:52:10.994, 0 %, 5 MiB, 4096 MiB, 300 MHz, 1.52 W, 43, 0x0000000000000001
2026/10/07 06:52:13.016, 0 %, 5 MiB, 4096 MiB, 300 MHz, 1.52 W, 43, 0x0000000000000001
2026/10/07 06:52:15.038, 0 %, 5 MiB, 4096 MiB, 300 MHz, 1.59 W, 43, 0x0000000000000001
2026/10/07 06:52:17.059, 0 %, 5 MiB, 4096 MiB, 300 MHz, 1.45 W, 43, 0x0000000000000001
2026/10/07 06:52:19.081, 0 %, 5 MiB, 4096 MiB, 300 MHz, 1.43 W, 43, 0x0000000000000001
2026/10/07 06:52:21.102, 0 %, 5 MiB, 4096 MiB, 300 MHz, 1.50 W, 43, 0x0000000000000001
2026/10/07 06:52:23.123, 0 %, 5 MiB, 4096 MiB, 300 MHz, 1.48 W, 43, 0x0000000000000001
2026/10/07 06:52:25.144, 0 %, 5 MiB, 4096 MiB, 300 MHz, 1.73 W, 43, 0x0000000000000001
2026/10/07 06:52:27.166, 0 %, 5 MiB, 4096 MiB, 300 MHz, 1.48 W, 43, 0x0000000000000001
2026/10/07 06:52:29.187, 0 %, 5 MiB, 4096 MiB, 300 MHz, 1.44 W, 43, 0x0000000000000001
2026/10/07 06:52:31.208, 0 %, 5 MiB, 4096 MiB, 300 MHz, 1.45 W, 43, 0x0000000000000001
2026/10/07 06:52:33.230, 0 %, 5 MiB, 4096 MiB, 300 MHz, 1.50 W, 43, 0x0000000000000001
2026/10/07 06:52:35.251, 0 %, 5 MiB, 4096 MiB, 300 MHz, 1.66 W, 43, 0x0000000000000001
2026/10/07 06:52:37.272, 0 %, 5 MiB, 4096 MiB, 300 MHz, 1.43 W, 43, 0x0000000000000001
2026/10/07 06:52:39.294, 0 %, 5 MiB, 4096 MiB, 300 MHz, 1.43 W, 43, 0x0000000000000001
2026/10/07 06:52:41.315, 0 %, 5 MiB, 4096 MiB, 300 MHz, 1.40 W, 43, 0x0000000000000001
2026/10/07 06:52:43.337, 0 %, 5 MiB, 4096 MiB, 300 MHz, 1.36 W, 43, 0x0000000000000001
2026/10/07 06:52:45.358, 0 %, 5 MiB, 4096 MiB, 300 MHz, 1.78 W, 43, 0x0000000000000001
2026/10/07 06:52:47.380, 0 %, 5 MiB, 4096 MiB, 300 MHz, 1.38 W, 43, 0x0000000000000001
2026/10/07 06:52:49.401, 0 %, 5 MiB, 4096 MiB, 300 MHz, 1.40 W, 43, 0x0000000000000001
2026/10/07 06:52:51.422, 0 %, 5 MiB, 4096 MiB, 300 MHz, 1.47 W, 43, 0x0000000000000001
2026/10/07 06:52:53.443, 0 %, 5 MiB, 4096 MiB, 300 MHz, 1.46 W, 43, 0x0000000000000001
2026/10/07 06:52:55.465, 0 %, 5 MiB, 4096 MiB, 300 MHz, 1.77 W, 43, 0x0000000000000001
2026/10/07 06:52:57.486, 0 %, 5 MiB, 4096 MiB, 300 MHz, 1.39 W, 43, 0x0000000000000001
2026/10/07 06:52:59.507, 0 %, 5 MiB, 4096 MiB, 300 MHz, 1.40 W, 43, 0x0000000000000001
2026/10/07 06:53:01.529, 0 %, 5 MiB, 4096 MiB, 300 MHz, 1.39 W, 43, 0x0000000000000001
2026/10/07 06:53:03.550, 0 %, 5 MiB, 4096 MiB, 300 MHz, 1.43 W, 43, 0x0000000000000001
2026/10/07 06:53:05.571, 0 %, 5 MiB, 4096 MiB, 300 MHz, 1.80 W, 43, 0x0000000000000001
2026/10/07 06:53:07.593, 0 %, 5 MiB, 4096 MiB, 300 MHz, 1.42 W, 43, 0x0000000000000001
2026/10/07 06:53:09.614, 0 %, 5 MiB, 4096 MiB, 300 MHz, 1.45 W, 43, 0x0000000000000001
2026/10/07 06:53:11.635, 0 %, 5 MiB, 4096 MiB, 300 MHz, 1.35 W, 43, 0x0000000000000001
2026/10/07 06:53:13.657, 0 %, 5 MiB, 4096 MiB, 300 MHz, 1.47 W, 43, 0x0000000000000001
2026/10/07 06:53:15.678, 0 %, 5 MiB, 4096 MiB, 300 MHz, 1.83 W, 43, 0x0000000000000001
2026/10/07 06:53:17.699, 0 %, 5 MiB, 4096 MiB, 300 MHz, 1.38 W, 43, 0x0000000000000001
2026/10/07 06:53:19.721, 0 %, 5 MiB, 4096 MiB, 300 MHz, 1.37 W, 43, 0x0000000000000001
2026/10/07 06:53:21.742, 0 %, 5 MiB, 4096 MiB, 300 MHz, 1.46 W, 43, 0x0000000000000001
2026/10/07 06:53:23.764, 0 %, 5 MiB, 4096 MiB, 300 MHz, 1.42 W, 43, 0x0000000000000001
2026/10/07 06:53:25.785, 0 %, 5 MiB, 4096 MiB, 300 MHz, 1.43 W, 43, 0x0000000000000001
2026/10/07 06:53:27.806, 0 %, 5 MiB, 4096 MiB, 300 MHz, 1.50 W, 43, 0x0000000000000001
2026/10/07 06:53:29.828, 0 %, 5 MiB, 4096 MiB, 300 MHz, 1.48 W, 43, 0x0000000000000001
2026/10/07 06:53:31.849, 0 %, 5 MiB, 4096 MiB, 300 MHz, 1.42 W, 43, 0x0000000000000001
2026/10/07 06:53:33.871, 0 %, 5 MiB, 4096 MiB, 300 MHz, 1.45 W, 43, 0x0000000000000001
2026/10/07 06:53:35.892, 0 %, 5 MiB, 4096 MiB, 300 MHz, 1.49 W, 43, 0x0000000000000001
2026/10/07 06:53:37.914, 0 %, 5 MiB, 4096 MiB, 300 MHz, 1.48 W, 43, 0x0000000000000001
2026/10/07 06:53:39.936, 0 %, 5 MiB, 4096 MiB, 300 MHz, 1.43 W, 43, 0x0000000000000001
2026/10/07 06:53:41.957, 0 %, 5 MiB, 4096 MiB, 300 MHz, 1.42 W, 43, 0x0000000000000001
2026/10/07 06:53:43.978, 0 %, 5 MiB, 4096 MiB, 300 MHz, 1.38 W, 43, 0x0000000000000001
2026/10/07 06:53:45.999, 0 %, 5 MiB, 4096 MiB, 300 MHz, 1.38 W, 43, 0x0000000000000001
2026/10/07 06:53:48.021, 0 %, 5 MiB, 4096 MiB, 300 MHz, 1.63 W, 43, 0x0000000000000001
2026/10/07 06:53:50.042, 0 %, 5 MiB, 4096 MiB, 300 MHz, 1.46 W, 43, 0x0000000000000001
2026/10/07 06:53:52.063, 0 %, 5 MiB, 4096 MiB, 300 MHz, 1.48 W, 43, 0x0000000000000001
2026/10/07 06:53:54.085, 0 %, 5 MiB, 4096 MiB, 300 MHz, 1.49 W, 43, 0x0000000000000001
2026/10/07 06:53:56.106, 0 %, 5 MiB, 4096 MiB, 300 MHz, 1.57 W, 43, 0x0000000000000001
2026/10/07 06:53:58.128, 0 %, 5 MiB, 4096 MiB, 300 MHz, 1.67 W, 43, 0x0000000000000001
2026/10/07 06:54:00.149, 0 %, 5 MiB, 4096 MiB, 300 MHz, 1.52 W, 43, 0x0000000000000001
2026/10/07 06:54:02.170, 0 %, 5 MiB, 4096 MiB, 300 MHz, 1.48 W, 43, 0x0000000000000001
2026/10/07 06:54:04.191, 0 %, 5 MiB, 4096 MiB, 300 MHz, 1.56 W, 43, 0x0000000000000001
2026/10/07 06:54:06.213, 0 %, 5 MiB, 4096 MiB, 300 MHz, 1.50 W, 43, 0x0000000000000001
2026/10/07 06:54:08.235, 0 %, 5 MiB, 4096 MiB, 300 MHz, 1.62 W, 43, 0x0000000000000001
2026/10/07 06:54:10.256, 0 %, 5 MiB, 4096 MiB, 300 MHz, 1.49 W, 43, 0x0000000000000001
2026/10/07 06:54:12.278, 0 %, 5 MiB, 4096 MiB, 300 MHz, 1.53 W, 43, 0x0000000000000001
2026/10/07 06:54:14.299, 0 %, 5 MiB, 4096 MiB, 300 MHz, 1.48 W, 43, 0x0000000000000001
2026/10/07 06:54:16.320, 0 %, 5 MiB, 4096 MiB, 300 MHz, 1.47 W, 43, 0x0000000000000001
2026/10/07 06:54:18.342, 0 %, 5 MiB, 4096 MiB, 300 MHz, 1.68 W, 43, 0x0000000000000001
2026/10/07 06:54:20.362, 0 %, 5 MiB, 4096 MiB, 300 MHz, 1.04 W, 43, 0x0000000000000001
2026/10/07 06:54:22.384, 0 %, 5 MiB, 4096 MiB, 300 MHz, 1.38 W, 43, 0x0000000000000001
2026/10/07 06:54:24.405, 0 %, 5 MiB, 4096 MiB, 300 MHz, 1.42 W, 43, 0x0000000000000001
2026/10/07 06:54:26.427, 0 %, 5 MiB, 4096 MiB, 300 MHz, 1.45 W, 43, 0x0000000000000001
2026/10/07 06:54:28.448, 0 %, 5 MiB, 4096 MiB, 300 MHz, 1.76 W, 43, 0x0000000000000001
2026/10/07 06:54:30.469, 0 %, 5 MiB, 4096 MiB, 300 MHz, 1.50 W, 43, 0x0000000000000001
2026/10/07 06:54:32.490, 0 %, 5 MiB, 4096 MiB, 300 MHz, 1.45 W, 43, 0x0000000000000001
2026/10/07 06:54:34.512, 0 %, 5 MiB, 4096 MiB, 300 MHz, 1.46 W, 43, 0x0000000000000001
2026/10/07 06:54:36.534, 0 %, 5 MiB, 4096 MiB, 300 MHz, 1.46 W, 43, 0x0000000000000001
2026/10/07 06:54:38.555, 0 %, 5 MiB, 4096 MiB, 300 MHz, 1.74 W, 43, 0x0000000000000001
2026/10/07 06:54:40.577, 0 %, 5 MiB, 4096 MiB, 300 MHz, 1.46 W, 43, 0x0000000000000001
2026/10/07 06:54:42.599, 0 %, 5 MiB, 4096 MiB, 300 MHz, 1.54 W, 43, 0x0000000000000001
2026/10/07 06:54:44.620, 0 %, 5 MiB, 4096 MiB, 300 MHz, 1.45 W, 43, 0x0000000000000001
2026/10/07 06:54:46.641, 0 %, 5 MiB, 4096 MiB, 300 MHz, 1.41 W, 43, 0x0000000000000001
2026/10/07 06:54:48.663, 0 %, 5 MiB, 4096 MiB, 300 MHz, 1.87 W, 43, 0x0000000000000001
2026/10/07 06:54:50.684, 0 %, 5 MiB, 4096 MiB, 300 MHz, 1.44 W, 43, 0x0000000000000001
2026/10/07 06:54:52.705, 0 %, 5 MiB, 4096 MiB, 300 MHz, 1.48 W, 43, 0x0000000000000001
2026/10/07 06:54:54.726, 0 %, 5 MiB, 4096 MiB, 300 MHz, 1.53 W, 43, 0x0000000000000001
2026/10/07 06:54:56.748, 0 %, 5 MiB, 4096 MiB, 300 MHz, 1.51 W, 43, 0x0000000000000001
2026/10/07 06:54:58.769, 0 %, 5 MiB, 4096 MiB, 300 MHz, 1.85 W, 43, 0x0000000000000001
2026/10/07 06:55:00.790, 0 %, 5 MiB, 4096 MiB, 300 MHz, 1.46 W, 43, 0x0000000000000001
2026/10/07 06:55:02.811, 0 %, 5 MiB, 4096 MiB, 300 MHz, 1.45 W, 43, 0x0000000000000001
2026/10/07 06:55:04.832, 0 %, 5 MiB, 4096 MiB, 300 MHz, 1.41 W, 43, 0x0000000000000001
2026/10/07 06:55:06.854, 0 %, 5 MiB, 4096 MiB, 300 MHz, 1.38 W, 43, 0x0000000000000001
2026/10/07 06:55:08.875, 0 %, 5 MiB, 4096 MiB, 300 MHz, 1.44 W, 43, 0x0000000000000001
2026/10/07 06:55:10.896, 0 %, 5 MiB, 4096 MiB, 300 MHz, 1.46 W, 43, 0x0000000000000001
2026/10/07 06:55:12.918, 0 %, 5 MiB, 4096 MiB, 300 MHz, 1.46 W, 43, 0x0000000000000001
2026/10/07 06:55:14.939, 0 %, 5 MiB, 4096 MiB, 300 MHz, 1.48 W, 43, 0x0000000000000001
2026/10/07 06:55:16.960, 0 %, 5 MiB, 4096 MiB, 300 MHz, 1.48 W, 43, 0x0000000000000001
2026/10/07 06:55:18.982, 0 %, 5 MiB, 4096 MiB, 300 MHz, 1.43 W, 43, 0x0000000000000001
2026/10/07 06:55:21.003, 0 %, 5 MiB, 4096 MiB, 300 MHz, 1.53 W, 43, 0x0000000000000001
2026/10/07 06:55:23.025, 0 %, 5 MiB, 4096 MiB, 300 MHz, 1.41 W, 43, 0x0000000000000001
2026/10/07 06:55:25.046, 0 %, 5 MiB, 4096 MiB, 300 MHz, 1.10 W, 43, 0x0000000000000001
2026/10/07 06:55:27.068, 0 %, 5 MiB, 4096 MiB, 300 MHz, 1.45 W, 43, 0x0000000000000001
2026/10/07 06:55:29.089, 0 %, 5 MiB, 4096 MiB, 300 MHz, 1.45 W, 43, 0x0000000000000001
2026/10/07 06:55:31.110, 0 %, 5 MiB, 4096 MiB, 300 MHz, 1.61 W, 43, 0x0000000000000001
2026/10/07 06:55:33.133, 0 %, 5 MiB, 4096 MiB, 300 MHz, 1.51 W, 43, 0x0000000000000001
2026/10/07 06:55:35.155, 0 %, 5 MiB, 4096 MiB, 300 MHz, 1.47 W, 43, 0x0000000000000001
2026/10/07 06:55:37.177, 0 %, 5 MiB, 4096 MiB, 300 MHz, 1.50 W, 43, 0x0000000000000001
2026/10/07 06:55:39.198, 0 %, 5 MiB, 4096 MiB, 300 MHz, 1.49 W, 43, 0x0000000000000001
2026/10/07 06:55:41.220, 0 %, 5 MiB, 4096 MiB, 300 MHz, 1.61 W, 43, 0x0000000000000001
2026/10/07 06:55:43.242, 0 %, 5 MiB, 4096 MiB, 300 MHz, 1.50 W, 43, 0x0000000000000001
2026/10/07 06:55:45.263, 0 %, 5 MiB, 4096 MiB, 300 MHz, 1.51 W, 43, 0x0000000000000001
2026/10/07 06:55:47.286, 0 %, 5 MiB, 4096 MiB, 300 MHz, 1.50 W, 43, 0x0000000000000001
2026/10/07 06:55:49.307, 0 %, 5 MiB, 4096 MiB, 300 MHz, 1.48 W, 43, 0x0000000000000001
2026/10/07 06:55:51.328, 0 %, 5 MiB, 4096 MiB, 300 MHz, 1.54 W, 43, 0x0000000000000001
2026/10/07 06:55:53.351, 0 %, 5 MiB, 4096 MiB, 300 MHz, 1.42 W, 43, 0x0000000000000001
2026/10/07 06:55:55.372, 0 %, 5 MiB, 4096 MiB, 300 MHz, 1.45 W, 43, 0x0000000000000001
2026/10/07 06:55:57.393, 0 %, 5 MiB, 4096 MiB, 300 MHz, 1.50 W, 43, 0x0000000000000001
2026/10/07 06:55:59.415, 0 %, 5 MiB, 4096 MiB, 300 MHz, 1.51 W, 43, 0x0000000000000001
2026/10/07 06:56:01.437, 0 %, 5 MiB, 4096 MiB, 300 MHz, 1.48 W, 43, 0x0000000000000001
2026/10/07 06:56:03.458, 0 %, 5 MiB, 4096 MiB, 300 MHz, 1.46 W, 43, 0x0000000000000001
2026/10/07 06:56:05.480, 0 %, 5 MiB, 4096 MiB, 300 MHz, 1.39 W, 43, 0x0000000000000001
2026/10/07 06:56:07.501, 0 %, 5 MiB, 4096 MiB, 300 MHz, 1.41 W, 43, 0x0000000000000001
2026/10/07 06:56:09.522, 0 %, 5 MiB, 4096 MiB, 300 MHz, 1.38 W, 43, 0x0000000000000001
2026/10/07 06:56:11.543, 0 %, 5 MiB, 4096 MiB, 300 MHz, 1.54 W, 43, 0x0000000000000001
2026/10/07 06:56:13.565, 0 %, 5 MiB, 4096 MiB, 300 MHz, 1.40 W, 43, 0x0000000000000001
2026/10/07 06:56:15.586, 0 %, 5 MiB, 4096 MiB, 300 MHz, 1.44 W, 43, 0x0000000000000001
2026/10/07 06:56:17.608, 0 %, 5 MiB, 4096 MiB, 300 MHz, 1.49 W, 43, 0x0000000000000001
2026/10/07 06:56:19.629, 0 %, 5 MiB, 4096 MiB, 300 MHz, 1.44 W, 43, 0x0000000000000001
2026/10/07 06:56:21.651, 0 %, 5 MiB, 4096 MiB, 300 MHz, 1.62 W, 43, 0x0000000000000001
2026/10/07 06:56:23.672, 0 %, 5 MiB, 4096 MiB, 300 MHz, 1.40 W, 43, 0x0000000000000001
2026/10/07 06:56:25.693, 0 %, 5 MiB, 4096 MiB, 300 MHz, 1.42 W, 43, 0x0000000000000001
2026/10/07 06:56:27.715, 0 %, 5 MiB, 4096 MiB, 300 MHz, 1.44 W, 43, 0x0000000000000001
2026/10/07 06:56:29.736, 0 %, 5 MiB, 4096 MiB, 300 MHz, 1.48 W, 43, 0x0000000000000001
2026/10/07 06:56:31.757, 0 %, 5 MiB, 4096 MiB, 300 MHz, 1.69 W, 43, 0x0000000000000001
2026/10/07 06:56:33.779, 0 %, 5 MiB, 4096 MiB, 300 MHz, 1.49 W, 43, 0x0000000000000001
2026/10/07 06:56:35.800, 0 %, 5 MiB, 4096 MiB, 300 MHz, 1.47 W, 43, 0x0000000000000001
2026/10/07 06:56:37.822, 0 %, 5 MiB, 4096 MiB, 300 MHz, 1.44 W, 43, 0x0000000000000001
2026/10/07 06:56:39.843, 0 %, 5 MiB, 4096 MiB, 300 MHz, 1.43 W, 43, 0x0000000000000001
2026/10/07 06:56:41.864, 0 %, 5 MiB, 4096 MiB, 300 MHz, 1.68 W, 43, 0x0000000000000001
2026/10/07 06:56:43.885, 0 %, 5 MiB, 4096 MiB, 300 MHz, 1.42 W, 43, 0x0000000000000001
2026/10/07 06:56:45.906, 0 %, 5 MiB, 4096 MiB, 300 MHz, 1.46 W, 43, 0x0000000000000001
2026/10/07 06:56:47.927, 0 %, 5 MiB, 4096 MiB, 300 MHz, 1.44 W, 43, 0x0000000000000001
2026/10/07 06:56:49.948, 0 %, 5 MiB, 4096 MiB, 300 MHz, 1.40 W, 43, 0x0000000000000001
2026/10/07 06:56:51.970, 0 %, 5 MiB, 4096 MiB, 300 MHz, 1.84 W, 43, 0x0000000000000001
2026/10/07 06:56:53.991, 0 %, 5 MiB, 4096 MiB, 300 MHz, 1.44 W, 43, 0x0000000000000001
2026/10/07 06:56:56.012, 0 %, 5 MiB, 4096 MiB, 300 MHz, 1.39 W, 43, 0x0000000000000001
2026/10/07 06:56:58.033, 0 %, 5 MiB, 4096 MiB, 300 MHz, 1.36 W, 43, 0x0000000000000001
2026/10/07 06:57:00.054, 0 %, 5 MiB, 4096 MiB, 300 MHz, 1.48 W, 43, 0x0000000000000001
2026/10/07 06:57:02.076, 0 %, 5 MiB, 4096 MiB, 300 MHz, 1.43 W, 43, 0x0000000000000001
2026/10/07 06:57:04.098, 0 %, 5 MiB, 4096 MiB, 300 MHz, 1.47 W, 43, 0x0000000000000001
2026/10/07 06:57:06.120, 0 %, 5 MiB, 4096 MiB, 300 MHz, 1.43 W, 43, 0x0000000000000001
2026/10/07 06:57:08.141, 0 %, 5 MiB, 4096 MiB, 300 MHz, 1.50 W, 43, 0x0000000000000001
2026/10/07 06:57:10.162, 0 %, 5 MiB, 4096 MiB, 300 MHz, 1.42 W, 43, 0x0000000000000001
2026/10/07 06:57:12.184, 0 %, 5 MiB, 4096 MiB, 300 MHz, 1.47 W, 43, 0x0000000000000001
2026/10/07 06:57:14.205, 0 %, 5 MiB, 4096 MiB, 300 MHz, 1.50 W, 43, 0x0000000000000001
2026/10/07 06:57:16.227, 0 %, 5 MiB, 4096 MiB, 300 MHz, 1.50 W, 43, 0x0000000000000001
2026/10/07 06:57:18.249, 0 %, 5 MiB, 4096 MiB, 300 MHz, 1.49 W, 43, 0x0000000000000001
2026/10/07 06:57:20.270, 0 %, 5 MiB, 4096 MiB, 300 MHz, 1.41 W, 43, 0x0000000000000001
2026/10/07 06:57:22.291, 0 %, 5 MiB, 4096 MiB, 300 MHz, 1.45 W, 43, 0x0000000000000001
2026/10/07 06:57:24.313, 0 %, 5 MiB, 4096 MiB, 300 MHz, 1.72 W, 43, 0x0000000000000001
2026/10/07 06:57:26.335, 0 %, 5 MiB, 4096 MiB, 300 MHz, 1.53 W, 43, 0x0000000000000001
2026/10/07 06:57:28.356, 0 %, 5 MiB, 4096 MiB, 300 MHz, 1.52 W, 43, 0x0000000000000001
2026/10/07 06:57:30.377, 0 %, 5 MiB, 4096 MiB, 300 MHz, 1.58 W, 43, 0x0000000000000001
2026/10/07 06:57:32.399, 0 %, 5 MiB, 4096 MiB, 300 MHz, 1.54 W, 43, 0x0000000000000001
2026/10/07 06:57:34.420, 0 %, 5 MiB, 4096 MiB, 300 MHz, 1.63 W, 43, 0x0000000000000001
2026/10/07 06:57:36.443, 0 %, 5 MiB, 4096 MiB, 300 MHz, 1.45 W, 43, 0x0000000000000001
2026/10/07 06:57:38.465, 0 %, 5 MiB, 4096 MiB, 300 MHz, 1.42 W, 43, 0x0000000000000001
2026/10/07 06:57:40.486, 0 %, 5 MiB, 4096 MiB, 300 MHz, 1.42 W, 43, 0x0000000000000001
2026/10/07 06:57:42.507, 0 %, 5 MiB, 4096 MiB, 300 MHz, 1.44 W, 43, 0x0000000000000001
2026/10/07 06:57:44.528, 0 %, 5 MiB, 4096 MiB, 300 MHz, 1.57 W, 43, 0x0000000000000001
2026/10/07 06:57:46.549, 0 %, 5 MiB, 4096 MiB, 300 MHz, 1.45 W, 43, 0x0000000000000001
2026/10/07 06:57:48.571, 0 %, 5 MiB, 4096 MiB, 300 MHz, 1.45 W, 43, 0x0000000000000001
2026/10/07 06:57:50.592, 0 %, 5 MiB, 4096 MiB, 300 MHz, 1.50 W, 43, 0x0000000000000001
2026/10/07 06:57:52.614, 0 %, 5 MiB, 4096 MiB, 300 MHz, 1.44 W, 43, 0x0000000000000001
2026/10/07 06:57:54.635, 0 %, 5 MiB, 4096 MiB, 300 MHz, 1.60 W, 43, 0x0000000000000001
2026/10/07 06:57:56.656, 0 %, 5 MiB, 4096 MiB, 300 MHz, 1.40 W, 43, 0x0000000000000001
2026/10/07 06:57:58.678, 0 %, 5 MiB, 4096 MiB, 300 MHz, 1.45 W, 43, 0x0000000000000001
2026/10/07 06:58:00.699, 0 %, 5 MiB, 4096 MiB, 300 MHz, 1.42 W, 43, 0x0000000000000001
2026/10/07 06:58:02.720, 0 %, 5 MiB, 4096 MiB, 300 MHz, 1.43 W, 43, 0x0000000000000001
2026/10/07 06:58:04.742, 0 %, 5 MiB, 4096 MiB, 300 MHz, 1.65 W, 43, 0x0000000000000001
2026/10/07 06:58:06.764, 0 %, 5 MiB, 4096 MiB, 300 MHz, 1.52 W, 43, 0x0000000000000001
2026/10/07 06:58:08.785, 0 %, 5 MiB, 4096 MiB, 300 MHz, 1.47 W, 43, 0x0000000000000001
2026/10/07 06:58:10.806, 0 %, 5 MiB, 4096 MiB, 300 MHz, 1.49 W, 43, 0x0000000000000001
2026/10/07 06:58:12.827, 0 %, 5 MiB, 4096 MiB, 300 MHz, 1.45 W, 43, 0x0000000000000001
2026/10/07 06:58:14.849, 0 %, 5 MiB, 4096 MiB, 300 MHz, 1.69 W, 43, 0x0000000000000001
2026/10/07 06:58:16.870, 0 %, 5 MiB, 4096 MiB, 300 MHz, 1.43 W, 43, 0x0000000000000001
2026/10/07 06:58:18.892, 0 %, 5 MiB, 4096 MiB, 300 MHz, 1.47 W, 43, 0x0000000000000001
2026/10/07 06:58:20.913, 0 %, 5 MiB, 4096 MiB, 300 MHz, 1.42 W, 43, 0x0000000000000001
2026/10/07 06:58:22.935, 0 %, 5 MiB, 4096 MiB, 300 MHz, 1.42 W, 43, 0x0000000000000001
2026/10/07 06:58:24.956, 0 %, 5 MiB, 4096 MiB, 300 MHz, 1.77 W, 43, 0x0000000000000001
2026/10/07 06:58:26.977, 0 %, 5 MiB, 4096 MiB, 300 MHz, 1.48 W, 43, 0x0000000000000001
2026/10/07 06:58:28.999, 0 %, 5 MiB, 4096 MiB, 300 MHz, 1.46 W, 43, 0x0000000000000001
2026/10/07 06:58:31.022, 0 %, 5 MiB, 4096 MiB, 300 MHz, 1.46 W, 43, 0x0000000000000001
2026/10/07 06:58:33.043, 0 %, 5 MiB, 4096 MiB, 300 MHz, 1.49 W, 43, 0x0000000000000001
2026/10/07 06:58:35.065, 0 %, 5 MiB, 4096 MiB, 300 MHz, 1.74 W, 43, 0x0000000000000001
2026/10/07 06:58:37.086, 0 %, 5 MiB, 4096 MiB, 300 MHz, 1.47 W, 43, 0x0000000000000001
2026/10/07 06:58:39.107, 0 %, 5 MiB, 4096 MiB, 300 MHz, 1.45 W, 43, 0x0000000000000001
2026/10/07 06:58:41.129, 0 %, 5 MiB, 4096 MiB, 300 MHz, 1.45 W, 43, 0x0000000000000001
2026/10/07 06:58:43.151, 0 %, 5 MiB, 4096 MiB, 300 MHz, 1.39 W, 43, 0x0000000000000001
2026/10/07 06:58:45.173, 0 %, 5 MiB, 4096 MiB, 300 MHz, 1.79 W, 43, 0x0000000000000001
2026/10/07 06:58:47.194, 0 %, 5 MiB, 4096 MiB, 300 MHz, 1.50 W, 43, 0x0000000000000001
2026/10/07 06:58:49.215, 0 %, 5 MiB, 4096 MiB, 300 MHz, 1.45 W, 43, 0x0000000000000001
2026/10/07 06:58:51.237, 0 %, 5 MiB, 4096 MiB, 300 MHz, 1.50 W, 43, 0x0000000000000001
2026/10/07 06:58:53.258, 0 %, 5 MiB, 4096 MiB, 300 MHz, 1.49 W, 43, 0x0000000000000001
2026/10/07 06:58:55.279, 0 %, 5 MiB, 4096 MiB, 300 MHz, 1.45 W, 43, 0x0000000000000001
2026/10/07 06:58:57.301, 0 %, 5 MiB, 4096 MiB, 300 MHz, 1.47 W, 43, 0x0000000000000001
2026/10/07 06:58:59.324, 0 %, 5 MiB, 4096 MiB, 300 MHz, 1.42 W, 43, 0x0000000000000001
2026/10/07 06:59:01.345, 0 %, 5 MiB, 4096 MiB, 300 MHz, 1.40 W, 43, 0x0000000000000001
2026/10/07 06:59:03.367, 0 %, 5 MiB, 4096 MiB, 300 MHz, 1.42 W, 43, 0x0000000000000001
2026/10/07 06:59:05.389, 0 %, 5 MiB, 4096 MiB, 300 MHz, 1.47 W, 43, 0x0000000000000001
2026/10/07 06:59:07.411, 0 %, 5 MiB, 4096 MiB, 300 MHz, 1.57 W, 43, 0x0000000000000001
2026/10/07 06:59:09.433, 0 %, 5 MiB, 4096 MiB, 300 MHz, 1.54 W, 43, 0x0000000000000001
2026/10/07 06:59:11.455, 0 %, 5 MiB, 4096 MiB, 300 MHz, 1.52 W, 43, 0x0000000000000001
2026/10/07 06:59:13.476, 0 %, 5 MiB, 4096 MiB, 300 MHz, 1.42 W, 43, 0x0000000000000001
2026/10/07 06:59:15.497, 0 %, 5 MiB, 4096 MiB, 300 MHz, 1.42 W, 43, 0x0000000000000001
2026/10/07 06:59:17.519, 0 %, 5 MiB, 4096 MiB, 300 MHz, 1.55 W, 43, 0x0000000000000001
2026/10/07 06:59:19.541, 0 %, 5 MiB, 4096 MiB, 300 MHz, 1.49 W, 43, 0x0000000000000001
2026/10/07 06:59:21.562, 0 %, 5 MiB, 4096 MiB, 300 MHz, 1.52 W, 43, 0x0000000000000001
2026/10/07 06:59:23.583, 0 %, 5 MiB, 4096 MiB, 300 MHz, 1.49 W, 43, 0x0000000000000001
2026/10/07 06:59:25.604, 0 %, 5 MiB, 4096 MiB, 300 MHz, 1.54 W, 43, 0x0000000000000001
2026/10/07 06:59:27.626, 0 %, 5 MiB, 4096 MiB, 300 MHz, 1.59 W, 43, 0x0000000000000001
2026/10/07 06:59:29.648, 0 %, 5 MiB, 4096 MiB, 300 MHz, 1.45 W, 43, 0x0000000000000001
2026/10/07 06:59:31.669, 0 %, 5 MiB, 4096 MiB, 300 MHz, 1.43 W, 43, 0x0000000000000001
2026/10/07 06:59:33.690, 0 %, 5 MiB, 4096 MiB, 300 MHz, 1.44 W, 43, 0x0000000000000001
2026/10/07 06:59:35.711, 0 %, 5 MiB, 4096 MiB, 300 MHz, 1.47 W, 43, 0x0000000000000001
2026/10/07 06:59:37.733, 0 %, 5 MiB, 4096 MiB, 300 MHz, 1.60 W, 43, 0x0000000000000001
2026/10/07 06:59:39.754, 0 %, 5 MiB, 4096 MiB, 300 MHz, 1.41 W, 43, 0x0000000000000001
2026/10/07 06:59:41.775, 0 %, 5 MiB, 4096 MiB, 300 MHz, 1.43 W, 43, 0x0000000000000001
2026/10/07 06:59:43.797, 0 %, 5 MiB, 4096 MiB, 300 MHz, 1.42 W, 43, 0x0000000000000001
2026/10/07 06:59:45.818, 0 %, 5 MiB, 4096 MiB, 300 MHz, 1.38 W, 43, 0x0000000000000001
2026/10/07 06:59:47.841, 0 %, 5 MiB, 4096 MiB, 300 MHz, 1.66 W, 43, 0x0000000000000001
2026/10/07 06:59:49.862, 0 %, 5 MiB, 4096 MiB, 300 MHz, 1.50 W, 43, 0x0000000000000001
2026/10/07 06:59:51.883, 0 %, 5 MiB, 4096 MiB, 300 MHz, 1.48 W, 43, 0x0000000000000001
2026/10/07 06:59:53.905, 0 %, 5 MiB, 4096 MiB, 300 MHz, 1.47 W, 43, 0x0000000000000001
2026/10/07 06:59:55.926, 0 %, 5 MiB, 4096 MiB, 300 MHz, 1.44 W, 43, 0x0000000000000001
2026/10/07 06:59:57.948, 0 %, 5 MiB, 4096 MiB, 300 MHz, 1.70 W, 43, 0x0000000000000001
2026/10/07 06:59:59.969, 0 %, 5 MiB, 4096 MiB, 300 MHz, 1.44 W, 43, 0x0000000000000001
2026/10/07 07:00:01.990, 0 %, 5 MiB, 4096 MiB, 300 MHz, 1.38 W, 43, 0x0000000000000001
2026/10/07 07:00:04.011, 0 %, 5 MiB, 4096 MiB, 300 MHz, 1.43 W, 43, 0x0000000000000001
2026/10/07 07:00:06.032, 0 %, 5 MiB, 4096 MiB, 300 MHz, 1.48 W, 43, 0x0000000000000001
2026/10/07 07:00:08.055, 0 %, 5 MiB, 4096 MiB, 300 MHz, 1.73 W, 43, 0x0000000000000001
2026/10/07 07:00:10.076, 0 %, 5 MiB, 4096 MiB, 300 MHz, 1.50 W, 43, 0x0000000000000001
2026/10/07 07:00:12.098, 0 %, 5 MiB, 4096 MiB, 300 MHz, 1.52 W, 43, 0x0000000000000001
2026/10/07 07:00:14.119, 0 %, 5 MiB, 4096 MiB, 300 MHz, 1.47 W, 43, 0x0000000000000001
2026/10/07 07:00:16.140, 0 %, 5 MiB, 4096 MiB, 300 MHz, 1.42 W, 43, 0x0000000000000001
2026/10/07 07:00:18.164, 0 %, 5 MiB, 4096 MiB, 300 MHz, 1.70 W, 43, 0x0000000000000001
2026/10/07 07:00:20.185, 0 %, 5 MiB, 4096 MiB, 300 MHz, 1.36 W, 43, 0x0000000000000001
2026/10/07 07:00:22.207, 0 %, 5 MiB, 4096 MiB, 300 MHz, 1.47 W, 43, 0x0000000000000001
2026/10/07 07:00:24.228, 0 %, 5 MiB, 4096 MiB, 300 MHz, 1.42 W, 43, 0x0000000000000001
2026/10/07 07:00:26.250, 0 %, 5 MiB, 4096 MiB, 300 MHz, 1.43 W, 43, 0x0000000000000001
2026/10/07 07:00:28.271, 0 %, 5 MiB, 4096 MiB, 300 MHz, 1.83 W, 43, 0x0000000000000001
2026/10/07 07:00:30.292, 0 %, 5 MiB, 4096 MiB, 300 MHz, 1.55 W, 43, 0x0000000000000001
2026/10/07 07:00:32.314, 0 %, 5 MiB, 4096 MiB, 300 MHz, 1.47 W, 43, 0x0000000000000001
2026/10/07 07:00:34.335, 0 %, 5 MiB, 4096 MiB, 300 MHz, 1.46 W, 43, 0x0000000000000001
2026/10/07 07:00:36.357, 0 %, 5 MiB, 4096 MiB, 300 MHz, 1.47 W, 43, 0x0000000000000001
2026/10/07 07:00:38.378, 0 %, 5 MiB, 4096 MiB, 300 MHz, 1.88 W, 43, 0x0000000000000001
2026/10/07 07:00:40.399, 0 %, 5 MiB, 4096 MiB, 300 MHz, 1.45 W, 43, 0x0000000000000001
2026/10/07 07:00:42.421, 0 %, 5 MiB, 4096 MiB, 300 MHz, 1.46 W, 43, 0x0000000000000001
2026/10/07 07:00:44.443, 0 %, 5 MiB, 4096 MiB, 300 MHz, 1.54 W, 43, 0x0000000000000001
2026/10/07 07:00:46.464, 0 %, 5 MiB, 4096 MiB, 300 MHz, 1.49 W, 43, 0x0000000000000001
2026/10/07 07:00:48.485, 0 %, 5 MiB, 4096 MiB, 300 MHz, 1.46 W, 43, 0x0000000000000001
2026/10/07 07:00:50.507, 0 %, 5 MiB, 4096 MiB, 300 MHz, 1.53 W, 43, 0x0000000000000001
2026/10/07 07:00:52.529, 0 %, 5 MiB, 4096 MiB, 300 MHz, 1.44 W, 43, 0x0000000000000001
2026/10/07 07:00:54.550, 0 %, 5 MiB, 4096 MiB, 300 MHz, 1.49 W, 43, 0x0000000000000001
2026/10/07 07:00:56.571, 0 %, 5 MiB, 4096 MiB, 300 MHz, 1.48 W, 43, 0x0000000000000001
2026/10/07 07:00:58.592, 0 %, 5 MiB, 4096 MiB, 300 MHz, 1.29 W, 43, 0x0000000000000001
2026/10/07 07:01:00.614, 0 %, 5 MiB, 4096 MiB, 300 MHz, 1.62 W, 43, 0x0000000000000001
2026/10/07 07:01:02.636, 0 %, 5 MiB, 4096 MiB, 300 MHz, 1.49 W, 43, 0x0000000000000001
2026/10/07 07:01:04.658, 0 %, 5 MiB, 4096 MiB, 300 MHz, 1.46 W, 43, 0x0000000000000001
2026/10/07 07:01:06.679, 0 %, 5 MiB, 4096 MiB, 300 MHz, 1.48 W, 43, 0x0000000000000001
2026/10/07 07:01:08.700, 0 %, 5 MiB, 4096 MiB, 300 MHz, 1.49 W, 43, 0x0000000000000001
2026/10/07 07:01:10.721, 0 %, 5 MiB, 4096 MiB, 300 MHz, 1.55 W, 43, 0x0000000000000001
2026/10/07 07:01:12.742, 0 %, 5 MiB, 4096 MiB, 300 MHz, 1.48 W, 43, 0x0000000000000001
2026/10/07 07:01:14.763, 0 %, 5 MiB, 4096 MiB, 300 MHz, 1.48 W, 43, 0x0000000000000001
2026/10/07 07:01:16.785, 0 %, 5 MiB, 4096 MiB, 300 MHz, 1.44 W, 43, 0x0000000000000001
2026/10/07 07:01:18.806, 0 %, 5 MiB, 4096 MiB, 300 MHz, 1.42 W, 43, 0x0000000000000001
2026/10/07 07:01:20.827, 0 %, 5 MiB, 4096 MiB, 300 MHz, 1.60 W, 43, 0x0000000000000001
2026/10/07 07:01:22.849, 0 %, 5 MiB, 4096 MiB, 300 MHz, 1.40 W, 43, 0x0000000000000001
2026/10/07 07:01:24.871, 0 %, 5 MiB, 4096 MiB, 300 MHz, 1.37 W, 43, 0x0000000000000001
2026/10/07 07:01:26.892, 0 %, 5 MiB, 4096 MiB, 300 MHz, 1.41 W, 43, 0x0000000000000001
2026/10/07 07:01:28.913, 0 %, 5 MiB, 4096 MiB, 300 MHz, 1.44 W, 43, 0x0000000000000001
2026/10/07 07:01:30.934, 0 %, 5 MiB, 4096 MiB, 300 MHz, 1.69 W, 43, 0x0000000000000001
2026/10/07 07:01:32.955, 0 %, 5 MiB, 4096 MiB, 300 MHz, 1.46 W, 43, 0x0000000000000001
2026/10/07 07:01:34.977, 0 %, 5 MiB, 4096 MiB, 300 MHz, 1.43 W, 43, 0x0000000000000001
2026/10/07 07:01:36.999, 0 %, 5 MiB, 4096 MiB, 300 MHz, 1.43 W, 43, 0x0000000000000001
2026/10/07 07:01:39.020, 0 %, 5 MiB, 4096 MiB, 300 MHz, 1.47 W, 43, 0x0000000000000001
2026/10/07 07:01:41.041, 0 %, 5 MiB, 4096 MiB, 300 MHz, 1.72 W, 43, 0x0000000000000001
2026/10/07 07:01:43.062, 0 %, 5 MiB, 4096 MiB, 300 MHz, 1.43 W, 43, 0x0000000000000001
2026/10/07 07:01:45.084, 0 %, 5 MiB, 4096 MiB, 300 MHz, 1.52 W, 43, 0x0000000000000001
2026/10/07 07:01:47.105, 0 %, 5 MiB, 4096 MiB, 300 MHz, 1.42 W, 43, 0x0000000000000001
2026/10/07 07:01:49.127, 0 %, 5 MiB, 4096 MiB, 300 MHz, 1.14 W, 43, 0x0000000000000001
2026/10/07 07:01:51.148, 0 %, 5 MiB, 4096 MiB, 300 MHz, 1.81 W, 43, 0x0000000000000001
2026/10/07 07:01:53.170, 0 %, 5 MiB, 4096 MiB, 300 MHz, 1.42 W, 43, 0x0000000000000001
2026/10/07 07:01:55.191, 0 %, 5 MiB, 4096 MiB, 300 MHz, 1.44 W, 43, 0x0000000000000001
2026/10/07 07:01:57.212, 0 %, 5 MiB, 4096 MiB, 300 MHz, 1.46 W, 43, 0x0000000000000001
2026/10/07 07:01:59.234, 0 %, 5 MiB, 4096 MiB, 300 MHz, 1.48 W, 43, 0x0000000000000001
2026/10/07 07:02:01.255, 0 %, 5 MiB, 4096 MiB, 300 MHz, 1.82 W, 43, 0x0000000000000001
2026/10/07 07:02:03.277, 0 %, 5 MiB, 4096 MiB, 300 MHz, 1.39 W, 43, 0x0000000000000001
2026/10/07 07:02:05.302, 0 %, 5 MiB, 4096 MiB, 300 MHz, 1.40 W, 43, 0x0000000000000001
2026/10/07 07:02:07.323, 0 %, 5 MiB, 4096 MiB, 300 MHz, 1.40 W, 43, 0x0000000000000001
2026/10/07 07:02:09.345, 0 %, 5 MiB, 4096 MiB, 300 MHz, 1.39 W, 43, 0x0000000000000001
2026/10/07 07:02:11.366, 0 %, 5 MiB, 4096 MiB, 300 MHz, 1.84 W, 43, 0x0000000000000001
2026/10/07 07:02:13.387, 0 %, 5 MiB, 4096 MiB, 300 MHz, 1.46 W, 43, 0x0000000000000001
2026/10/07 07:02:15.409, 0 %, 5 MiB, 4096 MiB, 300 MHz, 1.55 W, 43, 0x0000000000000001
2026/10/07 07:02:17.431, 0 %, 5 MiB, 4096 MiB, 300 MHz, 1.52 W, 43, 0x0000000000000001
2026/10/07 07:02:19.452, 0 %, 5 MiB, 4096 MiB, 300 MHz, 1.46 W, 43, 0x0000000000000001
2026/10/07 07:02:21.474, 0 %, 5 MiB, 4096 MiB, 300 MHz, 1.85 W, 43, 0x0000000000000001
2026/10/07 07:02:23.495, 0 %, 5 MiB, 4096 MiB, 300 MHz, 1.38 W, 43, 0x0000000000000001
2026/10/07 07:02:25.516, 0 %, 5 MiB, 4096 MiB, 300 MHz, 1.43 W, 43, 0x0000000000000001
2026/10/07 07:02:27.537, 0 %, 5 MiB, 4096 MiB, 300 MHz, 1.42 W, 43, 0x0000000000000001
2026/10/07 07:02:29.559, 0 %, 5 MiB, 4096 MiB, 300 MHz, 1.46 W, 43, 0x0000000000000001
2026/10/07 07:02:31.580, 0 %, 5 MiB, 4096 MiB, 300 MHz, 1.40 W, 43, 0x0000000000000001
2026/10/07 07:02:33.601, 0 %, 5 MiB, 4096 MiB, 300 MHz, 1.53 W, 43, 0x0000000000000001
2026/10/07 07:02:35.623, 0 %, 5 MiB, 4096 MiB, 300 MHz, 1.50 W, 43, 0x0000000000000001
2026/10/07 07:02:37.644, 0 %, 5 MiB, 4096 MiB, 300 MHz, 1.46 W, 43, 0x0000000000000001
2026/10/07 07:02:39.666, 0 %, 5 MiB, 4096 MiB, 300 MHz, 1.43 W, 43, 0x0000000000000001
2026/10/07 07:02:41.688, 0 %, 5 MiB, 4096 MiB, 300 MHz, 1.48 W, 43, 0x0000000000000001
2026/10/07 07:02:43.709, 0 %, 5 MiB, 4096 MiB, 300 MHz, 1.60 W, 43, 0x0000000000000001
2026/10/07 07:02:45.731, 0 %, 5 MiB, 4096 MiB, 300 MHz, 1.53 W, 43, 0x0000000000000001
2026/10/07 07:02:47.752, 0 %, 5 MiB, 4096 MiB, 300 MHz, 1.54 W, 43, 0x0000000000000001
2026/10/07 07:02:49.773, 0 %, 5 MiB, 4096 MiB, 300 MHz, 1.48 W, 43, 0x0000000000000001
2026/10/07 07:02:51.794, 0 %, 5 MiB, 4096 MiB, 300 MHz, 1.50 W, 43, 0x0000000000000001
2026/10/07 07:02:53.816, 0 %, 5 MiB, 4096 MiB, 300 MHz, 1.58 W, 43, 0x0000000000000001
2026/10/07 07:02:55.837, 0 %, 5 MiB, 4096 MiB, 300 MHz, 1.46 W, 43, 0x0000000000000001
2026/10/07 07:02:57.858, 0 %, 5 MiB, 4096 MiB, 300 MHz, 1.46 W, 43, 0x0000000000000001
2026/10/07 07:02:59.880, 0 %, 5 MiB, 4096 MiB, 300 MHz, 1.48 W, 43, 0x0000000000000001
2026/10/07 07:03:01.901, 0 %, 5 MiB, 4096 MiB, 300 MHz, 1.46 W, 43, 0x0000000000000001
2026/10/07 07:03:03.923, 0 %, 5 MiB, 4096 MiB, 300 MHz, 1.68 W, 43, 0x0000000000000001
2026/10/07 07:03:05.945, 0 %, 5 MiB, 4096 MiB, 300 MHz, 1.43 W, 43, 0x0000000000000001
2026/10/07 07:03:07.967, 0 %, 5 MiB, 4096 MiB, 300 MHz, 1.43 W, 43, 0x0000000000000001
2026/10/07 07:03:09.989, 0 %, 5 MiB, 4096 MiB, 300 MHz, 1.42 W, 43, 0x0000000000000001
2026/10/07 07:03:12.010, 0 %, 5 MiB, 4096 MiB, 300 MHz, 1.49 W, 43, 0x0000000000000001
2026/10/07 07:03:14.031, 0 %, 5 MiB, 4096 MiB, 300 MHz, 1.63 W, 43, 0x0000000000000001
2026/10/07 07:03:16.053, 0 %, 5 MiB, 4096 MiB, 300 MHz, 1.47 W, 43, 0x0000000000000001
2026/10/07 07:03:18.075, 0 %, 5 MiB, 4096 MiB, 300 MHz, 1.48 W, 43, 0x0000000000000001
2026/10/07 07:03:20.096, 0 %, 5 MiB, 4096 MiB, 300 MHz, 1.47 W, 43, 0x0000000000000001
2026/10/07 07:03:22.118, 0 %, 5 MiB, 4096 MiB, 300 MHz, 1.47 W, 43, 0x0000000000000001
2026/10/07 07:03:24.139, 0 %, 5 MiB, 4096 MiB, 300 MHz, 1.62 W, 43, 0x0000000000000001
2026/10/07 07:03:26.161, 0 %, 5 MiB, 4096 MiB, 300 MHz, 1.42 W, 43, 0x0000000000000001
2026/10/07 07:03:28.182, 0 %, 5 MiB, 4096 MiB, 300 MHz, 1.40 W, 43, 0x0000000000000001
2026/10/07 07:03:30.204, 0 %, 5 MiB, 4096 MiB, 300 MHz, 1.49 W, 43, 0x0000000000000001
2026/10/07 07:03:32.226, 0 %, 5 MiB, 4096 MiB, 300 MHz, 1.42 W, 43, 0x0000000000000001
2026/10/07 07:03:34.247, 0 %, 5 MiB, 4096 MiB, 300 MHz, 1.72 W, 43, 0x0000000000000001
2026/10/07 07:03:36.268, 0 %, 5 MiB, 4096 MiB, 300 MHz, 1.50 W, 43, 0x0000000000000001
2026/10/07 07:03:38.289, 0 %, 5 MiB, 4096 MiB, 300 MHz, 1.49 W, 43, 0x0000000000000001
2026/10/07 07:03:40.310, 0 %, 5 MiB, 4096 MiB, 300 MHz, 1.41 W, 43, 0x0000000000000001
2026/10/07 07:03:42.331, 0 %, 5 MiB, 4096 MiB, 300 MHz, 1.45 W, 43, 0x0000000000000001
2026/10/07 07:03:44.352, 0 %, 5 MiB, 4096 MiB, 300 MHz, 1.72 W, 43, 0x0000000000000001
2026/10/07 07:03:46.373, 0 %, 5 MiB, 4096 MiB, 300 MHz, 1.43 W, 43, 0x0000000000000001
2026/10/07 07:03:48.395, 0 %, 5 MiB, 4096 MiB, 300 MHz, 1.42 W, 43, 0x0000000000000001
2026/10/07 07:03:50.416, 0 %, 5 MiB, 4096 MiB, 300 MHz, 1.45 W, 43, 0x0000000000000001
2026/10/07 07:03:52.437, 0 %, 5 MiB, 4096 MiB, 300 MHz, 1.42 W, 43, 0x0000000000000001
2026/10/07 07:03:54.458, 0 %, 5 MiB, 4096 MiB, 300 MHz, 1.96 W, 43, 0x0000000000000001
2026/10/07 07:03:56.480, 0 %, 5 MiB, 4096 MiB, 300 MHz, 1.49 W, 43, 0x0000000000000001
2026/10/07 07:03:58.502, 0 %, 5 MiB, 4096 MiB, 300 MHz, 1.53 W, 43, 0x0000000000000001
2026/10/07 07:04:00.523, 0 %, 5 MiB, 4096 MiB, 300 MHz, 1.51 W, 43, 0x0000000000000001
2026/10/07 07:04:02.544, 0 %, 5 MiB, 4096 MiB, 300 MHz, 1.49 W, 43, 0x0000000000000001
2026/10/07 07:04:04.565, 0 %, 5 MiB, 4096 MiB, 300 MHz, 1.49 W, 43, 0x0000000000000001
2026/10/07 07:04:06.587, 0 %, 5 MiB, 4096 MiB, 300 MHz, 1.47 W, 43, 0x0000000000000001
2026/10/07 07:04:08.609, 0 %, 5 MiB, 4096 MiB, 300 MHz, 1.46 W, 43, 0x0000000000000001
2026/10/07 07:04:10.630, 0 %, 5 MiB, 4096 MiB, 300 MHz, 1.40 W, 43, 0x0000000000000001
2026/10/07 07:04:12.652, 0 %, 5 MiB, 4096 MiB, 300 MHz, 1.41 W, 43, 0x0000000000000001
2026/10/07 07:04:14.674, 0 %, 5 MiB, 4096 MiB, 300 MHz, 1.46 W, 43, 0x0000000000000001
2026/10/07 07:04:16.695, 0 %, 5 MiB, 4096 MiB, 300 MHz, 1.46 W, 43, 0x0000000000000001
2026/10/07 07:04:18.717, 0 %, 5 MiB, 4096 MiB, 300 MHz, 1.43 W, 43, 0x0000000000000001
2026/10/07 07:04:20.738, 0 %, 5 MiB, 4096 MiB, 300 MHz, 1.45 W, 43, 0x0000000000000001
2026/10/07 07:04:22.760, 0 %, 5 MiB, 4096 MiB, 300 MHz, 1.42 W, 43, 0x0000000000000001
2026/10/07 07:04:24.781, 0 %, 5 MiB, 4096 MiB, 300 MHz, 1.43 W, 43, 0x0000000000000001
2026/10/07 07:04:26.803, 0 %, 5 MiB, 4096 MiB, 300 MHz, 1.51 W, 43, 0x0000000000000001
2026/10/07 07:04:28.825, 0 %, 5 MiB, 4096 MiB, 300 MHz, 1.49 W, 43, 0x0000000000000001
2026/10/07 07:04:30.845, 0 %, 5 MiB, 4096 MiB, 300 MHz, 1.49 W, 43, 0x0000000000000001
2026/10/07 07:04:32.867, 0 %, 5 MiB, 4096 MiB, 300 MHz, 1.52 W, 43, 0x0000000000000001
2026/10/07 07:04:34.888, 0 %, 5 MiB, 4096 MiB, 300 MHz, 1.50 W, 43, 0x0000000000000001
2026/10/07 07:04:36.910, 0 %, 5 MiB, 4096 MiB, 300 MHz, 1.55 W, 43, 0x0000000000000001
2026/10/07 07:04:38.932, 0 %, 5 MiB, 4096 MiB, 300 MHz, 1.44 W, 43, 0x0000000000000001
2026/10/07 07:04:40.953, 0 %, 5 MiB, 4096 MiB, 300 MHz, 1.43 W, 43, 0x0000000000000001
2026/10/07 07:04:42.975, 0 %, 5 MiB, 4096 MiB, 300 MHz, 1.47 W, 43, 0x0000000000000001
2026/10/07 07:04:44.997, 0 %, 5 MiB, 4096 MiB, 300 MHz, 1.47 W, 43, 0x0000000000000001
2026/10/07 07:04:47.018, 0 %, 5 MiB, 4096 MiB, 300 MHz, 1.51 W, 43, 0x0000000000000001
2026/10/07 07:04:49.040, 0 %, 5 MiB, 4096 MiB, 300 MHz, 1.45 W, 43, 0x0000000000000001
2026/10/07 07:04:51.061, 0 %, 5 MiB, 4096 MiB, 300 MHz, 1.47 W, 43, 0x0000000000000001
2026/10/07 07:04:53.083, 0 %, 5 MiB, 4096 MiB, 300 MHz, 1.42 W, 43, 0x0000000000000001
2026/10/07 07:04:55.104, 0 %, 5 MiB, 4096 MiB, 300 MHz, 1.42 W, 43, 0x0000000000000001
2026/10/07 07:04:57.125, 0 %, 5 MiB, 4096 MiB, 300 MHz, 1.65 W, 43, 0x0000000000000001
2026/10/07 07:04:59.146, 0 %, 5 MiB, 4096 MiB, 300 MHz, 1.50 W, 43, 0x0000000000000001
2026/10/07 07:05:01.168, 0 %, 5 MiB, 4096 MiB, 300 MHz, 1.47 W, 43, 0x0000000000000001
2026/10/07 07:05:03.190, 0 %, 5 MiB, 4096 MiB, 300 MHz, 1.50 W, 43, 0x0000000000000001
2026/10/07 07:05:05.211, 0 %, 5 MiB, 4096 MiB, 300 MHz, 1.48 W, 43, 0x0000000000000001
2026/10/07 07:05:07.232, 0 %, 5 MiB, 4096 MiB, 300 MHz, 1.66 W, 43, 0x0000000000000001
2026/10/07 07:05:09.253, 0 %, 5 MiB, 4096 MiB, 300 MHz, 1.41 W, 43, 0x0000000000000001
2026/10/07 07:05:11.275, 0 %, 5 MiB, 4096 MiB, 300 MHz, 1.40 W, 43, 0x0000000000000001
2026/10/07 07:05:13.296, 0 %, 5 MiB, 4096 MiB, 300 MHz, 1.38 W, 43, 0x0000000000000001
2026/10/07 07:05:15.317, 0 %, 5 MiB, 4096 MiB, 300 MHz, 1.41 W, 43, 0x0000000000000001
2026/10/07 07:05:17.339, 0 %, 5 MiB, 4096 MiB, 300 MHz, 1.63 W, 43, 0x0000000000000001
2026/10/07 07:05:19.361, 0 %, 5 MiB, 4096 MiB, 300 MHz, 1.43 W, 43, 0x0000000000000001
2026/10/07 07:05:21.382, 0 %, 5 MiB, 4096 MiB, 300 MHz, 1.45 W, 43, 0x0000000000000001
2026/10/07 07:05:23.403, 0 %, 5 MiB, 4096 MiB, 300 MHz, 1.43 W, 43, 0x0000000000000001
2026/10/07 07:05:25.424, 0 %, 5 MiB, 4096 MiB, 300 MHz, 1.43 W, 43, 0x0000000000000001
2026/10/07 07:05:27.445, 0 %, 5 MiB, 4096 MiB, 300 MHz, 1.73 W, 43, 0x0000000000000001
2026/10/07 07:05:29.467, 0 %, 5 MiB, 4096 MiB, 300 MHz, 1.40 W, 43, 0x0000000000000001
2026/10/07 07:05:31.489, 0 %, 5 MiB, 4096 MiB, 300 MHz, 1.42 W, 43, 0x0000000000000001
2026/10/07 07:05:33.510, 0 %, 5 MiB, 4096 MiB, 300 MHz, 1.47 W, 43, 0x0000000000000001
2026/10/07 07:05:35.531, 0 %, 5 MiB, 4096 MiB, 300 MHz, 1.44 W, 43, 0x0000000000000001
2026/10/07 07:05:37.552, 0 %, 5 MiB, 4096 MiB, 300 MHz, 1.79 W, 43, 0x0000000000000001
2026/10/07 07:05:39.574, 0 %, 5 MiB, 4096 MiB, 300 MHz, 1.48 W, 43, 0x0000000000000001
2026/10/07 07:05:41.595, 0 %, 5 MiB, 4096 MiB, 300 MHz, 1.54 W, 43, 0x0000000000000001
2026/10/07 07:05:43.616, 0 %, 5 MiB, 4096 MiB, 300 MHz, 1.46 W, 43, 0x0000000000000001
2026/10/07 07:05:45.637, 0 %, 5 MiB, 4096 MiB, 300 MHz, 1.45 W, 43, 0x0000000000000001
2026/10/07 07:05:47.659, 0 %, 5 MiB, 4096 MiB, 300 MHz, 1.82 W, 43, 0x0000000000000001
2026/10/07 07:05:49.680, 0 %, 5 MiB, 4096 MiB, 300 MHz, 1.45 W, 43, 0x0000000000000001
2026/10/07 07:05:51.701, 0 %, 5 MiB, 4096 MiB, 300 MHz, 1.42 W, 43, 0x0000000000000001
2026/10/07 07:05:53.723, 0 %, 5 MiB, 4096 MiB, 300 MHz, 1.43 W, 43, 0x0000000000000001
2026/10/07 07:05:55.745, 0 %, 5 MiB, 4096 MiB, 300 MHz, 1.39 W, 43, 0x0000000000000001
2026/10/07 07:05:57.766, 0 %, 5 MiB, 4096 MiB, 300 MHz, 1.46 W, 43, 0x0000000000000001
2026/10/07 07:05:59.787, 0 %, 5 MiB, 4096 MiB, 300 MHz, 1.45 W, 43, 0x0000000000000001
2026/10/07 07:06:01.809, 0 %, 5 MiB, 4096 MiB, 300 MHz, 1.43 W, 43, 0x0000000000000001
2026/10/07 07:06:03.831, 0 %, 5 MiB, 4096 MiB, 300 MHz, 1.43 W, 43, 0x0000000000000001
2026/10/07 07:06:05.852, 0 %, 5 MiB, 4096 MiB, 300 MHz, 1.50 W, 43, 0x0000000000000001
2026/10/07 07:06:07.874, 0 %, 5 MiB, 4096 MiB, 300 MHz, 1.48 W, 43, 0x0000000000000001
2026/10/07 07:06:09.895, 0 %, 5 MiB, 4096 MiB, 300 MHz, 1.52 W, 43, 0x0000000000000001
2026/10/07 07:06:11.917, 0 %, 5 MiB, 4096 MiB, 300 MHz, 1.47 W, 43, 0x0000000000000001
2026/10/07 07:06:13.938, 0 %, 5 MiB, 4096 MiB, 300 MHz, 1.44 W, 43, 0x0000000000000001
2026/10/07 07:06:15.959, 0 %, 5 MiB, 4096 MiB, 300 MHz, 1.42 W, 43, 0x0000000000000001
2026/10/07 07:06:17.980, 0 %, 5 MiB, 4096 MiB, 300 MHz, 1.48 W, 43, 0x0000000000000001
2026/10/07 07:06:20.002, 0 %, 5 MiB, 4096 MiB, 300 MHz, 1.60 W, 43, 0x0000000000000001
2026/10/07 07:06:22.025, 0 %, 5 MiB, 4096 MiB, 300 MHz, 1.58 W, 43, 0x0000000000000001
2026/10/07 07:06:24.046, 0 %, 5 MiB, 4096 MiB, 300 MHz, 1.58 W, 43, 0x0000000000000001
2026/10/07 07:06:26.067, 0 %, 5 MiB, 4096 MiB, 300 MHz, 1.55 W, 43, 0x0000000000000001
2026/10/07 07:06:28.089, 0 %, 5 MiB, 4096 MiB, 300 MHz, 1.49 W, 43, 0x0000000000000001
2026/10/07 07:06:30.111, 0 %, 5 MiB, 4096 MiB, 300 MHz, 1.52 W, 43, 0x0000000000000001
2026/10/07 07:06:32.132, 0 %, 5 MiB, 4096 MiB, 300 MHz, 1.43 W, 43, 0x0000000000000001
2026/10/07 07:06:34.154, 0 %, 5 MiB, 4096 MiB, 300 MHz, 1.41 W, 43, 0x0000000000000001
2026/10/07 07:06:36.175, 0 %, 5 MiB, 4096 MiB, 300 MHz, 1.34 W, 43, 0x0000000000000001
2026/10/07 07:06:38.197, 0 %, 5 MiB, 4096 MiB, 300 MHz, 1.42 W, 43, 0x0000000000000001
2026/10/07 07:06:40.218, 0 %, 5 MiB, 4096 MiB, 300 MHz, 1.62 W, 43, 0x0000000000000001
2026/10/07 07:06:42.240, 0 %, 5 MiB, 4096 MiB, 300 MHz, 1.49 W, 43, 0x0000000000000001
2026/10/07 07:06:44.261, 0 %, 5 MiB, 4096 MiB, 300 MHz, 1.55 W, 43, 0x0000000000000001
2026/10/07 07:06:46.283, 0 %, 5 MiB, 4096 MiB, 300 MHz, 1.47 W, 43, 0x0000000000000001
2026/10/07 07:06:48.304, 0 %, 5 MiB, 4096 MiB, 300 MHz, 1.45 W, 43, 0x0000000000000001
2026/10/07 07:06:50.325, 0 %, 5 MiB, 4096 MiB, 300 MHz, 1.60 W, 43, 0x0000000000000001
2026/10/07 07:06:52.347, 0 %, 5 MiB, 4096 MiB, 300 MHz, 1.40 W, 43, 0x0000000000000001
2026/10/07 07:06:54.368, 0 %, 5 MiB, 4096 MiB, 300 MHz, 1.43 W, 43, 0x0000000000000001
2026/10/07 07:06:56.390, 0 %, 5 MiB, 4096 MiB, 300 MHz, 1.41 W, 43, 0x0000000000000001
2026/10/07 07:06:58.411, 0 %, 5 MiB, 4096 MiB, 300 MHz, 1.39 W, 43, 0x0000000000000001
2026/10/07 07:07:00.433, 0 %, 5 MiB, 4096 MiB, 300 MHz, 1.73 W, 43, 0x0000000000000001
2026/10/07 07:07:02.454, 0 %, 5 MiB, 4096 MiB, 300 MHz, 1.45 W, 43, 0x0000000000000001
2026/10/07 07:07:04.476, 0 %, 5 MiB, 4096 MiB, 300 MHz, 1.43 W, 43, 0x0000000000000001
2026/10/07 07:07:06.497, 0 %, 5 MiB, 4096 MiB, 300 MHz, 1.42 W, 43, 0x0000000000000001
2026/10/07 07:07:08.518, 0 %, 5 MiB, 4096 MiB, 300 MHz, 1.46 W, 43, 0x0000000000000001
2026/10/07 07:07:10.539, 0 %, 5 MiB, 4096 MiB, 300 MHz, 1.72 W, 43, 0x0000000000000001
2026/10/07 07:07:12.561, 0 %, 5 MiB, 4096 MiB, 300 MHz, 1.46 W, 43, 0x0000000000000001
2026/10/07 07:07:14.582, 0 %, 5 MiB, 4096 MiB, 300 MHz, 1.42 W, 43, 0x0000000000000001
2026/10/07 07:07:16.604, 0 %, 5 MiB, 4096 MiB, 300 MHz, 1.40 W, 43, 0x0000000000000001
2026/10/07 07:07:18.626, 0 %, 5 MiB, 4096 MiB, 300 MHz, 1.42 W, 43, 0x0000000000000001
2026/10/07 07:07:20.647, 0 %, 5 MiB, 4096 MiB, 300 MHz, 1.85 W, 43, 0x0000000000000001
2026/10/07 07:07:22.668, 0 %, 5 MiB, 4096 MiB, 300 MHz, 1.52 W, 43, 0x0000000000000001
2026/10/07 07:07:24.689, 0 %, 5 MiB, 4096 MiB, 300 MHz, 1.52 W, 43, 0x0000000000000001
2026/10/07 07:07:26.711, 0 %, 5 MiB, 4096 MiB, 300 MHz, 1.49 W, 43, 0x0000000000000001
2026/10/07 07:07:28.733, 0 %, 5 MiB, 4096 MiB, 300 MHz, 1.50 W, 43, 0x0000000000000001
2026/10/07 07:07:30.754, 0 %, 5 MiB, 4096 MiB, 300 MHz, 1.89 W, 43, 0x0000000000000001
2026/10/07 07:07:32.776, 0 %, 5 MiB, 4096 MiB, 300 MHz, 1.46 W, 43, 0x0000000000000001
2026/10/07 07:07:34.798, 0 %, 5 MiB, 4096 MiB, 300 MHz, 1.43 W, 43, 0x0000000000000001
2026/10/07 07:07:36.819, 0 %, 5 MiB, 4096 MiB, 300 MHz, 1.43 W, 43, 0x0000000000000001
2026/10/07 07:07:38.841, 0 %, 5 MiB, 4096 MiB, 300 MHz, 1.48 W, 43, 0x0000000000000001
2026/10/07 07:07:40.863, 0 %, 5 MiB, 4096 MiB, 300 MHz, 1.46 W, 43, 0x0000000000000001
2026/10/07 07:07:42.884, 0 %, 5 MiB, 4096 MiB, 300 MHz, 1.49 W, 43, 0x0000000000000001
2026/10/07 07:07:44.905, 0 %, 5 MiB, 4096 MiB, 300 MHz, 1.53 W, 43, 0x0000000000000001
2026/10/07 07:07:46.926, 0 %, 5 MiB, 4096 MiB, 300 MHz, 1.47 W, 43, 0x0000000000000001
2026/10/07 07:07:48.948, 0 %, 5 MiB, 4096 MiB, 300 MHz, 1.41 W, 43, 0x0000000000000001
2026/10/07 07:07:50.969, 0 %, 5 MiB, 4096 MiB, 300 MHz, 1.46 W, 43, 0x0000000000000001
2026/10/07 07:07:52.991, 0 %, 5 MiB, 4096 MiB, 300 MHz, 1.55 W, 43, 0x0000000000000001
2026/10/07 07:07:55.013, 0 %, 5 MiB, 4096 MiB, 300 MHz, 1.43 W, 43, 0x0000000000000001
2026/10/07 07:07:57.035, 0 %, 5 MiB, 4096 MiB, 300 MHz, 1.49 W, 43, 0x0000000000000001
2026/10/07 07:07:59.056, 0 %, 5 MiB, 4096 MiB, 300 MHz, 1.50 W, 43, 0x0000000000000001
2026/10/07 07:08:01.079, 0 %, 5 MiB, 4096 MiB, 300 MHz, 1.53 W, 43, 0x0000000000000001
2026/10/07 07:08:03.101, 0 %, 5 MiB, 4096 MiB, 300 MHz, 1.63 W, 43, 0x0000000000000001
2026/10/07 07:08:05.122, 0 %, 5 MiB, 4096 MiB, 300 MHz, 1.22 W, 43, 0x0000000000000001
2026/10/07 07:08:07.144, 0 %, 5 MiB, 4096 MiB, 300 MHz, 1.49 W, 43, 0x0000000000000001
2026/10/07 07:08:09.165, 0 %, 5 MiB, 4096 MiB, 300 MHz, 1.47 W, 43, 0x0000000000000001
2026/10/07 07:08:11.187, 0 %, 5 MiB, 4096 MiB, 300 MHz, 1.55 W, 43, 0x0000000000000001
2026/10/07 07:08:13.210, 0 %, 5 MiB, 4096 MiB, 300 MHz, 1.58 W, 43, 0x0000000000000001
2026/10/07 07:08:15.232, 0 %, 5 MiB, 4096 MiB, 300 MHz, 1.44 W, 43, 0x0000000000000001
2026/10/07 07:08:17.253, 0 %, 5 MiB, 4096 MiB, 300 MHz, 1.49 W, 43, 0x0000000000000001
2026/10/07 07:08:19.274, 0 %, 5 MiB, 4096 MiB, 300 MHz, 1.45 W, 43, 0x0000000000000001
2026/10/07 07:08:21.297, 0 %, 5 MiB, 4096 MiB, 300 MHz, 1.45 W, 43, 0x0000000000000001
2026/10/07 07:08:23.318, 0 %, 5 MiB, 4096 MiB, 300 MHz, 1.55 W, 43, 0x0000000000000001
2026/10/07 07:08:25.339, 0 %, 5 MiB, 4096 MiB, 300 MHz, 1.42 W, 43, 0x0000000000000001
2026/10/07 07:08:27.360, 0 %, 5 MiB, 4096 MiB, 300 MHz, 1.45 W, 43, 0x0000000000000001
2026/10/07 07:08:29.382, 0 %, 5 MiB, 4096 MiB, 300 MHz, 1.46 W, 43, 0x0000000000000001
2026/10/07 07:08:31.403, 0 %, 5 MiB, 4096 MiB, 300 MHz, 1.41 W, 43, 0x0000000000000001
2026/10/07 07:08:33.425, 0 %, 5 MiB, 4096 MiB, 300 MHz, 1.62 W, 43, 0x0000000000000001
2026/10/07 07:08:35.447, 0 %, 5 MiB, 4096 MiB, 300 MHz, 1.47 W, 43, 0x0000000000000001
2026/10/07 07:08:37.469, 0 %, 5 MiB, 4096 MiB, 300 MHz, 1.38 W, 43, 0x0000000000000001
2026/10/07 07:08:39.490, 0 %, 5 MiB, 4096 MiB, 300 MHz, 1.45 W, 43, 0x0000000000000001
2026/10/07 07:08:41.511, 0 %, 5 MiB, 4096 MiB, 300 MHz, 1.49 W, 43, 0x0000000000000001
2026/10/07 07:08:43.532, 0 %, 5 MiB, 4096 MiB, 300 MHz, 1.66 W, 43, 0x0000000000000001
2026/10/07 07:08:45.554, 0 %, 5 MiB, 4096 MiB, 300 MHz, 1.42 W, 43, 0x0000000000000001
2026/10/07 07:08:47.575, 0 %, 5 MiB, 4096 MiB, 300 MHz, 1.43 W, 43, 0x0000000000000001
2026/10/07 07:08:49.597, 0 %, 5 MiB, 4096 MiB, 300 MHz, 1.40 W, 43, 0x0000000000000001
2026/10/07 07:08:51.619, 0 %, 5 MiB, 4096 MiB, 300 MHz, 1.42 W, 43, 0x0000000000000001
2026/10/07 07:08:53.641, 0 %, 5 MiB, 4096 MiB, 300 MHz, 1.57 W, 43, 0x0000000000000001
2026/10/07 07:08:55.663, 0 %, 5 MiB, 4096 MiB, 300 MHz, 1.46 W, 43, 0x0000000000000001
2026/10/07 07:08:57.685, 0 %, 5 MiB, 4096 MiB, 300 MHz, 1.44 W, 43, 0x0000000000000001
2026/10/07 07:08:59.706, 0 %, 5 MiB, 4096 MiB, 300 MHz, 1.47 W, 43, 0x0000000000000001
2026/10/07 07:09:01.727, 0 %, 5 MiB, 4096 MiB, 300 MHz, 1.47 W, 43, 0x0000000000000001
2026/10/07 07:09:03.749, 0 %, 5 MiB, 4096 MiB, 300 MHz, 1.81 W, 43, 0x0000000000000001
2026/10/07 07:09:05.770, 0 %, 5 MiB, 4096 MiB, 300 MHz, 1.47 W, 43, 0x0000000000000001
2026/10/07 07:09:07.792, 0 %, 5 MiB, 4096 MiB, 300 MHz, 1.43 W, 43, 0x0000000000000001
2026/10/07 07:09:09.813, 0 %, 5 MiB, 4096 MiB, 300 MHz, 1.43 W, 43, 0x0000000000000001
2026/10/07 07:09:11.834, 0 %, 5 MiB, 4096 MiB, 300 MHz, 1.46 W, 43, 0x0000000000000001
2026/10/07 07:09:13.855, 0 %, 5 MiB, 4096 MiB, 300 MHz, 1.80 W, 43, 0x0000000000000001
2026/10/07 07:09:15.876, 0 %, 5 MiB, 4096 MiB, 300 MHz, 1.46 W, 43, 0x0000000000000001
2026/10/07 07:09:17.898, 0 %, 5 MiB, 4096 MiB, 300 MHz, 1.47 W, 43, 0x0000000000000001
2026/10/07 07:09:19.919, 0 %, 5 MiB, 4096 MiB, 300 MHz, 1.44 W, 43, 0x0000000000000001
2026/10/07 07:09:21.940, 0 %, 5 MiB, 4096 MiB, 300 MHz, 1.41 W, 43, 0x0000000000000001
2026/10/07 07:09:23.961, 0 %, 5 MiB, 4096 MiB, 300 MHz, 1.44 W, 43, 0x0000000000000001
2026/10/07 07:09:25.983, 0 %, 5 MiB, 4096 MiB, 300 MHz, 1.40 W, 43, 0x0000000000000001
2026/10/07 07:09:28.004, 0 %, 5 MiB, 4096 MiB, 300 MHz, 1.38 W, 43, 0x0000000000000001
2026/10/07 07:09:30.025, 0 %, 5 MiB, 4096 MiB, 300 MHz, 1.42 W, 43, 0x0000000000000001
2026/10/07 07:09:32.047, 0 %, 5 MiB, 4096 MiB, 300 MHz, 1.43 W, 43, 0x0000000000000001
2026/10/07 07:09:34.068, 0 %, 5 MiB, 4096 MiB, 300 MHz, 1.40 W, 43, 0x0000000000000001
2026/10/07 07:09:36.089, 0 %, 5 MiB, 4096 MiB, 300 MHz, 1.58 W, 43, 0x0000000000000001
2026/10/07 07:09:38.112, 0 %, 5 MiB, 4096 MiB, 300 MHz, 1.48 W, 43, 0x0000000000000001
2026/10/07 07:09:40.134, 0 %, 5 MiB, 4096 MiB, 300 MHz, 1.44 W, 43, 0x0000000000000001
2026/10/07 07:09:42.156, 0 %, 5 MiB, 4096 MiB, 300 MHz, 1.43 W, 43, 0x0000000000000001
2026/10/07 07:09:44.177, 0 %, 5 MiB, 4096 MiB, 300 MHz, 1.50 W, 43, 0x0000000000000001
2026/10/07 07:09:46.198, 0 %, 5 MiB, 4096 MiB, 300 MHz, 1.62 W, 43, 0x0000000000000001
2026/10/07 07:09:48.221, 0 %, 5 MiB, 4096 MiB, 300 MHz, 1.48 W, 43, 0x0000000000000001
2026/10/07 07:09:50.243, 0 %, 5 MiB, 4096 MiB, 300 MHz, 1.49 W, 43, 0x0000000000000001
2026/10/07 07:09:52.265, 0 %, 5 MiB, 4096 MiB, 300 MHz, 1.50 W, 43, 0x0000000000000001
2026/10/07 07:09:54.286, 0 %, 5 MiB, 4096 MiB, 300 MHz, 1.53 W, 43, 0x0000000000000001
2026/10/07 07:09:56.308, 0 %, 5 MiB, 4096 MiB, 300 MHz, 1.56 W, 43, 0x0000000000000001
2026/10/07 07:09:58.330, 0 %, 5 MiB, 4096 MiB, 300 MHz, 1.42 W, 43, 0x0000000000000001
2026/10/07 07:10:00.352, 0 %, 5 MiB, 4096 MiB, 300 MHz, 1.45 W, 43, 0x0000000000000001
2026/10/07 07:10:02.374, 0 %, 5 MiB, 4096 MiB, 300 MHz, 1.51 W, 43, 0x0000000000000001
2026/10/07 07:10:04.396, 0 %, 5 MiB, 4096 MiB, 300 MHz, 1.39 W, 43, 0x0000000000000001
2026/10/07 07:10:06.417, 0 %, 5 MiB, 4096 MiB, 300 MHz, 1.52 W, 43, 0x0000000000000001
2026/10/07 07:10:08.440, 0 %, 5 MiB, 4096 MiB, 300 MHz, 1.44 W, 43, 0x0000000000000001
2026/10/07 07:10:10.461, 0 %, 5 MiB, 4096 MiB, 300 MHz, 1.41 W, 43, 0x0000000000000001
2026/10/07 07:10:12.483, 0 %, 5 MiB, 4096 MiB, 300 MHz, 1.43 W, 43, 0x0000000000000001
2026/10/07 07:10:14.504, 0 %, 5 MiB, 4096 MiB, 300 MHz, 1.43 W, 43, 0x0000000000000001
2026/10/07 07:10:16.526, 0 %, 5 MiB, 4096 MiB, 300 MHz, 1.54 W, 43, 0x0000000000000001
2026/10/07 07:10:18.548, 0 %, 5 MiB, 4096 MiB, 300 MHz, 1.46 W, 43, 0x0000000000000001
2026/10/07 07:10:20.570, 0 %, 5 MiB, 4096 MiB, 300 MHz, 1.44 W, 43, 0x0000000000000001
2026/10/07 07:10:22.592, 0 %, 5 MiB, 4096 MiB, 300 MHz, 1.43 W, 43, 0x0000000000000001
2026/10/07 07:10:24.613, 0 %, 5 MiB, 4096 MiB, 300 MHz, 1.44 W, 43, 0x0000000000000001
2026/10/07 07:10:26.635, 0 %, 5 MiB, 4096 MiB, 300 MHz, 1.52 W, 43, 0x0000000000000001
2026/10/07 07:10:28.656, 0 %, 5 MiB, 4096 MiB, 300 MHz, 1.40 W, 43, 0x0000000000000001
2026/10/07 07:10:30.678, 0 %, 5 MiB, 4096 MiB, 300 MHz, 1.39 W, 43, 0x0000000000000001
2026/10/07 07:10:32.699, 0 %, 5 MiB, 4096 MiB, 300 MHz, 1.41 W, 43, 0x0000000000000001
2026/10/07 07:10:34.720, 0 %, 5 MiB, 4096 MiB, 300 MHz, 1.49 W, 43, 0x0000000000000001
2026/10/07 07:10:36.742, 0 %, 5 MiB, 4096 MiB, 300 MHz, 1.62 W, 43, 0x0000000000000001
2026/10/07 07:10:38.764, 0 %, 5 MiB, 4096 MiB, 300 MHz, 1.44 W, 43, 0x0000000000000001
2026/10/07 07:10:40.785, 0 %, 5 MiB, 4096 MiB, 300 MHz, 1.46 W, 43, 0x0000000000000001
2026/10/07 07:10:42.807, 0 %, 5 MiB, 4096 MiB, 300 MHz, 1.41 W, 43, 0x0000000000000001
2026/10/07 07:10:44.828, 0 %, 5 MiB, 4096 MiB, 300 MHz, 1.46 W, 43, 0x0000000000000001
2026/10/07 07:10:46.849, 0 %, 5 MiB, 4096 MiB, 300 MHz, 1.67 W, 43, 0x0000000000000001
2026/10/07 07:10:48.871, 0 %, 5 MiB, 4096 MiB, 300 MHz, 1.45 W, 43, 0x0000000000000001
2026/10/07 07:10:50.892, 0 %, 5 MiB, 4096 MiB, 300 MHz, 1.49 W, 43, 0x0000000000000001
2026/10/07 07:10:52.913, 0 %, 5 MiB, 4096 MiB, 300 MHz, 1.46 W, 43, 0x0000000000000001
2026/10/07 07:10:54.935, 0 %, 5 MiB, 4096 MiB, 300 MHz, 1.44 W, 43, 0x0000000000000001
2026/10/07 07:10:56.956, 0 %, 5 MiB, 4096 MiB, 300 MHz, 1.68 W, 43, 0x0000000000000001
2026/10/07 07:10:58.978, 0 %, 5 MiB, 4096 MiB, 300 MHz, 1.39 W, 43, 0x0000000000000001
2026/10/07 07:11:00.999, 0 %, 5 MiB, 4096 MiB, 300 MHz, 1.42 W, 43, 0x0000000000000001
2026/10/07 07:11:03.021, 0 %, 5 MiB, 4096 MiB, 300 MHz, 1.49 W, 43, 0x0000000000000001
2026/10/07 07:11:05.042, 0 %, 5 MiB, 4096 MiB, 300 MHz, 1.43 W, 43, 0x0000000000000001
2026/10/07 07:11:07.063, 0 %, 5 MiB, 4096 MiB, 300 MHz, 1.76 W, 43, 0x0000000000000001
2026/10/07 07:11:09.085, 0 %, 5 MiB, 4096 MiB, 300 MHz, 1.45 W, 43, 0x0000000000000001
2026/10/07 07:11:11.106, 0 %, 5 MiB, 4096 MiB, 300 MHz, 1.40 W, 43, 0x0000000000000001
2026/10/07 07:11:13.127, 0 %, 5 MiB, 4096 MiB, 300 MHz, 1.39 W, 43, 0x0000000000000001
2026/10/07 07:11:15.149, 0 %, 5 MiB, 4096 MiB, 300 MHz, 1.41 W, 43, 0x0000000000000001
2026/10/07 07:11:17.170, 0 %, 5 MiB, 4096 MiB, 300 MHz, 1.78 W, 43, 0x0000000000000001
2026/10/07 07:11:19.191, 0 %, 5 MiB, 4096 MiB, 300 MHz, 1.48 W, 43, 0x0000000000000001
2026/10/07 07:11:21.213, 0 %, 5 MiB, 4096 MiB, 300 MHz, 1.50 W, 43, 0x0000000000000001
2026/10/07 07:11:23.235, 0 %, 5 MiB, 4096 MiB, 300 MHz, 1.48 W, 43, 0x0000000000000001
2026/10/07 07:11:25.256, 0 %, 5 MiB, 4096 MiB, 300 MHz, 1.43 W, 43, 0x0000000000000001
2026/10/07 07:11:27.278, 0 %, 5 MiB, 4096 MiB, 300 MHz, 1.77 W, 43, 0x0000000000000001
2026/10/07 07:11:29.299, 0 %, 5 MiB, 4096 MiB, 300 MHz, 1.36 W, 43, 0x0000000000000001
2026/10/07 07:11:31.321, 0 %, 5 MiB, 4096 MiB, 300 MHz, 1.43 W, 43, 0x0000000000000001
2026/10/07 07:11:33.344, 0 %, 5 MiB, 4096 MiB, 300 MHz, 1.41 W, 43, 0x0000000000000001
2026/10/07 07:11:35.365, 0 %, 5 MiB, 4096 MiB, 300 MHz, 1.42 W, 43, 0x0000000000000001
2026/10/07 07:11:37.387, 0 %, 5 MiB, 4096 MiB, 300 MHz, 1.87 W, 43, 0x0000000000000001
2026/10/07 07:11:39.409, 0 %, 5 MiB, 4096 MiB, 300 MHz, 1.53 W, 43, 0x0000000000000001
2026/10/07 07:11:41.430, 0 %, 5 MiB, 4096 MiB, 300 MHz, 1.57 W, 43, 0x0000000000000001
2026/10/07 07:11:43.451, 0 %, 5 MiB, 4096 MiB, 300 MHz, 1.50 W, 43, 0x0000000000000001
2026/10/07 07:11:45.472, 0 %, 5 MiB, 4096 MiB, 300 MHz, 1.50 W, 43, 0x0000000000000001
2026/10/07 07:11:47.493, 0 %, 5 MiB, 4096 MiB, 300 MHz, 1.80 W, 43, 0x0000000000000001
2026/10/07 07:11:49.515, 0 %, 5 MiB, 4096 MiB, 300 MHz, 1.47 W, 43, 0x0000000000000001
2026/10/07 07:11:51.536, 0 %, 5 MiB, 4096 MiB, 300 MHz, 1.43 W, 43, 0x0000000000000001
2026/10/07 07:11:53.557, 0 %, 5 MiB, 4096 MiB, 300 MHz, 1.42 W, 43, 0x0000000000000001
2026/10/07 07:11:55.579, 0 %, 5 MiB, 4096 MiB, 300 MHz, 1.42 W, 43, 0x0000000000000001
2026/10/07 07:11:57.600, 0 %, 5 MiB, 4096 MiB, 300 MHz, 1.43 W, 43, 0x0000000000000001
2026/10/07 07:11:59.622, 0 %, 5 MiB, 4096 MiB, 300 MHz, 1.45 W, 43, 0x0000000000000001
2026/10/07 07:12:01.644, 0 %, 5 MiB, 4096 MiB, 300 MHz, 1.43 W, 43, 0x0000000000000001
2026/10/07 07:12:03.665, 0 %, 5 MiB, 4096 MiB, 300 MHz, 1.46 W, 43, 0x0000000000000001
2026/10/07 07:12:05.686, 0 %, 5 MiB, 4096 MiB, 300 MHz, 1.51 W, 43, 0x0000000000000001
2026/10/07 07:12:07.708, 0 %, 5 MiB, 4096 MiB, 300 MHz, 1.45 W, 43, 0x0000000000000001
2026/10/07 07:12:09.729, 0 %, 5 MiB, 4096 MiB, 300 MHz, 1.47 W, 43, 0x0000000000000001
2026/10/07 07:12:11.751, 0 %, 5 MiB, 4096 MiB, 300 MHz, 1.40 W, 43, 0x0000000000000001
2026/10/07 07:12:13.772, 0 %, 5 MiB, 4096 MiB, 300 MHz, 1.43 W, 43, 0x0000000000000001
2026/10/07 07:12:15.793, 0 %, 5 MiB, 4096 MiB, 300 MHz, 1.38 W, 43, 0x0000000000000001
2026/10/07 07:12:17.814, 0 %, 5 MiB, 4096 MiB, 300 MHz, 1.42 W, 43, 0x0000000000000001
2026/10/07 07:12:19.835, 0 %, 5 MiB, 4096 MiB, 300 MHz, 1.68 W, 43, 0x0000000000000001
2026/10/07 07:12:21.856, 0 %, 5 MiB, 4096 MiB, 300 MHz, 1.48 W, 43, 0x0000000000000001
2026/10/07 07:12:23.878, 0 %, 5 MiB, 4096 MiB, 300 MHz, 1.50 W, 43, 0x0000000000000001
2026/10/07 07:12:25.899, 0 %, 5 MiB, 4096 MiB, 300 MHz, 1.52 W, 43, 0x0000000000000001
2026/10/07 07:12:27.921, 0 %, 5 MiB, 4096 MiB, 300 MHz, 1.47 W, 43, 0x0000000000000001
2026/10/07 07:12:29.942, 0 %, 5 MiB, 4096 MiB, 300 MHz, 1.60 W, 43, 0x0000000000000001
2026/10/07 07:12:31.963, 0 %, 5 MiB, 4096 MiB, 300 MHz, 1.40 W, 43, 0x0000000000000001
2026/10/07 07:12:33.985, 0 %, 5 MiB, 4096 MiB, 300 MHz, 1.41 W, 43, 0x0000000000000001
2026/10/07 07:12:36.006, 0 %, 5 MiB, 4096 MiB, 300 MHz, 1.46 W, 43, 0x0000000000000001
2026/10/07 07:12:38.027, 0 %, 5 MiB, 4096 MiB, 300 MHz, 1.46 W, 43, 0x0000000000000001
2026/10/07 07:12:40.049, 0 %, 5 MiB, 4096 MiB, 300 MHz, 1.69 W, 43, 0x0000000000000001
2026/10/07 07:12:42.070, 0 %, 5 MiB, 4096 MiB, 300 MHz, 1.47 W, 43, 0x0000000000000001
2026/10/07 07:12:44.092, 0 %, 5 MiB, 4096 MiB, 300 MHz, 1.34 W, 43, 0x0000000000000001
2026/10/07 07:12:46.113, 0 %, 5 MiB, 4096 MiB, 300 MHz, 1.40 W, 43, 0x0000000000000001
2026/10/07 07:12:48.134, 0 %, 5 MiB, 4096 MiB, 300 MHz, 1.43 W, 43, 0x0000000000000001
2026/10/07 07:12:50.155, 0 %, 5 MiB, 4096 MiB, 300 MHz, 1.62 W, 43, 0x0000000000000001
2026/10/07 07:12:52.176, 0 %, 5 MiB, 4096 MiB, 300 MHz, 1.36 W, 43, 0x0000000000000001
2026/10/07 07:12:54.198, 0 %, 5 MiB, 4096 MiB, 300 MHz, 1.42 W, 43, 0x0000000000000001
2026/10/07 07:12:56.219, 0 %, 5 MiB, 4096 MiB, 300 MHz, 1.41 W, 43, 0x0000000000000001
2026/10/07 07:12:58.240, 0 %, 5 MiB, 4096 MiB, 300 MHz, 1.40 W, 43, 0x0000000000000001
2026/10/07 07:13:00.262, 0 %, 5 MiB, 4096 MiB, 300 MHz, 1.82 W, 43, 0x0000000000000001
2026/10/07 07:13:02.283, 0 %, 5 MiB, 4096 MiB, 300 MHz, 1.45 W, 43, 0x0000000000000001
2026/10/07 07:13:04.304, 0 %, 5 MiB, 4096 MiB, 300 MHz, 1.45 W, 43, 0x0000000000000001
2026/10/07 07:13:06.325, 0 %, 5 MiB, 4096 MiB, 300 MHz, 1.55 W, 43, 0x0000000000000001
2026/10/07 07:13:08.347, 0 %, 5 MiB, 4096 MiB, 300 MHz, 1.57 W, 43, 0x0000000000000001
2026/10/07 07:13:10.368, 0 %, 5 MiB, 4096 MiB, 300 MHz, 1.83 W, 43, 0x0000000000000001
2026/10/07 07:13:12.389, 0 %, 5 MiB, 4096 MiB, 300 MHz, 1.50 W, 43, 0x0000000000000001
2026/10/07 07:13:14.411, 0 %, 5 MiB, 4096 MiB, 300 MHz, 1.41 W, 43, 0x0000000000000001
2026/10/07 07:13:16.432, 0 %, 5 MiB, 4096 MiB, 300 MHz, 1.43 W, 43, 0x0000000000000001
2026/10/07 07:13:18.453, 0 %, 5 MiB, 4096 MiB, 300 MHz, 1.42 W, 43, 0x0000000000000001
2026/10/07 07:13:20.475, 0 %, 5 MiB, 4096 MiB, 300 MHz, 1.93 W, 43, 0x0000000000000001
2026/10/07 07:13:22.496, 0 %, 5 MiB, 4096 MiB, 300 MHz, 1.49 W, 43, 0x0000000000000001
2026/10/07 07:13:24.517, 0 %, 5 MiB, 4096 MiB, 300 MHz, 1.53 W, 43, 0x0000000000000001
2026/10/07 07:13:26.539, 0 %, 5 MiB, 4096 MiB, 300 MHz, 1.55 W, 43, 0x0000000000000001
2026/10/07 07:13:28.560, 0 %, 5 MiB, 4096 MiB, 300 MHz, 1.52 W, 43, 0x0000000000000001
2026/10/07 07:13:30.582, 0 %, 5 MiB, 4096 MiB, 300 MHz, 1.49 W, 43, 0x0000000000000001
2026/10/07 07:13:32.603, 0 %, 5 MiB, 4096 MiB, 300 MHz, 1.15 W, 43, 0x0000000000000001
2026/10/07 07:13:34.625, 0 %, 5 MiB, 4096 MiB, 300 MHz, 1.40 W, 43, 0x0000000000000001
2026/10/07 07:13:36.647, 0 %, 5 MiB, 4096 MiB, 300 MHz, 1.46 W, 43, 0x0000000000000001
2026/10/07 07:13:38.668, 0 %, 5 MiB, 4096 MiB, 300 MHz, 1.43 W, 43, 0x0000000000000001
2026/10/07 07:13:40.690, 0 %, 5 MiB, 4096 MiB, 300 MHz, 1.57 W, 43, 0x0000000000000001
2026/10/07 07:13:42.711, 0 %, 5 MiB, 4096 MiB, 300 MHz, 1.44 W, 43, 0x0000000000000001
2026/10/07 07:13:44.733, 0 %, 5 MiB, 4096 MiB, 300 MHz, 1.48 W, 43, 0x0000000000000001
2026/10/07 07:13:46.754, 0 %, 5 MiB, 4096 MiB, 300 MHz, 1.45 W, 43, 0x0000000000000001
2026/10/07 07:13:48.775, 0 %, 5 MiB, 4096 MiB, 300 MHz, 1.47 W, 43, 0x0000000000000001
2026/10/07 07:13:50.796, 0 %, 5 MiB, 4096 MiB, 300 MHz, 1.48 W, 43, 0x0000000000000001
2026/10/07 07:13:52.818, 0 %, 5 MiB, 4096 MiB, 300 MHz, 1.48 W, 43, 0x0000000000000001
2026/10/07 07:13:54.839, 0 %, 5 MiB, 4096 MiB, 300 MHz, 1.39 W, 43, 0x0000000000000001
2026/10/07 07:13:56.861, 0 %, 5 MiB, 4096 MiB, 300 MHz, 1.42 W, 43, 0x0000000000000001
2026/10/07 07:13:58.882, 0 %, 5 MiB, 4096 MiB, 300 MHz, 1.45 W, 43, 0x0000000000000001
2026/10/07 07:14:00.903, 0 %, 5 MiB, 4096 MiB, 300 MHz, 1.38 W, 43, 0x0000000000000001
2026/10/07 07:14:02.925, 0 %, 5 MiB, 4096 MiB, 300 MHz, 1.63 W, 43, 0x0000000000000001
2026/10/07 07:14:04.947, 0 %, 5 MiB, 4096 MiB, 300 MHz, 1.49 W, 43, 0x0000000000000001
2026/10/07 07:14:06.968, 0 %, 5 MiB, 4096 MiB, 300 MHz, 1.46 W, 43, 0x0000000000000001
2026/10/07 07:14:08.989, 0 %, 5 MiB, 4096 MiB, 300 MHz, 1.48 W, 43, 0x0000000000000001
2026/10/07 07:14:11.011, 0 %, 5 MiB, 4096 MiB, 300 MHz, 1.51 W, 43, 0x0000000000000001
2026/10/07 07:14:13.032, 0 %, 5 MiB, 4096 MiB, 300 MHz, 1.64 W, 43, 0x0000000000000001
2026/10/07 07:14:15.053, 0 %, 5 MiB, 4096 MiB, 300 MHz, 1.41 W, 43, 0x0000000000000001
2026/10/07 07:14:17.075, 0 %, 5 MiB, 4096 MiB, 300 MHz, 1.41 W, 43, 0x0000000000000001
2026/10/07 07:14:19.096, 0 %, 5 MiB, 4096 MiB, 300 MHz, 1.42 W, 43, 0x0000000000000001
2026/10/07 07:14:21.118, 0 %, 5 MiB, 4096 MiB, 300 MHz, 1.44 W, 43, 0x0000000000000001
2026/10/07 07:14:23.139, 0 %, 5 MiB, 4096 MiB, 300 MHz, 1.67 W, 43, 0x0000000000000001
2026/10/07 07:14:25.160, 0 %, 5 MiB, 4096 MiB, 300 MHz, 1.43 W, 43, 0x0000000000000001
2026/10/07 07:14:27.182, 0 %, 5 MiB, 4096 MiB, 300 MHz, 1.52 W, 43, 0x0000000000000001
2026/10/07 07:14:29.203, 0 %, 5 MiB, 4096 MiB, 300 MHz, 1.49 W, 43, 0x0000000000000001
2026/10/07 07:14:31.224, 0 %, 5 MiB, 4096 MiB, 300 MHz, 1.44 W, 43, 0x0000000000000001
2026/10/07 07:14:33.246, 0 %, 5 MiB, 4096 MiB, 300 MHz, 1.73 W, 43, 0x0000000000000001
2026/10/07 07:14:35.267, 0 %, 5 MiB, 4096 MiB, 300 MHz, 1.44 W, 43, 0x0000000000000001
2026/10/07 07:14:37.289, 0 %, 5 MiB, 4096 MiB, 300 MHz, 1.39 W, 43, 0x0000000000000001
2026/10/07 07:14:39.311, 0 %, 5 MiB, 4096 MiB, 300 MHz, 1.40 W, 43, 0x0000000000000001
2026/10/07 07:14:41.333, 0 %, 5 MiB, 4096 MiB, 300 MHz, 1.43 W, 43, 0x0000000000000001
2026/10/07 07:14:43.354, 0 %, 5 MiB, 4096 MiB, 300 MHz, 1.77 W, 43, 0x0000000000000001
2026/10/07 07:14:45.376, 0 %, 5 MiB, 4096 MiB, 300 MHz, 1.52 W, 43, 0x0000000000000001
2026/10/07 07:14:47.397, 0 %, 5 MiB, 4096 MiB, 300 MHz, 1.49 W, 43, 0x0000000000000001
2026/10/07 07:14:49.418, 0 %, 5 MiB, 4096 MiB, 300 MHz, 1.46 W, 43, 0x0000000000000001
2026/10/07 07:14:51.440, 0 %, 5 MiB, 4096 MiB, 300 MHz, 1.46 W, 43, 0x0000000000000001
2026/10/07 07:14:53.462, 0 %, 5 MiB, 4096 MiB, 300 MHz, 1.75 W, 43, 0x0000000000000001
2026/10/07 07:14:55.483, 0 %, 5 MiB, 4096 MiB, 300 MHz, 1.41 W, 43, 0x0000000000000001
2026/10/07 07:14:57.504, 0 %, 5 MiB, 4096 MiB, 300 MHz, 1.43 W, 43, 0x0000000000000001
2026/10/07 07:14:59.525, 0 %, 5 MiB, 4096 MiB, 300 MHz, 1.49 W, 43, 0x0000000000000001
2026/10/07 07:15:01.547, 0 %, 5 MiB, 4096 MiB, 300 MHz, 1.49 W, 43, 0x0000000000000001
2026/10/07 07:15:03.569, 0 %, 5 MiB, 4096 MiB, 300 MHz, 1.91 W, 43, 0x0000000000000001
2026/10/07 07:15:05.591, 0 %, 5 MiB, 4096 MiB, 300 MHz, 1.61 W, 43, 0x0000000000000001
2026/10/07 07:15:07.613, 0 %, 5 MiB, 4096 MiB, 300 MHz, 1.53 W, 43, 0x0000000000000001
2026/10/07 07:15:09.635, 0 %, 5 MiB, 4096 MiB, 300 MHz, 1.58 W, 43, 0x0000000000000001
2026/10/07 07:15:11.656, 0 %, 5 MiB, 4096 MiB, 300 MHz, 1.56 W, 43, 0x0000000000000001
2026/10/07 07:15:13.678, 0 %, 5 MiB, 4096 MiB, 300 MHz, 1.80 W, 43, 0x0000000000000001
2026/10/07 07:15:15.699, 0 %, 5 MiB, 4096 MiB, 300 MHz, 1.40 W, 43, 0x0000000000000001
2026/10/07 07:15:17.720, 0 %, 5 MiB, 4096 MiB, 300 MHz, 1.47 W, 43, 0x0000000000000001
2026/10/07 07:15:19.742, 0 %, 5 MiB, 4096 MiB, 300 MHz, 1.41 W, 43, 0x0000000000000001
2026/10/07 07:15:21.763, 0 %, 5 MiB, 4096 MiB, 300 MHz, 1.33 W, 43, 0x0000000000000001
2026/10/07 07:15:23.784, 0 %, 5 MiB, 4096 MiB, 300 MHz, 1.47 W, 43, 0x0000000000000001
2026/10/07 07:15:25.806, 0 %, 5 MiB, 4096 MiB, 300 MHz, 1.49 W, 43, 0x0000000000000001
2026/10/07 07:15:27.827, 0 %, 5 MiB, 4096 MiB, 300 MHz, 1.48 W, 43, 0x0000000000000001
2026/10/07 07:15:29.849, 0 %, 5 MiB, 4096 MiB, 300 MHz, 1.46 W, 43, 0x0000000000000001
2026/10/07 07:15:31.870, 0 %, 5 MiB, 4096 MiB, 300 MHz, 1.48 W, 43, 0x0000000000000001
2026/10/07 07:15:33.891, 0 %, 5 MiB, 4096 MiB, 300 MHz, 1.42 W, 43, 0x0000000000000001
2026/10/07 07:15:35.913, 0 %, 5 MiB, 4096 MiB, 300 MHz, 1.48 W, 43, 0x0000000000000001
2026/10/07 07:15:37.935, 0 %, 5 MiB, 4096 MiB, 300 MHz, 1.39 W, 43, 0x0000000000000001
2026/10/07 07:15:39.957, 0 %, 5 MiB, 4096 MiB, 300 MHz, 1.39 W, 43, 0x0000000000000001
2026/10/07 07:15:41.978, 0 %, 5 MiB, 4096 MiB, 300 MHz, 1.42 W, 43, 0x0000000000000001
2026/10/07 07:15:43.999, 0 %, 5 MiB, 4096 MiB, 300 MHz, 1.44 W, 43, 0x0000000000000001
2026/10/07 07:15:46.020, 0 %, 5 MiB, 4096 MiB, 300 MHz, 1.61 W, 43, 0x0000000000000001
2026/10/07 07:15:48.042, 0 %, 5 MiB, 4096 MiB, 300 MHz, 1.54 W, 43, 0x0000000000000001
2026/10/07 07:15:50.064, 0 %, 5 MiB, 4096 MiB, 300 MHz, 1.52 W, 43, 0x0000000000000001
2026/10/07 07:15:52.085, 0 %, 5 MiB, 4096 MiB, 300 MHz, 1.50 W, 43, 0x0000000000000001
2026/10/07 07:15:54.106, 0 %, 5 MiB, 4096 MiB, 300 MHz, 1.52 W, 43, 0x0000000000000001
2026/10/07 07:15:56.127, 0 %, 5 MiB, 4096 MiB, 300 MHz, 1.51 W, 43, 0x0000000000000001
2026/10/07 07:15:58.149, 0 %, 5 MiB, 4096 MiB, 300 MHz, 1.35 W, 43, 0x0000000000000001
2026/10/07 07:16:00.170, 0 %, 5 MiB, 4096 MiB, 300 MHz, 1.46 W, 43, 0x0000000000000001
2026/10/07 07:16:02.191, 0 %, 5 MiB, 4096 MiB, 300 MHz, 1.48 W, 43, 0x0000000000000001
2026/10/07 07:16:04.213, 0 %, 5 MiB, 4096 MiB, 300 MHz, 1.38 W, 43, 0x0000000000000001
2026/10/07 07:16:06.234, 0 %, 5 MiB, 4096 MiB, 300 MHz, 1.67 W, 43, 0x0000000000000001
2026/10/07 07:16:08.255, 0 %, 5 MiB, 4096 MiB, 300 MHz, 1.48 W, 43, 0x0000000000000001
2026/10/07 07:16:10.277, 0 %, 5 MiB, 4096 MiB, 300 MHz, 1.53 W, 43, 0x0000000000000001
2026/10/07 07:16:12.298, 0 %, 5 MiB, 4096 MiB, 300 MHz, 1.47 W, 43, 0x0000000000000001
2026/10/07 07:16:14.320, 0 %, 5 MiB, 4096 MiB, 300 MHz, 1.48 W, 43, 0x0000000000000001
2026/10/07 07:16:16.341, 0 %, 5 MiB, 4096 MiB, 300 MHz, 1.65 W, 43, 0x0000000000000001
2026/10/07 07:16:18.363, 0 %, 5 MiB, 4096 MiB, 300 MHz, 1.50 W, 43, 0x0000000000000001
2026/10/07 07:16:20.384, 0 %, 5 MiB, 4096 MiB, 300 MHz, 1.44 W, 43, 0x0000000000000001
2026/10/07 07:16:22.405, 0 %, 5 MiB, 4096 MiB, 300 MHz, 1.40 W, 43, 0x0000000000000001
2026/10/07 07:16:24.428, 0 %, 5 MiB, 4096 MiB, 300 MHz, 1.40 W, 43, 0x0000000000000001
2026/10/07 07:16:26.448, 0 %, 5 MiB, 4096 MiB, 300 MHz, 1.76 W, 43, 0x0000000000000001
2026/10/07 07:16:28.470, 0 %, 5 MiB, 4096 MiB, 300 MHz, 1.49 W, 43, 0x0000000000000001
2026/10/07 07:16:30.491, 0 %, 5 MiB, 4096 MiB, 300 MHz, 1.50 W, 43, 0x0000000000000001
2026/10/07 07:16:32.512, 0 %, 5 MiB, 4096 MiB, 300 MHz, 1.53 W, 43, 0x0000000000000001
2026/10/07 07:16:34.534, 0 %, 5 MiB, 4096 MiB, 300 MHz, 1.49 W, 43, 0x0000000000000001
2026/10/07 07:16:36.555, 0 %, 5 MiB, 4096 MiB, 300 MHz, 1.71 W, 43, 0x0000000000000001
2026/10/07 07:16:38.576, 0 %, 5 MiB, 4096 MiB, 300 MHz, 1.42 W, 43, 0x0000000000000001
2026/10/07 07:16:40.598, 0 %, 5 MiB, 4096 MiB, 300 MHz, 1.43 W, 43, 0x0000000000000001
2026/10/07 07:16:42.619, 0 %, 5 MiB, 4096 MiB, 300 MHz, 1.41 W, 43, 0x0000000000000001
2026/10/07 07:16:44.641, 0 %, 5 MiB, 4096 MiB, 300 MHz, 1.44 W, 43, 0x0000000000000001
2026/10/07 07:16:46.662, 0 %, 5 MiB, 4096 MiB, 300 MHz, 1.82 W, 43, 0x0000000000000001
2026/10/07 07:16:48.684, 0 %, 5 MiB, 4096 MiB, 300 MHz, 1.53 W, 43, 0x0000000000000001
2026/10/07 07:16:50.705, 0 %, 5 MiB, 4096 MiB, 300 MHz, 1.53 W, 43, 0x0000000000000001
2026/10/07 07:16:52.727, 0 %, 5 MiB, 4096 MiB, 300 MHz, 1.48 W, 43, 0x0000000000000001
2026/10/07 07:16:54.748, 0 %, 5 MiB, 4096 MiB, 300 MHz, 1.49 W, 43, 0x0000000000000001
2026/10/07 07:16:56.770, 0 %, 5 MiB, 4096 MiB, 300 MHz, 1.83 W, 43, 0x0000000000000001
2026/10/07 07:16:58.791, 0 %, 5 MiB, 4096 MiB, 300 MHz, 1.48 W, 43, 0x0000000000000001
2026/10/07 07:17:00.812, 0 %, 5 MiB, 4096 MiB, 300 MHz, 1.48 W, 43, 0x0000000000000001
2026/10/07 07:17:02.833, 0 %, 5 MiB, 4096 MiB, 300 MHz, 1.48 W, 43, 0x0000000000000001
2026/10/07 07:17:04.854, 0 %, 5 MiB, 4096 MiB, 300 MHz, 1.52 W, 43, 0x0000000000000001
2026/10/07 07:17:06.876, 0 %, 5 MiB, 4096 MiB, 300 MHz, 1.92 W, 43, 0x0000000000000001
2026/10/07 07:17:08.897, 0 %, 5 MiB, 4096 MiB, 300 MHz, 1.51 W, 43, 0x0000000000000001
2026/10/07 07:17:10.918, 0 %, 5 MiB, 4096 MiB, 300 MHz, 1.48 W, 43, 0x0000000000000001
2026/10/07 07:17:12.940, 0 %, 5 MiB, 4096 MiB, 300 MHz, 1.44 W, 43, 0x0000000000000001
2026/10/07 07:17:14.961, 0 %, 5 MiB, 4096 MiB, 300 MHz, 1.46 W, 43, 0x0000000000000001
2026/10/07 07:17:16.983, 0 %, 5 MiB, 4096 MiB, 300 MHz, 1.50 W, 43, 0x0000000000000001
2026/10/07 07:17:19.004, 0 %, 5 MiB, 4096 MiB, 300 MHz, 1.51 W, 43, 0x0000000000000001
2026/10/07 07:17:21.025, 0 %, 5 MiB, 4096 MiB, 300 MHz, 1.45 W, 43, 0x0000000000000001
2026/10/07 07:17:23.046, 0 %, 5 MiB, 4096 MiB, 300 MHz, 1.41 W, 43, 0x0000000000000001
2026/10/07 07:17:25.067, 0 %, 5 MiB, 4096 MiB, 300 MHz, 1.42 W, 43, 0x0000000000000001
2026/10/07 07:17:27.089, 0 %, 5 MiB, 4096 MiB, 300 MHz, 1.43 W, 43, 0x0000000000000001
2026/10/07 07:17:29.111, 0 %, 5 MiB, 4096 MiB, 300 MHz, 1.56 W, 43, 0x0000000000000001
2026/10/07 07:17:31.132, 0 %, 5 MiB, 4096 MiB, 300 MHz, 1.49 W, 43, 0x0000000000000001
2026/10/07 07:17:33.154, 0 %, 5 MiB, 4096 MiB, 300 MHz, 1.53 W, 43, 0x0000000000000001
2026/10/07 07:17:35.176, 0 %, 5 MiB, 4096 MiB, 300 MHz, 1.49 W, 43, 0x0000000000000001
2026/10/07 07:17:37.197, 0 %, 5 MiB, 4096 MiB, 300 MHz, 1.53 W, 43, 0x0000000000000001
2026/10/07 07:17:39.218, 0 %, 5 MiB, 4096 MiB, 300 MHz, 1.55 W, 43, 0x0000000000000001
2026/10/07 07:17:41.240, 0 %, 5 MiB, 4096 MiB, 300 MHz, 1.45 W, 43, 0x0000000000000001
2026/10/07 07:17:43.261, 0 %, 5 MiB, 4096 MiB, 300 MHz, 1.44 W, 43, 0x0000000000000001
2026/10/07 07:17:45.283, 0 %, 5 MiB, 4096 MiB, 300 MHz, 1.40 W, 43, 0x0000000000000001
2026/10/07 07:17:47.304, 0 %, 5 MiB, 4096 MiB, 300 MHz, 1.43 W, 43, 0x0000000000000001
2026/10/07 07:17:49.325, 0 %, 5 MiB, 4096 MiB, 300 MHz, 1.56 W, 43, 0x0000000000000001
2026/10/07 07:17:51.347, 0 %, 5 MiB, 4096 MiB, 300 MHz, 1.53 W, 43, 0x0000000000000001
2026/10/07 07:17:53.368, 0 %, 5 MiB, 4096 MiB, 300 MHz, 1.47 W, 43, 0x0000000000000001
2026/10/07 07:17:55.389, 0 %, 5 MiB, 4096 MiB, 300 MHz, 1.45 W, 43, 0x0000000000000001
2026/10/07 07:17:57.411, 0 %, 5 MiB, 4096 MiB, 300 MHz, 1.48 W, 43, 0x0000000000000001
2026/10/07 07:17:59.432, 0 %, 5 MiB, 4096 MiB, 300 MHz, 1.56 W, 43, 0x0000000000000001
2026/10/07 07:18:01.454, 0 %, 5 MiB, 4096 MiB, 300 MHz, 1.41 W, 43, 0x0000000000000001
2026/10/07 07:18:03.476, 0 %, 5 MiB, 4096 MiB, 300 MHz, 1.12 W, 43, 0x0000000000000001
2026/10/07 07:18:05.498, 0 %, 5 MiB, 4096 MiB, 300 MHz, 1.45 W, 43, 0x0000000000000001
2026/10/07 07:18:07.519, 0 %, 5 MiB, 4096 MiB, 300 MHz, 1.42 W, 43, 0x0000000000000001
2026/10/07 07:18:09.540, 0 %, 5 MiB, 4096 MiB, 300 MHz, 1.67 W, 43, 0x0000000000000001
2026/10/07 07:18:11.561, 0 %, 5 MiB, 4096 MiB, 300 MHz, 1.54 W, 43, 0x0000000000000001
2026/10/07 07:18:13.583, 0 %, 5 MiB, 4096 MiB, 300 MHz, 1.47 W, 43, 0x0000000000000001
2026/10/07 07:18:15.605, 0 %, 5 MiB, 4096 MiB, 300 MHz, 1.48 W, 43, 0x0000000000000001
2026/10/07 07:18:17.626, 0 %, 5 MiB, 4096 MiB, 300 MHz, 1.50 W, 43, 0x0000000000000001
2026/10/07 07:18:19.648, 0 %, 5 MiB, 4096 MiB, 300 MHz, 1.61 W, 43, 0x0000000000000001
2026/10/07 07:18:21.669, 0 %, 5 MiB, 4096 MiB, 300 MHz, 1.45 W, 43, 0x0000000000000001
2026/10/07 07:18:23.690, 0 %, 5 MiB, 4096 MiB, 300 MHz, 1.44 W, 43, 0x0000000000000001
2026/10/07 07:18:25.711, 0 %, 5 MiB, 4096 MiB, 300 MHz, 1.39 W, 43, 0x0000000000000001
2026/10/07 07:18:27.733, 0 %, 5 MiB, 4096 MiB, 300 MHz, 1.39 W, 43, 0x0000000000000001
2026/10/07 07:18:29.754, 0 %, 5 MiB, 4096 MiB, 300 MHz, 1.72 W, 43, 0x0000000000000001
2026/10/07 07:18:31.776, 0 %, 5 MiB, 4096 MiB, 300 MHz, 1.47 W, 43, 0x0000000000000001
2026/10/07 07:18:33.797, 0 %, 5 MiB, 4096 MiB, 300 MHz, 1.47 W, 43, 0x0000000000000001
2026/10/07 07:18:35.821, 0 %, 5 MiB, 4096 MiB, 300 MHz, 1.52 W, 43, 0x0000000000000001
2026/10/07 07:18:37.843, 0 %, 5 MiB, 4096 MiB, 300 MHz, 1.49 W, 43, 0x0000000000000001
2026/10/07 07:18:39.864, 0 %, 5 MiB, 4096 MiB, 300 MHz, 1.70 W, 43, 0x0000000000000001
2026/10/07 07:18:41.886, 0 %, 5 MiB, 4096 MiB, 300 MHz, 1.47 W, 43, 0x0000000000000001
2026/10/07 07:18:43.907, 0 %, 5 MiB, 4096 MiB, 300 MHz, 1.48 W, 43, 0x0000000000000001
2026/10/07 07:18:45.929, 0 %, 5 MiB, 4096 MiB, 300 MHz, 1.49 W, 43, 0x0000000000000001
2026/10/07 07:18:47.950, 0 %, 5 MiB, 4096 MiB, 300 MHz, 1.54 W, 43, 0x0000000000000001
2026/10/07 07:18:49.971, 0 %, 5 MiB, 4096 MiB, 300 MHz, 1.73 W, 43, 0x0000000000000001
2026/10/07 07:18:51.992, 0 %, 5 MiB, 4096 MiB, 300 MHz, 1.46 W, 43, 0x0000000000000001
2026/10/07 07:18:54.013, 0 %, 5 MiB, 4096 MiB, 300 MHz, 1.47 W, 43, 0x0000000000000001
2026/10/07 07:18:56.036, 0 %, 5 MiB, 4096 MiB, 300 MHz, 1.50 W, 43, 0x0000000000000001
2026/10/07 07:18:58.057, 0 %, 5 MiB, 4096 MiB, 300 MHz, 1.45 W, 43, 0x0000000000000001
2026/10/07 07:19:00.079, 0 %, 5 MiB, 4096 MiB, 300 MHz, 1.77 W, 43, 0x0000000000000001
2026/10/07 07:19:02.100, 0 %, 5 MiB, 4096 MiB, 300 MHz, 1.43 W, 43, 0x0000000000000001
2026/10/07 07:19:04.123, 0 %, 5 MiB, 4096 MiB, 300 MHz, 1.46 W, 43, 0x0000000000000001
2026/10/07 07:19:06.144, 0 %, 5 MiB, 4096 MiB, 300 MHz, 1.47 W, 43, 0x0000000000000001
2026/10/07 07:19:08.165, 0 %, 5 MiB, 4096 MiB, 300 MHz, 1.49 W, 43, 0x0000000000000001
2026/10/07 07:19:10.187, 0 %, 5 MiB, 4096 MiB, 300 MHz, 1.83 W, 43, 0x0000000000000001
2026/10/07 07:19:12.208, 0 %, 5 MiB, 4096 MiB, 300 MHz, 1.45 W, 43, 0x0000000000000001
2026/10/07 07:19:14.229, 0 %, 5 MiB, 4096 MiB, 300 MHz, 1.43 W, 43, 0x0000000000000001
2026/10/07 07:19:16.250, 0 %, 5 MiB, 4096 MiB, 300 MHz, 1.37 W, 43, 0x0000000000000001
2026/10/07 07:19:18.272, 0 %, 5 MiB, 4096 MiB, 300 MHz, 1.48 W, 43, 0x0000000000000001
2026/10/07 07:19:20.293, 0 %, 5 MiB, 4096 MiB, 300 MHz, 1.79 W, 43, 0x0000000000000001
2026/10/07 07:19:22.315, 0 %, 5 MiB, 4096 MiB, 300 MHz, 1.45 W, 43, 0x0000000000000001
2026/10/07 07:19:24.337, 0 %, 5 MiB, 4096 MiB, 300 MHz, 1.51 W, 43, 0x0000000000000001
2026/10/07 07:19:26.358, 0 %, 5 MiB, 4096 MiB, 300 MHz, 1.46 W, 43, 0x0000000000000001
2026/10/07 07:19:28.380, 0 %, 5 MiB, 4096 MiB, 300 MHz, 1.42 W, 43, 0x0000000000000001
2026/10/07 07:19:30.401, 0 %, 5 MiB, 4096 MiB, 300 MHz, 1.82 W, 43, 0x0000000000000001
2026/10/07 07:19:32.422, 0 %, 5 MiB, 4096 MiB, 300 MHz, 1.36 W, 43, 0x0000000000000001
2026/10/07 07:19:34.443, 0 %, 5 MiB, 4096 MiB, 300 MHz, 1.37 W, 43, 0x0000000000000001
2026/10/07 07:19:36.465, 0 %, 5 MiB, 4096 MiB, 300 MHz, 1.44 W, 43, 0x0000000000000001
2026/10/07 07:19:38.486, 0 %, 5 MiB, 4096 MiB, 300 MHz, 1.39 W, 43, 0x0000000000000001
2026/10/07 07:19:40.508, 0 %, 5 MiB, 4096 MiB, 300 MHz, 1.40 W, 43, 0x0000000000000001
2026/10/07 07:19:42.529, 0 %, 5 MiB, 4096 MiB, 300 MHz, 1.46 W, 43, 0x0000000000000001
2026/10/07 07:19:44.551, 0 %, 5 MiB, 4096 MiB, 300 MHz, 1.51 W, 43, 0x0000000000000001
2026/10/07 07:19:46.572, 0 %, 5 MiB, 4096 MiB, 300 MHz, 1.44 W, 43, 0x0000000000000001
2026/10/07 07:19:48.594, 0 %, 5 MiB, 4096 MiB, 300 MHz, 1.44 W, 43, 0x0000000000000001
2026/10/07 07:19:50.615, 0 %, 5 MiB, 4096 MiB, 300 MHz, 1.46 W, 43, 0x0000000000000001
2026/10/07 07:19:52.636, 0 %, 5 MiB, 4096 MiB, 300 MHz, 1.46 W, 43, 0x0000000000000001
2026/10/07 07:19:54.658, 0 %, 5 MiB, 4096 MiB, 300 MHz, 1.48 W, 43, 0x0000000000000001
2026/10/07 07:19:56.679, 0 %, 5 MiB, 4096 MiB, 300 MHz, 1.43 W, 43, 0x0000000000000001
2026/10/07 07:19:58.700, 0 %, 5 MiB, 4096 MiB, 300 MHz, 1.40 W, 43, 0x0000000000000001
2026/10/07 07:20:00.722, 0 %, 5 MiB, 4096 MiB, 300 MHz, 1.44 W, 43, 0x0000000000000001
2026/10/07 07:20:02.743, 0 %, 5 MiB, 4096 MiB, 300 MHz, 1.33 W, 43, 0x0000000000000001
2026/10/07 07:20:04.766, 0 %, 5 MiB, 4096 MiB, 300 MHz, 1.43 W, 43, 0x0000000000000001
2026/10/07 07:20:06.787, 0 %, 5 MiB, 4096 MiB, 300 MHz, 1.44 W, 43, 0x0000000000000001
2026/10/07 07:20:08.808, 0 %, 5 MiB, 4096 MiB, 300 MHz, 1.48 W, 43, 0x0000000000000001
2026/10/07 07:20:10.829, 0 %, 5 MiB, 4096 MiB, 300 MHz, 1.47 W, 43, 0x0000000000000001
2026/10/07 07:20:12.851, 0 %, 5 MiB, 4096 MiB, 300 MHz, 1.55 W, 43, 0x0000000000000001
2026/10/07 07:20:14.873, 0 %, 5 MiB, 4096 MiB, 300 MHz, 1.47 W, 43, 0x0000000000000001
2026/10/07 07:20:16.894, 0 %, 5 MiB, 4096 MiB, 300 MHz, 1.42 W, 43, 0x0000000000000001
2026/10/07 07:20:18.916, 0 %, 5 MiB, 4096 MiB, 300 MHz, 1.40 W, 43, 0x0000000000000001
2026/10/07 07:20:20.938, 0 %, 5 MiB, 4096 MiB, 300 MHz, 1.44 W, 43, 0x0000000000000001
2026/10/07 07:20:22.960, 0 %, 5 MiB, 4096 MiB, 300 MHz, 1.60 W, 43, 0x0000000000000001
2026/10/07 07:20:24.982, 0 %, 5 MiB, 4096 MiB, 300 MHz, 1.55 W, 43, 0x0000000000000001
2026/10/07 07:20:27.003, 0 %, 5 MiB, 4096 MiB, 300 MHz, 1.50 W, 43, 0x0000000000000001
2026/10/07 07:20:29.024, 0 %, 5 MiB, 4096 MiB, 300 MHz, 1.48 W, 43, 0x0000000000000001
2026/10/07 07:20:31.046, 0 %, 5 MiB, 4096 MiB, 300 MHz, 1.47 W, 43, 0x0000000000000001
2026/10/07 07:20:33.067, 0 %, 5 MiB, 4096 MiB, 300 MHz, 1.49 W, 43, 0x0000000000000001
2026/10/07 07:20:35.089, 0 %, 5 MiB, 4096 MiB, 300 MHz, 1.41 W, 43, 0x0000000000000001
2026/10/07 07:20:37.110, 0 %, 5 MiB, 4096 MiB, 300 MHz, 1.39 W, 43, 0x0000000000000001
2026/10/07 07:20:39.131, 0 %, 5 MiB, 4096 MiB, 300 MHz, 1.42 W, 43, 0x0000000000000001
2026/10/07 07:20:41.153, 0 %, 5 MiB, 4096 MiB, 300 MHz, 1.46 W, 43, 0x0000000000000001
2026/10/07 07:20:43.175, 0 %, 5 MiB, 4096 MiB, 300 MHz, 1.61 W, 43, 0x0000000000000001
2026/10/07 07:20:45.196, 0 %, 5 MiB, 4096 MiB, 300 MHz, 1.54 W, 43, 0x0000000000000001
2026/10/07 07:20:47.217, 0 %, 5 MiB, 4096 MiB, 300 MHz, 1.47 W, 43, 0x0000000000000001
2026/10/07 07:20:49.239, 0 %, 5 MiB, 4096 MiB, 300 MHz, 1.51 W, 43, 0x0000000000000001
2026/10/07 07:20:51.260, 0 %, 5 MiB, 4096 MiB, 300 MHz, 1.50 W, 43, 0x0000000000000001
2026/10/07 07:20:53.282, 0 %, 5 MiB, 4096 MiB, 300 MHz, 1.60 W, 43, 0x0000000000000001
2026/10/07 07:20:55.303, 0 %, 5 MiB, 4096 MiB, 300 MHz, 1.47 W, 43, 0x0000000000000001
2026/10/07 07:20:57.324, 0 %, 5 MiB, 4096 MiB, 300 MHz, 1.44 W, 43, 0x0000000000000001
2026/10/07 07:20:59.345, 0 %, 5 MiB, 4096 MiB, 300 MHz, 1.59 W, 43, 0x0000000000000001
2026/10/07 07:21:01.367, 0 %, 5 MiB, 4096 MiB, 300 MHz, 1.46 W, 43, 0x0000000000000001
2026/10/07 07:21:03.388, 0 %, 5 MiB, 4096 MiB, 300 MHz, 1.72 W, 43, 0x0000000000000001
2026/10/07 07:21:05.410, 0 %, 5 MiB, 4096 MiB, 300 MHz, 1.44 W, 43, 0x0000000000000001
2026/10/07 07:21:07.431, 0 %, 5 MiB, 4096 MiB, 300 MHz, 1.50 W, 43, 0x0000000000000001
2026/10/07 07:21:09.453, 0 %, 5 MiB, 4096 MiB, 300 MHz, 1.49 W, 43, 0x0000000000000001
2026/10/07 07:21:11.474, 0 %, 5 MiB, 4096 MiB, 300 MHz, 1.44 W, 43, 0x0000000000000001
2026/10/07 07:21:13.495, 0 %, 5 MiB, 4096 MiB, 300 MHz, 1.77 W, 43, 0x0000000000000001
2026/10/07 07:21:15.516, 0 %, 5 MiB, 4096 MiB, 300 MHz, 1.38 W, 43, 0x0000000000000001
2026/10/07 07:21:17.538, 0 %, 5 MiB, 4096 MiB, 300 MHz, 1.43 W, 43, 0x0000000000000001
2026/10/07 07:21:19.559, 0 %, 5 MiB, 4096 MiB, 300 MHz, 1.41 W, 43, 0x0000000000000001
2026/10/07 07:21:21.580, 0 %, 5 MiB, 4096 MiB, 300 MHz, 1.40 W, 43, 0x0000000000000001
2026/10/07 07:21:23.602, 0 %, 5 MiB, 4096 MiB, 300 MHz, 1.80 W, 43, 0x0000000000000001
2026/10/07 07:21:25.623, 0 %, 5 MiB, 4096 MiB, 300 MHz, 1.44 W, 43, 0x0000000000000001
2026/10/07 07:21:27.645, 0 %, 5 MiB, 4096 MiB, 300 MHz, 1.57 W, 43, 0x0000000000000001
2026/10/07 07:21:29.666, 0 %, 5 MiB, 4096 MiB, 300 MHz, 1.51 W, 43, 0x0000000000000001
2026/10/07 07:21:31.687, 0 %, 5 MiB, 4096 MiB, 300 MHz, 1.49 W, 43, 0x0000000000000001
2026/10/07 07:21:33.708, 0 %, 5 MiB, 4096 MiB, 300 MHz, 1.94 W, 43, 0x0000000000000001
2026/10/07 07:21:35.730, 0 %, 5 MiB, 4096 MiB, 300 MHz, 1.54 W, 43, 0x0000000000000001
2026/10/07 07:21:37.752, 0 %, 5 MiB, 4096 MiB, 300 MHz, 1.41 W, 43, 0x0000000000000001
2026/10/07 07:21:39.774, 0 %, 5 MiB, 4096 MiB, 300 MHz, 1.42 W, 43, 0x0000000000000001
2026/10/07 07:21:41.795, 0 %, 5 MiB, 4096 MiB, 300 MHz, 1.53 W, 43, 0x0000000000000001
2026/10/07 07:21:43.817, 0 %, 5 MiB, 4096 MiB, 300 MHz, 1.83 W, 43, 0x0000000000000001
2026/10/07 07:21:45.838, 0 %, 5 MiB, 4096 MiB, 300 MHz, 1.48 W, 43, 0x0000000000000001
2026/10/07 07:21:47.861, 0 %, 5 MiB, 4096 MiB, 300 MHz, 1.43 W, 43, 0x0000000000000001
2026/10/07 07:21:49.882, 0 %, 5 MiB, 4096 MiB, 300 MHz, 1.40 W, 43, 0x0000000000000001
2026/10/07 07:21:51.903, 0 %, 5 MiB, 4096 MiB, 300 MHz, 1.42 W, 43, 0x0000000000000001
2026/10/07 07:21:53.924, 0 %, 5 MiB, 4096 MiB, 300 MHz, 1.47 W, 43, 0x0000000000000001
2026/10/07 07:21:55.946, 0 %, 5 MiB, 4096 MiB, 300 MHz, 1.46 W, 43, 0x0000000000000001
2026/10/07 07:21:57.969, 0 %, 5 MiB, 4096 MiB, 300 MHz, 1.44 W, 43, 0x0000000000000001
2026/10/07 07:21:59.990, 0 %, 5 MiB, 4096 MiB, 300 MHz, 1.45 W, 43, 0x0000000000000001
2026/10/07 07:22:02.012, 0 %, 5 MiB, 4096 MiB, 300 MHz, 1.44 W, 43, 0x0000000000000001
2026/10/07 07:22:04.033, 0 %, 5 MiB, 4096 MiB, 300 MHz, 1.46 W, 43, 0x0000000000000001
2026/10/07 07:22:06.055, 0 %, 5 MiB, 4096 MiB, 300 MHz, 1.54 W, 43, 0x0000000000000001
2026/10/07 07:22:08.077, 0 %, 5 MiB, 4096 MiB, 300 MHz, 1.42 W, 43, 0x0000000000000001
2026/10/07 07:22:10.099, 0 %, 5 MiB, 4096 MiB, 300 MHz, 1.47 W, 43, 0x0000000000000001
2026/10/07 07:22:12.120, 0 %, 5 MiB, 4096 MiB, 300 MHz, 1.55 W, 43, 0x0000000000000001
2026/10/07 07:22:14.141, 0 %, 5 MiB, 4096 MiB, 300 MHz, 1.50 W, 43, 0x0000000000000001
2026/10/07 07:22:16.163, 0 %, 5 MiB, 4096 MiB, 300 MHz, 1.62 W, 43, 0x0000000000000001
2026/10/07 07:22:18.185, 0 %, 5 MiB, 4096 MiB, 300 MHz, 1.49 W, 43, 0x0000000000000001
2026/10/07 07:22:20.206, 0 %, 5 MiB, 4096 MiB, 300 MHz, 1.45 W, 43, 0x0000000000000001
2026/10/07 07:22:22.228, 0 %, 5 MiB, 4096 MiB, 300 MHz, 1.49 W, 43, 0x0000000000000001
2026/10/07 07:22:24.249, 0 %, 5 MiB, 4096 MiB, 300 MHz, 1.43 W, 43, 0x0000000000000001
2026/10/07 07:22:26.270, 0 %, 5 MiB, 4096 MiB, 300 MHz, 1.57 W, 43, 0x0000000000000001
2026/10/07 07:22:28.291, 0 %, 5 MiB, 4096 MiB, 300 MHz, 1.46 W, 43, 0x0000000000000001
2026/10/07 07:22:30.312, 0 %, 5 MiB, 4096 MiB, 300 MHz, 1.51 W, 43, 0x0000000000000001
2026/10/07 07:22:32.334, 0 %, 5 MiB, 4096 MiB, 300 MHz, 1.50 W, 43, 0x0000000000000001
2026/10/07 07:22:34.355, 0 %, 5 MiB, 4096 MiB, 300 MHz, 1.46 W, 43, 0x0000000000000001
2026/10/07 07:22:36.377, 0 %, 5 MiB, 4096 MiB, 300 MHz, 1.58 W, 43, 0x0000000000000001
2026/10/07 07:22:38.398, 0 %, 5 MiB, 4096 MiB, 300 MHz, 1.45 W, 43, 0x0000000000000001
2026/10/07 07:22:40.420, 0 %, 5 MiB, 4096 MiB, 300 MHz, 1.41 W, 43, 0x0000000000000001
2026/10/07 07:22:42.441, 0 %, 5 MiB, 4096 MiB, 300 MHz, 1.46 W, 43, 0x0000000000000001
2026/10/07 07:22:44.463, 0 %, 5 MiB, 4096 MiB, 300 MHz, 1.43 W, 43, 0x0000000000000001
2026/10/07 07:22:46.485, 0 %, 5 MiB, 4096 MiB, 300 MHz, 1.67 W, 43, 0x0000000000000001
2026/10/07 07:22:48.506, 0 %, 5 MiB, 4096 MiB, 300 MHz, 1.47 W, 43, 0x0000000000000001
2026/10/07 07:22:50.528, 0 %, 5 MiB, 4096 MiB, 300 MHz, 1.44 W, 43, 0x0000000000000001
2026/10/07 07:22:52.549, 0 %, 5 MiB, 4096 MiB, 300 MHz, 1.41 W, 43, 0x0000000000000001
2026/10/07 07:22:54.570, 0 %, 5 MiB, 4096 MiB, 300 MHz, 1.50 W, 43, 0x0000000000000001
2026/10/07 07:22:56.592, 0 %, 5 MiB, 4096 MiB, 300 MHz, 1.59 W, 43, 0x0000000000000001
2026/10/07 07:22:58.614, 0 %, 5 MiB, 4096 MiB, 300 MHz, 1.38 W, 43, 0x0000000000000001
2026/10/07 07:23:00.635, 0 %, 5 MiB, 4096 MiB, 300 MHz, 1.42 W, 43, 0x0000000000000001
2026/10/07 07:23:02.657, 0 %, 5 MiB, 4096 MiB, 300 MHz, 1.43 W, 43, 0x0000000000000001
2026/10/07 07:23:04.678, 0 %, 5 MiB, 4096 MiB, 300 MHz, 1.40 W, 43, 0x0000000000000001
2026/10/07 07:23:06.700, 0 %, 5 MiB, 4096 MiB, 300 MHz, 1.73 W, 43, 0x0000000000000001
2026/10/07 07:23:08.721, 0 %, 5 MiB, 4096 MiB, 300 MHz, 1.47 W, 43, 0x0000000000000001
2026/10/07 07:23:10.742, 0 %, 5 MiB, 4096 MiB, 300 MHz, 1.42 W, 43, 0x0000000000000001
2026/10/07 07:23:12.764, 0 %, 5 MiB, 4096 MiB, 300 MHz, 1.45 W, 43, 0x0000000000000001
2026/10/07 07:23:14.785, 0 %, 5 MiB, 4096 MiB, 300 MHz, 1.49 W, 43, 0x0000000000000001
2026/10/07 07:23:16.806, 0 %, 5 MiB, 4096 MiB, 300 MHz, 1.76 W, 43, 0x0000000000000001
2026/10/07 07:23:18.828, 0 %, 5 MiB, 4096 MiB, 300 MHz, 1.46 W, 43, 0x0000000000000001
2026/10/07 07:23:20.850, 0 %, 5 MiB, 4096 MiB, 300 MHz, 1.47 W, 43, 0x0000000000000001
2026/10/07 07:23:22.872, 0 %, 5 MiB, 4096 MiB, 300 MHz, 1.42 W, 43, 0x0000000000000001
2026/10/07 07:23:24.894, 0 %, 5 MiB, 4096 MiB, 300 MHz, 1.46 W, 43, 0x0000000000000001
2026/10/07 07:23:26.916, 0 %, 5 MiB, 4096 MiB, 300 MHz, 1.71 W, 43, 0x0000000000000001
2026/10/07 07:23:28.937, 0 %, 5 MiB, 4096 MiB, 300 MHz, 1.44 W, 43, 0x0000000000000001
2026/10/07 07:23:30.958, 0 %, 5 MiB, 4096 MiB, 300 MHz, 1.43 W, 43, 0x0000000000000001
2026/10/07 07:23:32.979, 0 %, 5 MiB, 4096 MiB, 300 MHz, 1.48 W, 43, 0x0000000000000001
2026/10/07 07:23:35.000, 0 %, 5 MiB, 4096 MiB, 300 MHz, 1.46 W, 43, 0x0000000000000001
2026/10/07 07:23:37.022, 0 %, 5 MiB, 4096 MiB, 300 MHz, 1.83 W, 43, 0x0000000000000001
2026/10/07 07:23:39.043, 0 %, 5 MiB, 4096 MiB, 300 MHz, 1.43 W, 43, 0x0000000000000001
2026/10/07 07:23:41.064, 0 %, 5 MiB, 4096 MiB, 300 MHz, 1.41 W, 43, 0x0000000000000001
2026/10/07 07:23:43.085, 0 %, 5 MiB, 4096 MiB, 300 MHz, 1.39 W, 43, 0x0000000000000001
2026/10/07 07:23:45.107, 0 %, 5 MiB, 4096 MiB, 300 MHz, 1.46 W, 43, 0x0000000000000001
2026/10/07 07:23:47.128, 0 %, 5 MiB, 4096 MiB, 300 MHz, 1.43 W, 43, 0x0000000000000001
2026/10/07 07:23:49.149, 0 %, 5 MiB, 4096 MiB, 300 MHz, 1.48 W, 43, 0x0000000000000001
2026/10/07 07:23:51.171, 0 %, 5 MiB, 4096 MiB, 300 MHz, 1.49 W, 43, 0x0000000000000001
2026/10/07 07:23:53.192, 0 %, 5 MiB, 4096 MiB, 300 MHz, 1.44 W, 43, 0x0000000000000001
2026/10/07 07:23:55.214, 0 %, 5 MiB, 4096 MiB, 300 MHz, 1.44 W, 43, 0x0000000000000001
2026/10/07 07:23:57.236, 0 %, 5 MiB, 4096 MiB, 300 MHz, 1.49 W, 43, 0x0000000000000001
2026/10/07 07:23:59.257, 0 %, 5 MiB, 4096 MiB, 300 MHz, 1.53 W, 43, 0x0000000000000001
2026/10/07 07:24:01.279, 0 %, 5 MiB, 4096 MiB, 300 MHz, 1.46 W, 43, 0x0000000000000001
2026/10/07 07:24:03.300, 0 %, 5 MiB, 4096 MiB, 300 MHz, 1.51 W, 43, 0x0000000000000001
2026/10/07 07:24:05.321, 0 %, 5 MiB, 4096 MiB, 300 MHz, 1.51 W, 43, 0x0000000000000001
2026/10/07 07:24:07.343, 0 %, 5 MiB, 4096 MiB, 300 MHz, 1.41 W, 43, 0x0000000000000001
2026/10/07 07:24:09.364, 0 %, 5 MiB, 4096 MiB, 300 MHz, 1.62 W, 43, 0x0000000000000001
2026/10/07 07:24:11.386, 0 %, 5 MiB, 4096 MiB, 300 MHz, 1.43 W, 43, 0x0000000000000001
2026/10/07 07:24:13.407, 0 %, 5 MiB, 4096 MiB, 300 MHz, 1.50 W, 43, 0x0000000000000001
2026/10/07 07:24:15.429, 0 %, 5 MiB, 4096 MiB, 300 MHz, 1.46 W, 43, 0x0000000000000001
2026/10/07 07:24:17.450, 0 %, 5 MiB, 4096 MiB, 300 MHz, 1.48 W, 43, 0x0000000000000001
2026/10/07 07:24:19.472, 0 %, 5 MiB, 4096 MiB, 300 MHz, 1.56 W, 43, 0x0000000000000001
2026/10/07 07:24:21.493, 0 %, 5 MiB, 4096 MiB, 300 MHz, 1.46 W, 43, 0x0000000000000001
2026/10/07 07:24:23.514, 0 %, 5 MiB, 4096 MiB, 300 MHz, 1.41 W, 43, 0x0000000000000001
2026/10/07 07:24:25.536, 0 %, 5 MiB, 4096 MiB, 300 MHz, 1.39 W, 43, 0x0000000000000001
2026/10/07 07:24:27.557, 0 %, 5 MiB, 4096 MiB, 300 MHz, 1.39 W, 43, 0x0000000000000001
2026/10/07 07:24:29.580, 0 %, 5 MiB, 4096 MiB, 300 MHz, 1.57 W, 43, 0x0000000000000001
2026/10/07 07:24:31.601, 0 %, 5 MiB, 4096 MiB, 300 MHz, 1.41 W, 43, 0x0000000000000001
2026/10/07 07:24:33.622, 0 %, 5 MiB, 4096 MiB, 300 MHz, 1.51 W, 43, 0x0000000000000001
2026/10/07 07:24:35.644, 0 %, 5 MiB, 4096 MiB, 300 MHz, 1.48 W, 43, 0x0000000000000001
2026/10/07 07:24:37.665, 0 %, 5 MiB, 4096 MiB, 300 MHz, 1.41 W, 43, 0x0000000000000001
2026/10/07 07:24:39.686, 0 %, 5 MiB, 4096 MiB, 300 MHz, 1.64 W, 43, 0x0000000000000001
2026/10/07 07:24:41.708, 0 %, 5 MiB, 4096 MiB, 300 MHz, 1.49 W, 43, 0x0000000000000001
2026/10/07 07:24:43.730, 0 %, 5 MiB, 4096 MiB, 300 MHz, 1.38 W, 43, 0x0000000000000001
2026/10/07 07:24:45.752, 0 %, 5 MiB, 4096 MiB, 300 MHz, 1.39 W, 43, 0x0000000000000001
2026/10/07 07:24:47.774, 0 %, 5 MiB, 4096 MiB, 300 MHz, 1.43 W, 43, 0x0000000000000001
2026/10/07 07:24:49.795, 0 %, 5 MiB, 4096 MiB, 300 MHz, 1.73 W, 43, 0x0000000000000001
2026/10/07 07:24:51.816, 0 %, 5 MiB, 4096 MiB, 300 MHz, 1.47 W, 43, 0x0000000000000001
2026/10/07 07:24:53.838, 0 %, 5 MiB, 4096 MiB, 300 MHz, 1.48 W, 43, 0x0000000000000001
2026/10/07 07:24:55.859, 0 %, 5 MiB, 4096 MiB, 300 MHz, 1.43 W, 43, 0x0000000000000001
2026/10/07 07:24:57.881, 0 %, 5 MiB, 4096 MiB, 300 MHz, 1.47 W, 43, 0x0000000000000001
2026/10/07 07:24:59.902, 0 %, 5 MiB, 4096 MiB, 300 MHz, 1.67 W, 43, 0x0000000000000001
2026/10/07 07:25:01.925, 0 %, 5 MiB, 4096 MiB, 300 MHz, 1.40 W, 43, 0x0000000000000001
2026/10/07 07:25:03.947, 0 %, 5 MiB, 4096 MiB, 300 MHz, 1.41 W, 43, 0x0000000000000001
2026/10/07 07:25:05.968, 0 %, 5 MiB, 4096 MiB, 300 MHz, 1.38 W, 43, 0x0000000000000001
2026/10/07 07:25:07.989, 0 %, 5 MiB, 4096 MiB, 300 MHz, 1.42 W, 43, 0x0000000000000001
2026/10/07 07:25:10.010, 0 %, 5 MiB, 4096 MiB, 300 MHz, 1.75 W, 43, 0x0000000000000001
2026/10/07 07:25:12.032, 0 %, 5 MiB, 4096 MiB, 300 MHz, 1.50 W, 43, 0x0000000000000001
2026/10/07 07:25:14.053, 0 %, 5 MiB, 4096 MiB, 300 MHz, 1.46 W, 43, 0x0000000000000001
2026/10/07 07:25:16.074, 0 %, 5 MiB, 4096 MiB, 300 MHz, 1.47 W, 43, 0x0000000000000001
2026/10/07 07:25:18.095, 0 %, 5 MiB, 4096 MiB, 300 MHz, 1.52 W, 43, 0x0000000000000001
2026/10/07 07:25:20.118, 0 %, 5 MiB, 4096 MiB, 300 MHz, 1.73 W, 43, 0x0000000000000001
2026/10/07 07:25:22.139, 0 %, 5 MiB, 4096 MiB, 300 MHz, 1.40 W, 43, 0x0000000000000001
2026/10/07 07:25:24.161, 0 %, 5 MiB, 4096 MiB, 300 MHz, 1.45 W, 43, 0x0000000000000001
2026/10/07 07:25:26.182, 0 %, 5 MiB, 4096 MiB, 300 MHz, 1.46 W, 43, 0x0000000000000001
2026/10/07 07:25:28.204, 0 %, 5 MiB, 4096 MiB, 300 MHz, 1.39 W, 43, 0x0000000000000001
2026/10/07 07:25:30.226, 0 %, 5 MiB, 4096 MiB, 300 MHz, 1.80 W, 43, 0x0000000000000001
2026/10/07 07:25:32.248, 0 %, 5 MiB, 4096 MiB, 300 MHz, 1.53 W, 43, 0x0000000000000001
2026/10/07 07:25:34.269, 0 %, 5 MiB, 4096 MiB, 300 MHz, 1.43 W, 43, 0x0000000000000001
2026/10/07 07:25:36.291, 0 %, 5 MiB, 4096 MiB, 300 MHz, 1.48 W, 43, 0x0000000000000001
2026/10/07 07:25:38.312, 0 %, 5 MiB, 4096 MiB, 300 MHz, 1.46 W, 43, 0x0000000000000001
2026/10/07 07:25:40.334, 0 %, 5 MiB, 4096 MiB, 300 MHz, 1.89 W, 43, 0x0000000000000001
2026/10/07 07:25:42.355, 0 %, 5 MiB, 4096 MiB, 300 MHz, 1.51 W, 43, 0x0000000000000001
2026/10/07 07:25:44.377, 0 %, 5 MiB, 4096 MiB, 300 MHz, 1.49 W, 43, 0x0000000000000001
2026/10/07 07:25:46.398, 0 %, 5 MiB, 4096 MiB, 300 MHz, 1.51 W, 43, 0x0000000000000001
2026/10/07 07:25:48.419, 0 %, 5 MiB, 4096 MiB, 300 MHz, 1.49 W, 43, 0x0000000000000001
2026/10/07 07:25:50.441, 0 %, 5 MiB, 4096 MiB, 300 MHz, 1.90 W, 43, 0x0000000000000001
2026/10/07 07:25:52.462, 0 %, 5 MiB, 4096 MiB, 300 MHz, 1.49 W, 43, 0x0000000000000001
2026/10/07 07:25:54.484, 0 %, 5 MiB, 4096 MiB, 300 MHz, 1.49 W, 43, 0x0000000000000001
2026/10/07 07:25:56.506, 0 %, 5 MiB, 4096 MiB, 300 MHz, 1.52 W, 43, 0x0000000000000001
2026/10/07 07:25:58.528, 0 %, 5 MiB, 4096 MiB, 300 MHz, 1.46 W, 43, 0x0000000000000001
2026/10/07 07:26:00.549, 0 %, 5 MiB, 4096 MiB, 300 MHz, 1.84 W, 43, 0x0000000000000001
2026/10/07 07:26:02.571, 0 %, 5 MiB, 4096 MiB, 300 MHz, 1.40 W, 43, 0x0000000000000001
2026/10/07 07:26:04.592, 0 %, 5 MiB, 4096 MiB, 300 MHz, 1.41 W, 43, 0x0000000000000001
2026/10/07 07:26:06.613, 0 %, 5 MiB, 4096 MiB, 300 MHz, 1.43 W, 43, 0x0000000000000001
2026/10/07 07:26:08.635, 0 %, 5 MiB, 4096 MiB, 300 MHz, 1.47 W, 43, 0x0000000000000001
2026/10/07 07:26:10.656, 0 %, 5 MiB, 4096 MiB, 300 MHz, 1.43 W, 43, 0x0000000000000001
2026/10/07 07:26:12.677, 0 %, 5 MiB, 4096 MiB, 300 MHz, 1.52 W, 43, 0x0000000000000001
2026/10/07 07:26:14.699, 0 %, 5 MiB, 4096 MiB, 300 MHz, 1.50 W, 43, 0x0000000000000001
2026/10/07 07:26:16.721, 0 %, 5 MiB, 4096 MiB, 300 MHz, 1.47 W, 43, 0x0000000000000001
2026/10/07 07:26:18.743, 0 %, 5 MiB, 4096 MiB, 300 MHz, 1.46 W, 43, 0x0000000000000001
2026/10/07 07:26:20.764, 0 %, 5 MiB, 4096 MiB, 300 MHz, 1.48 W, 43, 0x0000000000000001
2026/10/07 07:26:22.785, 0 %, 5 MiB, 4096 MiB, 300 MHz, 1.50 W, 43, 0x0000000000000001
2026/10/07 07:26:24.807, 0 %, 5 MiB, 4096 MiB, 300 MHz, 1.43 W, 43, 0x0000000000000001
2026/10/07 07:26:26.828, 0 %, 5 MiB, 4096 MiB, 300 MHz, 1.43 W, 43, 0x0000000000000001
2026/10/07 07:26:28.849, 0 %, 5 MiB, 4096 MiB, 300 MHz, 1.48 W, 43, 0x0000000000000001
2026/10/07 07:26:30.870, 0 %, 5 MiB, 4096 MiB, 300 MHz, 1.39 W, 43, 0x0000000000000001
2026/10/07 07:26:32.892, 0 %, 5 MiB, 4096 MiB, 300 MHz, 1.56 W, 43, 0x0000000000000001
2026/10/07 07:26:34.914, 0 %, 5 MiB, 4096 MiB, 300 MHz, 1.44 W, 43, 0x0000000000000001
2026/10/07 07:26:36.935, 0 %, 5 MiB, 4096 MiB, 300 MHz, 1.46 W, 43, 0x0000000000000001
2026/10/07 07:26:38.956, 0 %, 5 MiB, 4096 MiB, 300 MHz, 1.50 W, 43, 0x0000000000000001
2026/10/07 07:26:40.978, 0 %, 5 MiB, 4096 MiB, 300 MHz, 1.46 W, 43, 0x0000000000000001
2026/10/07 07:26:42.999, 0 %, 5 MiB, 4096 MiB, 300 MHz, 1.60 W, 43, 0x0000000000000001
2026/10/07 07:26:45.020, 0 %, 5 MiB, 4096 MiB, 300 MHz, 1.44 W, 43, 0x0000000000000001
2026/10/07 07:26:47.042, 0 %, 5 MiB, 4096 MiB, 300 MHz, 1.42 W, 43, 0x0000000000000001
2026/10/07 07:26:49.063, 0 %, 5 MiB, 4096 MiB, 300 MHz, 1.42 W, 43, 0x0000000000000001
2026/10/07 07:26:51.085, 0 %, 5 MiB, 4096 MiB, 300 MHz, 1.47 W, 43, 0x0000000000000001
2026/10/07 07:26:53.106, 0 %, 5 MiB, 4096 MiB, 300 MHz, 1.65 W, 43, 0x0000000000000001
2026/10/07 07:26:55.127, 0 %, 5 MiB, 4096 MiB, 300 MHz, 1.45 W, 43, 0x0000000000000001
2026/10/07 07:26:57.149, 0 %, 5 MiB, 4096 MiB, 300 MHz, 1.52 W, 43, 0x0000000000000001
2026/10/07 07:26:59.171, 0 %, 5 MiB, 4096 MiB, 300 MHz, 1.52 W, 43, 0x0000000000000001
2026/10/07 07:27:01.193, 0 %, 5 MiB, 4096 MiB, 300 MHz, 1.46 W, 43, 0x0000000000000001
2026/10/07 07:27:03.214, 0 %, 5 MiB, 4096 MiB, 300 MHz, 1.65 W, 43, 0x0000000000000001
2026/10/07 07:27:05.235, 0 %, 5 MiB, 4096 MiB, 300 MHz, 1.42 W, 43, 0x0000000000000001
2026/10/07 07:27:07.256, 0 %, 5 MiB, 4096 MiB, 300 MHz, 1.42 W, 43, 0x0000000000000001
2026/10/07 07:27:09.278, 0 %, 5 MiB, 4096 MiB, 300 MHz, 1.45 W, 43, 0x0000000000000001
2026/10/07 07:27:11.300, 0 %, 5 MiB, 4096 MiB, 300 MHz, 1.42 W, 43, 0x0000000000000001
2026/10/07 07:27:13.321, 0 %, 5 MiB, 4096 MiB, 300 MHz, 1.74 W, 43, 0x0000000000000001
2026/10/07 07:27:15.342, 0 %, 5 MiB, 4096 MiB, 300 MHz, 1.49 W, 43, 0x0000000000000001
2026/10/07 07:27:17.363, 0 %, 5 MiB, 4096 MiB, 300 MHz, 1.46 W, 43, 0x0000000000000001
2026/10/07 07:27:19.384, 0 %, 5 MiB, 4096 MiB, 300 MHz, 1.45 W, 43, 0x0000000000000001
2026/10/07 07:27:21.407, 0 %, 5 MiB, 4096 MiB, 300 MHz, 1.51 W, 43, 0x0000000000000001
2026/10/07 07:27:23.428, 0 %, 5 MiB, 4096 MiB, 300 MHz, 1.69 W, 43, 0x0000000000000001
2026/10/07 07:27:25.451, 0 %, 5 MiB, 4096 MiB, 300 MHz, 1.42 W, 43, 0x0000000000000001
2026/10/07 07:27:27.473, 0 %, 5 MiB, 4096 MiB, 300 MHz, 1.47 W, 43, 0x0000000000000001
2026/10/07 07:27:29.494, 0 %, 5 MiB, 4096 MiB, 300 MHz, 1.49 W, 43, 0x0000000000000001
2026/10/07 07:27:31.516, 0 %, 5 MiB, 4096 MiB, 300 MHz, 1.42 W, 43, 0x0000000000000001
2026/10/07 07:27:33.537, 0 %, 5 MiB, 4096 MiB, 300 MHz, 1.85 W, 43, 0x0000000000000001
2026/10/07 07:27:35.558, 0 %, 5 MiB, 4096 MiB, 300 MHz, 1.63 W, 43, 0x0000000000000001
2026/10/07 07:27:37.579, 0 %, 5 MiB, 4096 MiB, 300 MHz, 1.56 W, 43, 0x0000000000000001
2026/10/07 07:27:39.600, 0 %, 5 MiB, 4096 MiB, 300 MHz, 1.62 W, 43, 0x0000000000000001
2026/10/07 07:27:41.622, 0 %, 5 MiB, 4096 MiB, 300 MHz, 1.72 W, 43, 0x0000000000000001
2026/10/07 07:27:43.644, 0 %, 5 MiB, 4096 MiB, 300 MHz, 1.72 W, 43, 0x0000000000000001
2026/10/07 07:27:45.664, 0 %, 5 MiB, 4096 MiB, 300 MHz, 1.43 W, 43, 0x0000000000000001
2026/10/07 07:27:47.685, 0 %, 5 MiB, 4096 MiB, 300 MHz, 1.51 W, 43, 0x0000000000000001
2026/10/07 07:27:49.707, 0 %, 5 MiB, 4096 MiB, 300 MHz, 1.45 W, 43, 0x0000000000000001
2026/10/07 07:27:51.728, 0 %, 5 MiB, 4096 MiB, 300 MHz, 1.34 W, 43, 0x0000000000000001
2026/10/07 07:27:53.749, 0 %, 5 MiB, 4096 MiB, 300 MHz, 1.79 W, 43, 0x0000000000000001
2026/10/07 07:27:55.771, 0 %, 5 MiB, 4096 MiB, 300 MHz, 1.50 W, 43, 0x0000000000000001
2026/10/07 07:27:57.792, 0 %, 5 MiB, 4096 MiB, 300 MHz, 1.50 W, 43, 0x0000000000000001
2026/10/07 07:27:59.813, 0 %, 5 MiB, 4096 MiB, 300 MHz, 1.50 W, 43, 0x0000000000000001
2026/10/07 07:28:01.834, 0 %, 5 MiB, 4096 MiB, 300 MHz, 1.52 W, 43, 0x0000000000000001
2026/10/07 07:28:03.856, 0 %, 5 MiB, 4096 MiB, 300 MHz, 1.94 W, 43, 0x0000000000000001
2026/10/07 07:28:05.877, 0 %, 5 MiB, 4096 MiB, 300 MHz, 1.43 W, 43, 0x0000000000000001
2026/10/07 07:28:07.899, 0 %, 5 MiB, 4096 MiB, 300 MHz, 1.41 W, 43, 0x0000000000000001
2026/10/07 07:28:09.920, 0 %, 5 MiB, 4096 MiB, 300 MHz, 1.39 W, 43, 0x0000000000000001
2026/10/07 07:28:11.941, 0 %, 5 MiB, 4096 MiB, 300 MHz, 1.50 W, 43, 0x0000000000000001
2026/10/07 07:28:13.963, 0 %, 5 MiB, 4096 MiB, 300 MHz, 1.46 W, 43, 0x0000000000000001
2026/10/07 07:28:15.985, 0 %, 5 MiB, 4096 MiB, 300 MHz, 1.51 W, 43, 0x0000000000000001
2026/10/07 07:28:18.006, 0 %, 5 MiB, 4096 MiB, 300 MHz, 1.52 W, 43, 0x0000000000000001
2026/10/07 07:28:20.028, 0 %, 5 MiB, 4096 MiB, 300 MHz, 1.47 W, 43, 0x0000000000000001
2026/10/07 07:28:22.049, 0 %, 5 MiB, 4096 MiB, 300 MHz, 1.50 W, 43, 0x0000000000000001
2026/10/07 07:28:24.071, 0 %, 5 MiB, 4096 MiB, 300 MHz, 1.47 W, 43, 0x0000000000000001
2026/10/07 07:28:26.092, 0 %, 5 MiB, 4096 MiB, 300 MHz, 1.51 W, 43, 0x0000000000000001
2026/10/07 07:28:28.114, 0 %, 5 MiB, 4096 MiB, 300 MHz, 1.48 W, 43, 0x0000000000000001
2026/10/07 07:28:30.136, 0 %, 5 MiB, 4096 MiB, 300 MHz, 1.46 W, 43, 0x0000000000000001
2026/10/07 07:28:32.157, 0 %, 5 MiB, 4096 MiB, 300 MHz, 1.46 W, 43, 0x0000000000000001
2026/10/07 07:28:34.179, 0 %, 5 MiB, 4096 MiB, 300 MHz, 1.42 W, 43, 0x0000000000000001
2026/10/07 07:28:36.201, 0 %, 5 MiB, 4096 MiB, 300 MHz, 1.59 W, 43, 0x0000000000000001
2026/10/07 07:28:38.223, 0 %, 5 MiB, 4096 MiB, 300 MHz, 1.48 W, 43, 0x0000000000000001
2026/10/07 07:28:40.244, 0 %, 5 MiB, 4096 MiB, 300 MHz, 1.52 W, 43, 0x0000000000000001
2026/10/07 07:28:42.266, 0 %, 5 MiB, 4096 MiB, 300 MHz, 1.53 W, 43, 0x0000000000000001
2026/10/07 07:28:44.287, 0 %, 5 MiB, 4096 MiB, 300 MHz, 1.53 W, 43, 0x0000000000000001
2026/10/07 07:28:46.308, 0 %, 5 MiB, 4096 MiB, 300 MHz, 1.62 W, 43, 0x0000000000000001
2026/10/07 07:28:48.330, 0 %, 5 MiB, 4096 MiB, 300 MHz, 1.43 W, 43, 0x0000000000000001
2026/10/07 07:28:50.352, 0 %, 5 MiB, 4096 MiB, 300 MHz, 1.43 W, 43, 0x0000000000000001
2026/10/07 07:28:52.373, 0 %, 5 MiB, 4096 MiB, 300 MHz, 1.40 W, 43, 0x0000000000000001
2026/10/07 07:28:54.394, 0 %, 5 MiB, 4096 MiB, 300 MHz, 1.43 W, 43, 0x0000000000000001
2026/10/07 07:28:56.416, 0 %, 5 MiB, 4096 MiB, 300 MHz, 1.60 W, 43, 0x0000000000000001
2026/10/07 07:28:58.437, 0 %, 5 MiB, 4096 MiB, 300 MHz, 1.44 W, 43, 0x0000000000000001
2026/10/07 07:29:00.458, 0 %, 5 MiB, 4096 MiB, 300 MHz, 1.47 W, 43, 0x0000000000000001
2026/10/07 07:29:02.479, 0 %, 5 MiB, 4096 MiB, 300 MHz, 1.51 W, 43, 0x0000000000000001
2026/10/07 07:29:04.501, 0 %, 5 MiB, 4096 MiB, 300 MHz, 1.46 W, 43, 0x0000000000000001
2026/10/07 07:29:06.522, 0 %, 5 MiB, 4096 MiB, 300 MHz, 1.71 W, 43, 0x0000000000000001
2026/10/07 07:29:08.544, 0 %, 5 MiB, 4096 MiB, 300 MHz, 1.43 W, 43, 0x0000000000000001
2026/10/07 07:29:10.566, 0 %, 5 MiB, 4096 MiB, 300 MHz, 1.43 W, 43, 0x0000000000000001
2026/10/07 07:29:12.588, 0 %, 5 MiB, 4096 MiB, 300 MHz, 1.43 W, 43, 0x0000000000000001
2026/10/07 07:29:14.610, 0 %, 5 MiB, 4096 MiB, 300 MHz, 1.46 W, 43, 0x0000000000000001
2026/10/07 07:29:16.631, 0 %, 5 MiB, 4096 MiB, 300 MHz, 1.85 W, 43, 0x0000000000000001
2026/10/07 07:29:18.653, 0 %, 5 MiB, 4096 MiB, 300 MHz, 1.64 W, 43, 0x0000000000000001
2026/10/07 07:29:20.674, 0 %, 5 MiB, 4096 MiB, 300 MHz, 1.62 W, 43, 0x0000000000000001
2026/10/07 07:29:22.696, 0 %, 5 MiB, 4096 MiB, 300 MHz, 1.60 W, 43, 0x0000000000000001
2026/10/07 07:29:24.717, 0 %, 5 MiB, 4096 MiB, 300 MHz, 1.61 W, 43, 0x0000000000000001
2026/10/07 07:29:26.739, 0 %, 5 MiB, 4096 MiB, 300 MHz, 1.76 W, 43, 0x0000000000000001
2026/10/07 07:29:28.760, 0 %, 5 MiB, 4096 MiB, 300 MHz, 1.41 W, 43, 0x0000000000000001
2026/10/07 07:29:30.781, 0 %, 5 MiB, 4096 MiB, 300 MHz, 1.45 W, 43, 0x0000000000000001
2026/10/07 07:29:32.803, 0 %, 5 MiB, 4096 MiB, 300 MHz, 1.42 W, 43, 0x0000000000000001
2026/10/07 07:29:34.824, 0 %, 5 MiB, 4096 MiB, 300 MHz, 1.42 W, 43, 0x0000000000000001
2026/10/07 07:29:36.846, 0 %, 5 MiB, 4096 MiB, 300 MHz, 1.89 W, 43, 0x0000000000000001
2026/10/07 07:29:38.867, 0 %, 5 MiB, 4096 MiB, 300 MHz, 1.46 W, 43, 0x0000000000000001
2026/10/07 07:29:40.889, 0 %, 5 MiB, 4096 MiB, 300 MHz, 1.47 W, 43, 0x0000000000000001
2026/10/07 07:29:42.910, 0 %, 5 MiB, 4096 MiB, 300 MHz, 1.46 W, 43, 0x0000000000000001
2026/10/07 07:29:44.931, 0 %, 5 MiB, 4096 MiB, 300 MHz, 1.47 W, 43, 0x0000000000000001
2026/10/07 07:29:46.953, 0 %, 5 MiB, 4096 MiB, 300 MHz, 1.47 W, 43, 0x0000000000000001
2026/10/07 07:29:48.975, 0 %, 5 MiB, 4096 MiB, 300 MHz, 1.43 W, 43, 0x0000000000000001
2026/10/07 07:29:50.997, 0 %, 5 MiB, 4096 MiB, 300 MHz, 1.48 W, 43, 0x0000000000000001
2026/10/07 07:29:53.018, 0 %, 5 MiB, 4096 MiB, 300 MHz, 1.46 W, 43, 0x0000000000000001
2026/10/07 07:29:55.040, 0 %, 5 MiB, 4096 MiB, 300 MHz, 1.27 W, 43, 0x0000000000000001
2026/10/07 07:29:57.062, 0 %, 5 MiB, 4096 MiB, 300 MHz, 1.47 W, 43, 0x0000000000000001
2026/10/07 07:29:59.084, 0 %, 5 MiB, 4096 MiB, 300 MHz, 1.48 W, 43, 0x0000000000000001
2026/10/07 07:30:01.106, 0 %, 5 MiB, 4096 MiB, 300 MHz, 1.49 W, 43, 0x0000000000000001
2026/10/07 07:30:03.127, 0 %, 5 MiB, 4096 MiB, 300 MHz, 1.47 W, 43, 0x0000000000000001
2026/10/07 07:30:05.148, 0 %, 5 MiB, 4096 MiB, 300 MHz, 1.48 W, 43, 0x0000000000000001
2026/10/07 07:30:07.170, 0 %, 5 MiB, 4096 MiB, 300 MHz, 1.42 W, 43, 0x0000000000000001
2026/10/07 07:30:09.192, 0 %, 5 MiB, 4096 MiB, 300 MHz, 1.54 W, 43, 0x0000000000000001
2026/10/07 07:30:11.214, 0 %, 5 MiB, 4096 MiB, 300 MHz, 1.46 W, 43, 0x0000000000000001
2026/10/07 07:30:13.236, 0 %, 5 MiB, 4096 MiB, 300 MHz, 1.45 W, 43, 0x0000000000000001
2026/10/07 07:30:15.257, 0 %, 5 MiB, 4096 MiB, 300 MHz, 1.50 W, 43, 0x0000000000000001
2026/10/07 07:30:17.279, 0 %, 5 MiB, 4096 MiB, 300 MHz, 1.53 W, 43, 0x0000000000000001
2026/10/07 07:30:19.300, 0 %, 5 MiB, 4096 MiB, 300 MHz, 1.57 W, 43, 0x0000000000000001
2026/10/07 07:30:21.322, 0 %, 5 MiB, 4096 MiB, 300 MHz, 1.53 W, 43, 0x0000000000000001
2026/10/07 07:30:23.343, 0 %, 5 MiB, 4096 MiB, 300 MHz, 1.49 W, 43, 0x0000000000000001
2026/10/07 07:30:25.364, 0 %, 5 MiB, 4096 MiB, 300 MHz, 1.45 W, 43, 0x0000000000000001
2026/10/07 07:30:27.386, 0 %, 5 MiB, 4096 MiB, 300 MHz, 1.40 W, 43, 0x0000000000000001
2026/10/07 07:30:29.407, 0 %, 5 MiB, 4096 MiB, 300 MHz, 1.57 W, 43, 0x0000000000000001
2026/10/07 07:30:31.429, 0 %, 5 MiB, 4096 MiB, 300 MHz, 1.44 W, 43, 0x0000000000000001
2026/10/07 07:30:33.450, 0 %, 5 MiB, 4096 MiB, 300 MHz, 1.53 W, 43, 0x0000000000000001
2026/10/07 07:30:35.471, 0 %, 5 MiB, 4096 MiB, 300 MHz, 1.58 W, 43, 0x0000000000000001
2026/10/07 07:30:37.492, 0 %, 5 MiB, 4096 MiB, 300 MHz, 1.52 W, 43, 0x0000000000000001
2026/10/07 07:30:39.514, 0 %, 5 MiB, 4096 MiB, 300 MHz, 1.69 W, 43, 0x0000000000000001
2026/10/07 07:30:41.535, 0 %, 5 MiB, 4096 MiB, 300 MHz, 1.43 W, 43, 0x0000000000000001
2026/10/07 07:30:43.557, 0 %, 5 MiB, 4096 MiB, 300 MHz, 1.50 W, 43, 0x0000000000000001
2026/10/07 07:30:45.578, 0 %, 5 MiB, 4096 MiB, 300 MHz, 1.42 W, 43, 0x0000000000000001
2026/10/07 07:30:47.599, 0 %, 5 MiB, 4096 MiB, 300 MHz, 1.48 W, 43, 0x0000000000000001
2026/10/07 07:30:49.620, 0 %, 5 MiB, 4096 MiB, 300 MHz, 1.74 W, 43, 0x0000000000000001
2026/10/07 07:30:51.641, 0 %, 5 MiB, 4096 MiB, 300 MHz, 1.51 W, 43, 0x0000000000000001
2026/10/07 07:30:53.662, 0 %, 5 MiB, 4096 MiB, 300 MHz, 1.54 W, 43, 0x0000000000000001
2026/10/07 07:30:55.684, 0 %, 5 MiB, 4096 MiB, 300 MHz, 1.52 W, 43, 0x0000000000000001
2026/10/07 07:30:57.705, 0 %, 5 MiB, 4096 MiB, 300 MHz, 1.53 W, 43, 0x0000000000000001
2026/10/07 07:30:59.727, 0 %, 5 MiB, 4096 MiB, 300 MHz, 1.80 W, 43, 0x0000000000000001
2026/10/07 07:31:01.749, 0 %, 5 MiB, 4096 MiB, 300 MHz, 1.52 W, 43, 0x0000000000000001
2026/10/07 07:31:03.770, 0 %, 5 MiB, 4096 MiB, 300 MHz, 1.55 W, 43, 0x0000000000000001
2026/10/07 07:31:05.792, 0 %, 5 MiB, 4096 MiB, 300 MHz, 1.52 W, 43, 0x0000000000000001
2026/10/07 07:31:07.814, 0 %, 5 MiB, 4096 MiB, 300 MHz, 1.51 W, 43, 0x0000000000000001
2026/10/07 07:31:09.836, 0 %, 5 MiB, 4096 MiB, 300 MHz, 1.78 W, 43, 0x0000000000000001
2026/10/07 07:31:11.857, 0 %, 5 MiB, 4096 MiB, 300 MHz, 1.53 W, 43, 0x0000000000000001
2026/10/07 07:31:13.878, 0 %, 5 MiB, 4096 MiB, 300 MHz, 1.43 W, 43, 0x0000000000000001
2026/10/07 07:31:15.900, 0 %, 5 MiB, 4096 MiB, 300 MHz, 1.41 W, 43, 0x0000000000000001
2026/10/07 07:31:17.922, 0 %, 5 MiB, 4096 MiB, 300 MHz, 1.48 W, 43, 0x0000000000000001
2026/10/07 07:31:19.943, 0 %, 5 MiB, 4096 MiB, 300 MHz, 1.80 W, 43, 0x0000000000000001
2026/10/07 07:31:21.965, 0 %, 5 MiB, 4096 MiB, 300 MHz, 1.48 W, 43, 0x0000000000000001
2026/10/07 07:31:23.986, 0 %, 5 MiB, 4096 MiB, 300 MHz, 1.46 W, 43, 0x0000000000000001
2026/10/07 07:31:26.007, 0 %, 5 MiB, 4096 MiB, 300 MHz, 1.46 W, 43, 0x0000000000000001
2026/10/07 07:31:28.029, 0 %, 5 MiB, 4096 MiB, 300 MHz, 1.43 W, 43, 0x0000000000000001
2026/10/07 07:31:30.050, 0 %, 5 MiB, 4096 MiB, 300 MHz, 1.50 W, 43, 0x0000000000000001
2026/10/07 07:31:32.071, 0 %, 5 MiB, 4096 MiB, 300 MHz, 1.49 W, 43, 0x0000000000000001
2026/10/07 07:31:34.093, 0 %, 5 MiB, 4096 MiB, 300 MHz, 1.46 W, 43, 0x0000000000000001
2026/10/07 07:31:36.114, 0 %, 5 MiB, 4096 MiB, 300 MHz, 1.48 W, 43, 0x0000000000000001
2026/10/07 07:31:38.136, 0 %, 5 MiB, 4096 MiB, 300 MHz, 1.48 W, 43, 0x0000000000000001
2026/10/07 07:31:40.158, 0 %, 5 MiB, 4096 MiB, 300 MHz, 1.44 W, 43, 0x0000000000000001
2026/10/07 07:31:42.179, 0 %, 5 MiB, 4096 MiB, 300 MHz, 1.47 W, 43, 0x0000000000000001
2026/10/07 07:31:44.202, 0 %, 5 MiB, 4096 MiB, 300 MHz, 1.48 W, 43, 0x0000000000000001
2026/10/07 07:31:46.223, 0 %, 5 MiB, 4096 MiB, 300 MHz, 1.49 W, 43, 0x0000000000000001
2026/10/07 07:31:48.245, 0 %, 5 MiB, 4096 MiB, 300 MHz, 1.43 W, 43, 0x0000000000000001
2026/10/07 07:31:50.267, 0 %, 5 MiB, 4096 MiB, 300 MHz, 1.43 W, 43, 0x0000000000000001
2026/10/07 07:31:52.288, 0 %, 5 MiB, 4096 MiB, 300 MHz, 1.50 W, 43, 0x0000000000000001
2026/10/07 07:31:54.310, 0 %, 5 MiB, 4096 MiB, 300 MHz, 1.50 W, 43, 0x0000000000000001
2026/10/07 07:31:56.331, 0 %, 5 MiB, 4096 MiB, 300 MHz, 1.47 W, 43, 0x0000000000000001
2026/10/07 07:31:58.353, 0 %, 5 MiB, 4096 MiB, 300 MHz, 1.56 W, 43, 0x0000000000000001
2026/10/07 07:32:00.374, 0 %, 5 MiB, 4096 MiB, 300 MHz, 1.50 W, 43, 0x0000000000000001
2026/10/07 07:32:02.396, 0 %, 5 MiB, 4096 MiB, 300 MHz, 1.52 W, 43, 0x0000000000000001
2026/10/07 07:32:04.417, 0 %, 5 MiB, 4096 MiB, 300 MHz, 1.47 W, 43, 0x0000000000000001
2026/10/07 07:32:06.439, 0 %, 5 MiB, 4096 MiB, 300 MHz, 1.45 W, 43, 0x0000000000000001
2026/10/07 07:32:08.460, 0 %, 5 MiB, 4096 MiB, 300 MHz, 1.48 W, 43, 0x0000000000000001
2026/10/07 07:32:10.481, 0 %, 5 MiB, 4096 MiB, 300 MHz, 1.46 W, 43, 0x0000000000000001
2026/10/07 07:32:12.503, 0 %, 5 MiB, 4096 MiB, 300 MHz, 1.59 W, 43, 0x0000000000000001
2026/10/07 07:32:14.524, 0 %, 5 MiB, 4096 MiB, 300 MHz, 1.51 W, 43, 0x0000000000000001
2026/10/07 07:32:16.546, 0 %, 5 MiB, 4096 MiB, 300 MHz, 1.44 W, 43, 0x0000000000000001
2026/10/07 07:32:18.568, 0 %, 5 MiB, 4096 MiB, 300 MHz, 1.45 W, 43, 0x0000000000000001
2026/10/07 07:32:20.589, 0 %, 5 MiB, 4096 MiB, 300 MHz, 1.47 W, 43, 0x0000000000000001
2026/10/07 07:32:22.610, 0 %, 5 MiB, 4096 MiB, 300 MHz, 1.62 W, 43, 0x0000000000000001
2026/10/07 07:32:24.631, 0 %, 5 MiB, 4096 MiB, 300 MHz, 1.46 W, 43, 0x0000000000000001
2026/10/07 07:32:26.652, 0 %, 5 MiB, 4096 MiB, 300 MHz, 1.48 W, 43, 0x0000000000000001
2026/10/07 07:32:28.674, 0 %, 5 MiB, 4096 MiB, 300 MHz, 1.41 W, 43, 0x0000000000000001
2026/10/07 07:32:30.695, 0 %, 5 MiB, 4096 MiB, 300 MHz, 1.47 W, 43, 0x0000000000000001
2026/10/07 07:32:32.716, 0 %, 5 MiB, 4096 MiB, 300 MHz, 1.80 W, 43, 0x0000000000000001
2026/10/07 07:32:34.737, 0 %, 5 MiB, 4096 MiB, 300 MHz, 1.51 W, 43, 0x0000000000000001
2026/10/07 07:32:36.759, 0 %, 5 MiB, 4096 MiB, 300 MHz, 1.54 W, 43, 0x0000000000000001
2026/10/07 07:32:38.780, 0 %, 5 MiB, 4096 MiB, 300 MHz, 1.52 W, 43, 0x0000000000000001
2026/10/07 07:32:40.801, 0 %, 5 MiB, 4096 MiB, 300 MHz, 1.59 W, 43, 0x0000000000000001
2026/10/07 07:32:42.823, 0 %, 5 MiB, 4096 MiB, 300 MHz, 1.74 W, 43, 0x0000000000000001
2026/10/07 07:32:44.844, 0 %, 5 MiB, 4096 MiB, 300 MHz, 1.46 W, 43, 0x0000000000000001
2026/10/07 07:32:46.865, 0 %, 5 MiB, 4096 MiB, 300 MHz, 1.42 W, 43, 0x0000000000000001
2026/10/07 07:32:48.887, 0 %, 5 MiB, 4096 MiB, 300 MHz, 1.47 W, 43, 0x0000000000000001
2026/10/07 07:32:50.908, 0 %, 5 MiB, 4096 MiB, 300 MHz, 1.47 W, 43, 0x0000000000000001
2026/10/07 07:32:52.930, 0 %, 5 MiB, 4096 MiB, 300 MHz, 1.84 W, 43, 0x0000000000000001
2026/10/07 07:32:54.951, 0 %, 5 MiB, 4096 MiB, 300 MHz, 1.56 W, 43, 0x0000000000000001
2026/10/07 07:32:56.972, 0 %, 5 MiB, 4096 MiB, 300 MHz, 1.61 W, 43, 0x0000000000000001
2026/10/07 07:32:58.994, 0 %, 5 MiB, 4096 MiB, 300 MHz, 1.58 W, 43, 0x0000000000000001
2026/10/07 07:33:01.019, 0 %, 5 MiB, 4096 MiB, 300 MHz, 1.28 W, 43, 0x0000000000000001
2026/10/07 07:33:03.041, 0 %, 5 MiB, 4096 MiB, 300 MHz, 1.71 W, 43, 0x0000000000000001
2026/10/07 07:33:05.062, 0 %, 5 MiB, 4096 MiB, 300 MHz, 1.39 W, 43, 0x0000000000000001
2026/10/07 07:33:07.084, 0 %, 5 MiB, 4096 MiB, 300 MHz, 1.43 W, 43, 0x0000000000000001
2026/10/07 07:33:09.105, 0 %, 5 MiB, 4096 MiB, 300 MHz, 1.44 W, 43, 0x0000000000000001
2026/10/07 07:33:11.127, 0 %, 5 MiB, 4096 MiB, 300 MHz, 1.47 W, 43, 0x0000000000000001
2026/10/07 07:33:13.148, 0 %, 5 MiB, 4096 MiB, 300 MHz, 1.79 W, 43, 0x0000000000000001
2026/10/07 07:33:15.170, 0 %, 5 MiB, 4096 MiB, 300 MHz, 1.50 W, 43, 0x0000000000000001
2026/10/07 07:33:17.191, 0 %, 5 MiB, 4096 MiB, 300 MHz, 1.45 W, 43, 0x0000000000000001
2026/10/07 07:33:19.212, 0 %, 5 MiB, 4096 MiB, 300 MHz, 1.45 W, 43, 0x0000000000000001
2026/10/07 07:33:21.234, 0 %, 5 MiB, 4096 MiB, 300 MHz, 1.43 W, 43, 0x0000000000000001
2026/10/07 07:33:23.256, 0 %, 5 MiB, 4096 MiB, 300 MHz, 1.71 W, 43, 0x0000000000000001
2026/10/07 07:33:25.278, 0 %, 5 MiB, 4096 MiB, 300 MHz, 1.46 W, 43, 0x0000000000000001
2026/10/07 07:33:27.299, 0 %, 5 MiB, 4096 MiB, 300 MHz, 1.45 W, 43, 0x0000000000000001
2026/10/07 07:33:29.321, 0 %, 5 MiB, 4096 MiB, 300 MHz, 1.43 W, 43, 0x0000000000000001
2026/10/07 07:33:31.342, 0 %, 5 MiB, 4096 MiB, 300 MHz, 1.44 W, 43, 0x0000000000000001
2026/10/07 07:33:33.364, 0 %, 5 MiB, 4096 MiB, 300 MHz, 1.88 W, 43, 0x0000000000000001
2026/10/07 07:33:35.386, 0 %, 5 MiB, 4096 MiB, 300 MHz, 1.48 W, 43, 0x0000000000000001
2026/10/07 07:33:37.407, 0 %, 5 MiB, 4096 MiB, 300 MHz, 1.52 W, 43, 0x0000000000000001
2026/10/07 07:33:39.428, 0 %, 5 MiB, 4096 MiB, 300 MHz, 1.53 W, 43, 0x0000000000000001
2026/10/07 07:33:41.449, 0 %, 5 MiB, 4096 MiB, 300 MHz, 1.57 W, 43, 0x0000000000000001
2026/10/07 07:33:43.471, 0 %, 5 MiB, 4096 MiB, 300 MHz, 1.78 W, 43, 0x0000000000000001
2026/10/07 07:33:45.492, 0 %, 5 MiB, 4096 MiB, 300 MHz, 1.48 W, 43, 0x0000000000000001
2026/10/07 07:33:47.513, 0 %, 5 MiB, 4096 MiB, 300 MHz, 1.48 W, 43, 0x0000000000000001
2026/10/07 07:33:49.535, 0 %, 5 MiB, 4096 MiB, 300 MHz, 1.49 W, 43, 0x0000000000000001
2026/10/07 07:33:51.557, 0 %, 5 MiB, 4096 MiB, 300 MHz, 1.47 W, 43, 0x0000000000000001
2026/10/07 07:33:53.579, 0 %, 5 MiB, 4096 MiB, 300 MHz, 1.82 W, 43, 0x0000000000000001
2026/10/07 07:33:55.600, 0 %, 5 MiB, 4096 MiB, 300 MHz, 1.52 W, 43, 0x0000000000000001
2026/10/07 07:33:57.621, 0 %, 5 MiB, 4096 MiB, 300 MHz, 1.54 W, 43, 0x0000000000000001
2026/10/07 07:33:59.643, 0 %, 5 MiB, 4096 MiB, 300 MHz, 1.45 W, 43, 0x0000000000000001
2026/10/07 07:34:01.664, 0 %, 5 MiB, 4096 MiB, 300 MHz, 1.50 W, 43, 0x0000000000000001
2026/10/07 07:34:03.685, 0 %, 5 MiB, 4096 MiB, 300 MHz, 1.88 W, 43, 0x0000000000000001
2026/10/07 07:34:05.706, 0 %, 5 MiB, 4096 MiB, 300 MHz, 1.45 W, 43, 0x0000000000000001
2026/10/07 07:34:07.728, 0 %, 5 MiB, 4096 MiB, 300 MHz, 1.39 W, 43, 0x0000000000000001
2026/10/07 07:34:09.750, 0 %, 5 MiB, 4096 MiB, 300 MHz, 1.23 W, 43, 0x0000000000000001
2026/10/07 07:34:11.771, 0 %, 5 MiB, 4096 MiB, 300 MHz, 1.44 W, 43, 0x0000000000000001
2026/10/07 07:34:13.794, 0 %, 5 MiB, 4096 MiB, 300 MHz, 1.87 W, 43, 0x0000000000000001
2026/10/07 07:34:15.815, 0 %, 5 MiB, 4096 MiB, 300 MHz, 1.54 W, 43, 0x0000000000000001
2026/10/07 07:34:17.837, 0 %, 5 MiB, 4096 MiB, 300 MHz, 1.53 W, 43, 0x0000000000000001
2026/10/07 07:34:19.858, 0 %, 5 MiB, 4096 MiB, 300 MHz, 1.47 W, 43, 0x0000000000000001
2026/10/07 07:34:21.880, 0 %, 5 MiB, 4096 MiB, 300 MHz, 1.48 W, 43, 0x0000000000000001
2026/10/07 07:34:23.902, 0 %, 5 MiB, 4096 MiB, 300 MHz, 1.78 W, 43, 0x0000000000000001
2026/10/07 07:34:25.923, 0 %, 5 MiB, 4096 MiB, 300 MHz, 1.41 W, 43, 0x0000000000000001
2026/10/07 07:34:27.944, 0 %, 5 MiB, 4096 MiB, 300 MHz, 1.42 W, 43, 0x0000000000000001
2026/10/07 07:34:29.966, 0 %, 5 MiB, 4096 MiB, 300 MHz, 1.45 W, 43, 0x0000000000000001
2026/10/07 07:34:31.987, 0 %, 5 MiB, 4096 MiB, 300 MHz, 1.50 W, 43, 0x0000000000000001
2026/10/07 07:34:34.008, 0 %, 5 MiB, 4096 MiB, 300 MHz, 1.43 W, 43, 0x0000000000000001
2026/10/07 07:34:36.030, 0 %, 5 MiB, 4096 MiB, 300 MHz, 1.64 W, 43, 0x0000000000000001
2026/10/07 07:34:38.051, 0 %, 5 MiB, 4096 MiB, 300 MHz, 1.60 W, 43, 0x0000000000000001
2026/10/07 07:34:40.073, 0 %, 5 MiB, 4096 MiB, 300 MHz, 1.51 W, 43, 0x0000000000000001
2026/10/07 07:34:42.094, 0 %, 5 MiB, 4096 MiB, 300 MHz, 1.57 W, 43, 0x0000000000000001
2026/10/07 07:34:44.115, 0 %, 5 MiB, 4096 MiB, 300 MHz, 1.55 W, 43, 0x0000000000000001
2026/10/07 07:34:46.136, 0 %, 5 MiB, 4096 MiB, 300 MHz, 1.51 W, 43, 0x0000000000000001
2026/10/07 07:34:48.158, 0 %, 5 MiB, 4096 MiB, 300 MHz, 1.46 W, 43, 0x0000000000000001
2026/10/07 07:34:50.179, 0 %, 5 MiB, 4096 MiB, 300 MHz, 1.40 W, 43, 0x0000000000000001
2026/10/07 07:34:52.201, 0 %, 5 MiB, 4096 MiB, 300 MHz, 1.41 W, 43, 0x0000000000000001
2026/10/07 07:34:54.222, 0 %, 5 MiB, 4096 MiB, 300 MHz, 1.41 W, 43, 0x0000000000000001
2026/10/07 07:34:56.244, 0 %, 5 MiB, 4096 MiB, 300 MHz, 1.53 W, 43, 0x0000000000000001
2026/10/07 07:34:58.266, 0 %, 5 MiB, 4096 MiB, 300 MHz, 1.45 W, 43, 0x0000000000000001
2026/10/07 07:35:00.287, 0 %, 5 MiB, 4096 MiB, 300 MHz, 1.49 W, 43, 0x0000000000000001
2026/10/07 07:35:02.309, 0 %, 5 MiB, 4096 MiB, 300 MHz, 1.53 W, 43, 0x0000000000000001
2026/10/07 07:35:04.330, 0 %, 5 MiB, 4096 MiB, 300 MHz, 1.49 W, 43, 0x0000000000000001
2026/10/07 07:35:06.351, 0 %, 5 MiB, 4096 MiB, 300 MHz, 1.52 W, 43, 0x0000000000000001
2026/10/07 07:35:08.373, 0 %, 5 MiB, 4096 MiB, 300 MHz, 1.46 W, 43, 0x0000000000000001
2026/10/07 07:35:10.394, 0 %, 5 MiB, 4096 MiB, 300 MHz, 1.44 W, 43, 0x0000000000000001
2026/10/07 07:35:12.415, 0 %, 5 MiB, 4096 MiB, 300 MHz, 1.43 W, 43, 0x0000000000000001
2026/10/07 07:35:14.437, 0 %, 5 MiB, 4096 MiB, 300 MHz, 1.50 W, 43, 0x0000000000000001
2026/10/07 07:35:16.458, 0 %, 5 MiB, 4096 MiB, 300 MHz, 1.63 W, 43, 0x0000000000000001
2026/10/07 07:35:18.480, 0 %, 5 MiB, 4096 MiB, 300 MHz, 1.54 W, 43, 0x0000000000000001
2026/10/07 07:35:20.501, 0 %, 5 MiB, 4096 MiB, 300 MHz, 1.51 W, 43, 0x0000000000000001
2026/10/07 07:35:22.522, 0 %, 5 MiB, 4096 MiB, 300 MHz, 1.48 W, 43, 0x0000000000000001
2026/10/07 07:35:24.544, 0 %, 5 MiB, 4096 MiB, 300 MHz, 1.50 W, 43, 0x0000000000000001
2026/10/07 07:35:26.565, 0 %, 5 MiB, 4096 MiB, 300 MHz, 1.58 W, 43, 0x0000000000000001
2026/10/07 07:35:28.586, 0 %, 5 MiB, 4096 MiB, 300 MHz, 1.45 W, 43, 0x0000000000000001
2026/10/07 07:35:30.607, 0 %, 5 MiB, 4096 MiB, 300 MHz, 1.47 W, 43, 0x0000000000000001
2026/10/07 07:35:32.629, 0 %, 5 MiB, 4096 MiB, 300 MHz, 1.62 W, 43, 0x0000000000000001
2026/10/07 07:35:34.651, 0 %, 5 MiB, 4096 MiB, 300 MHz, 1.46 W, 43, 0x0000000000000001
2026/10/07 07:35:36.674, 0 %, 5 MiB, 4096 MiB, 300 MHz, 1.75 W, 43, 0x0000000000000001
2026/10/07 07:35:38.695, 0 %, 5 MiB, 4096 MiB, 300 MHz, 1.50 W, 43, 0x0000000000000001
2026/10/07 07:35:40.716, 0 %, 5 MiB, 4096 MiB, 300 MHz, 1.46 W, 43, 0x0000000000000001
2026/10/07 07:35:42.737, 0 %, 5 MiB, 4096 MiB, 300 MHz, 1.48 W, 43, 0x0000000000000001
2026/10/07 07:35:44.759, 0 %, 5 MiB, 4096 MiB, 300 MHz, 1.55 W, 43, 0x0000000000000001
2026/10/07 07:35:46.780, 0 %, 5 MiB, 4096 MiB, 300 MHz, 1.69 W, 43, 0x0000000000000001
2026/10/07 07:35:48.801, 0 %, 5 MiB, 4096 MiB, 300 MHz, 1.43 W, 43, 0x0000000000000001
2026/10/07 07:35:50.823, 0 %, 5 MiB, 4096 MiB, 300 MHz, 1.40 W, 43, 0x0000000000000001
2026/10/07 07:35:52.843, 0 %, 5 MiB, 4096 MiB, 300 MHz, 1.50 W, 43, 0x0000000000000001
2026/10/07 07:35:54.868, 0 %, 5 MiB, 4096 MiB, 300 MHz, 1.49 W, 43, 0x0000000000000001
2026/10/07 07:35:56.890, 0 %, 5 MiB, 4096 MiB, 300 MHz, 1.73 W, 43, 0x0000000000000001
2026/10/07 07:35:58.912, 0 %, 5 MiB, 4096 MiB, 300 MHz, 1.51 W, 43, 0x0000000000000001
2026/10/07 07:36:00.934, 0 %, 5 MiB, 4096 MiB, 300 MHz, 1.49 W, 43, 0x0000000000000001
2026/10/07 07:36:02.955, 0 %, 5 MiB, 4096 MiB, 300 MHz, 1.54 W, 43, 0x0000000000000001
2026/10/07 07:36:04.977, 0 %, 5 MiB, 4096 MiB, 300 MHz, 1.58 W, 43, 0x0000000000000001
2026/10/07 07:36:06.998, 0 %, 5 MiB, 4096 MiB, 300 MHz, 1.69 W, 43, 0x0000000000000001
2026/10/07 07:36:09.020, 0 %, 5 MiB, 4096 MiB, 300 MHz, 1.45 W, 43, 0x0000000000000001
2026/10/07 07:36:11.042, 0 %, 5 MiB, 4096 MiB, 300 MHz, 1.43 W, 43, 0x0000000000000001
2026/10/07 07:36:13.063, 0 %, 5 MiB, 4096 MiB, 300 MHz, 1.41 W, 43, 0x0000000000000001
2026/10/07 07:36:15.086, 0 %, 5 MiB, 4096 MiB, 300 MHz, 1.44 W, 43, 0x0000000000000001
2026/10/07 07:36:17.107, 0 %, 5 MiB, 4096 MiB, 300 MHz, 1.78 W, 43, 0x0000000000000001
2026/10/07 07:36:19.129, 0 %, 5 MiB, 4096 MiB, 300 MHz, 1.56 W, 43, 0x0000000000000001
2026/10/07 07:36:21.150, 0 %, 5 MiB, 4096 MiB, 300 MHz, 1.55 W, 43, 0x0000000000000001
2026/10/07 07:36:23.171, 0 %, 5 MiB, 4096 MiB, 300 MHz, 1.59 W, 43, 0x0000000000000001
2026/10/07 07:36:25.193, 0 %, 5 MiB, 4096 MiB, 300 MHz, 1.55 W, 43, 0x0000000000000001
2026/10/07 07:36:27.214, 0 %, 5 MiB, 4096 MiB, 300 MHz, 1.74 W, 43, 0x0000000000000001
2026/10/07 07:36:29.236, 0 %, 5 MiB, 4096 MiB, 300 MHz, 1.44 W, 43, 0x0000000000000001
2026/10/07 07:36:31.257, 0 %, 5 MiB, 4096 MiB, 300 MHz, 1.50 W, 43, 0x0000000000000001
2026/10/07 07:36:33.278, 0 %, 5 MiB, 4096 MiB, 300 MHz, 1.45 W, 43, 0x0000000000000001
2026/10/07 07:36:35.299, 0 %, 5 MiB, 4096 MiB, 300 MHz, 1.45 W, 43, 0x0000000000000001
2026/10/07 07:36:37.321, 0 %, 5 MiB, 4096 MiB, 300 MHz, 1.81 W, 43, 0x0000000000000001
2026/10/07 07:36:39.342, 0 %, 5 MiB, 4096 MiB, 300 MHz, 1.55 W, 43, 0x0000000000000001
2026/10/07 07:36:41.363, 0 %, 5 MiB, 4096 MiB, 300 MHz, 1.47 W, 43, 0x0000000000000001
2026/10/07 07:36:43.385, 0 %, 5 MiB, 4096 MiB, 300 MHz, 1.48 W, 43, 0x0000000000000001
2026/10/07 07:36:45.406, 0 %, 5 MiB, 4096 MiB, 300 MHz, 1.46 W, 43, 0x0000000000000001
2026/10/07 07:36:47.428, 0 %, 5 MiB, 4096 MiB, 300 MHz, 1.87 W, 43, 0x0000000000000001
2026/10/07 07:36:49.450, 0 %, 5 MiB, 4096 MiB, 300 MHz, 1.44 W, 43, 0x0000000000000001
2026/10/07 07:36:51.471, 0 %, 5 MiB, 4096 MiB, 300 MHz, 1.48 W, 43, 0x0000000000000001
2026/10/07 07:36:53.493, 0 %, 5 MiB, 4096 MiB, 300 MHz, 1.48 W, 43, 0x0000000000000001
2026/10/07 07:36:55.514, 0 %, 5 MiB, 4096 MiB, 300 MHz, 1.43 W, 43, 0x0000000000000001
2026/10/07 07:36:57.536, 0 %, 5 MiB, 4096 MiB, 300 MHz, 1.41 W, 43, 0x0000000000000001
2026/10/07 07:36:59.557, 0 %, 5 MiB, 4096 MiB, 300 MHz, 1.50 W, 43, 0x0000000000000001
2026/10/07 07:37:01.578, 0 %, 5 MiB, 4096 MiB, 300 MHz, 1.56 W, 43, 0x0000000000000001
2026/10/07 07:37:03.599, 0 %, 5 MiB, 4096 MiB, 300 MHz, 1.53 W, 43, 0x0000000000000001
2026/10/07 07:37:05.620, 0 %, 5 MiB, 4096 MiB, 300 MHz, 1.55 W, 43, 0x0000000000000001
2026/10/07 07:37:07.642, 0 %, 5 MiB, 4096 MiB, 300 MHz, 1.54 W, 43, 0x0000000000000001
2026/10/07 07:37:09.663, 0 %, 5 MiB, 4096 MiB, 300 MHz, 1.53 W, 43, 0x0000000000000001
2026/10/07 07:37:11.685, 0 %, 5 MiB, 4096 MiB, 300 MHz, 1.50 W, 43, 0x0000000000000001
2026/10/07 07:37:13.707, 0 %, 5 MiB, 4096 MiB, 300 MHz, 1.44 W, 43, 0x0000000000000001
2026/10/07 07:37:15.729, 0 %, 5 MiB, 4096 MiB, 300 MHz, 1.44 W, 43, 0x0000000000000001
2026/10/07 07:37:17.750, 0 %, 5 MiB, 4096 MiB, 300 MHz, 1.46 W, 43, 0x0000000000000001
2026/10/07 07:37:19.771, 0 %, 5 MiB, 4096 MiB, 300 MHz, 1.59 W, 43, 0x0000000000000001
2026/10/07 07:37:21.792, 0 %, 5 MiB, 4096 MiB, 300 MHz, 1.50 W, 43, 0x0000000000000001
2026/10/07 07:37:23.814, 0 %, 5 MiB, 4096 MiB, 300 MHz, 1.47 W, 43, 0x0000000000000001
2026/10/07 07:37:25.835, 0 %, 5 MiB, 4096 MiB, 300 MHz, 1.50 W, 43, 0x0000000000000001
2026/10/07 07:37:27.856, 0 %, 5 MiB, 4096 MiB, 300 MHz, 1.43 W, 43, 0x0000000000000001
2026/10/07 07:37:29.878, 0 %, 5 MiB, 4096 MiB, 300 MHz, 1.58 W, 43, 0x0000000000000001
2026/10/07 07:37:31.899, 0 %, 5 MiB, 4096 MiB, 300 MHz, 1.41 W, 43, 0x0000000000000001
2026/10/07 07:37:33.920, 0 %, 5 MiB, 4096 MiB, 300 MHz, 1.41 W, 43, 0x0000000000000001
2026/10/07 07:37:35.942, 0 %, 5 MiB, 4096 MiB, 300 MHz, 1.47 W, 43, 0x0000000000000001
2026/10/07 07:37:37.964, 0 %, 5 MiB, 4096 MiB, 300 MHz, 1.49 W, 43, 0x0000000000000001
2026/10/07 07:37:39.985, 0 %, 5 MiB, 4096 MiB, 300 MHz, 1.70 W, 43, 0x0000000000000001
2026/10/07 07:37:42.006, 0 %, 5 MiB, 4096 MiB, 300 MHz, 1.55 W, 43, 0x0000000000000001
2026/10/07 07:37:44.027, 0 %, 5 MiB, 4096 MiB, 300 MHz, 1.48 W, 43, 0x0000000000000001
2026/10/07 07:37:46.049, 0 %, 5 MiB, 4096 MiB, 300 MHz, 1.52 W, 43, 0x0000000000000001
2026/10/07 07:37:48.071, 0 %, 5 MiB, 4096 MiB, 300 MHz, 1.53 W, 43, 0x0000000000000001
2026/10/07 07:37:50.092, 0 %, 5 MiB, 4096 MiB, 300 MHz, 1.66 W, 43, 0x0000000000000001
2026/10/07 07:37:52.113, 0 %, 5 MiB, 4096 MiB, 300 MHz, 1.47 W, 43, 0x0000000000000001
2026/10/07 07:37:54.134, 0 %, 5 MiB, 4096 MiB, 300 MHz, 1.44 W, 43, 0x0000000000000001
2026/10/07 07:37:56.156, 0 %, 5 MiB, 4096 MiB, 300 MHz, 1.43 W, 43, 0x0000000000000001
2026/10/07 07:37:58.178, 0 %, 5 MiB, 4096 MiB, 300 MHz, 1.42 W, 43, 0x0000000000000001
2026/10/07 07:38:00.199, 0 %, 5 MiB, 4096 MiB, 300 MHz, 1.76 W, 43, 0x0000000000000001
2026/10/07 07:38:02.220, 0 %, 5 MiB, 4096 MiB, 300 MHz, 1.52 W, 43, 0x0000000000000001
2026/10/07 07:38:04.242, 0 %, 5 MiB, 4096 MiB, 300 MHz, 1.53 W, 43, 0x0000000000000001
2026/10/07 07:38:06.264, 0 %, 5 MiB, 4096 MiB, 300 MHz, 1.54 W, 43, 0x0000000000000001
2026/10/07 07:38:08.285, 0 %, 5 MiB, 4096 MiB, 300 MHz, 1.56 W, 43, 0x0000000000000001
2026/10/07 07:38:10.306, 0 %, 5 MiB, 4096 MiB, 300 MHz, 1.83 W, 43, 0x0000000000000001
2026/10/07 07:38:12.327, 0 %, 5 MiB, 4096 MiB, 300 MHz, 1.52 W, 43, 0x0000000000000001
2026/10/07 07:38:14.348, 0 %, 5 MiB, 4096 MiB, 300 MHz, 1.49 W, 43, 0x0000000000000001
2026/10/07 07:38:16.370, 0 %, 5 MiB, 4096 MiB, 300 MHz, 1.50 W, 43, 0x0000000000000001
2026/10/07 07:38:18.392, 0 %, 5 MiB, 4096 MiB, 300 MHz, 1.50 W, 43, 0x0000000000000001
2026/10/07 07:38:20.413, 0 %, 5 MiB, 4096 MiB, 300 MHz, 1.87 W, 43, 0x0000000000000001
2026/10/07 07:38:22.434, 0 %, 5 MiB, 4096 MiB, 300 MHz, 1.56 W, 43, 0x0000000000000001
2026/10/07 07:38:24.455, 0 %, 5 MiB, 4096 MiB, 300 MHz, 1.48 W, 43, 0x0000000000000001
2026/10/07 07:38:26.477, 0 %, 5 MiB, 4096 MiB, 300 MHz, 1.55 W, 43, 0x0000000000000001
2026/10/07 07:38:28.498, 0 %, 5 MiB, 4096 MiB, 300 MHz, 1.49 W, 43, 0x0000000000000001
2026/10/07 07:38:30.519, 0 %, 5 MiB, 4096 MiB, 300 MHz, 1.94 W, 43, 0x0000000000000001
2026/10/07 07:38:32.541, 0 %, 5 MiB, 4096 MiB, 300 MHz, 1.43 W, 43, 0x0000000000000001
2026/10/07 07:38:34.562, 0 %, 5 MiB, 4096 MiB, 300 MHz, 1.44 W, 43, 0x0000000000000001
2026/10/07 07:38:36.584, 0 %, 5 MiB, 4096 MiB, 300 MHz, 1.42 W, 43, 0x0000000000000001
2026/10/07 07:38:38.605, 0 %, 5 MiB, 4096 MiB, 300 MHz, 1.44 W, 43, 0x0000000000000001
2026/10/07 07:38:40.626, 0 %, 5 MiB, 4096 MiB, 300 MHz, 1.44 W, 43, 0x0000000000000001
2026/10/07 07:38:42.648, 0 %, 5 MiB, 4096 MiB, 300 MHz, 1.59 W, 43, 0x0000000000000001
2026/10/07 07:38:44.669, 0 %, 5 MiB, 4096 MiB, 300 MHz, 1.52 W, 43, 0x0000000000000001
2026/10/07 07:38:46.691, 0 %, 5 MiB, 4096 MiB, 300 MHz, 1.51 W, 43, 0x0000000000000001
2026/10/07 07:38:48.712, 0 %, 5 MiB, 4096 MiB, 300 MHz, 1.49 W, 43, 0x0000000000000001
2026/10/07 07:38:50.734, 0 %, 5 MiB, 4096 MiB, 300 MHz, 1.53 W, 43, 0x0000000000000001
2026/10/07 07:38:52.755, 0 %, 5 MiB, 4096 MiB, 300 MHz, 1.51 W, 43, 0x0000000000000001
2026/10/07 07:38:54.776, 0 %, 5 MiB, 4096 MiB, 300 MHz, 1.44 W, 43, 0x0000000000000001
2026/10/07 07:38:56.797, 0 %, 5 MiB, 4096 MiB, 300 MHz, 1.45 W, 43, 0x0000000000000001
2026/10/07 07:38:58.819, 0 %, 5 MiB, 4096 MiB, 300 MHz, 1.40 W, 43, 0x0000000000000001
2026/10/07 07:39:00.840, 0 %, 5 MiB, 4096 MiB, 300 MHz, 1.42 W, 43, 0x0000000000000001
2026/10/07 07:39:02.861, 0 %, 5 MiB, 4096 MiB, 300 MHz, 1.82 W, 43, 0x0000000000000001
2026/10/07 07:39:04.883, 0 %, 5 MiB, 4096 MiB, 300 MHz, 1.68 W, 43, 0x0000000000000001
2026/10/07 07:39:06.905, 0 %, 5 MiB, 4096 MiB, 300 MHz, 1.67 W, 43, 0x0000000000000001
2026/10/07 07:39:08.926, 0 %, 5 MiB, 4096 MiB, 300 MHz, 1.69 W, 43, 0x0000000000000001
2026/10/07 07:39:10.948, 0 %, 5 MiB, 4096 MiB, 300 MHz, 1.71 W, 43, 0x0000000000000001
2026/10/07 07:39:12.969, 0 %, 5 MiB, 4096 MiB, 300 MHz, 1.64 W, 43, 0x0000000000000001
2026/10/07 07:39:14.990, 0 %, 5 MiB, 4096 MiB, 300 MHz, 1.48 W, 43, 0x0000000000000001
2026/10/07 07:39:17.011, 0 %, 5 MiB, 4096 MiB, 300 MHz, 1.47 W, 43, 0x0000000000000001
2026/10/07 07:39:19.032, 0 %, 5 MiB, 4096 MiB, 300 MHz, 1.45 W, 43, 0x0000000000000001
2026/10/07 07:39:21.053, 0 %, 5 MiB, 4096 MiB, 300 MHz, 1.46 W, 43, 0x0000000000000001
2026/10/07 07:39:23.075, 0 %, 5 MiB, 4096 MiB, 300 MHz, 1.75 W, 43, 0x0000000000000001
2026/10/07 07:39:25.096, 0 %, 5 MiB, 4096 MiB, 300 MHz, 1.49 W, 43, 0x0000000000000001
2026/10/07 07:39:27.118, 0 %, 5 MiB, 4096 MiB, 300 MHz, 1.51 W, 43, 0x0000000000000001
2026/10/07 07:39:29.139, 0 %, 5 MiB, 4096 MiB, 300 MHz, 1.53 W, 43, 0x0000000000000001
2026/10/07 07:39:31.160, 0 %, 5 MiB, 4096 MiB, 300 MHz, 1.55 W, 43, 0x0000000000000001
2026/10/07 07:39:33.181, 0 %, 5 MiB, 4096 MiB, 300 MHz, 1.69 W, 43, 0x0000000000000001
2026/10/07 07:39:35.203, 0 %, 5 MiB, 4096 MiB, 300 MHz, 1.43 W, 43, 0x0000000000000001
2026/10/07 07:39:37.225, 0 %, 5 MiB, 4096 MiB, 300 MHz, 1.46 W, 43, 0x0000000000000001
2026/10/07 07:39:39.246, 0 %, 5 MiB, 4096 MiB, 300 MHz, 1.51 W, 43, 0x0000000000000001
2026/10/07 07:39:41.267, 0 %, 5 MiB, 4096 MiB, 300 MHz, 1.47 W, 43, 0x0000000000000001
2026/10/07 07:39:43.288, 0 %, 5 MiB, 4096 MiB, 300 MHz, 1.85 W, 43, 0x0000000000000001
2026/10/07 07:39:45.310, 0 %, 5 MiB, 4096 MiB, 300 MHz, 1.49 W, 43, 0x0000000000000001
2026/10/07 07:39:47.331, 0 %, 5 MiB, 4096 MiB, 300 MHz, 1.51 W, 43, 0x0000000000000001
2026/10/07 07:39:49.354, 0 %, 5 MiB, 4096 MiB, 300 MHz, 1.49 W, 43, 0x0000000000000001
2026/10/07 07:39:51.375, 0 %, 5 MiB, 4096 MiB, 300 MHz, 1.46 W, 43, 0x0000000000000001
2026/10/07 07:39:53.397, 0 %, 5 MiB, 4096 MiB, 300 MHz, 1.92 W, 43, 0x0000000000000001
2026/10/07 07:39:55.418, 0 %, 5 MiB, 4096 MiB, 300 MHz, 1.47 W, 43, 0x0000000000000001
2026/10/07 07:39:57.439, 0 %, 5 MiB, 4096 MiB, 300 MHz, 1.52 W, 43, 0x0000000000000001
2026/10/07 07:39:59.461, 0 %, 5 MiB, 4096 MiB, 300 MHz, 1.57 W, 43, 0x0000000000000001
2026/10/07 07:40:01.482, 0 %, 5 MiB, 4096 MiB, 300 MHz, 1.49 W, 43, 0x0000000000000001
2026/10/07 07:40:03.503, 0 %, 5 MiB, 4096 MiB, 300 MHz, 1.88 W, 43, 0x0000000000000001
2026/10/07 07:40:05.524, 0 %, 5 MiB, 4096 MiB, 300 MHz, 1.45 W, 43, 0x0000000000000001
2026/10/07 07:40:07.547, 0 %, 5 MiB, 4096 MiB, 300 MHz, 1.47 W, 43, 0x0000000000000001
2026/10/07 07:40:09.569, 0 %, 5 MiB, 4096 MiB, 300 MHz, 1.44 W, 43, 0x0000000000000001
2026/10/07 07:40:11.590, 0 %, 5 MiB, 4096 MiB, 300 MHz, 1.47 W, 43, 0x0000000000000001
2026/10/07 07:40:13.612, 0 %, 5 MiB, 4096 MiB, 300 MHz, 1.78 W, 43, 0x0000000000000001
2026/10/07 07:40:15.633, 0 %, 5 MiB, 4096 MiB, 300 MHz, 1.44 W, 43, 0x0000000000000001
2026/10/07 07:40:17.654, 0 %, 5 MiB, 4096 MiB, 300 MHz, 1.44 W, 43, 0x0000000000000001
2026/10/07 07:40:19.675, 0 %, 5 MiB, 4096 MiB, 300 MHz, 1.40 W, 43, 0x0000000000000001
2026/10/07 07:40:21.697, 0 %, 5 MiB, 4096 MiB, 300 MHz, 1.41 W, 43, 0x0000000000000001
2026/10/07 07:40:23.719, 0 %, 5 MiB, 4096 MiB, 300 MHz, 1.92 W, 43, 0x0000000000000001
2026/10/07 07:40:25.741, 0 %, 5 MiB, 4096 MiB, 300 MHz, 1.51 W, 43, 0x0000000000000001
2026/10/07 07:40:27.763, 0 %, 5 MiB, 4096 MiB, 300 MHz, 1.49 W, 43, 0x0000000000000001
2026/10/07 07:40:29.784, 0 %, 5 MiB, 4096 MiB, 300 MHz, 1.55 W, 43, 0x0000000000000001
2026/10/07 07:40:31.805, 0 %, 5 MiB, 4096 MiB, 300 MHz, 1.51 W, 43, 0x0000000000000001
2026/10/07 07:40:33.827, 0 %, 5 MiB, 4096 MiB, 300 MHz, 1.48 W, 43, 0x0000000000000001
2026/10/07 07:40:35.848, 0 %, 5 MiB, 4096 MiB, 300 MHz, 1.43 W, 43, 0x0000000000000001
2026/10/07 07:40:37.870, 0 %, 5 MiB, 4096 MiB, 300 MHz, 1.43 W, 43, 0x0000000000000001
2026/10/07 07:40:39.891, 0 %, 5 MiB, 4096 MiB, 300 MHz, 1.41 W, 43, 0x0000000000000001
2026/10/07 07:40:41.912, 0 %, 5 MiB, 4096 MiB, 300 MHz, 1.44 W, 43, 0x0000000000000001
2026/10/07 07:40:43.933, 0 %, 5 MiB, 4096 MiB, 300 MHz, 1.43 W, 43, 0x0000000000000001
2026/10/07 07:40:45.954, 0 %, 5 MiB, 4096 MiB, 300 MHz, 1.55 W, 43, 0x0000000000000001
2026/10/07 07:40:47.976, 0 %, 5 MiB, 4096 MiB, 300 MHz, 1.48 W, 43, 0x0000000000000001
2026/10/07 07:40:49.997, 0 %, 5 MiB, 4096 MiB, 300 MHz, 1.50 W, 43, 0x0000000000000001
2026/10/07 07:40:52.019, 0 %, 5 MiB, 4096 MiB, 300 MHz, 1.46 W, 43, 0x0000000000000001
2026/10/07 07:40:54.041, 0 %, 5 MiB, 4096 MiB, 300 MHz, 1.42 W, 43, 0x0000000000000001
2026/10/07 07:40:56.062, 0 %, 5 MiB, 4096 MiB, 300 MHz, 1.55 W, 43, 0x0000000000000001
2026/10/07 07:40:58.084, 0 %, 5 MiB, 4096 MiB, 300 MHz, 1.55 W, 43, 0x0000000000000001
2026/10/07 07:41:00.105, 0 %, 5 MiB, 4096 MiB, 300 MHz, 1.52 W, 43, 0x0000000000000001
2026/10/07 07:41:02.127, 0 %, 5 MiB, 4096 MiB, 300 MHz, 1.56 W, 43, 0x0000000000000001
2026/10/07 07:41:04.148, 0 %, 5 MiB, 4096 MiB, 300 MHz, 1.45 W, 43, 0x0000000000000001
2026/10/07 07:41:06.169, 0 %, 5 MiB, 4096 MiB, 300 MHz, 1.72 W, 43, 0x0000000000000001
2026/10/07 07:41:08.191, 0 %, 5 MiB, 4096 MiB, 300 MHz, 1.46 W, 43, 0x0000000000000001
2026/10/07 07:41:10.212, 0 %, 5 MiB, 4096 MiB, 300 MHz, 1.45 W, 43, 0x0000000000000001
2026/10/07 07:41:12.233, 0 %, 5 MiB, 4096 MiB, 300 MHz, 1.50 W, 43, 0x0000000000000001
2026/10/07 07:41:14.255, 0 %, 5 MiB, 4096 MiB, 300 MHz, 1.47 W, 43, 0x0000000000000001
2026/10/07 07:41:16.276, 0 %, 5 MiB, 4096 MiB, 300 MHz, 1.61 W, 43, 0x0000000000000001
2026/10/07 07:41:18.297, 0 %, 5 MiB, 4096 MiB, 300 MHz, 1.45 W, 43, 0x0000000000000001
2026/10/07 07:41:20.319, 0 %, 5 MiB, 4096 MiB, 300 MHz, 1.48 W, 43, 0x0000000000000001
2026/10/07 07:41:22.341, 0 %, 5 MiB, 4096 MiB, 300 MHz, 1.47 W, 43, 0x0000000000000001
2026/10/07 07:41:24.362, 0 %, 5 MiB, 4096 MiB, 300 MHz, 1.46 W, 43, 0x0000000000000001
2026/10/07 07:41:26.383, 0 %, 5 MiB, 4096 MiB, 300 MHz, 1.69 W, 43, 0x0000000000000001
2026/10/07 07:41:28.405, 0 %, 5 MiB, 4096 MiB, 300 MHz, 1.43 W, 43, 0x0000000000000001
2026/10/07 07:41:30.426, 0 %, 5 MiB, 4096 MiB, 300 MHz, 1.43 W, 43, 0x0000000000000001
2026/10/07 07:41:32.448, 0 %, 5 MiB, 4096 MiB, 300 MHz, 1.48 W, 43, 0x0000000000000001
2026/10/07 07:41:34.468, 0 %, 5 MiB, 4096 MiB, 300 MHz, 1.46 W, 43, 0x0000000000000001
2026/10/07 07:41:36.489, 0 %, 5 MiB, 4096 MiB, 300 MHz, 1.82 W, 43, 0x0000000000000001
2026/10/07 07:41:38.511, 0 %, 5 MiB, 4096 MiB, 300 MHz, 1.58 W, 43, 0x0000000000000001
2026/10/07 07:41:40.532, 0 %, 5 MiB, 4096 MiB, 300 MHz, 1.56 W, 43, 0x0000000000000001
2026/10/07 07:41:42.553, 0 %, 5 MiB, 4096 MiB, 300 MHz, 1.54 W, 43, 0x0000000000000001
2026/10/07 07:41:44.575, 0 %, 5 MiB, 4096 MiB, 300 MHz, 1.60 W, 43, 0x0000000000000001
2026/10/07 07:41:46.597, 0 %, 5 MiB, 4096 MiB, 300 MHz, 1.75 W, 43, 0x0000000000000001
2026/10/07 07:41:48.618, 0 %, 5 MiB, 4096 MiB, 300 MHz, 1.45 W, 43, 0x0000000000000001
2026/10/07 07:41:50.639, 0 %, 5 MiB, 4096 MiB, 300 MHz, 1.46 W, 43, 0x0000000000000001
2026/10/07 07:41:52.660, 0 %, 5 MiB, 4096 MiB, 300 MHz, 1.42 W, 43, 0x0000000000000001
2026/10/07 07:41:54.681, 0 %, 5 MiB, 4096 MiB, 300 MHz, 1.44 W, 43, 0x0000000000000001
2026/10/07 07:41:56.704, 0 %, 5 MiB, 4096 MiB, 300 MHz, 1.77 W, 43, 0x0000000000000001
2026/10/07 07:41:58.725, 0 %, 5 MiB, 4096 MiB, 300 MHz, 1.44 W, 43, 0x0000000000000001
2026/10/07 07:42:00.746, 0 %, 5 MiB, 4096 MiB, 300 MHz, 1.49 W, 43, 0x0000000000000001
2026/10/07 07:42:02.768, 0 %, 5 MiB, 4096 MiB, 300 MHz, 1.48 W, 43, 0x0000000000000001
2026/10/07 07:42:04.789, 0 %, 5 MiB, 4096 MiB, 300 MHz, 1.44 W, 43, 0x0000000000000001
2026/10/07 07:42:06.810, 0 %, 5 MiB, 4096 MiB, 300 MHz, 1.87 W, 43, 0x0000000000000001
2026/10/07 07:42:08.831, 0 %, 5 MiB, 4096 MiB, 300 MHz, 1.49 W, 43, 0x0000000000000001
2026/10/07 07:42:10.853, 0 %, 5 MiB, 4096 MiB, 300 MHz, 1.44 W, 43, 0x0000000000000001
2026/10/07 07:42:12.874, 0 %, 5 MiB, 4096 MiB, 300 MHz, 1.46 W, 43, 0x0000000000000001
2026/10/07 07:42:14.896, 0 %, 5 MiB, 4096 MiB, 300 MHz, 1.53 W, 43, 0x0000000000000001
2026/10/07 07:42:16.917, 0 %, 5 MiB, 4096 MiB, 300 MHz, 1.82 W, 43, 0x0000000000000001
2026/10/07 07:42:18.938, 0 %, 5 MiB, 4096 MiB, 300 MHz, 1.50 W, 43, 0x0000000000000001
2026/10/07 07:42:20.960, 0 %, 5 MiB, 4096 MiB, 300 MHz, 1.52 W, 43, 0x0000000000000001
2026/10/07 07:42:22.981, 0 %, 5 MiB, 4096 MiB, 300 MHz, 1.46 W, 43, 0x0000000000000001
2026/10/07 07:42:25.003, 0 %, 5 MiB, 4096 MiB, 300 MHz, 1.46 W, 43, 0x0000000000000001
2026/10/07 07:42:27.024, 0 %, 5 MiB, 4096 MiB, 300 MHz, 1.45 W, 43, 0x0000000000000001
2026/10/07 07:42:29.045, 0 %, 5 MiB, 4096 MiB, 300 MHz, 1.42 W, 43, 0x0000000000000001
2026/10/07 07:42:31.067, 0 %, 5 MiB, 4096 MiB, 300 MHz, 1.41 W, 43, 0x0000000000000001
2026/10/07 07:42:33.088, 0 %, 5 MiB, 4096 MiB, 300 MHz, 1.44 W, 43, 0x0000000000000001
2026/10/07 07:42:35.110, 0 %, 5 MiB, 4096 MiB, 300 MHz, 1.44 W, 43, 0x0000000000000001
2026/10/07 07:42:37.132, 0 %, 5 MiB, 4096 MiB, 300 MHz, 1.39 W, 43, 0x0000000000000001
2026/10/07 07:42:39.152, 0 %, 5 MiB, 4096 MiB, 300 MHz, 1.57 W, 43, 0x0000000000000001
2026/10/07 07:42:41.174, 0 %, 5 MiB, 4096 MiB, 300 MHz, 1.50 W, 43, 0x0000000000000001
2026/10/07 07:42:43.195, 0 %, 5 MiB, 4096 MiB, 300 MHz, 1.48 W, 43, 0x0000000000000001
2026/10/07 07:42:45.217, 0 %, 5 MiB, 4096 MiB, 300 MHz, 1.50 W, 43, 0x0000000000000001
2026/10/07 07:42:47.238, 0 %, 5 MiB, 4096 MiB, 300 MHz, 1.49 W, 43, 0x0000000000000001
2026/10/07 07:42:49.259, 0 %, 5 MiB, 4096 MiB, 300 MHz, 1.59 W, 43, 0x0000000000000001
2026/10/07 07:42:51.281, 0 %, 5 MiB, 4096 MiB, 300 MHz, 1.47 W, 43, 0x0000000000000001
2026/10/07 07:42:53.302, 0 %, 5 MiB, 4096 MiB, 300 MHz, 1.46 W, 43, 0x0000000000000001
2026/10/07 07:42:55.323, 0 %, 5 MiB, 4096 MiB, 300 MHz, 1.45 W, 43, 0x0000000000000001
2026/10/07 07:42:57.345, 0 %, 5 MiB, 4096 MiB, 300 MHz, 1.51 W, 43, 0x0000000000000001
2026/10/07 07:42:59.367, 0 %, 5 MiB, 4096 MiB, 300 MHz, 1.55 W, 43, 0x0000000000000001
2026/10/07 07:43:01.388, 0 %, 5 MiB, 4096 MiB, 300 MHz, 1.43 W, 43, 0x0000000000000001
2026/10/07 07:43:03.409, 0 %, 5 MiB, 4096 MiB, 300 MHz, 1.48 W, 43, 0x0000000000000001
2026/10/07 07:43:05.431, 0 %, 5 MiB, 4096 MiB, 300 MHz, 1.52 W, 43, 0x0000000000000001
2026/10/07 07:43:07.452, 0 %, 5 MiB, 4096 MiB, 300 MHz, 1.45 W, 43, 0x0000000000000001
2026/10/07 07:43:09.474, 0 %, 5 MiB, 4096 MiB, 300 MHz, 1.57 W, 43, 0x0000000000000001
2026/10/07 07:43:11.495, 0 %, 5 MiB, 4096 MiB, 300 MHz, 1.40 W, 43, 0x0000000000000001
2026/10/07 07:43:13.516, 0 %, 5 MiB, 4096 MiB, 300 MHz, 1.43 W, 43, 0x0000000000000001
2026/10/07 07:43:15.537, 0 %, 5 MiB, 4096 MiB, 300 MHz, 1.40 W, 43, 0x0000000000000001
2026/10/07 07:43:17.559, 0 %, 5 MiB, 4096 MiB, 300 MHz, 1.46 W, 43, 0x0000000000000001
2026/10/07 07:43:19.580, 0 %, 5 MiB, 4096 MiB, 300 MHz, 1.70 W, 43, 0x0000000000000001
2026/10/07 07:43:21.603, 0 %, 5 MiB, 4096 MiB, 300 MHz, 1.53 W, 43, 0x0000000000000001
2026/10/07 07:43:23.625, 0 %, 5 MiB, 4096 MiB, 300 MHz, 1.53 W, 43, 0x0000000000000001
2026/10/07 07:43:25.646, 0 %, 5 MiB, 4096 MiB, 300 MHz, 1.51 W, 43, 0x0000000000000001
2026/10/07 07:43:27.667, 0 %, 5 MiB, 4096 MiB, 300 MHz, 1.53 W, 43, 0x0000000000000001
2026/10/07 07:43:29.689, 0 %, 5 MiB, 4096 MiB, 300 MHz, 1.66 W, 43, 0x0000000000000001
2026/10/07 07:43:31.710, 0 %, 5 MiB, 4096 MiB, 300 MHz, 1.41 W, 43, 0x0000000000000001
2026/10/07 07:43:33.731, 0 %, 5 MiB, 4096 MiB, 300 MHz, 1.42 W, 43, 0x0000000000000001
2026/10/07 07:43:35.753, 0 %, 5 MiB, 4096 MiB, 300 MHz, 1.45 W, 43, 0x0000000000000001
2026/10/07 07:43:37.774, 0 %, 5 MiB, 4096 MiB, 300 MHz, 1.43 W, 43, 0x0000000000000001
2026/10/07 07:43:39.795, 0 %, 5 MiB, 4096 MiB, 300 MHz, 1.81 W, 43, 0x0000000000000001
2026/10/07 07:43:41.816, 0 %, 5 MiB, 4096 MiB, 300 MHz, 1.50 W, 43, 0x0000000000000001
2026/10/07 07:43:43.837, 0 %, 5 MiB, 4096 MiB, 300 MHz, 1.49 W, 43, 0x0000000000000001
2026/10/07 07:43:45.859, 0 %, 5 MiB, 4096 MiB, 300 MHz, 1.45 W, 43, 0x0000000000000001
2026/10/07 07:43:47.880, 0 %, 5 MiB, 4096 MiB, 300 MHz, 1.50 W, 43, 0x0000000000000001
2026/10/07 07:43:49.902, 0 %, 5 MiB, 4096 MiB, 300 MHz, 1.76 W, 43, 0x0000000000000001
2026/10/07 07:43:51.923, 0 %, 5 MiB, 4096 MiB, 300 MHz, 1.45 W, 43, 0x0000000000000001
2026/10/07 07:43:53.944, 0 %, 5 MiB, 4096 MiB, 300 MHz, 1.46 W, 43, 0x0000000000000001
2026/10/07 07:43:55.966, 0 %, 5 MiB, 4096 MiB, 300 MHz, 1.42 W, 43, 0x0000000000000001
2026/10/07 07:43:57.988, 0 %, 5 MiB, 4096 MiB, 300 MHz, 1.45 W, 43, 0x0000000000000001
2026/10/07 07:44:00.009, 0 %, 5 MiB, 4096 MiB, 300 MHz, 1.82 W, 43, 0x0000000000000001
2026/10/07 07:44:02.030, 0 %, 5 MiB, 4096 MiB, 300 MHz, 1.44 W, 43, 0x0000000000000001
2026/10/07 07:44:04.052, 0 %, 5 MiB, 4096 MiB, 300 MHz, 1.40 W, 43, 0x0000000000000001
2026/10/07 07:44:06.073, 0 %, 5 MiB, 4096 MiB, 300 MHz, 1.47 W, 43, 0x0000000000000001
2026/10/07 07:44:08.094, 0 %, 5 MiB, 4096 MiB, 300 MHz, 1.49 W, 43, 0x0000000000000001
2026/10/07 07:44:10.116, 0 %, 5 MiB, 4096 MiB, 300 MHz, 1.43 W, 43, 0x0000000000000001
2026/10/07 07:44:12.137, 0 %, 5 MiB, 4096 MiB, 300 MHz, 1.43 W, 43, 0x0000000000000001
2026/10/07 07:44:14.158, 0 %, 5 MiB, 4096 MiB, 300 MHz, 1.40 W, 43, 0x0000000000000001
2026/10/07 07:44:16.180, 0 %, 5 MiB, 4096 MiB, 300 MHz, 1.43 W, 43, 0x0000000000000001
2026/10/07 07:44:18.201, 0 %, 5 MiB, 4096 MiB, 300 MHz, 1.46 W, 43, 0x0000000000000001
2026/10/07 07:44:20.222, 0 %, 5 MiB, 4096 MiB, 300 MHz, 1.46 W, 43, 0x0000000000000001
2026/10/07 07:44:22.243, 0 %, 5 MiB, 4096 MiB, 300 MHz, 1.61 W, 43, 0x0000000000000001
2026/10/07 07:44:24.265, 0 %, 5 MiB, 4096 MiB, 300 MHz, 1.57 W, 43, 0x0000000000000001
2026/10/07 07:44:26.287, 0 %, 5 MiB, 4096 MiB, 300 MHz, 1.54 W, 43, 0x0000000000000001
2026/10/07 07:44:28.308, 0 %, 5 MiB, 4096 MiB, 300 MHz, 1.51 W, 43, 0x0000000000000001
2026/10/07 07:44:30.329, 0 %, 5 MiB, 4096 MiB, 300 MHz, 1.52 W, 43, 0x0000000000000001
2026/10/07 07:44:32.350, 0 %, 5 MiB, 4096 MiB, 300 MHz, 1.55 W, 43, 0x0000000000000001
2026/10/07 07:44:34.372, 0 %, 5 MiB, 4096 MiB, 300 MHz, 1.40 W, 43, 0x0000000000000001
2026/10/07 07:44:36.393, 0 %, 5 MiB, 4096 MiB, 300 MHz, 1.44 W, 43, 0x0000000000000001
2026/10/07 07:44:38.414, 0 %, 5 MiB, 4096 MiB, 300 MHz, 1.45 W, 43, 0x0000000000000001
2026/10/07 07:44:40.435, 0 %, 5 MiB, 4096 MiB, 300 MHz, 1.38 W, 43, 0x0000000000000001
2026/10/07 07:44:42.456, 0 %, 5 MiB, 4096 MiB, 300 MHz, 1.69 W, 43, 0x0000000000000001
2026/10/07 07:44:44.477, 0 %, 5 MiB, 4096 MiB, 300 MHz, 1.44 W, 43, 0x0000000000000001
2026/10/07 07:44:46.498, 0 %, 5 MiB, 4096 MiB, 300 MHz, 1.46 W, 43, 0x0000000000000001
2026/10/07 07:44:48.519, 0 %, 5 MiB, 4096 MiB, 300 MHz, 1.45 W, 43, 0x0000000000000001
2026/10/07 07:44:50.541, 0 %, 5 MiB, 4096 MiB, 300 MHz, 1.48 W, 43, 0x0000000000000001
2026/10/07 07:44:52.562, 0 %, 5 MiB, 4096 MiB, 300 MHz, 1.90 W, 43, 0x0000000000000001
2026/10/07 07:44:54.583, 0 %, 5 MiB, 4096 MiB, 300 MHz, 1.65 W, 43, 0x0000000000000001
2026/10/07 07:44:56.604, 0 %, 5 MiB, 4096 MiB, 300 MHz, 1.68 W, 43, 0x0000000000000001
2026/10/07 07:44:58.626, 0 %, 5 MiB, 4096 MiB, 300 MHz, 1.66 W, 43, 0x0000000000000001
2026/10/07 07:45:00.647, 0 %, 5 MiB, 4096 MiB, 300 MHz, 1.73 W, 43, 0x0000000000000001
2026/10/07 07:45:02.669, 0 %, 5 MiB, 4096 MiB, 300 MHz, 2.11 W, 43, 0x0000000000000001
2026/10/07 07:45:04.690, 0 %, 5 MiB, 4096 MiB, 300 MHz, 1.71 W, 43, 0x0000000000000001
2026/10/07 07:45:06.714, 0 %, 5 MiB, 4096 MiB, 300 MHz, 1.57 W, 43, 0x0000000000000001
2026/10/07 07:45:08.736, 0 %, 5 MiB, 4096 MiB, 300 MHz, 1.78 W, 43, 0x0000000000000001
2026/10/07 07:45:10.758, 0 %, 5 MiB, 4096 MiB, 300 MHz, 1.50 W, 43, 0x0000000000000001
2026/10/07 07:45:12.779, 0 %, 5 MiB, 4096 MiB, 300 MHz, 1.90 W, 43, 0x0000000000000001
2026/10/07 07:45:14.800, 0 %, 5 MiB, 4096 MiB, 300 MHz, 1.54 W, 43, 0x0000000000000001
2026/10/07 07:45:16.821, 0 %, 5 MiB, 4096 MiB, 300 MHz, 1.50 W, 43, 0x0000000000000001
2026/10/07 07:45:18.843, 0 %, 5 MiB, 4096 MiB, 300 MHz, 1.49 W, 44, 0x0000000000000001
2026/10/07 07:45:20.864, 0 %, 5 MiB, 4096 MiB, 300 MHz, 1.60 W, 43, 0x0000000000000001
2026/10/07 07:45:22.885, 0 %, 5 MiB, 4096 MiB, 300 MHz, 1.84 W, 43, 0x0000000000000001
2026/10/07 07:45:24.907, 0 %, 5 MiB, 4096 MiB, 300 MHz, 1.50 W, 43, 0x0000000000000001
2026/10/07 07:45:26.928, 0 %, 5 MiB, 4096 MiB, 300 MHz, 1.49 W, 43, 0x0000000000000001
2026/10/07 07:45:28.949, 0 %, 5 MiB, 4096 MiB, 300 MHz, 1.46 W, 43, 0x0000000000000001
2026/10/07 07:45:30.970, 0 %, 5 MiB, 4096 MiB, 300 MHz, 1.46 W, 43, 0x0000000000000001
2026/10/07 07:45:32.992, 0 %, 5 MiB, 4096 MiB, 300 MHz, 1.83 W, 43, 0x0000000000000001
2026/10/07 07:45:35.013, 0 %, 5 MiB, 4096 MiB, 300 MHz, 1.49 W, 43, 0x0000000000000001
2026/10/07 07:45:37.034, 0 %, 5 MiB, 4096 MiB, 300 MHz, 1.42 W, 43, 0x0000000000000001
2026/10/07 07:45:39.056, 0 %, 5 MiB, 4096 MiB, 300 MHz, 1.51 W, 43, 0x0000000000000001
2026/10/07 07:45:41.077, 0 %, 5 MiB, 4096 MiB, 300 MHz, 1.45 W, 43, 0x0000000000000001
2026/10/07 07:45:43.100, 0 %, 5 MiB, 4096 MiB, 300 MHz, 1.46 W, 43, 0x0000000000000001
2026/10/07 07:45:45.121, 0 %, 5 MiB, 4096 MiB, 300 MHz, 1.53 W, 43, 0x0000000000000001
2026/10/07 07:45:47.144, 0 %, 5 MiB, 4096 MiB, 300 MHz, 1.49 W, 43, 0x0000000000000001
2026/10/07 07:45:49.165, 0 %, 5 MiB, 4096 MiB, 300 MHz, 1.48 W, 43, 0x0000000000000001
2026/10/07 07:45:51.186, 0 %, 5 MiB, 4096 MiB, 300 MHz, 1.47 W, 43, 0x0000000000000001
2026/10/07 07:45:53.207, 0 %, 5 MiB, 4096 MiB, 300 MHz, 1.51 W, 43, 0x0000000000000001
2026/10/07 07:45:55.229, 0 %, 5 MiB, 4096 MiB, 300 MHz, 1.52 W, 43, 0x0000000000000001
2026/10/07 07:45:57.250, 0 %, 5 MiB, 4096 MiB, 300 MHz, 1.45 W, 43, 0x0000000000000001
2026/10/07 07:45:59.272, 0 %, 5 MiB, 4096 MiB, 300 MHz, 1.48 W, 43, 0x0000000000000001
2026/10/07 07:46:01.293, 0 %, 5 MiB, 4096 MiB, 300 MHz, 1.41 W, 43, 0x0000000000000001
2026/10/07 07:46:03.314, 0 %, 5 MiB, 4096 MiB, 300 MHz, 1.38 W, 43, 0x0000000000000001
2026/10/07 07:46:05.336, 0 %, 5 MiB, 4096 MiB, 300 MHz, 1.55 W, 43, 0x0000000000000001
2026/10/07 07:46:07.358, 0 %, 5 MiB, 4096 MiB, 300 MHz, 1.39 W, 43, 0x0000000000000001
2026/10/07 07:46:09.379, 0 %, 5 MiB, 4096 MiB, 300 MHz, 1.52 W, 43, 0x0000000000000001
2026/10/07 07:46:11.400, 0 %, 5 MiB, 4096 MiB, 300 MHz, 1.54 W, 43, 0x0000000000000001
2026/10/07 07:46:13.422, 0 %, 5 MiB, 4096 MiB, 300 MHz, 1.50 W, 43, 0x0000000000000001
2026/10/07 07:46:15.443, 0 %, 5 MiB, 4096 MiB, 300 MHz, 1.57 W, 43, 0x0000000000000001
2026/10/07 07:46:17.464, 0 %, 5 MiB, 4096 MiB, 300 MHz, 1.47 W, 43, 0x0000000000000001
2026/10/07 07:46:19.485, 0 %, 5 MiB, 4096 MiB, 300 MHz, 1.42 W, 43, 0x0000000000000001
2026/10/07 07:46:21.507, 0 %, 5 MiB, 4096 MiB, 300 MHz, 1.41 W, 43, 0x0000000000000001
2026/10/07 07:46:23.528, 0 %, 5 MiB, 4096 MiB, 300 MHz, 1.43 W, 43, 0x0000000000000001
2026/10/07 07:46:25.549, 0 %, 5 MiB, 4096 MiB, 300 MHz, 1.66 W, 43, 0x0000000000000001
2026/10/07 07:46:27.570, 0 %, 5 MiB, 4096 MiB, 300 MHz, 1.50 W, 43, 0x0000000000000001
2026/10/07 07:46:29.592, 0 %, 5 MiB, 4096 MiB, 300 MHz, 1.49 W, 43, 0x0000000000000001
2026/10/07 07:46:31.613, 0 %, 5 MiB, 4096 MiB, 300 MHz, 1.48 W, 43, 0x0000000000000001
2026/10/07 07:46:33.634, 0 %, 5 MiB, 4096 MiB, 300 MHz, 1.42 W, 43, 0x0000000000000001
2026/10/07 07:46:35.656, 0 %, 5 MiB, 4096 MiB, 300 MHz, 1.64 W, 43, 0x0000000000000001
2026/10/07 07:46:37.677, 0 %, 5 MiB, 4096 MiB, 300 MHz, 1.37 W, 43, 0x0000000000000001
2026/10/07 07:46:39.699, 0 %, 5 MiB, 4096 MiB, 300 MHz, 1.43 W, 43, 0x0000000000000001
2026/10/07 07:46:41.720, 0 %, 5 MiB, 4096 MiB, 300 MHz, 1.45 W, 43, 0x0000000000000001
2026/10/07 07:46:43.742, 0 %, 5 MiB, 4096 MiB, 300 MHz, 1.43 W, 43, 0x0000000000000001
2026/10/07 07:46:45.763, 0 %, 5 MiB, 4096 MiB, 300 MHz, 1.79 W, 43, 0x0000000000000001
2026/10/07 07:46:47.784, 0 %, 5 MiB, 4096 MiB, 300 MHz, 1.50 W, 43, 0x0000000000000001
2026/10/07 07:46:49.807, 0 %, 5 MiB, 4096 MiB, 300 MHz, 1.50 W, 43, 0x0000000000000001
2026/10/07 07:46:51.828, 0 %, 5 MiB, 4096 MiB, 300 MHz, 1.44 W, 43, 0x0000000000000001
2026/10/07 07:46:53.849, 0 %, 5 MiB, 4096 MiB, 300 MHz, 1.51 W, 43, 0x0000000000000001
2026/10/07 07:46:55.870, 0 %, 5 MiB, 4096 MiB, 300 MHz, 1.84 W, 43, 0x0000000000000001
2026/10/07 07:46:57.891, 0 %, 5 MiB, 4096 MiB, 300 MHz, 1.49 W, 43, 0x0000000000000001
2026/10/07 07:46:59.912, 0 %, 5 MiB, 4096 MiB, 300 MHz, 1.53 W, 43, 0x0000000000000001
2026/10/07 07:47:01.934, 0 %, 5 MiB, 4096 MiB, 300 MHz, 1.54 W, 43, 0x0000000000000001
2026/10/07 07:47:03.955, 0 %, 5 MiB, 4096 MiB, 300 MHz, 1.52 W, 43, 0x0000000000000001
2026/10/07 07:47:05.977, 0 %, 5 MiB, 4096 MiB, 300 MHz, 1.83 W, 43, 0x0000000000000001
2026/10/07 07:47:07.999, 0 %, 5 MiB, 4096 MiB, 300 MHz, 1.43 W, 43, 0x0000000000000001
2026/10/07 07:47:10.021, 0 %, 5 MiB, 4096 MiB, 300 MHz, 1.46 W, 43, 0x0000000000000001
2026/10/07 07:47:12.042, 0 %, 5 MiB, 4096 MiB, 300 MHz, 1.47 W, 43, 0x0000000000000001
2026/10/07 07:47:14.063, 0 %, 5 MiB, 4096 MiB, 300 MHz, 1.44 W, 43, 0x0000000000000001
2026/10/07 07:47:16.084, 0 %, 5 MiB, 4096 MiB, 300 MHz, 1.94 W, 43, 0x0000000000000001
2026/10/07 07:47:18.106, 0 %, 5 MiB, 4096 MiB, 300 MHz, 1.48 W, 43, 0x0000000000000001
2026/10/07 07:47:20.127, 0 %, 5 MiB, 4096 MiB, 300 MHz, 1.49 W, 43, 0x0000000000000001
2026/10/07 07:47:22.149, 0 %, 5 MiB, 4096 MiB, 300 MHz, 1.41 W, 43, 0x0000000000000001
2026/10/07 07:47:24.170, 0 %, 5 MiB, 4096 MiB, 300 MHz, 1.50 W, 43, 0x0000000000000001
2026/10/07 07:47:26.192, 0 %, 5 MiB, 4096 MiB, 300 MHz, 1.47 W, 43, 0x0000000000000001
2026/10/07 07:47:28.213, 0 %, 5 MiB, 4096 MiB, 300 MHz, 1.47 W, 43, 0x0000000000000001
2026/10/07 07:47:30.234, 0 %, 5 MiB, 4096 MiB, 300 MHz, 1.51 W, 43, 0x0000000000000001
2026/10/07 07:47:32.256, 0 %, 5 MiB, 4096 MiB, 300 MHz, 1.56 W, 43, 0x0000000000000001
2026/10/07 07:47:34.278, 0 %, 5 MiB, 4096 MiB, 300 MHz, 1.46 W, 43, 0x0000000000000001
2026/10/07 07:47:36.299, 0 %, 5 MiB, 4096 MiB, 300 MHz, 1.44 W, 43, 0x0000000000000001
2026/10/07 07:47:38.320, 0 %, 5 MiB, 4096 MiB, 300 MHz, 1.50 W, 43, 0x0000000000000001
2026/10/07 07:47:40.342, 0 %, 5 MiB, 4096 MiB, 300 MHz, 1.48 W, 43, 0x0000000000000001
2026/10/07 07:47:42.364, 0 %, 5 MiB, 4096 MiB, 300 MHz, 1.47 W, 43, 0x0000000000000001
2026/10/07 07:47:44.385, 0 %, 5 MiB, 4096 MiB, 300 MHz, 1.44 W, 43, 0x0000000000000001
2026/10/07 07:47:46.407, 0 %, 5 MiB, 4096 MiB, 300 MHz, 1.48 W, 43, 0x0000000000000001
2026/10/07 07:47:48.429, 0 %, 5 MiB, 4096 MiB, 300 MHz, 1.64 W, 43, 0x0000000000000001
2026/10/07 07:47:50.450, 0 %, 5 MiB, 4096 MiB, 300 MHz, 1.52 W, 43, 0x0000000000000001
2026/10/07 07:47:52.472, 0 %, 5 MiB, 4096 MiB, 300 MHz, 1.50 W, 43, 0x0000000000000001
2026/10/07 07:47:54.494, 0 %, 5 MiB, 4096 MiB, 300 MHz, 1.52 W, 43, 0x0000000000000001
2026/10/07 07:47:56.515, 0 %, 5 MiB, 4096 MiB, 300 MHz, 1.53 W, 43, 0x0000000000000001
2026/10/07 07:47:58.537, 0 %, 5 MiB, 4096 MiB, 300 MHz, 1.52 W, 43, 0x0000000000000001
2026/10/07 07:48:00.559, 0 %, 5 MiB, 4096 MiB, 300 MHz, 1.48 W, 43, 0x0000000000000001
2026/10/07 07:48:02.580, 0 %, 5 MiB, 4096 MiB, 300 MHz, 1.47 W, 43, 0x0000000000000001
2026/10/07 07:48:04.602, 0 %, 5 MiB, 4096 MiB, 300 MHz, 1.44 W, 43, 0x0000000000000001
2026/10/07 07:48:06.623, 0 %, 5 MiB, 4096 MiB, 300 MHz, 1.40 W, 43, 0x0000000000000001
2026/10/07 07:48:08.644, 0 %, 5 MiB, 4096 MiB, 300 MHz, 1.62 W, 43, 0x0000000000000001
2026/10/07 07:48:10.667, 0 %, 5 MiB, 4096 MiB, 300 MHz, 1.48 W, 43, 0x0000000000000001
2026/10/07 07:48:12.689, 0 %, 5 MiB, 4096 MiB, 300 MHz, 1.48 W, 43, 0x0000000000000001
2026/10/07 07:48:14.711, 0 %, 5 MiB, 4096 MiB, 300 MHz, 1.49 W, 43, 0x0000000000000001
2026/10/07 07:48:16.732, 0 %, 5 MiB, 4096 MiB, 300 MHz, 1.49 W, 43, 0x0000000000000001
2026/10/07 07:48:18.753, 0 %, 5 MiB, 4096 MiB, 300 MHz, 1.66 W, 43, 0x0000000000000001
2026/10/07 07:48:20.775, 0 %, 5 MiB, 4096 MiB, 300 MHz, 1.44 W, 43, 0x0000000000000001
2026/10/07 07:48:22.796, 0 %, 5 MiB, 4096 MiB, 300 MHz, 1.42 W, 43, 0x0000000000000001
2026/10/07 07:48:24.818, 0 %, 5 MiB, 4096 MiB, 300 MHz, 1.43 W, 43, 0x0000000000000001
2026/10/07 07:48:26.840, 0 %, 5 MiB, 4096 MiB, 300 MHz, 1.50 W, 43, 0x0000000000000001
2026/10/07 07:48:28.861, 0 %, 5 MiB, 4096 MiB, 300 MHz, 1.68 W, 43, 0x0000000000000001
2026/10/07 07:48:30.884, 0 %, 5 MiB, 4096 MiB, 300 MHz, 1.50 W, 43, 0x0000000000000001
2026/10/07 07:48:32.905, 0 %, 5 MiB, 4096 MiB, 300 MHz, 1.54 W, 43, 0x0000000000000001
2026/10/07 07:48:34.926, 0 %, 5 MiB, 4096 MiB, 300 MHz, 1.49 W, 43, 0x0000000000000001
2026/10/07 07:48:36.947, 0 %, 5 MiB, 4096 MiB, 300 MHz, 1.44 W, 43, 0x0000000000000001
2026/10/07 07:48:38.969, 0 %, 5 MiB, 4096 MiB, 300 MHz, 1.70 W, 43, 0x0000000000000001
2026/10/07 07:48:40.990, 0 %, 5 MiB, 4096 MiB, 300 MHz, 1.49 W, 43, 0x0000000000000001
2026/10/07 07:48:43.012, 0 %, 5 MiB, 4096 MiB, 300 MHz, 1.47 W, 43, 0x0000000000000001
2026/10/07 07:48:45.034, 0 %, 5 MiB, 4096 MiB, 300 MHz, 1.51 W, 43, 0x0000000000000001
2026/10/07 07:48:47.055, 0 %, 5 MiB, 4096 MiB, 300 MHz, 1.52 W, 43, 0x0000000000000001
2026/10/07 07:48:49.076, 0 %, 5 MiB, 4096 MiB, 300 MHz, 1.76 W, 43, 0x0000000000000001
2026/10/07 07:48:51.097, 0 %, 5 MiB, 4096 MiB, 300 MHz, 1.51 W, 43, 0x0000000000000001
2026/10/07 07:48:53.118, 0 %, 5 MiB, 4096 MiB, 300 MHz, 1.51 W, 43, 0x0000000000000001
2026/10/07 07:48:55.140, 0 %, 5 MiB, 4096 MiB, 300 MHz, 1.50 W, 43, 0x0000000000000001
2026/10/07 07:48:57.161, 0 %, 5 MiB, 4096 MiB, 300 MHz, 1.45 W, 43, 0x0000000000000001
2026/10/07 07:48:59.183, 0 %, 5 MiB, 4096 MiB, 300 MHz, 1.69 W, 43, 0x0000000000000001
2026/10/07 07:49:01.204, 0 %, 5 MiB, 4096 MiB, 300 MHz, 1.43 W, 43, 0x0000000000000001
2026/10/07 07:49:03.226, 0 %, 5 MiB, 4096 MiB, 300 MHz, 1.45 W, 43, 0x0000000000000001
2026/10/07 07:49:05.249, 0 %, 5 MiB, 4096 MiB, 300 MHz, 1.46 W, 43, 0x0000000000000001
2026/10/07 07:49:07.270, 0 %, 5 MiB, 4096 MiB, 300 MHz, 1.48 W, 43, 0x0000000000000001
2026/10/07 07:49:09.292, 0 %, 5 MiB, 4096 MiB, 300 MHz, 1.80 W, 43, 0x0000000000000001
2026/10/07 07:49:11.313, 0 %, 5 MiB, 4096 MiB, 300 MHz, 1.44 W, 43, 0x0000000000000001
2026/10/07 07:49:13.335, 0 %, 5 MiB, 4096 MiB, 300 MHz, 1.45 W, 43, 0x0000000000000001
2026/10/07 07:49:15.356, 0 %, 5 MiB, 4096 MiB, 300 MHz, 1.47 W, 43, 0x0000000000000001
2026/10/07 07:49:17.377, 0 %, 5 MiB, 4096 MiB, 300 MHz, 1.49 W, 43, 0x0000000000000001
2026/10/07 07:49:19.398, 0 %, 5 MiB, 4096 MiB, 300 MHz, 1.73 W, 43, 0x0000000000000001
2026/10/07 07:49:21.420, 0 %, 5 MiB, 4096 MiB, 300 MHz, 1.48 W, 43, 0x0000000000000001
2026/10/07 07:49:23.442, 0 %, 5 MiB, 4096 MiB, 300 MHz, 1.51 W, 43, 0x0000000000000001
2026/10/07 07:49:25.464, 0 %, 5 MiB, 4096 MiB, 300 MHz, 1.41 W, 43, 0x0000000000000001
2026/10/07 07:49:27.485, 0 %, 5 MiB, 4096 MiB, 300 MHz, 1.49 W, 43, 0x0000000000000001
2026/10/07 07:49:29.506, 0 %, 5 MiB, 4096 MiB, 300 MHz, 1.81 W, 43, 0x0000000000000001
2026/10/07 07:49:31.527, 0 %, 5 MiB, 4096 MiB, 300 MHz, 1.46 W, 43, 0x0000000000000001
2026/10/07 07:49:33.548, 0 %, 5 MiB, 4096 MiB, 300 MHz, 1.47 W, 43, 0x0000000000000001
2026/10/07 07:49:35.570, 0 %, 5 MiB, 4096 MiB, 300 MHz, 1.62 W, 43, 0x0000000000000001
2026/10/07 07:49:37.591, 0 %, 5 MiB, 4096 MiB, 300 MHz, 1.46 W, 43, 0x0000000000000001
2026/10/07 07:49:39.612, 0 %, 5 MiB, 4096 MiB, 300 MHz, 1.83 W, 43, 0x0000000000000001
2026/10/07 07:49:41.633, 0 %, 5 MiB, 4096 MiB, 300 MHz, 1.46 W, 43, 0x0000000000000001
2026/10/07 07:49:43.655, 0 %, 5 MiB, 4096 MiB, 300 MHz, 1.50 W, 43, 0x0000000000000001
2026/10/07 07:49:45.677, 0 %, 5 MiB, 4096 MiB, 300 MHz, 1.40 W, 43, 0x0000000000000001
2026/10/07 07:49:47.698, 0 %, 5 MiB, 4096 MiB, 300 MHz, 1.41 W, 43, 0x0000000000000001
2026/10/07 07:49:49.720, 0 %, 5 MiB, 4096 MiB, 300 MHz, 1.90 W, 43, 0x0000000000000001
2026/10/07 07:49:51.741, 0 %, 5 MiB, 4096 MiB, 300 MHz, 1.53 W, 43, 0x0000000000000001
2026/10/07 07:49:53.762, 0 %, 5 MiB, 4096 MiB, 300 MHz, 1.47 W, 43, 0x0000000000000001
2026/10/07 07:49:55.783, 0 %, 5 MiB, 4096 MiB, 300 MHz, 1.46 W, 43, 0x0000000000000001
2026/10/07 07:49:57.805, 0 %, 5 MiB, 4096 MiB, 300 MHz, 1.51 W, 43, 0x0000000000000001
2026/10/07 07:49:59.827, 0 %, 5 MiB, 4096 MiB, 300 MHz, 1.50 W, 43, 0x0000000000000001
2026/10/07 07:50:01.848, 0 %, 5 MiB, 4096 MiB, 300 MHz, 1.43 W, 43, 0x0000000000000001
2026/10/07 07:50:03.870, 0 %, 5 MiB, 4096 MiB, 300 MHz, 1.39 W, 43, 0x0000000000000001
2026/10/07 07:50:05.892, 0 %, 5 MiB, 4096 MiB, 300 MHz, 1.47 W, 43, 0x0000000000000001
2026/10/07 07:50:07.914, 0 %, 5 MiB, 4096 MiB, 300 MHz, 1.44 W, 43, 0x0000000000000001
2026/10/07 07:50:09.935, 0 %, 5 MiB, 4096 MiB, 300 MHz, 1.46 W, 43, 0x0000000000000001
2026/10/07 07:50:11.956, 0 %, 5 MiB, 4096 MiB, 300 MHz, 1.41 W, 43, 0x0000000000000001
2026/10/07 07:50:13.978, 0 %, 5 MiB, 4096 MiB, 300 MHz, 1.45 W, 43, 0x0000000000000001
2026/10/07 07:50:15.999, 0 %, 5 MiB, 4096 MiB, 300 MHz, 1.37 W, 43, 0x0000000000000001
2026/10/07 07:50:18.021, 0 %, 5 MiB, 4096 MiB, 300 MHz, 1.48 W, 43, 0x0000000000000001
2026/10/07 07:50:20.042, 0 %, 5 MiB, 4096 MiB, 300 MHz, 1.47 W, 43, 0x0000000000000001
2026/10/07 07:50:22.064, 0 %, 5 MiB, 4096 MiB, 300 MHz, 1.53 W, 43, 0x0000000000000001
2026/10/07 07:50:24.085, 0 %, 5 MiB, 4096 MiB, 300 MHz, 1.41 W, 43, 0x0000000000000001
2026/10/07 07:50:26.108, 0 %, 5 MiB, 4096 MiB, 300 MHz, 1.40 W, 43, 0x0000000000000001
2026/10/07 07:50:28.129, 0 %, 5 MiB, 4096 MiB, 300 MHz, 1.39 W, 43, 0x0000000000000001
2026/10/07 07:50:30.150, 0 %, 5 MiB, 4096 MiB, 300 MHz, 1.38 W, 43, 0x0000000000000001
2026/10/07 07:50:32.172, 0 %, 5 MiB, 4096 MiB, 300 MHz, 1.62 W, 43, 0x0000000000000001
2026/10/07 07:50:34.194, 0 %, 5 MiB, 4096 MiB, 300 MHz, 1.54 W, 43, 0x0000000000000001
2026/10/07 07:50:36.216, 0 %, 5 MiB, 4096 MiB, 300 MHz, 1.57 W, 43, 0x0000000000000001
2026/10/07 07:50:38.238, 0 %, 5 MiB, 4096 MiB, 300 MHz, 1.56 W, 43, 0x0000000000000001
2026/10/07 07:50:40.260, 0 %, 5 MiB, 4096 MiB, 300 MHz, 1.56 W, 43, 0x0000000000000001
2026/10/07 07:50:42.281, 0 %, 5 MiB, 4096 MiB, 300 MHz, 1.56 W, 43, 0x0000000000000001
2026/10/07 07:50:44.303, 0 %, 5 MiB, 4096 MiB, 300 MHz, 1.43 W, 43, 0x0000000000000001
2026/10/07 07:50:46.326, 0 %, 5 MiB, 4096 MiB, 300 MHz, 1.43 W, 43, 0x0000000000000001
2026/10/07 07:50:48.348, 0 %, 5 MiB, 4096 MiB, 300 MHz, 1.42 W, 43, 0x0000000000000001
2026/10/07 07:50:50.369, 0 %, 5 MiB, 4096 MiB, 300 MHz, 1.47 W, 43, 0x0000000000000001
2026/10/07 07:50:52.391, 0 %, 5 MiB, 4096 MiB, 300 MHz, 1.54 W, 43, 0x0000000000000001
2026/10/07 07:50:54.413, 0 %, 5 MiB, 4096 MiB, 300 MHz, 1.49 W, 43, 0x0000000000000001
2026/10/07 07:50:56.435, 0 %, 5 MiB, 4096 MiB, 300 MHz, 1.54 W, 43, 0x0000000000000001
2026/10/07 07:50:58.456, 0 %, 5 MiB, 4096 MiB, 300 MHz, 1.51 W, 43, 0x0000000000000001
2026/10/07 07:51:00.477, 0 %, 5 MiB, 4096 MiB, 300 MHz, 1.45 W, 43, 0x0000000000000001
2026/10/07 07:51:02.499, 0 %, 5 MiB, 4096 MiB, 300 MHz, 1.53 W, 43, 0x0000000000000001
2026/10/07 07:51:04.520, 0 %, 5 MiB, 4096 MiB, 300 MHz, 1.40 W, 43, 0x0000000000000001
2026/10/07 07:51:06.541, 0 %, 5 MiB, 4096 MiB, 300 MHz, 1.45 W, 43, 0x0000000000000001
2026/10/07 07:51:08.562, 0 %, 5 MiB, 4096 MiB, 300 MHz, 1.48 W, 43, 0x0000000000000001
2026/10/07 07:51:10.583, 0 %, 5 MiB, 4096 MiB, 300 MHz, 1.47 W, 43, 0x0000000000000001
2026/10/07 07:51:12.605, 0 %, 5 MiB, 4096 MiB, 300 MHz, 1.70 W, 43, 0x0000000000000001
2026/10/07 07:51:14.627, 0 %, 5 MiB, 4096 MiB, 300 MHz, 1.50 W, 43, 0x0000000000000001
2026/10/07 07:51:16.648, 0 %, 5 MiB, 4096 MiB, 300 MHz, 1.51 W, 43, 0x0000000000000001
2026/10/07 07:51:18.669, 0 %, 5 MiB, 4096 MiB, 300 MHz, 1.45 W, 43, 0x0000000000000001
2026/10/07 07:51:20.691, 0 %, 5 MiB, 4096 MiB, 300 MHz, 1.51 W, 43, 0x0000000000000001
2026/10/07 07:51:22.712, 0 %, 5 MiB, 4096 MiB, 300 MHz, 1.65 W, 43, 0x0000000000000001
2026/10/07 07:51:24.733, 0 %, 5 MiB, 4096 MiB, 300 MHz, 1.50 W, 43, 0x0000000000000001
2026/10/07 07:51:26.755, 0 %, 5 MiB, 4096 MiB, 300 MHz, 1.42 W, 43, 0x0000000000000001
2026/10/07 07:51:28.776, 0 %, 5 MiB, 4096 MiB, 300 MHz, 1.41 W, 43, 0x0000000000000001
2026/10/07 07:51:30.798, 0 %, 5 MiB, 4096 MiB, 300 MHz, 1.42 W, 43, 0x0000000000000001
2026/10/07 07:51:32.819, 0 %, 5 MiB, 4096 MiB, 300 MHz, 1.80 W, 43, 0x0000000000000001
2026/10/07 07:51:34.840, 0 %, 5 MiB, 4096 MiB, 300 MHz, 1.45 W, 43, 0x0000000000000001
2026/10/07 07:51:36.861, 0 %, 5 MiB, 4096 MiB, 300 MHz, 1.45 W, 43, 0x0000000000000001
2026/10/07 07:51:38.883, 0 %, 5 MiB, 4096 MiB, 300 MHz, 1.65 W, 43, 0x0000000000000001
2026/10/07 07:51:40.904, 0 %, 5 MiB, 4096 MiB, 300 MHz, 1.28 W, 43, 0x0000000000000001
2026/10/07 07:51:42.925, 0 %, 5 MiB, 4096 MiB, 300 MHz, 1.66 W, 43, 0x0000000000000001
2026/10/07 07:51:44.947, 0 %, 5 MiB, 4096 MiB, 300 MHz, 1.45 W, 43, 0x0000000000000001
2026/10/07 07:51:46.969, 0 %, 5 MiB, 4096 MiB, 300 MHz, 1.34 W, 43, 0x0000000000000001
2026/10/07 07:51:48.990, 0 %, 5 MiB, 4096 MiB, 300 MHz, 1.58 W, 43, 0x0000000000000001
2026/10/07 07:51:51.012, 0 %, 5 MiB, 4096 MiB, 300 MHz, 1.58 W, 43, 0x0000000000000001
2026/10/07 07:51:53.034, 0 %, 5 MiB, 4096 MiB, 300 MHz, 1.96 W, 43, 0x0000000000000001
2026/10/07 07:51:55.056, 0 %, 5 MiB, 4096 MiB, 300 MHz, 1.58 W, 43, 0x0000000000000001
2026/10/07 07:51:57.077, 0 %, 5 MiB, 4096 MiB, 300 MHz, 1.52 W, 43, 0x0000000000000001
2026/10/07 07:51:59.099, 0 %, 5 MiB, 4096 MiB, 300 MHz, 1.34 W, 43, 0x0000000000000001
2026/10/07 07:52:01.120, 0 %, 5 MiB, 4096 MiB, 300 MHz, 1.48 W, 43, 0x0000000000000001
2026/10/07 07:52:03.142, 0 %, 5 MiB, 4096 MiB, 300 MHz, 1.83 W, 43, 0x0000000000000001
2026/10/07 07:52:05.164, 0 %, 5 MiB, 4096 MiB, 300 MHz, 1.08 W, 43, 0x0000000000000001
2026/10/07 07:52:07.187, 0 %, 5 MiB, 4096 MiB, 300 MHz, 1.41 W, 43, 0x0000000000000001
2026/10/07 07:52:09.208, 0 %, 5 MiB, 4096 MiB, 300 MHz, 1.46 W, 43, 0x0000000000000001
2026/10/07 07:52:11.229, 0 %, 5 MiB, 4096 MiB, 300 MHz, 1.45 W, 43, 0x0000000000000001
2026/10/07 07:52:13.250, 0 %, 5 MiB, 4096 MiB, 300 MHz, 1.44 W, 44, 0x0000000000000001
2026/10/07 07:52:15.272, 0 %, 5 MiB, 4096 MiB, 300 MHz, 1.62 W, 44, 0x0000000000000001
2026/10/07 07:52:17.294, 0 %, 5 MiB, 4096 MiB, 300 MHz, 1.58 W, 44, 0x0000000000000001
2026/10/07 07:52:19.316, 0 %, 5 MiB, 4096 MiB, 300 MHz, 1.57 W, 43, 0x0000000000000001
2026/10/07 07:52:21.338, 0 %, 5 MiB, 4096 MiB, 300 MHz, 1.54 W, 44, 0x0000000000000001
2026/10/07 07:52:23.359, 0 %, 5 MiB, 4096 MiB, 300 MHz, 1.58 W, 43, 0x0000000000000001
2026/10/07 07:52:25.381, 0 %, 5 MiB, 4096 MiB, 300 MHz, 1.42 W, 43, 0x0000000000000001
2026/10/07 07:52:27.403, 0 %, 5 MiB, 4096 MiB, 300 MHz, 1.51 W, 44, 0x0000000000000001
2026/10/07 07:52:29.424, 0 %, 5 MiB, 4096 MiB, 300 MHz, 1.54 W, 43, 0x0000000000000001
2026/10/07 07:52:31.446, 0 %, 5 MiB, 4096 MiB, 300 MHz, 1.50 W, 43, 0x0000000000000001
2026/10/07 07:52:33.468, 0 %, 5 MiB, 4096 MiB, 300 MHz, 1.47 W, 43, 0x0000000000000001
2026/10/07 07:52:35.489, 0 %, 5 MiB, 4096 MiB, 300 MHz, 1.48 W, 44, 0x0000000000000001
2026/10/07 07:52:37.511, 0 %, 5 MiB, 4096 MiB, 300 MHz, 1.42 W, 43, 0x0000000000000001
2026/10/07 07:52:39.532, 0 %, 5 MiB, 4096 MiB, 300 MHz, 1.36 W, 43, 0x0000000000000001
2026/10/07 07:52:41.553, 0 %, 5 MiB, 4096 MiB, 300 MHz, 1.46 W, 43, 0x0000000000000001
2026/10/07 07:52:43.574, 0 %, 5 MiB, 4096 MiB, 300 MHz, 1.55 W, 43, 0x0000000000000001
2026/10/07 07:52:45.596, 0 %, 5 MiB, 4096 MiB, 300 MHz, 1.61 W, 43, 0x0000000000000001
2026/10/07 07:52:47.618, 0 %, 5 MiB, 4096 MiB, 300 MHz, 1.51 W, 43, 0x0000000000000001
2026/10/07 07:52:49.640, 0 %, 5 MiB, 4096 MiB, 300 MHz, 1.56 W, 43, 0x0000000000000001
2026/10/07 07:52:51.662, 0 %, 5 MiB, 4096 MiB, 300 MHz, 1.51 W, 43, 0x0000000000000001
2026/10/07 07:52:53.683, 0 %, 5 MiB, 4096 MiB, 300 MHz, 1.54 W, 43, 0x0000000000000001
2026/10/07 07:52:55.704, 0 %, 5 MiB, 4096 MiB, 300 MHz, 1.53 W, 43, 0x0000000000000001
2026/10/07 07:52:57.725, 0 %, 5 MiB, 4096 MiB, 300 MHz, 1.44 W, 43, 0x0000000000000001
2026/10/07 07:52:59.747, 0 %, 5 MiB, 4096 MiB, 300 MHz, 1.45 W, 43, 0x0000000000000001
2026/10/07 07:53:01.768, 0 %, 5 MiB, 4096 MiB, 300 MHz, 1.43 W, 43, 0x0000000000000001
2026/10/07 07:53:03.789, 0 %, 5 MiB, 4096 MiB, 300 MHz, 1.31 W, 44, 0x0000000000000001
2026/10/07 07:53:05.811, 0 %, 5 MiB, 4096 MiB, 300 MHz, 1.67 W, 43, 0x0000000000000001
2026/10/07 07:53:07.833, 0 %, 5 MiB, 4096 MiB, 300 MHz, 1.45 W, 43, 0x0000000000000001
2026/10/07 07:53:09.854, 0 %, 5 MiB, 4096 MiB, 300 MHz, 1.47 W, 43, 0x0000000000000001
2026/10/07 07:53:11.875, 0 %, 5 MiB, 4096 MiB, 300 MHz, 1.50 W, 43, 0x0000000000000001
2026/10/07 07:53:13.897, 0 %, 5 MiB, 4096 MiB, 300 MHz, 1.53 W, 43, 0x0000000000000001
2026/10/07 07:53:15.918, 0 %, 5 MiB, 4096 MiB, 300 MHz, 1.64 W, 43, 0x0000000000000001
2026/10/07 07:53:17.939, 0 %, 5 MiB, 4096 MiB, 300 MHz, 1.41 W, 43, 0x0000000000000001
2026/10/07 07:53:19.961, 0 %, 5 MiB, 4096 MiB, 300 MHz, 1.41 W, 43, 0x0000000000000001
2026/10/07 07:53:21.982, 0 %, 5 MiB, 4096 MiB, 300 MHz, 1.42 W, 43, 0x0000000000000001
2026/10/07 07:53:24.003, 0 %, 5 MiB, 4096 MiB, 300 MHz, 1.44 W, 44, 0x0000000000000001
2026/10/07 07:53:26.025, 0 %, 5 MiB, 4096 MiB, 300 MHz, 1.69 W, 43, 0x0000000000000001
2026/10/07 07:53:28.047, 0 %, 5 MiB, 4096 MiB, 300 MHz, 1.44 W, 43, 0x0000000000000001
2026/10/07 07:53:30.068, 0 %, 5 MiB, 4096 MiB, 300 MHz, 1.48 W, 43, 0x0000000000000001
2026/10/07 07:53:32.090, 0 %, 5 MiB, 4096 MiB, 300 MHz, 1.48 W, 43, 0x0000000000000001
2026/10/07 07:53:34.111, 0 %, 5 MiB, 4096 MiB, 300 MHz, 1.41 W, 43, 0x0000000000000001
2026/10/07 07:53:36.133, 0 %, 5 MiB, 4096 MiB, 300 MHz, 1.73 W, 44, 0x0000000000000001
2026/10/07 07:53:38.154, 0 %, 5 MiB, 4096 MiB, 300 MHz, 1.44 W, 43, 0x0000000000000001
2026/10/07 07:53:40.175, 0 %, 5 MiB, 4096 MiB, 300 MHz, 1.49 W, 43, 0x0000000000000001
2026/10/07 07:53:42.196, 0 %, 5 MiB, 4096 MiB, 300 MHz, 1.48 W, 43, 0x0000000000000001
2026/10/07 07:53:44.217, 0 %, 5 MiB, 4096 MiB, 300 MHz, 1.47 W, 43, 0x0000000000000001
2026/10/07 07:53:46.238, 0 %, 5 MiB, 4096 MiB, 300 MHz, 1.83 W, 43, 0x0000000000000001
2026/10/07 07:53:48.260, 0 %, 5 MiB, 4096 MiB, 300 MHz, 1.51 W, 43, 0x0000000000000001
2026/10/07 07:53:50.281, 0 %, 5 MiB, 4096 MiB, 300 MHz, 1.48 W, 43, 0x0000000000000001
2026/10/07 07:53:52.303, 0 %, 5 MiB, 4096 MiB, 300 MHz, 1.46 W, 43, 0x0000000000000001
2026/10/07 07:53:54.326, 0 %, 5 MiB, 4096 MiB, 300 MHz, 1.47 W, 43, 0x0000000000000001
2026/10/07 07:53:56.349, 0 %, 5 MiB, 4096 MiB, 300 MHz, 1.85 W, 43, 0x0000000000000001
2026/10/07 07:53:58.373, 0 %, 5 MiB, 4096 MiB, 300 MHz, 1.50 W, 43, 0x0000000000000001
2026/10/07 07:54:00.394, 0 %, 5 MiB, 4096 MiB, 300 MHz, 1.55 W, 43, 0x0000000000000001
2026/10/07 07:54:02.415, 0 %, 5 MiB, 4096 MiB, 300 MHz, 1.56 W, 43, 0x0000000000000001
2026/10/07 07:54:04.437, 0 %, 5 MiB, 4096 MiB, 300 MHz, 1.55 W, 43, 0x0000000000000001
2026/10/07 07:54:06.459, 0 %, 5 MiB, 4096 MiB, 300 MHz, 1.87 W, 43, 0x0000000000000001
2026/10/07 07:54:08.480, 0 %, 5 MiB, 4096 MiB, 300 MHz, 1.54 W, 43, 0x0000000000000001
2026/10/07 07:54:10.502, 0 %, 5 MiB, 4096 MiB, 300 MHz, 1.50 W, 43, 0x0000000000000001
2026/10/07 07:54:12.523, 0 %, 5 MiB, 4096 MiB, 300 MHz, 1.50 W, 43, 0x0000000000000001
2026/10/07 07:54:14.545, 0 %, 5 MiB, 4096 MiB, 300 MHz, 1.52 W, 43, 0x0000000000000001
2026/10/07 07:54:16.567, 0 %, 5 MiB, 4096 MiB, 300 MHz, 1.88 W, 43, 0x0000000000000001
2026/10/07 07:54:18.588, 0 %, 5 MiB, 4096 MiB, 300 MHz, 1.28 W, 43, 0x0000000000000001
2026/10/07 07:54:20.609, 0 %, 5 MiB, 4096 MiB, 300 MHz, 1.42 W, 43, 0x0000000000000001
2026/10/07 07:54:22.630, 0 %, 5 MiB, 4096 MiB, 300 MHz, 1.42 W, 43, 0x0000000000000001
2026/10/07 07:54:24.651, 0 %, 5 MiB, 4096 MiB, 300 MHz, 1.43 W, 43, 0x0000000000000001
2026/10/07 07:54:26.673, 0 %, 5 MiB, 4096 MiB, 300 MHz, 1.45 W, 43, 0x0000000000000001
2026/10/07 07:54:28.695, 0 %, 5 MiB, 4096 MiB, 300 MHz, 1.48 W, 43, 0x0000000000000001
2026/10/07 07:54:30.717, 0 %, 5 MiB, 4096 MiB, 300 MHz, 1.51 W, 43, 0x0000000000000001
2026/10/07 07:54:32.738, 0 %, 5 MiB, 4096 MiB, 300 MHz, 1.53 W, 43, 0x0000000000000001
2026/10/07 07:54:34.759, 0 %, 5 MiB, 4096 MiB, 300 MHz, 1.60 W, 43, 0x0000000000000001
2026/10/07 07:54:36.781, 0 %, 5 MiB, 4096 MiB, 300 MHz, 1.56 W, 44, 0x0000000000000001
2026/10/07 07:54:38.802, 0 %, 5 MiB, 4096 MiB, 300 MHz, 1.45 W, 44, 0x0000000000000001
2026/10/07 07:54:40.824, 0 %, 5 MiB, 4096 MiB, 300 MHz, 1.18 W, 44, 0x0000000000000001
2026/10/07 07:54:42.845, 0 %, 5 MiB, 4096 MiB, 300 MHz, 1.43 W, 44, 0x0000000000000001
2026/10/07 07:54:44.867, 0 %, 5 MiB, 4096 MiB, 300 MHz, 1.45 W, 44, 0x0000000000000001
2026/10/07 07:54:46.890, 0 %, 5 MiB, 4096 MiB, 300 MHz, 1.92 W, 44, 0x0000000000000001
2026/10/07 07:54:48.911, 0 %, 5 MiB, 4096 MiB, 300 MHz, 1.53 W, 43, 0x0000000000000001
2026/10/07 07:54:50.932, 0 %, 5 MiB, 4096 MiB, 300 MHz, 1.51 W, 44, 0x0000000000000001
2026/10/07 07:54:52.954, 0 %, 5 MiB, 4096 MiB, 300 MHz, 1.46 W, 43, 0x0000000000000001
2026/10/07 07:54:54.976, 0 %, 5 MiB, 4096 MiB, 300 MHz, 1.46 W, 44, 0x0000000000000001
2026/10/07 07:54:56.997, 0 %, 5 MiB, 4096 MiB, 300 MHz, 1.85 W, 44, 0x0000000000000001
2026/10/07 07:54:59.018, 0 %, 5 MiB, 4096 MiB, 300 MHz, 1.42 W, 43, 0x0000000000000001
2026/10/07 07:55:01.040, 0 %, 5 MiB, 4096 MiB, 300 MHz, 1.42 W, 44, 0x0000000000000001
2026/10/07 07:55:03.061, 0 %, 5 MiB, 4096 MiB, 300 MHz, 1.42 W, 43, 0x0000000000000001
2026/10/07 07:55:05.083, 0 %, 5 MiB, 4096 MiB, 300 MHz, 1.46 W, 43, 0x0000000000000001
2026/10/07 07:55:07.104, 0 %, 5 MiB, 4096 MiB, 300 MHz, 1.43 W, 43, 0x0000000000000001
2026/10/07 07:55:09.126, 0 %, 5 MiB, 4096 MiB, 300 MHz, 1.49 W, 43, 0x0000000000000001
2026/10/07 07:55:11.148, 0 %, 5 MiB, 4096 MiB, 300 MHz, 1.52 W, 43, 0x0000000000000001
2026/10/07 07:55:13.170, 0 %, 5 MiB, 4096 MiB, 300 MHz, 1.50 W, 43, 0x0000000000000001
2026/10/07 07:55:15.191, 0 %, 5 MiB, 4096 MiB, 300 MHz, 1.51 W, 43, 0x0000000000000001
2026/10/07 07:55:17.213, 0 %, 5 MiB, 4096 MiB, 300 MHz, 1.85 W, 43, 0x0000000000000001
2026/10/07 07:55:19.234, 0 %, 5 MiB, 4096 MiB, 300 MHz, 1.45 W, 43, 0x0000000000000001
2026/10/07 07:55:21.257, 0 %, 5 MiB, 4096 MiB, 300 MHz, 1.43 W, 43, 0x0000000000000001
2026/10/07 07:55:23.278, 0 %, 5 MiB, 4096 MiB, 300 MHz, 1.49 W, 43, 0x0000000000000001
2026/10/07 07:55:25.299, 0 %, 5 MiB, 4096 MiB, 300 MHz, 1.42 W, 44, 0x0000000000000001
2026/10/07 07:55:27.321, 0 %, 5 MiB, 4096 MiB, 300 MHz, 1.93 W, 43, 0x0000000000000001
2026/10/07 07:55:29.343, 0 %, 5 MiB, 4096 MiB, 300 MHz, 1.44 W, 43, 0x0000000000000001
2026/10/07 07:55:31.364, 0 %, 5 MiB, 4096 MiB, 300 MHz, 1.55 W, 43, 0x0000000000000001
2026/10/07 07:55:33.385, 0 %, 5 MiB, 4096 MiB, 300 MHz, 1.48 W, 43, 0x0000000000000001
2026/10/07 07:55:35.406, 0 %, 5 MiB, 4096 MiB, 300 MHz, 1.49 W, 43, 0x0000000000000001
2026/10/07 07:55:37.427, 0 %, 5 MiB, 4096 MiB, 300 MHz, 1.47 W, 43, 0x0000000000000001
2026/10/07 07:55:39.448, 0 %, 5 MiB, 4096 MiB, 300 MHz, 1.56 W, 43, 0x0000000000000001
2026/10/07 07:55:41.470, 0 %, 5 MiB, 4096 MiB, 300 MHz, 1.45 W, 43, 0x0000000000000001
2026/10/07 07:55:43.491, 0 %, 5 MiB, 4096 MiB, 300 MHz, 1.39 W, 43, 0x0000000000000001
2026/10/07 07:55:45.513, 0 %, 5 MiB, 4096 MiB, 300 MHz, 1.42 W, 43, 0x0000000000000001
2026/10/07 07:55:47.534, 0 %, 5 MiB, 4096 MiB, 300 MHz, 1.51 W, 43, 0x0000000000000001
2026/10/07 07:55:49.555, 0 %, 5 MiB, 4096 MiB, 300 MHz, 1.61 W, 43, 0x0000000000000001
2026/10/07 07:55:51.577, 0 %, 5 MiB, 4096 MiB, 300 MHz, 1.60 W, 43, 0x0000000000000001
2026/10/07 07:55:53.599, 0 %, 5 MiB, 4096 MiB, 300 MHz, 1.57 W, 43, 0x0000000000000001
2026/10/07 07:55:55.620, 0 %, 5 MiB, 4096 MiB, 300 MHz, 1.62 W, 43, 0x0000000000000001
2026/10/07 07:55:57.641, 0 %, 5 MiB, 4096 MiB, 300 MHz, 1.57 W, 43, 0x0000000000000001
2026/10/07 07:55:59.663, 0 %, 5 MiB, 4096 MiB, 300 MHz, 1.50 W, 43, 0x0000000000000001
2026/10/07 07:56:01.685, 0 %, 5 MiB, 4096 MiB, 300 MHz, 1.48 W, 43, 0x0000000000000001
2026/10/07 07:56:03.707, 0 %, 5 MiB, 4096 MiB, 300 MHz, 1.50 W, 43, 0x0000000000000001
2026/10/07 07:56:05.728, 0 %, 5 MiB, 4096 MiB, 300 MHz, 1.49 W, 43, 0x0000000000000001
2026/10/07 07:56:07.749, 0 %, 5 MiB, 4096 MiB, 300 MHz, 1.47 W, 43, 0x0000000000000001
2026/10/07 07:56:09.770, 0 %, 5 MiB, 4096 MiB, 300 MHz, 1.63 W, 43, 0x0000000000000001
2026/10/07 07:56:11.792, 0 %, 5 MiB, 4096 MiB, 300 MHz, 1.50 W, 43, 0x0000000000000001
2026/10/07 07:56:13.813, 0 %, 5 MiB, 4096 MiB, 300 MHz, 1.49 W, 44, 0x0000000000000001
2026/10/07 07:56:15.835, 0 %, 5 MiB, 4096 MiB, 300 MHz, 1.53 W, 43, 0x0000000000000001
2026/10/07 07:56:17.857, 0 %, 5 MiB, 4096 MiB, 300 MHz, 1.54 W, 43, 0x0000000000000001
2026/10/07 07:56:19.879, 0 %, 5 MiB, 4096 MiB, 300 MHz, 1.55 W, 43, 0x0000000000000001
2026/10/07 07:56:21.900, 0 %, 5 MiB, 4096 MiB, 300 MHz, 1.45 W, 43, 0x0000000000000001
2026/10/07 07:56:23.922, 0 %, 5 MiB, 4096 MiB, 300 MHz, 1.48 W, 43, 0x0000000000000001
2026/10/07 07:56:25.943, 0 %, 5 MiB, 4096 MiB, 300 MHz, 1.42 W, 43, 0x0000000000000001
2026/10/07 07:56:27.964, 0 %, 5 MiB, 4096 MiB, 300 MHz, 1.45 W, 43, 0x0000000000000001
2026/10/07 07:56:29.985, 0 %, 5 MiB, 4096 MiB, 300 MHz, 1.58 W, 43, 0x0000000000000001
2026/10/07 07:56:32.007, 0 %, 5 MiB, 4096 MiB, 300 MHz, 1.45 W, 43, 0x0000000000000001
2026/10/07 07:56:34.028, 0 %, 5 MiB, 4096 MiB, 300 MHz, 1.48 W, 43, 0x0000000000000001
2026/10/07 07:56:36.049, 0 %, 5 MiB, 4096 MiB, 300 MHz, 1.50 W, 43, 0x0000000000000001
2026/10/07 07:56:38.071, 0 %, 5 MiB, 4096 MiB, 300 MHz, 1.50 W, 43, 0x0000000000000001
2026/10/07 07:56:40.092, 0 %, 5 MiB, 4096 MiB, 300 MHz, 1.59 W, 43, 0x0000000000000001
2026/10/07 07:56:42.113, 0 %, 5 MiB, 4096 MiB, 300 MHz, 1.49 W, 43, 0x0000000000000001
2026/10/07 07:56:44.135, 0 %, 5 MiB, 4096 MiB, 300 MHz, 1.42 W, 43, 0x0000000000000001
2026/10/07 07:56:46.156, 0 %, 5 MiB, 4096 MiB, 300 MHz, 1.43 W, 43, 0x0000000000000001
2026/10/07 07:56:48.177, 0 %, 5 MiB, 4096 MiB, 300 MHz, 1.46 W, 43, 0x0000000000000001
2026/10/07 07:56:50.198, 0 %, 5 MiB, 4096 MiB, 300 MHz, 1.64 W, 43, 0x0000000000000001
2026/10/07 07:56:52.219, 0 %, 5 MiB, 4096 MiB, 300 MHz, 1.49 W, 43, 0x0000000000000001
2026/10/07 07:56:54.240, 0 %, 5 MiB, 4096 MiB, 300 MHz, 1.50 W, 43, 0x0000000000000001
2026/10/07 07:56:56.262, 0 %, 5 MiB, 4096 MiB, 300 MHz, 1.52 W, 43, 0x0000000000000001
2026/10/07 07:56:58.283, 0 %, 5 MiB, 4096 MiB, 300 MHz, 1.45 W, 43, 0x0000000000000001
2026/10/07 07:57:00.304, 0 %, 5 MiB, 4096 MiB, 300 MHz, 1.60 W, 43, 0x0000000000000001
2026/10/07 07:57:02.326, 0 %, 5 MiB, 4096 MiB, 300 MHz, 1.44 W, 43, 0x0000000000000001
2026/10/07 07:57:04.347, 0 %, 5 MiB, 4096 MiB, 300 MHz, 1.41 W, 43, 0x0000000000000001
2026/10/07 07:57:06.368, 0 %, 5 MiB, 4096 MiB, 300 MHz, 1.51 W, 43, 0x0000000000000001
2026/10/07 07:57:08.390, 0 %, 5 MiB, 4096 MiB, 300 MHz, 1.49 W, 43, 0x0000000000000001
2026/10/07 07:57:10.411, 0 %, 5 MiB, 4096 MiB, 300 MHz, 1.76 W, 43, 0x0000000000000001
2026/10/07 07:57:12.432, 0 %, 5 MiB, 4096 MiB, 300 MHz, 1.53 W, 43, 0x0000000000000001
2026/10/07 07:57:14.455, 0 %, 5 MiB, 4096 MiB, 300 MHz, 1.47 W, 43, 0x0000000000000001
2026/10/07 07:57:16.476, 0 %, 5 MiB, 4096 MiB, 300 MHz, 1.53 W, 43, 0x0000000000000001
2026/10/07 07:57:18.497, 0 %, 5 MiB, 4096 MiB, 300 MHz, 1.50 W, 43, 0x0000000000000001
2026/10/07 07:57:20.519, 0 %, 5 MiB, 4096 MiB, 300 MHz, 1.66 W, 43, 0x0000000000000001
2026/10/07 07:57:22.540, 0 %, 5 MiB, 4096 MiB, 300 MHz, 1.44 W, 43, 0x0000000000000001
2026/10/07 07:57:24.562, 0 %, 5 MiB, 4096 MiB, 300 MHz, 1.41 W, 43, 0x0000000000000001
2026/10/07 07:57:26.583, 0 %, 5 MiB, 4096 MiB, 300 MHz, 1.50 W, 43, 0x0000000000000001
2026/10/07 07:57:28.606, 0 %, 5 MiB, 4096 MiB, 300 MHz, 1.42 W, 43, 0x0000000000000001
2026/10/07 07:57:30.627, 0 %, 5 MiB, 4096 MiB, 300 MHz, 1.83 W, 43, 0x0000000000000001
2026/10/07 07:57:32.648, 0 %, 5 MiB, 4096 MiB, 300 MHz, 1.58 W, 43, 0x0000000000000001
2026/10/07 07:57:34.670, 0 %, 5 MiB, 4096 MiB, 300 MHz, 1.66 W, 43, 0x0000000000000001
2026/10/07 07:57:36.692, 0 %, 5 MiB, 4096 MiB, 300 MHz, 1.60 W, 43, 0x0000000000000001
2026/10/07 07:57:38.714, 0 %, 5 MiB, 4096 MiB, 300 MHz, 1.61 W, 43, 0x0000000000000001
2026/10/07 07:57:40.735, 0 %, 5 MiB, 4096 MiB, 300 MHz, 1.79 W, 43, 0x0000000000000001
2026/10/07 07:57:42.756, 0 %, 5 MiB, 4096 MiB, 300 MHz, 1.51 W, 43, 0x0000000000000001
2026/10/07 07:57:44.777, 0 %, 5 MiB, 4096 MiB, 300 MHz, 1.46 W, 43, 0x0000000000000001
2026/10/07 07:57:46.799, 0 %, 5 MiB, 4096 MiB, 300 MHz, 1.45 W, 43, 0x0000000000000001
2026/10/07 07:57:48.820, 0 %, 5 MiB, 4096 MiB, 300 MHz, 1.49 W, 43, 0x0000000000000001
2026/10/07 07:57:50.842, 0 %, 5 MiB, 4096 MiB, 300 MHz, 1.82 W, 43, 0x0000000000000001
2026/10/07 07:57:52.863, 0 %, 5 MiB, 4096 MiB, 300 MHz, 1.44 W, 43, 0x0000000000000001
2026/10/07 07:57:54.885, 0 %, 5 MiB, 4096 MiB, 300 MHz, 1.53 W, 43, 0x0000000000000001
2026/10/07 07:57:56.906, 0 %, 5 MiB, 4096 MiB, 300 MHz, 1.50 W, 43, 0x0000000000000001
2026/10/07 07:57:58.928, 0 %, 5 MiB, 4096 MiB, 300 MHz, 1.47 W, 43, 0x0000000000000001
2026/10/07 07:58:00.949, 0 %, 5 MiB, 4096 MiB, 300 MHz, 1.80 W, 43, 0x0000000000000001
2026/10/07 07:58:02.971, 0 %, 5 MiB, 4096 MiB, 300 MHz, 1.40 W, 43, 0x0000000000000001
2026/10/07 07:58:04.993, 0 %, 5 MiB, 4096 MiB, 300 MHz, 1.42 W, 43, 0x0000000000000001
2026/10/07 07:58:07.014, 0 %, 5 MiB, 4096 MiB, 300 MHz, 1.43 W, 43, 0x0000000000000001
2026/10/07 07:58:09.036, 0 %, 5 MiB, 4096 MiB, 300 MHz, 1.45 W, 43, 0x0000000000000001
2026/10/07 07:58:11.057, 0 %, 5 MiB, 4096 MiB, 300 MHz, 1.82 W, 43, 0x0000000000000001
2026/10/07 07:58:13.078, 0 %, 5 MiB, 4096 MiB, 300 MHz, 1.49 W, 43, 0x0000000000000001
2026/10/07 07:58:15.099, 0 %, 5 MiB, 4096 MiB, 300 MHz, 1.47 W, 43, 0x0000000000000001
2026/10/07 07:58:17.120, 0 %, 5 MiB, 4096 MiB, 300 MHz, 1.51 W, 43, 0x0000000000000001
2026/10/07 07:58:19.142, 0 %, 5 MiB, 4096 MiB, 300 MHz, 1.48 W, 43, 0x0000000000000001
2026/10/07 07:58:21.163, 0 %, 5 MiB, 4096 MiB, 300 MHz, 1.83 W, 43, 0x0000000000000001
2026/10/07 07:58:23.184, 0 %, 5 MiB, 4096 MiB, 300 MHz, 1.40 W, 43, 0x0000000000000001
2026/10/07 07:58:25.206, 0 %, 5 MiB, 4096 MiB, 300 MHz, 1.52 W, 43, 0x0000000000000001
2026/10/07 07:58:27.227, 0 %, 5 MiB, 4096 MiB, 300 MHz, 1.44 W, 43, 0x0000000000000001
2026/10/07 07:58:29.248, 0 %, 5 MiB, 4096 MiB, 300 MHz, 1.44 W, 43, 0x0000000000000001
2026/10/07 07:58:31.269, 0 %, 5 MiB, 4096 MiB, 300 MHz, 1.43 W, 43, 0x0000000000000001
2026/10/07 07:58:33.291, 0 %, 5 MiB, 4096 MiB, 300 MHz, 1.60 W, 43, 0x0000000000000001
2026/10/07 07:58:35.313, 0 %, 5 MiB, 4096 MiB, 300 MHz, 1.48 W, 43, 0x0000000000000001
2026/10/07 07:58:37.334, 0 %, 5 MiB, 4096 MiB, 300 MHz, 1.47 W, 43, 0x0000000000000001
2026/10/07 07:58:39.356, 0 %, 5 MiB, 4096 MiB, 300 MHz, 1.53 W, 43, 0x0000000000000001
2026/10/07 07:58:41.377, 0 %, 5 MiB, 4096 MiB, 300 MHz, 1.52 W, 43, 0x0000000000000001
2026/10/07 07:58:43.399, 0 %, 5 MiB, 4096 MiB, 300 MHz, 1.53 W, 43, 0x0000000000000001
2026/10/07 07:58:45.421, 0 %, 5 MiB, 4096 MiB, 300 MHz, 1.45 W, 43, 0x0000000000000001
2026/10/07 07:58:47.443, 0 %, 5 MiB, 4096 MiB, 300 MHz, 1.37 W, 43, 0x0000000000000001
2026/10/07 07:58:49.464, 0 %, 5 MiB, 4096 MiB, 300 MHz, 1.47 W, 43, 0x0000000000000001
2026/10/07 07:58:51.486, 0 %, 5 MiB, 4096 MiB, 300 MHz, 1.46 W, 43, 0x0000000000000001
2026/10/07 07:58:53.508, 0 %, 5 MiB, 4096 MiB, 300 MHz, 1.55 W, 43, 0x0000000000000001
2026/10/07 07:58:55.530, 0 %, 5 MiB, 4096 MiB, 300 MHz, 1.53 W, 43, 0x0000000000000001
2026/10/07 07:58:57.551, 0 %, 5 MiB, 4096 MiB, 300 MHz, 1.54 W, 43, 0x0000000000000001
2026/10/07 07:58:59.572, 0 %, 5 MiB, 4096 MiB, 300 MHz, 1.50 W, 43, 0x0000000000000001
2026/10/07 07:59:01.594, 0 %, 5 MiB, 4096 MiB, 300 MHz, 1.30 W, 43, 0x0000000000000001
2026/10/07 07:59:03.615, 0 %, 5 MiB, 4096 MiB, 300 MHz, 1.58 W, 43, 0x0000000000000001
2026/10/07 07:59:05.637, 0 %, 5 MiB, 4096 MiB, 300 MHz, 1.40 W, 43, 0x0000000000000001
2026/10/07 07:59:07.658, 0 %, 5 MiB, 4096 MiB, 300 MHz, 1.42 W, 43, 0x0000000000000001
2026/10/07 07:59:09.680, 0 %, 5 MiB, 4096 MiB, 300 MHz, 1.50 W, 43, 0x0000000000000001
2026/10/07 07:59:11.701, 0 %, 5 MiB, 4096 MiB, 300 MHz, 1.46 W, 43, 0x0000000000000001
2026/10/07 07:59:13.724, 0 %, 5 MiB, 4096 MiB, 300 MHz, 1.68 W, 43, 0x0000000000000001
2026/10/07 07:59:15.746, 0 %, 5 MiB, 4096 MiB, 300 MHz, 1.60 W, 43, 0x0000000000000001
2026/10/07 07:59:17.767, 0 %, 5 MiB, 4096 MiB, 300 MHz, 1.60 W, 43, 0x0000000000000001
2026/10/07 07:59:19.789, 0 %, 5 MiB, 4096 MiB, 300 MHz, 1.57 W, 43, 0x0000000000000001
2026/10/07 07:59:21.810, 0 %, 5 MiB, 4096 MiB, 300 MHz, 1.57 W, 43, 0x0000000000000001
2026/10/07 07:59:23.832, 0 %, 5 MiB, 4096 MiB, 300 MHz, 1.55 W, 43, 0x0000000000000001
2026/10/07 07:59:25.854, 0 %, 5 MiB, 4096 MiB, 300 MHz, 1.46 W, 43, 0x0000000000000001
2026/10/07 07:59:27.875, 0 %, 5 MiB, 4096 MiB, 300 MHz, 1.50 W, 43, 0x0000000000000001
2026/10/07 07:59:29.897, 0 %, 5 MiB, 4096 MiB, 300 MHz, 1.51 W, 43, 0x0000000000000001
2026/10/07 07:59:31.919, 0 %, 5 MiB, 4096 MiB, 300 MHz, 1.46 W, 43, 0x0000000000000001
2026/10/07 07:59:33.940, 0 %, 5 MiB, 4096 MiB, 300 MHz, 1.67 W, 43, 0x0000000000000001
2026/10/07 07:59:35.961, 0 %, 5 MiB, 4096 MiB, 300 MHz, 1.48 W, 43, 0x0000000000000001
2026/10/07 07:59:37.982, 0 %, 5 MiB, 4096 MiB, 300 MHz, 1.33 W, 43, 0x0000000000000001
2026/10/07 07:59:40.004, 0 %, 5 MiB, 4096 MiB, 300 MHz, 1.51 W, 43, 0x0000000000000001
2026/10/07 07:59:42.025, 0 %, 5 MiB, 4096 MiB, 300 MHz, 1.53 W, 43, 0x0000000000000001
2026/10/07 07:59:44.046, 0 %, 5 MiB, 4096 MiB, 300 MHz, 1.62 W, 43, 0x0000000000000001
2026/10/07 07:59:46.067, 0 %, 5 MiB, 4096 MiB, 300 MHz, 1.52 W, 43, 0x0000000000000001
2026/10/07 07:59:48.089, 0 %, 5 MiB, 4096 MiB, 300 MHz, 1.42 W, 43, 0x0000000000000001
2026/10/07 07:59:50.111, 0 %, 5 MiB, 4096 MiB, 300 MHz, 1.44 W, 43, 0x0000000000000001
2026/10/07 07:59:52.132, 0 %, 5 MiB, 4096 MiB, 300 MHz, 1.41 W, 43, 0x0000000000000001
2026/10/07 07:59:54.154, 0 %, 5 MiB, 4096 MiB, 300 MHz, 1.70 W, 43, 0x0000000000000001
2026/10/07 07:59:56.175, 0 %, 5 MiB, 4096 MiB, 300 MHz, 1.51 W, 43, 0x0000000000000001
2026/10/07 07:59:58.196, 0 %, 5 MiB, 4096 MiB, 300 MHz, 1.51 W, 43, 0x0000000000000001
2026/10/07 08:00:00.217, 0 %, 5 MiB, 4096 MiB, 300 MHz, 1.37 W, 43, 0x0000000000000001
2026/10/07 08:00:02.239, 0 %, 5 MiB, 4096 MiB, 300 MHz, 1.48 W, 43, 0x0000000000000001
2026/10/07 08:00:04.260, 0 %, 5 MiB, 4096 MiB, 300 MHz, 1.78 W, 43, 0x0000000000000001
2026/10/07 08:00:06.282, 0 %, 5 MiB, 4096 MiB, 300 MHz, 1.42 W, 43, 0x0000000000000001
2026/10/07 08:00:08.303, 0 %, 5 MiB, 4096 MiB, 300 MHz, 1.51 W, 43, 0x0000000000000001
2026/10/07 08:00:10.324, 0 %, 5 MiB, 4096 MiB, 300 MHz, 1.16 W, 43, 0x0000000000000001
2026/10/07 08:00:12.346, 0 %, 5 MiB, 4096 MiB, 300 MHz, 1.50 W, 43, 0x0000000000000001
2026/10/07 08:00:14.367, 0 %, 5 MiB, 4096 MiB, 300 MHz, 1.77 W, 43, 0x0000000000000001
2026/10/07 08:00:16.388, 0 %, 5 MiB, 4096 MiB, 300 MHz, 1.50 W, 43, 0x0000000000000001
2026/10/07 08:00:18.409, 0 %, 5 MiB, 4096 MiB, 300 MHz, 1.50 W, 43, 0x0000000000000001
2026/10/07 08:00:20.431, 0 %, 5 MiB, 4096 MiB, 300 MHz, 1.45 W, 43, 0x0000000000000001
2026/10/07 08:00:22.453, 0 %, 5 MiB, 4096 MiB, 300 MHz, 1.47 W, 43, 0x0000000000000001
2026/10/07 08:00:24.475, 0 %, 5 MiB, 4096 MiB, 300 MHz, 1.77 W, 43, 0x0000000000000001
2026/10/07 08:00:26.496, 0 %, 5 MiB, 4096 MiB, 300 MHz, 1.38 W, 44, 0x0000000000000001
2026/10/07 08:00:28.518, 0 %, 5 MiB, 4096 MiB, 300 MHz, 1.47 W, 43, 0x0000000000000001
2026/10/07 08:00:30.540, 0 %, 5 MiB, 4096 MiB, 300 MHz, 1.44 W, 44, 0x0000000000000001
2026/10/07 08:00:32.561, 0 %, 5 MiB, 4096 MiB, 300 MHz, 1.46 W, 43, 0x0000000000000001
2026/10/07 08:00:34.583, 0 %, 5 MiB, 4096 MiB, 300 MHz, 1.88 W, 44, 0x0000000000000001
2026/10/07 08:00:36.604, 0 %, 5 MiB, 4096 MiB, 300 MHz, 1.52 W, 43, 0x0000000000000001
2026/10/07 08:00:38.625, 0 %, 5 MiB, 4096 MiB, 300 MHz, 1.54 W, 43, 0x0000000000000001
2026/10/07 08:00:40.646, 0 %, 5 MiB, 4096 MiB, 300 MHz, 1.61 W, 43, 0x0000000000000001
2026/10/07 08:00:42.667, 0 %, 5 MiB, 4096 MiB, 300 MHz, 1.53 W, 43, 0x0000000000000001
2026/10/07 08:00:44.688, 0 %, 5 MiB, 4096 MiB, 300 MHz, 1.92 W, 43, 0x0000000000000001
2026/10/07 08:00:46.710, 0 %, 5 MiB, 4096 MiB, 300 MHz, 1.42 W, 43, 0x0000000000000001
2026/10/07 08:00:48.731, 0 %, 5 MiB, 4096 MiB, 300 MHz, 1.30 W, 43, 0x0000000000000001
2026/10/07 08:00:50.753, 0 %, 5 MiB, 4096 MiB, 300 MHz, 1.45 W, 43, 0x0000000000000001
2026/10/07 08:00:52.774, 0 %, 5 MiB, 4096 MiB, 300 MHz, 1.45 W, 43, 0x0000000000000001
2026/10/07 08:00:54.795, 0 %, 5 MiB, 4096 MiB, 300 MHz, 1.40 W, 43, 0x0000000000000001
2026/10/07 08:00:56.817, 0 %, 5 MiB, 4096 MiB, 300 MHz, 1.47 W, 43, 0x0000000000000001
2026/10/07 08:00:58.839, 0 %, 5 MiB, 4096 MiB, 300 MHz, 1.47 W, 43, 0x0000000000000001
2026/10/07 08:01:00.861, 0 %, 5 MiB, 4096 MiB, 300 MHz, 1.50 W, 43, 0x0000000000000001
2026/10/07 08:01:02.882, 0 %, 5 MiB, 4096 MiB, 300 MHz, 1.50 W, 43, 0x0000000000000001
2026/10/07 08:01:04.903, 0 %, 5 MiB, 4096 MiB, 300 MHz, 1.46 W, 43, 0x0000000000000001
2026/10/07 08:01:06.924, 0 %, 5 MiB, 4096 MiB, 300 MHz, 1.59 W, 43, 0x0000000000000001
2026/10/07 08:01:08.946, 0 %, 5 MiB, 4096 MiB, 300 MHz, 1.52 W, 43, 0x0000000000000001
2026/10/07 08:01:10.967, 0 %, 5 MiB, 4096 MiB, 300 MHz, 1.35 W, 43, 0x0000000000000001
2026/10/07 08:01:12.989, 0 %, 5 MiB, 4096 MiB, 300 MHz, 1.51 W, 43, 0x0000000000000001
2026/10/07 08:01:15.010, 0 %, 5 MiB, 4096 MiB, 300 MHz, 1.56 W, 43, 0x0000000000000001
2026/10/07 08:01:17.031, 0 %, 5 MiB, 4096 MiB, 300 MHz, 1.50 W, 43, 0x0000000000000001
2026/10/07 08:01:19.053, 0 %, 5 MiB, 4096 MiB, 300 MHz, 1.53 W, 43, 0x0000000000000001
2026/10/07 08:01:21.074, 0 %, 5 MiB, 4096 MiB, 300 MHz, 1.52 W, 43, 0x0000000000000001
2026/10/07 08:01:23.096, 0 %, 5 MiB, 4096 MiB, 300 MHz, 1.48 W, 43, 0x0000000000000001
2026/10/07 08:01:25.117, 0 %, 5 MiB, 4096 MiB, 300 MHz, 1.49 W, 43, 0x0000000000000001
2026/10/07 08:01:27.139, 0 %, 5 MiB, 4096 MiB, 300 MHz, 1.53 W, 43, 0x0000000000000001
2026/10/07 08:01:29.161, 0 %, 5 MiB, 4096 MiB, 300 MHz, 1.46 W, 43, 0x0000000000000001
2026/10/07 08:01:31.184, 0 %, 5 MiB, 4096 MiB, 300 MHz, 1.46 W, 43, 0x0000000000000001
2026/10/07 08:01:33.205, 0 %, 5 MiB, 4096 MiB, 300 MHz, 1.47 W, 43, 0x0000000000000001
2026/10/07 08:01:35.226, 0 %, 5 MiB, 4096 MiB, 300 MHz, 1.43 W, 43, 0x0000000000000001
2026/10/07 08:01:37.248, 0 %, 5 MiB, 4096 MiB, 300 MHz, 1.57 W, 43, 0x0000000000000001
2026/10/07 08:01:39.269, 0 %, 5 MiB, 4096 MiB, 300 MHz, 1.51 W, 43, 0x0000000000000001
2026/10/07 08:01:41.291, 0 %, 5 MiB, 4096 MiB, 300 MHz, 1.43 W, 43, 0x0000000000000001
2026/10/07 08:01:43.312, 0 %, 5 MiB, 4096 MiB, 300 MHz, 1.43 W, 43, 0x0000000000000001
2026/10/07 08:01:45.334, 0 %, 5 MiB, 4096 MiB, 300 MHz, 1.55 W, 43, 0x0000000000000001
2026/10/07 08:01:47.355, 0 %, 5 MiB, 4096 MiB, 300 MHz, 1.53 W, 43, 0x0000000000000001
2026/10/07 08:01:49.377, 0 %, 5 MiB, 4096 MiB, 300 MHz, 1.46 W, 43, 0x0000000000000001
2026/10/07 08:01:51.398, 0 %, 5 MiB, 4096 MiB, 300 MHz, 1.45 W, 43, 0x0000000000000001
2026/10/07 08:01:53.420, 0 %, 5 MiB, 4096 MiB, 300 MHz, 1.42 W, 43, 0x0000000000000001
2026/10/07 08:01:55.441, 0 %, 5 MiB, 4096 MiB, 300 MHz, 1.43 W, 43, 0x0000000000000001
2026/10/07 08:01:57.463, 0 %, 5 MiB, 4096 MiB, 300 MHz, 1.65 W, 43, 0x0000000000000001
2026/10/07 08:01:59.484, 0 %, 5 MiB, 4096 MiB, 300 MHz, 1.50 W, 43, 0x0000000000000001
2026/10/07 08:02:01.506, 0 %, 5 MiB, 4096 MiB, 300 MHz, 1.45 W, 43, 0x0000000000000001
2026/10/07 08:02:03.527, 0 %, 5 MiB, 4096 MiB, 300 MHz, 1.51 W, 43, 0x0000000000000001
2026/10/07 08:02:05.548, 0 %, 5 MiB, 4096 MiB, 300 MHz, 1.50 W, 43, 0x0000000000000001
2026/10/07 08:02:07.570, 0 %, 5 MiB, 4096 MiB, 300 MHz, 1.61 W, 43, 0x0000000000000001
2026/10/07 08:02:09.591, 0 %, 5 MiB, 4096 MiB, 300 MHz, 1.47 W, 43, 0x0000000000000001
2026/10/07 08:02:11.612, 0 %, 5 MiB, 4096 MiB, 300 MHz, 1.45 W, 43, 0x0000000000000001
2026/10/07 08:02:13.634, 0 %, 5 MiB, 4096 MiB, 300 MHz, 1.44 W, 43, 0x0000000000000001
2026/10/07 08:02:15.655, 0 %, 5 MiB, 4096 MiB, 300 MHz, 1.46 W, 43, 0x0000000000000001
2026/10/07 08:02:17.676, 0 %, 5 MiB, 4096 MiB, 300 MHz, 1.68 W, 43, 0x0000000000000001
2026/10/07 08:02:19.698, 0 %, 5 MiB, 4096 MiB, 300 MHz, 1.49 W, 43, 0x0000000000000001
2026/10/07 08:02:21.719, 0 %, 5 MiB, 4096 MiB, 300 MHz, 1.53 W, 43, 0x0000000000000001
2026/10/07 08:02:23.740, 0 %, 5 MiB, 4096 MiB, 300 MHz, 1.53 W, 43, 0x0000000000000001
2026/10/07 08:02:25.762, 0 %, 5 MiB, 4096 MiB, 300 MHz, 1.49 W, 43, 0x0000000000000001
2026/10/07 08:02:27.784, 0 %, 5 MiB, 4096 MiB, 300 MHz, 1.66 W, 43, 0x0000000000000001
2026/10/07 08:02:29.805, 0 %, 5 MiB, 4096 MiB, 300 MHz, 1.49 W, 43, 0x0000000000000001
2026/10/07 08:02:31.827, 0 %, 5 MiB, 4096 MiB, 300 MHz, 1.41 W, 43, 0x0000000000000001
2026/10/07 08:02:33.848, 0 %, 5 MiB, 4096 MiB, 300 MHz, 1.49 W, 43, 0x0000000000000001
2026/10/07 08:02:35.870, 0 %, 5 MiB, 4096 MiB, 300 MHz, 1.47 W, 43, 0x0000000000000001
2026/10/07 08:02:37.891, 0 %, 5 MiB, 4096 MiB, 300 MHz, 1.81 W, 43, 0x0000000000000001
2026/10/07 08:02:39.912, 0 %, 5 MiB, 4096 MiB, 300 MHz, 1.50 W, 43, 0x0000000000000001
2026/10/07 08:02:41.933, 0 %, 5 MiB, 4096 MiB, 300 MHz, 1.49 W, 43, 0x0000000000000001
2026/10/07 08:02:43.955, 0 %, 5 MiB, 4096 MiB, 300 MHz, 1.46 W, 43, 0x0000000000000001
2026/10/07 08:02:45.977, 0 %, 5 MiB, 4096 MiB, 300 MHz, 1.50 W, 43, 0x0000000000000001
2026/10/07 08:02:47.999, 0 %, 5 MiB, 4096 MiB, 300 MHz, 1.78 W, 43, 0x0000000000000001
2026/10/07 08:02:50.020, 0 %, 5 MiB, 4096 MiB, 300 MHz, 1.52 W, 43, 0x0000000000000001
2026/10/07 08:02:52.041, 0 %, 5 MiB, 4096 MiB, 300 MHz, 1.57 W, 43, 0x0000000000000001
2026/10/07 08:02:54.062, 0 %, 5 MiB, 4096 MiB, 300 MHz, 1.57 W, 43, 0x0000000000000001
2026/10/07 08:02:56.084, 0 %, 5 MiB, 4096 MiB, 300 MHz, 1.53 W, 43, 0x0000000000000001
2026/10/07 08:02:58.106, 0 %, 5 MiB, 4096 MiB, 300 MHz, 1.84 W, 43, 0x0000000000000001
2026/10/07 08:03:00.127, 0 %, 5 MiB, 4096 MiB, 300 MHz, 1.45 W, 43, 0x0000000000000001
2026/10/07 08:03:02.149, 0 %, 5 MiB, 4096 MiB, 300 MHz, 1.43 W, 43, 0x0000000000000001
2026/10/07 08:03:04.170, 0 %, 5 MiB, 4096 MiB, 300 MHz, 1.50 W, 43, 0x0000000000000001
2026/10/07 08:03:06.191, 0 %, 5 MiB, 4096 MiB, 300 MHz, 1.47 W, 43, 0x0000000000000001
2026/10/07 08:03:08.213, 0 %, 5 MiB, 4096 MiB, 300 MHz, 1.79 W, 43, 0x0000000000000001
2026/10/07 08:03:10.236, 0 %, 5 MiB, 4096 MiB, 300 MHz, 1.49 W, 43, 0x0000000000000001
2026/10/07 08:03:12.257, 0 %, 5 MiB, 4096 MiB, 300 MHz, 1.49 W, 43, 0x0000000000000001
2026/10/07 08:03:14.278, 0 %, 5 MiB, 4096 MiB, 300 MHz, 1.42 W, 43, 0x0000000000000001
2026/10/07 08:03:16.299, 0 %, 5 MiB, 4096 MiB, 300 MHz, 1.44 W, 43, 0x0000000000000001
2026/10/07 08:03:18.321, 0 %, 5 MiB, 4096 MiB, 300 MHz, 1.82 W, 43, 0x0000000000000001
2026/10/07 08:03:20.342, 0 %, 5 MiB, 4096 MiB, 300 MHz, 1.36 W, 43, 0x0000000000000001
2026/10/07 08:03:22.363, 0 %, 5 MiB, 4096 MiB, 300 MHz, 1.48 W, 43, 0x0000000000000001
2026/10/07 08:03:24.384, 0 %, 5 MiB, 4096 MiB, 300 MHz, 1.46 W, 43, 0x0000000000000001
2026/10/07 08:03:26.406, 0 %, 5 MiB, 4096 MiB, 300 MHz, 1.09 W, 43, 0x0000000000000001
2026/10/07 08:03:28.427, 0 %, 5 MiB, 4096 MiB, 300 MHz, 1.40 W, 43, 0x0000000000000001
2026/10/07 08:03:30.448, 0 %, 5 MiB, 4096 MiB, 300 MHz, 1.50 W, 43, 0x0000000000000001
2026/10/07 08:03:32.471, 0 %, 5 MiB, 4096 MiB, 300 MHz, 1.44 W, 43, 0x0000000000000001
2026/10/07 08:03:34.493, 0 %, 5 MiB, 4096 MiB, 300 MHz, 1.39 W, 43, 0x0000000000000001
2026/10/07 08:03:36.514, 0 %, 5 MiB, 4096 MiB, 300 MHz, 1.49 W, 43, 0x0000000000000001
2026/10/07 08:03:38.535, 0 %, 5 MiB, 4096 MiB, 300 MHz, 1.48 W, 43, 0x0000000000000001
2026/10/07 08:03:40.557, 0 %, 5 MiB, 4096 MiB, 300 MHz, 1.53 W, 43, 0x0000000000000001
2026/10/07 08:03:42.579, 0 %, 5 MiB, 4096 MiB, 300 MHz, 1.46 W, 43, 0x0000000000000001
2026/10/07 08:03:44.601, 0 %, 5 MiB, 4096 MiB, 300 MHz, 1.41 W, 43, 0x0000000000000001
2026/10/07 08:03:46.623, 0 %, 5 MiB, 4096 MiB, 300 MHz, 1.47 W, 43, 0x0000000000000001
2026/10/07 08:03:48.644, 0 %, 5 MiB, 4096 MiB, 300 MHz, 1.45 W, 43, 0x0000000000000001
2026/10/07 08:03:50.666, 0 %, 5 MiB, 4096 MiB, 300 MHz, 1.53 W, 43, 0x0000000000000001
2026/10/07 08:03:52.688, 0 %, 5 MiB, 4096 MiB, 300 MHz, 1.45 W, 43, 0x0000000000000001
2026/10/07 08:03:54.709, 0 %, 5 MiB, 4096 MiB, 300 MHz, 1.49 W, 43, 0x0000000000000001
2026/10/07 08:03:56.730, 0 %, 5 MiB, 4096 MiB, 300 MHz, 1.53 W, 43, 0x0000000000000001
2026/10/07 08:03:58.751, 0 %, 5 MiB, 4096 MiB, 300 MHz, 1.47 W, 43, 0x0000000000000001
2026/10/07 08:04:00.773, 0 %, 5 MiB, 4096 MiB, 300 MHz, 1.58 W, 43, 0x0000000000000001
2026/10/07 08:04:02.795, 0 %, 5 MiB, 4096 MiB, 300 MHz, 1.42 W, 43, 0x0000000000000001
2026/10/07 08:04:04.816, 0 %, 5 MiB, 4096 MiB, 300 MHz, 1.43 W, 43, 0x0000000000000001
2026/10/07 08:04:06.837, 0 %, 5 MiB, 4096 MiB, 300 MHz, 1.46 W, 43, 0x0000000000000001
2026/10/07 08:04:08.859, 0 %, 5 MiB, 4096 MiB, 300 MHz, 1.47 W, 43, 0x0000000000000001
2026/10/07 08:04:10.881, 0 %, 5 MiB, 4096 MiB, 300 MHz, 1.59 W, 43, 0x0000000000000001
2026/10/07 08:04:12.902, 0 %, 5 MiB, 4096 MiB, 300 MHz, 1.51 W, 43, 0x0000000000000001
2026/10/07 08:04:14.924, 0 %, 5 MiB, 4096 MiB, 300 MHz, 1.45 W, 43, 0x0000000000000001
2026/10/07 08:04:16.945, 0 %, 5 MiB, 4096 MiB, 300 MHz, 1.42 W, 43, 0x0000000000000001
2026/10/07 08:04:18.967, 0 %, 5 MiB, 4096 MiB, 300 MHz, 1.45 W, 43, 0x0000000000000001
2026/10/07 08:04:20.988, 0 %, 5 MiB, 4096 MiB, 300 MHz, 1.59 W, 43, 0x0000000000000001
2026/10/07 08:04:23.009, 0 %, 5 MiB, 4096 MiB, 300 MHz, 1.44 W, 43, 0x0000000000000001
2026/10/07 08:04:25.030, 0 %, 5 MiB, 4096 MiB, 300 MHz, 1.49 W, 43, 0x0000000000000001
2026/10/07 08:04:27.052, 0 %, 5 MiB, 4096 MiB, 300 MHz, 1.48 W, 43, 0x0000000000000001
2026/10/07 08:04:29.076, 0 %, 5 MiB, 4096 MiB, 300 MHz, 1.44 W, 43, 0x0000000000000001
2026/10/07 08:04:31.098, 0 %, 5 MiB, 4096 MiB, 300 MHz, 1.78 W, 43, 0x0000000000000001
2026/10/07 08:04:33.120, 0 %, 5 MiB, 4096 MiB, 300 MHz, 1.60 W, 43, 0x0000000000000001
2026/10/07 08:04:35.142, 0 %, 5 MiB, 4096 MiB, 300 MHz, 1.54 W, 43, 0x0000000000000001
2026/10/07 08:04:37.163, 0 %, 5 MiB, 4096 MiB, 300 MHz, 1.59 W, 43, 0x0000000000000001
2026/10/07 08:04:39.184, 0 %, 5 MiB, 4096 MiB, 300 MHz, 1.58 W, 43, 0x0000000000000001
2026/10/07 08:04:41.206, 0 %, 5 MiB, 4096 MiB, 300 MHz, 1.50 W, 43, 0x0000000000000001
2026/10/07 08:04:43.227, 0 %, 5 MiB, 4096 MiB, 300 MHz, 1.47 W, 43, 0x0000000000000001
2026/10/07 08:04:45.249, 0 %, 5 MiB, 4096 MiB, 300 MHz, 1.46 W, 43, 0x0000000000000001
2026/10/07 08:04:47.270, 0 %, 5 MiB, 4096 MiB, 300 MHz, 1.40 W, 43, 0x0000000000000001
2026/10/07 08:04:49.292, 0 %, 5 MiB, 4096 MiB, 300 MHz, 1.41 W, 43, 0x0000000000000001
2026/10/07 08:04:51.314, 0 %, 5 MiB, 4096 MiB, 300 MHz, 1.60 W, 43, 0x0000000000000001
2026/10/07 08:04:53.335, 0 %, 5 MiB, 4096 MiB, 300 MHz, 1.44 W, 43, 0x0000000000000001
2026/10/07 08:04:55.356, 0 %, 5 MiB, 4096 MiB, 300 MHz, 1.48 W, 43, 0x0000000000000001
2026/10/07 08:04:57.378, 0 %, 5 MiB, 4096 MiB, 300 MHz, 1.48 W, 43, 0x0000000000000001
2026/10/07 08:04:59.399, 0 %, 5 MiB, 4096 MiB, 300 MHz, 1.45 W, 43, 0x0000000000000001
2026/10/07 08:05:01.421, 0 %, 5 MiB, 4096 MiB, 300 MHz, 1.55 W, 43, 0x0000000000000001
2026/10/07 08:05:03.442, 0 %, 5 MiB, 4096 MiB, 300 MHz, 1.45 W, 43, 0x0000000000000001
2026/10/07 08:05:05.463, 0 %, 5 MiB, 4096 MiB, 300 MHz, 1.39 W, 43, 0x0000000000000001
2026/10/07 08:05:07.484, 0 %, 5 MiB, 4096 MiB, 300 MHz, 1.40 W, 43, 0x0000000000000001
2026/10/07 08:05:09.506, 0 %, 5 MiB, 4096 MiB, 300 MHz, 1.44 W, 43, 0x0000000000000001
2026/10/07 08:05:11.527, 0 %, 5 MiB, 4096 MiB, 300 MHz, 1.61 W, 43, 0x0000000000000001
2026/10/07 08:05:13.550, 0 %, 5 MiB, 4096 MiB, 300 MHz, 1.46 W, 43, 0x0000000000000001
2026/10/07 08:05:15.571, 0 %, 5 MiB, 4096 MiB, 300 MHz, 1.48 W, 43, 0x0000000000000001
2026/10/07 08:05:17.592, 0 %, 5 MiB, 4096 MiB, 300 MHz, 1.48 W, 43, 0x0000000000000001
2026/10/07 08:05:19.613, 0 %, 5 MiB, 4096 MiB, 300 MHz, 1.45 W, 43, 0x0000000000000001
2026/10/07 08:05:21.634, 0 %, 5 MiB, 4096 MiB, 300 MHz, 1.58 W, 43, 0x0000000000000001
2026/10/07 08:05:23.656, 0 %, 5 MiB, 4096 MiB, 300 MHz, 1.41 W, 43, 0x0000000000000001
2026/10/07 08:05:25.677, 0 %, 5 MiB, 4096 MiB, 300 MHz, 1.48 W, 43, 0x0000000000000001
2026/10/07 08:05:27.698, 0 %, 5 MiB, 4096 MiB, 300 MHz, 1.45 W, 43, 0x0000000000000001
2026/10/07 08:05:29.720, 0 %, 5 MiB, 4096 MiB, 300 MHz, 1.43 W, 43, 0x0000000000000001
2026/10/07 08:05:31.741, 0 %, 5 MiB, 4096 MiB, 300 MHz, 1.77 W, 43, 0x0000000000000001
2026/10/07 08:05:33.762, 0 %, 5 MiB, 4096 MiB, 300 MHz, 1.54 W, 43, 0x0000000000000001
2026/10/07 08:05:35.784, 0 %, 5 MiB, 4096 MiB, 300 MHz, 1.48 W, 43, 0x0000000000000001
2026/10/07 08:05:37.805, 0 %, 5 MiB, 4096 MiB, 300 MHz, 1.43 W, 43, 0x0000000000000001
2026/10/07 08:05:39.827, 0 %, 5 MiB, 4096 MiB, 300 MHz, 1.51 W, 43, 0x0000000000000001
2026/10/07 08:05:41.848, 0 %, 5 MiB, 4096 MiB, 300 MHz, 1.82 W, 43, 0x0000000000000001
2026/10/07 08:05:43.869, 0 %, 5 MiB, 4096 MiB, 300 MHz, 1.45 W, 43, 0x0000000000000001
2026/10/07 08:05:45.891, 0 %, 5 MiB, 4096 MiB, 300 MHz, 1.33 W, 43, 0x0000000000000001
2026/10/07 08:05:47.912, 0 %, 5 MiB, 4096 MiB, 300 MHz, 1.51 W, 43, 0x0000000000000001
2026/10/07 08:05:49.934, 0 %, 5 MiB, 4096 MiB, 300 MHz, 1.38 W, 43, 0x0000000000000001
2026/10/07 08:05:51.955, 0 %, 5 MiB, 4096 MiB, 300 MHz, 1.77 W, 43, 0x0000000000000001
2026/10/07 08:05:53.976, 0 %, 5 MiB, 4096 MiB, 300 MHz, 1.41 W, 43, 0x0000000000000001
2026/10/07 08:05:55.998, 0 %, 5 MiB, 4096 MiB, 300 MHz, 1.44 W, 43, 0x0000000000000001
2026/10/07 08:05:58.019, 0 %, 5 MiB, 4096 MiB, 300 MHz, 1.31 W, 43, 0x0000000000000001
2026/10/07 08:06:00.040, 0 %, 5 MiB, 4096 MiB, 300 MHz, 1.47 W, 43, 0x0000000000000001
2026/10/07 08:06:02.063, 0 %, 5 MiB, 4096 MiB, 300 MHz, 1.86 W, 43, 0x0000000000000001
2026/10/07 08:06:04.084, 0 %, 5 MiB, 4096 MiB, 300 MHz, 1.47 W, 43, 0x0000000000000001
2026/10/07 08:06:06.106, 0 %, 5 MiB, 4096 MiB, 300 MHz, 1.42 W, 43, 0x0000000000000001
2026/10/07 08:06:08.127, 0 %, 5 MiB, 4096 MiB, 300 MHz, 1.43 W, 43, 0x0000000000000001
2026/10/07 08:06:10.149, 0 %, 5 MiB, 4096 MiB, 300 MHz, 1.45 W, 43, 0x0000000000000001
2026/10/07 08:06:12.170, 0 %, 5 MiB, 4096 MiB, 300 MHz, 1.88 W, 43, 0x0000000000000001
2026/10/07 08:06:14.191, 0 %, 5 MiB, 4096 MiB, 300 MHz, 1.49 W, 43, 0x0000000000000001
2026/10/07 08:06:16.213, 0 %, 5 MiB, 4096 MiB, 300 MHz, 1.52 W, 43, 0x0000000000000001
2026/10/07 08:06:18.235, 0 %, 5 MiB, 4096 MiB, 300 MHz, 1.49 W, 43, 0x0000000000000001
2026/10/07 08:06:20.256, 0 %, 5 MiB, 4096 MiB, 300 MHz, 1.49 W, 43, 0x0000000000000001
2026/10/07 08:06:22.277, 0 %, 5 MiB, 4096 MiB, 300 MHz, 1.94 W, 43, 0x0000000000000001
2026/10/07 08:06:24.300, 0 %, 5 MiB, 4096 MiB, 300 MHz, 1.45 W, 43, 0x0000000000000001
2026/10/07 08:06:26.321, 0 %, 5 MiB, 4096 MiB, 300 MHz, 1.52 W, 43, 0x0000000000000001
2026/10/07 08:06:28.343, 0 %, 5 MiB, 4096 MiB, 300 MHz, 1.51 W, 43, 0x0000000000000001
2026/10/07 08:06:30.365, 0 %, 5 MiB, 4096 MiB, 300 MHz, 1.52 W, 43, 0x0000000000000001
2026/10/07 08:06:32.386, 0 %, 5 MiB, 4096 MiB, 300 MHz, 1.93 W, 43, 0x0000000000000001
2026/10/07 08:06:34.407, 0 %, 5 MiB, 4096 MiB, 300 MHz, 1.48 W, 43, 0x0000000000000001
2026/10/07 08:06:36.428, 0 %, 5 MiB, 4096 MiB, 300 MHz, 1.47 W, 43, 0x0000000000000001
2026/10/07 08:06:38.449, 0 %, 5 MiB, 4096 MiB, 300 MHz, 1.45 W, 43, 0x0000000000000001
2026/10/07 08:06:40.470, 0 %, 5 MiB, 4096 MiB, 300 MHz, 1.51 W, 43, 0x0000000000000001
2026/10/07 08:06:42.492, 0 %, 5 MiB, 4096 MiB, 300 MHz, 1.49 W, 43, 0x0000000000000001
2026/10/07 08:06:44.513, 0 %, 5 MiB, 4096 MiB, 300 MHz, 1.46 W, 43, 0x0000000000000001
2026/10/07 08:06:46.535, 0 %, 5 MiB, 4096 MiB, 300 MHz, 1.43 W, 43, 0x0000000000000001
2026/10/07 08:06:48.556, 0 %, 5 MiB, 4096 MiB, 300 MHz, 1.48 W, 43, 0x0000000000000001
2026/10/07 08:06:50.578, 0 %, 5 MiB, 4096 MiB, 300 MHz, 1.41 W, 43, 0x0000000000000001
2026/10/07 08:06:52.599, 0 %, 5 MiB, 4096 MiB, 300 MHz, 1.40 W, 43, 0x0000000000000001
2026/10/07 08:06:54.620, 0 %, 5 MiB, 4096 MiB, 300 MHz, 1.60 W, 43, 0x0000000000000001
2026/10/07 08:06:56.642, 0 %, 5 MiB, 4096 MiB, 300 MHz, 1.50 W, 43, 0x0000000000000001
2026/10/07 08:06:58.664, 0 %, 5 MiB, 4096 MiB, 300 MHz, 1.46 W, 43, 0x0000000000000001
2026/10/07 08:07:00.686, 0 %, 5 MiB, 4096 MiB, 300 MHz, 1.52 W, 43, 0x0000000000000001
2026/10/07 08:07:02.707, 0 %, 5 MiB, 4096 MiB, 300 MHz, 1.50 W, 43, 0x0000000000000001
2026/10/07 08:07:04.729, 0 %, 5 MiB, 4096 MiB, 300 MHz, 1.60 W, 43, 0x0000000000000001
2026/10/07 08:07:06.750, 0 %, 5 MiB, 4096 MiB, 300 MHz, 1.39 W, 43, 0x0000000000000001
2026/10/07 08:07:08.772, 0 %, 5 MiB, 4096 MiB, 300 MHz, 1.44 W, 43, 0x0000000000000001
2026/10/07 08:07:10.794, 0 %, 5 MiB, 4096 MiB, 300 MHz, 1.42 W, 43, 0x0000000000000001
2026/10/07 08:07:12.814, 0 %, 5 MiB, 4096 MiB, 300 MHz, 1.40 W, 43, 0x0000000000000001
2026/10/07 08:07:14.836, 0 %, 5 MiB, 4096 MiB, 300 MHz, 1.57 W, 43, 0x0000000000000001
2026/10/07 08:07:16.858, 0 %, 5 MiB, 4096 MiB, 300 MHz, 1.50 W, 43, 0x0000000000000001
2026/10/07 08:07:18.880, 0 %, 5 MiB, 4096 MiB, 300 MHz, 1.49 W, 43, 0x0000000000000001
2026/10/07 08:07:20.901, 0 %, 5 MiB, 4096 MiB, 300 MHz, 1.48 W, 43, 0x0000000000000001
2026/10/07 08:07:22.922, 0 %, 5 MiB, 4096 MiB, 300 MHz, 1.50 W, 43, 0x0000000000000001
2026/10/07 08:07:24.944, 0 %, 5 MiB, 4096 MiB, 300 MHz, 1.62 W, 43, 0x0000000000000001
2026/10/07 08:07:26.966, 0 %, 5 MiB, 4096 MiB, 300 MHz, 1.42 W, 43, 0x0000000000000001
2026/10/07 08:07:28.988, 0 %, 5 MiB, 4096 MiB, 300 MHz, 1.41 W, 43, 0x0000000000000001
2026/10/07 08:07:31.009, 0 %, 5 MiB, 4096 MiB, 300 MHz, 1.48 W, 43, 0x0000000000000001
2026/10/07 08:07:33.030, 0 %, 5 MiB, 4096 MiB, 300 MHz, 1.46 W, 43, 0x0000000000000001
2026/10/07 08:07:35.051, 0 %, 5 MiB, 4096 MiB, 300 MHz, 1.64 W, 43, 0x0000000000000001
2026/10/07 08:07:37.073, 0 %, 5 MiB, 4096 MiB, 300 MHz, 1.45 W, 43, 0x0000000000000001
2026/10/07 08:07:39.094, 0 %, 5 MiB, 4096 MiB, 300 MHz, 1.46 W, 43, 0x0000000000000001
2026/10/07 08:07:41.116, 0 %, 5 MiB, 4096 MiB, 300 MHz, 1.46 W, 43, 0x0000000000000001
2026/10/07 08:07:43.137, 0 %, 5 MiB, 4096 MiB, 300 MHz, 1.47 W, 43, 0x0000000000000001
2026/10/07 08:07:45.158, 0 %, 5 MiB, 4096 MiB, 300 MHz, 1.64 W, 43, 0x0000000000000001
2026/10/07 08:07:47.181, 0 %, 5 MiB, 4096 MiB, 300 MHz, 1.45 W, 43, 0x0000000000000001
2026/10/07 08:07:49.202, 0 %, 5 MiB, 4096 MiB, 300 MHz, 1.50 W, 43, 0x0000000000000001
2026/10/07 08:07:51.224, 0 %, 5 MiB, 4096 MiB, 300 MHz, 1.48 W, 43, 0x0000000000000001
2026/10/07 08:07:53.245, 0 %, 5 MiB, 4096 MiB, 300 MHz, 1.44 W, 43, 0x0000000000000001
2026/10/07 08:07:55.267, 0 %, 5 MiB, 4096 MiB, 300 MHz, 1.68 W, 43, 0x0000000000000001
2026/10/07 08:07:57.289, 0 %, 5 MiB, 4096 MiB, 300 MHz, 1.45 W, 43, 0x0000000000000001
2026/10/07 08:07:59.310, 0 %, 5 MiB, 4096 MiB, 300 MHz, 1.45 W, 43, 0x0000000000000001
2026/10/07 08:08:01.331, 0 %, 5 MiB, 4096 MiB, 300 MHz, 1.51 W, 43, 0x0000000000000001
2026/10/07 08:08:03.353, 0 %, 5 MiB, 4096 MiB, 300 MHz, 1.49 W, 43, 0x0000000000000001
2026/10/07 08:08:05.374, 0 %, 5 MiB, 4096 MiB, 300 MHz, 1.73 W, 43, 0x0000000000000001
2026/10/07 08:08:07.395, 0 %, 5 MiB, 4096 MiB, 300 MHz, 1.51 W, 43, 0x0000000000000001
2026/10/07 08:08:09.416, 0 %, 5 MiB, 4096 MiB, 300 MHz, 1.48 W, 43, 0x0000000000000001
2026/10/07 08:08:11.437, 0 %, 5 MiB, 4096 MiB, 300 MHz, 1.44 W, 43, 0x0000000000000001
2026/10/07 08:08:13.459, 0 %, 5 MiB, 4096 MiB, 300 MHz, 1.44 W, 43, 0x0000000000000001
2026/10/07 08:08:15.480, 0 %, 5 MiB, 4096 MiB, 300 MHz, 1.80 W, 43, 0x0000000000000001
2026/10/07 08:08:17.501, 0 %, 5 MiB, 4096 MiB, 300 MHz, 1.43 W, 43, 0x0000000000000001
2026/10/07 08:08:19.523, 0 %, 5 MiB, 4096 MiB, 300 MHz, 1.47 W, 43, 0x0000000000000001
2026/10/07 08:08:21.544, 0 %, 5 MiB, 4096 MiB, 300 MHz, 1.51 W, 43, 0x0000000000000001
2026/10/07 08:08:23.566, 0 %, 5 MiB, 4096 MiB, 300 MHz, 1.46 W, 43, 0x0000000000000001
2026/10/07 08:08:25.587, 0 %, 5 MiB, 4096 MiB, 300 MHz, 1.78 W, 43, 0x0000000000000001
2026/10/07 08:08:27.608, 0 %, 5 MiB, 4096 MiB, 300 MHz, 1.40 W, 43, 0x0000000000000001
2026/10/07 08:08:29.630, 0 %, 5 MiB, 4096 MiB, 300 MHz, 1.39 W, 43, 0x0000000000000001
2026/10/07 08:08:31.651, 0 %, 5 MiB, 4096 MiB, 300 MHz, 1.39 W, 43, 0x0000000000000001
2026/10/07 08:08:33.673, 0 %, 5 MiB, 4096 MiB, 300 MHz, 1.45 W, 43, 0x0000000000000001
2026/10/07 08:08:35.695, 0 %, 5 MiB, 4096 MiB, 300 MHz, 1.80 W, 43, 0x0000000000000001
2026/10/07 08:08:37.716, 0 %, 5 MiB, 4096 MiB, 300 MHz, 1.47 W, 43, 0x0000000000000001
2026/10/07 08:08:39.738, 0 %, 5 MiB, 4096 MiB, 300 MHz, 1.49 W, 43, 0x0000000000000001
2026/10/07 08:08:41.759, 0 %, 5 MiB, 4096 MiB, 300 MHz, 1.46 W, 43, 0x0000000000000001
2026/10/07 08:08:43.781, 0 %, 5 MiB, 4096 MiB, 300 MHz, 1.47 W, 43, 0x0000000000000001
2026/10/07 08:08:45.802, 0 %, 5 MiB, 4096 MiB, 300 MHz, 1.76 W, 43, 0x0000000000000001
2026/10/07 08:08:47.824, 0 %, 5 MiB, 4096 MiB, 300 MHz, 1.40 W, 43, 0x0000000000000001
2026/10/07 08:08:49.845, 0 %, 5 MiB, 4096 MiB, 300 MHz, 1.39 W, 43, 0x0000000000000001
2026/10/07 08:08:51.867, 0 %, 5 MiB, 4096 MiB, 300 MHz, 1.41 W, 43, 0x0000000000000001
2026/10/07 08:08:53.888, 0 %, 5 MiB, 4096 MiB, 300 MHz, 1.44 W, 43, 0x0000000000000001
2026/10/07 08:08:55.910, 0 %, 5 MiB, 4096 MiB, 300 MHz, 1.93 W, 43, 0x0000000000000001
2026/10/07 08:08:57.931, 0 %, 5 MiB, 4096 MiB, 300 MHz, 1.47 W, 43, 0x0000000000000001
2026/10/07 08:08:59.952, 0 %, 5 MiB, 4096 MiB, 300 MHz, 1.45 W, 43, 0x0000000000000001
2026/10/07 08:09:01.973, 0 %, 5 MiB, 4096 MiB, 300 MHz, 1.47 W, 43, 0x0000000000000001
2026/10/07 08:09:03.995, 0 %, 5 MiB, 4096 MiB, 300 MHz, 1.48 W, 43, 0x0000000000000001
2026/10/07 08:09:06.016, 0 %, 5 MiB, 4096 MiB, 300 MHz, 1.45 W, 43, 0x0000000000000001
2026/10/07 08:09:08.037, 0 %, 5 MiB, 4096 MiB, 300 MHz, 1.47 W, 43, 0x0000000000000001
2026/10/07 08:09:10.059, 0 %, 5 MiB, 4096 MiB, 300 MHz, 1.45 W, 43, 0x0000000000000001
2026/10/07 08:09:12.080, 0 %, 5 MiB, 4096 MiB, 300 MHz, 1.42 W, 43, 0x0000000000000001
2026/10/07 08:09:14.101, 0 %, 5 MiB, 4096 MiB, 300 MHz, 1.40 W, 43, 0x0000000000000001
2026/10/07 08:09:16.123, 0 %, 5 MiB, 4096 MiB, 300 MHz, 1.25 W, 43, 0x0000000000000001
2026/10/07 08:09:18.144, 0 %, 5 MiB, 4096 MiB, 300 MHz, 1.53 W, 43, 0x0000000000000001
2026/10/07 08:09:20.167, 0 %, 5 MiB, 4096 MiB, 300 MHz, 1.43 W, 43, 0x0000000000000001
2026/10/07 08:09:22.188, 0 %, 5 MiB, 4096 MiB, 300 MHz, 1.46 W, 43, 0x0000000000000001
2026/10/07 08:09:24.209, 0 %, 5 MiB, 4096 MiB, 300 MHz, 1.49 W, 43, 0x0000000000000001
2026/10/07 08:09:26.231, 0 %, 5 MiB, 4096 MiB, 300 MHz, 1.45 W, 43, 0x0000000000000001
2026/10/07 08:09:28.252, 0 %, 5 MiB, 4096 MiB, 300 MHz, 1.58 W, 43, 0x0000000000000001
2026/10/07 08:09:30.273, 0 %, 5 MiB, 4096 MiB, 300 MHz, 1.44 W, 43, 0x0000000000000001
2026/10/07 08:09:32.295, 0 %, 5 MiB, 4096 MiB, 300 MHz, 1.44 W, 43, 0x0000000000000001
2026/10/07 08:09:34.317, 0 %, 5 MiB, 4096 MiB, 300 MHz, 1.47 W, 43, 0x0000000000000001
2026/10/07 08:09:36.339, 0 %, 5 MiB, 4096 MiB, 300 MHz, 1.54 W, 43, 0x0000000000000001
2026/10/07 08:09:38.360, 0 %, 5 MiB, 4096 MiB, 300 MHz, 1.57 W, 43, 0x0000000000000001
2026/10/07 08:09:40.382, 0 %, 5 MiB, 4096 MiB, 300 MHz, 1.50 W, 43, 0x0000000000000001
2026/10/07 08:09:42.403, 0 %, 5 MiB, 4096 MiB, 300 MHz, 1.50 W, 43, 0x0000000000000001
2026/10/07 08:09:44.424, 0 %, 5 MiB, 4096 MiB, 300 MHz, 1.37 W, 43, 0x0000000000000001
2026/10/07 08:09:46.446, 0 %, 5 MiB, 4096 MiB, 300 MHz, 1.45 W, 43, 0x0000000000000001
2026/10/07 08:09:48.467, 0 %, 5 MiB, 4096 MiB, 300 MHz, 1.63 W, 43, 0x0000000000000001
2026/10/07 08:09:50.488, 0 %, 5 MiB, 4096 MiB, 300 MHz, 1.47 W, 43, 0x0000000000000001
2026/10/07 08:09:52.510, 0 %, 5 MiB, 4096 MiB, 300 MHz, 1.52 W, 43, 0x0000000000000001
2026/10/07 08:09:54.531, 0 %, 5 MiB, 4096 MiB, 300 MHz, 1.50 W, 43, 0x0000000000000001
2026/10/07 08:09:56.552, 0 %, 5 MiB, 4096 MiB, 300 MHz, 1.50 W, 43, 0x0000000000000001
2026/10/07 08:09:58.573, 0 %, 5 MiB, 4096 MiB, 300 MHz, 1.66 W, 43, 0x0000000000000001
2026/10/07 08:10:00.595, 0 %, 5 MiB, 4096 MiB, 300 MHz, 1.50 W, 43, 0x0000000000000001
2026/10/07 08:10:02.617, 0 %, 5 MiB, 4096 MiB, 300 MHz, 1.42 W, 43, 0x0000000000000001
2026/10/07 08:10:04.639, 0 %, 5 MiB, 4096 MiB, 300 MHz, 1.44 W, 43, 0x0000000000000001
2026/10/07 08:10:06.660, 0 %, 5 MiB, 4096 MiB, 300 MHz, 1.46 W, 43, 0x0000000000000001
2026/10/07 08:10:08.681, 0 %, 5 MiB, 4096 MiB, 300 MHz, 1.66 W, 43, 0x0000000000000001
2026/10/07 08:10:10.703, 0 %, 5 MiB, 4096 MiB, 300 MHz, 1.43 W, 43, 0x0000000000000001
2026/10/07 08:10:12.724, 0 %, 5 MiB, 4096 MiB, 300 MHz, 1.46 W, 43, 0x0000000000000001
2026/10/07 08:10:14.746, 0 %, 5 MiB, 4096 MiB, 300 MHz, 1.45 W, 43, 0x0000000000000001
2026/10/07 08:10:16.767, 0 %, 5 MiB, 4096 MiB, 300 MHz, 1.38 W, 43, 0x0000000000000001
2026/10/07 08:10:18.789, 0 %, 5 MiB, 4096 MiB, 300 MHz, 1.69 W, 43, 0x0000000000000001
2026/10/07 08:10:20.810, 0 %, 5 MiB, 4096 MiB, 300 MHz, 1.39 W, 43, 0x0000000000000001
2026/10/07 08:10:22.832, 0 %, 5 MiB, 4096 MiB, 300 MHz, 1.48 W, 43, 0x0000000000000001
2026/10/07 08:10:24.853, 0 %, 5 MiB, 4096 MiB, 300 MHz, 1.47 W, 43, 0x0000000000000001
2026/10/07 08:10:26.874, 0 %, 5 MiB, 4096 MiB, 300 MHz, 1.51 W, 43, 0x0000000000000001
2026/10/07 08:10:28.895, 0 %, 5 MiB, 4096 MiB, 300 MHz, 1.75 W, 43, 0x0000000000000001
2026/10/07 08:10:30.917, 0 %, 5 MiB, 4096 MiB, 300 MHz, 1.43 W, 43, 0x0000000000000001
2026/10/07 08:10:32.939, 0 %, 5 MiB, 4096 MiB, 300 MHz, 1.41 W, 43, 0x0000000000000001
2026/10/07 08:10:34.960, 0 %, 5 MiB, 4096 MiB, 300 MHz, 1.39 W, 43, 0x0000000000000001
2026/10/07 08:10:36.982, 0 %, 5 MiB, 4096 MiB, 300 MHz, 1.43 W, 43, 0x0000000000000001
2026/10/07 08:10:39.003, 0 %, 5 MiB, 4096 MiB, 300 MHz, 1.75 W, 43, 0x0000000000000001
2026/10/07 08:10:41.025, 0 %, 5 MiB, 4096 MiB, 300 MHz, 1.49 W, 43, 0x0000000000000001
2026/10/07 08:10:43.046, 0 %, 5 MiB, 4096 MiB, 300 MHz, 1.48 W, 43, 0x0000000000000001
2026/10/07 08:10:45.067, 0 %, 5 MiB, 4096 MiB, 300 MHz, 1.46 W, 43, 0x0000000000000001
2026/10/07 08:10:47.088, 0 %, 5 MiB, 4096 MiB, 300 MHz, 1.45 W, 43, 0x0000000000000001
2026/10/07 08:10:49.110, 0 %, 5 MiB, 4096 MiB, 300 MHz, 1.70 W, 43, 0x0000000000000001
2026/10/07 08:10:51.131, 0 %, 5 MiB, 4096 MiB, 300 MHz, 1.45 W, 43, 0x0000000000000001
2026/10/07 08:10:53.152, 0 %, 5 MiB, 4096 MiB, 300 MHz, 1.45 W, 43, 0x0000000000000001
2026/10/07 08:10:55.174, 0 %, 5 MiB, 4096 MiB, 300 MHz, 1.47 W, 43, 0x0000000000000001
2026/10/07 08:10:57.195, 0 %, 5 MiB, 4096 MiB, 300 MHz, 1.45 W, 43, 0x0000000000000001
2026/10/07 08:10:59.216, 0 %, 5 MiB, 4096 MiB, 300 MHz, 1.87 W, 43, 0x0000000000000001
2026/10/07 08:11:01.238, 0 %, 5 MiB, 4096 MiB, 300 MHz, 1.52 W, 43, 0x0000000000000001
2026/10/07 08:11:03.259, 0 %, 5 MiB, 4096 MiB, 300 MHz, 1.46 W, 43, 0x0000000000000001
2026/10/07 08:11:05.281, 0 %, 5 MiB, 4096 MiB, 300 MHz, 1.42 W, 43, 0x0000000000000001
2026/10/07 08:11:07.302, 0 %, 5 MiB, 4096 MiB, 300 MHz, 1.44 W, 43, 0x0000000000000001
2026/10/07 08:11:09.323, 0 %, 5 MiB, 4096 MiB, 300 MHz, 1.91 W, 43, 0x0000000000000001
2026/10/07 08:11:11.345, 0 %, 5 MiB, 4096 MiB, 300 MHz, 1.47 W, 43, 0x0000000000000001
2026/10/07 08:11:13.366, 0 %, 5 MiB, 4096 MiB, 300 MHz, 1.50 W, 43, 0x0000000000000001
2026/10/07 08:11:15.388, 0 %, 5 MiB, 4096 MiB, 300 MHz, 1.51 W, 43, 0x0000000000000001
2026/10/07 08:11:17.409, 0 %, 5 MiB, 4096 MiB, 300 MHz, 1.45 W, 43, 0x0000000000000001
2026/10/07 08:11:19.431, 0 %, 5 MiB, 4096 MiB, 300 MHz, 1.44 W, 43, 0x0000000000000001
2026/10/07 08:11:21.452, 0 %, 5 MiB, 4096 MiB, 300 MHz, 1.49 W, 43, 0x0000000000000001
2026/10/07 08:11:23.475, 0 %, 5 MiB, 4096 MiB, 300 MHz, 1.42 W, 43, 0x0000000000000001
2026/10/07 08:11:25.496, 0 %, 5 MiB, 4096 MiB, 300 MHz, 1.45 W, 43, 0x0000000000000001
2026/10/07 08:11:27.517, 0 %, 5 MiB, 4096 MiB, 300 MHz, 1.45 W, 43, 0x0000000000000001
2026/10/07 08:11:29.538, 0 %, 5 MiB, 4096 MiB, 300 MHz, 1.40 W, 43, 0x0000000000000001
2026/10/07 08:11:31.560, 0 %, 5 MiB, 4096 MiB, 300 MHz, 1.60 W, 43, 0x0000000000000001
2026/10/07 08:11:33.584, 0 %, 5 MiB, 4096 MiB, 300 MHz, 1.41 W, 43, 0x0000000000000001
2026/10/07 08:11:35.605, 0 %, 5 MiB, 4096 MiB, 300 MHz, 1.45 W, 43, 0x0000000000000001
2026/10/07 08:11:37.627, 0 %, 5 MiB, 4096 MiB, 300 MHz, 1.41 W, 43, 0x0000000000000001
2026/10/07 08:11:39.649, 0 %, 5 MiB, 4096 MiB, 300 MHz, 1.44 W, 43, 0x0000000000000001
2026/10/07 08:11:41.670, 0 %, 5 MiB, 4096 MiB, 300 MHz, 1.53 W, 43, 0x0000000000000001
2026/10/07 08:11:43.692, 0 %, 5 MiB, 4096 MiB, 300 MHz, 1.56 W, 43, 0x0000000000000001
2026/10/07 08:11:45.713, 0 %, 5 MiB, 4096 MiB, 300 MHz, 1.53 W, 43, 0x0000000000000001
2026/10/07 08:11:47.734, 0 %, 5 MiB, 4096 MiB, 300 MHz, 1.50 W, 43, 0x0000000000000001
2026/10/07 08:11:49.755, 0 %, 5 MiB, 4096 MiB, 300 MHz, 1.50 W, 43, 0x0000000000000001
2026/10/07 08:11:51.777, 0 %, 5 MiB, 4096 MiB, 300 MHz, 1.48 W, 43, 0x0000000000000001
2026/10/07 08:11:53.799, 0 %, 5 MiB, 4096 MiB, 300 MHz, 1.38 W, 43, 0x0000000000000001
2026/10/07 08:11:55.820, 0 %, 5 MiB, 4096 MiB, 300 MHz, 1.39 W, 43, 0x0000000000000001
2026/10/07 08:11:57.841, 0 %, 5 MiB, 4096 MiB, 300 MHz, 1.41 W, 43, 0x0000000000000001
2026/10/07 08:11:59.863, 0 %, 5 MiB, 4096 MiB, 300 MHz, 1.45 W, 43, 0x0000000000000001
2026/10/07 08:12:01.884, 0 %, 5 MiB, 4096 MiB, 300 MHz, 1.59 W, 43, 0x0000000000000001
2026/10/07 08:12:03.906, 0 %, 5 MiB, 4096 MiB, 300 MHz, 1.46 W, 43, 0x0000000000000001
2026/10/07 08:12:05.927, 0 %, 5 MiB, 4096 MiB, 300 MHz, 1.44 W, 43, 0x0000000000000001
2026/10/07 08:12:07.949, 0 %, 5 MiB, 4096 MiB, 300 MHz, 1.43 W, 43, 0x0000000000000001
2026/10/07 08:12:09.970, 0 %, 5 MiB, 4096 MiB, 300 MHz, 1.46 W, 43, 0x0000000000000001
2026/10/07 08:12:11.991, 0 %, 5 MiB, 4096 MiB, 300 MHz, 1.53 W, 43, 0x0000000000000001
2026/10/07 08:12:14.012, 0 %, 5 MiB, 4096 MiB, 300 MHz, 1.45 W, 43, 0x0000000000000001
2026/10/07 08:12:16.034, 0 %, 5 MiB, 4096 MiB, 300 MHz, 1.43 W, 43, 0x0000000000000001
2026/10/07 08:12:18.056, 0 %, 5 MiB, 4096 MiB, 300 MHz, 1.40 W, 43, 0x0000000000000001
2026/10/07 08:12:20.077, 0 %, 5 MiB, 4096 MiB, 300 MHz, 1.37 W, 43, 0x0000000000000001
2026/10/07 08:12:22.100, 0 %, 5 MiB, 4096 MiB, 300 MHz, 1.63 W, 43, 0x0000000000000001
2026/10/07 08:12:24.121, 0 %, 5 MiB, 4096 MiB, 300 MHz, 1.47 W, 43, 0x0000000000000001
2026/10/07 08:12:26.142, 0 %, 5 MiB, 4096 MiB, 300 MHz, 1.44 W, 43, 0x0000000000000001
2026/10/07 08:12:28.164, 0 %, 5 MiB, 4096 MiB, 300 MHz, 1.49 W, 43, 0x0000000000000001
2026/10/07 08:12:30.185, 0 %, 5 MiB, 4096 MiB, 300 MHz, 1.51 W, 43, 0x0000000000000001
2026/10/07 08:12:32.207, 0 %, 5 MiB, 4096 MiB, 300 MHz, 1.57 W, 43, 0x0000000000000001
2026/10/07 08:12:34.228, 0 %, 5 MiB, 4096 MiB, 300 MHz, 1.41 W, 43, 0x0000000000000001
2026/10/07 08:12:36.249, 0 %, 5 MiB, 4096 MiB, 300 MHz, 1.38 W, 43, 0x0000000000000001
2026/10/07 08:12:38.272, 0 %, 5 MiB, 4096 MiB, 300 MHz, 1.40 W, 43, 0x0000000000000001
2026/10/07 08:12:40.293, 0 %, 5 MiB, 4096 MiB, 300 MHz, 1.42 W, 43, 0x0000000000000001
2026/10/07 08:12:42.325, 0 %, 5 MiB, 4096 MiB, 300 MHz, 1.45 W, 43, 0x0000000000000001
2026/10/07 08:12:44.346, 0 %, 5 MiB, 4096 MiB, 300 MHz, 1.46 W, 43, 0x0000000000000001
2026/10/07 08:12:46.368, 0 %, 5 MiB, 4096 MiB, 300 MHz, 1.48 W, 43, 0x0000000000000001
2026/10/07 08:12:48.389, 0 %, 5 MiB, 4096 MiB, 300 MHz, 1.52 W, 43, 0x0000000000000001
2026/10/07 08:12:50.410, 0 %, 5 MiB, 4096 MiB, 300 MHz, 1.44 W, 43, 0x0000000000000001
2026/10/07 08:12:52.432, 0 %, 5 MiB, 4096 MiB, 300 MHz, 1.50 W, 43, 0x0000000000000001
2026/10/07 08:12:54.454, 0 %, 5 MiB, 4096 MiB, 300 MHz, 1.46 W, 43, 0x0000000000000001
2026/10/07 08:12:56.475, 0 %, 5 MiB, 4096 MiB, 300 MHz, 1.52 W, 43, 0x0000000000000001
2026/10/07 08:12:58.497, 0 %, 5 MiB, 4096 MiB, 300 MHz, 1.51 W, 43, 0x0000000000000001
2026/10/07 08:13:00.518, 0 %, 5 MiB, 4096 MiB, 300 MHz, 1.50 W, 43, 0x0000000000000001
2026/10/07 08:13:02.540, 0 %, 5 MiB, 4096 MiB, 300 MHz, 1.54 W, 43, 0x0000000000000001
2026/10/07 08:13:04.561, 0 %, 5 MiB, 4096 MiB, 300 MHz, 1.51 W, 43, 0x0000000000000001
2026/10/07 08:13:06.582, 0 %, 5 MiB, 4096 MiB, 300 MHz, 1.48 W, 43, 0x0000000000000001
2026/10/07 08:13:08.604, 0 %, 5 MiB, 4096 MiB, 300 MHz, 1.42 W, 43, 0x0000000000000001
2026/10/07 08:13:10.626, 0 %, 5 MiB, 4096 MiB, 300 MHz, 1.43 W, 43, 0x0000000000000001
2026/10/07 08:13:12.647, 0 %, 5 MiB, 4096 MiB, 300 MHz, 1.55 W, 43, 0x0000000000000001
2026/10/07 08:13:14.669, 0 %, 5 MiB, 4096 MiB, 300 MHz, 1.41 W, 43, 0x0000000000000001
2026/10/07 08:13:16.690, 0 %, 5 MiB, 4096 MiB, 300 MHz, 1.31 W, 43, 0x0000000000000001
2026/10/07 08:13:18.712, 0 %, 5 MiB, 4096 MiB, 300 MHz, 1.44 W, 43, 0x0000000000000001
2026/10/07 08:13:20.733, 0 %, 5 MiB, 4096 MiB, 300 MHz, 1.37 W, 43, 0x0000000000000001
2026/10/07 08:13:22.755, 0 %, 5 MiB, 4096 MiB, 300 MHz, 1.71 W, 43, 0x0000000000000001
2026/10/07 08:13:24.776, 0 %, 5 MiB, 4096 MiB, 300 MHz, 1.52 W, 43, 0x0000000000000001
2026/10/07 08:13:26.797, 0 %, 5 MiB, 4096 MiB, 300 MHz, 1.54 W, 43, 0x0000000000000001
2026/10/07 08:13:28.819, 0 %, 5 MiB, 4096 MiB, 300 MHz, 1.51 W, 43, 0x0000000000000001
2026/10/07 08:13:30.840, 0 %, 5 MiB, 4096 MiB, 300 MHz, 1.55 W, 43, 0x0000000000000001
2026/10/07 08:13:32.862, 0 %, 5 MiB, 4096 MiB, 300 MHz, 1.61 W, 43, 0x0000000000000001
2026/10/07 08:13:34.883, 0 %, 5 MiB, 4096 MiB, 300 MHz, 1.41 W, 43, 0x0000000000000001
2026/10/07 08:13:36.904, 0 %, 5 MiB, 4096 MiB, 300 MHz, 1.46 W, 43, 0x0000000000000001
2026/10/07 08:13:38.926, 0 %, 5 MiB, 4096 MiB, 300 MHz, 1.39 W, 43, 0x0000000000000001
2026/10/07 08:13:40.948, 0 %, 5 MiB, 4096 MiB, 300 MHz, 1.39 W, 43, 0x0000000000000001
2026/10/07 08:13:42.970, 0 %, 5 MiB, 4096 MiB, 300 MHz, 1.68 W, 43, 0x0000000000000001
2026/10/07 08:13:44.991, 0 %, 5 MiB, 4096 MiB, 300 MHz, 1.42 W, 43, 0x0000000000000001
2026/10/07 08:13:47.013, 0 %, 5 MiB, 4096 MiB, 300 MHz, 1.53 W, 43, 0x0000000000000001
2026/10/07 08:13:49.034, 0 %, 5 MiB, 4096 MiB, 300 MHz, 1.46 W, 43, 0x0000000000000001
2026/10/07 08:13:51.055, 0 %, 5 MiB, 4096 MiB, 300 MHz, 1.51 W, 43, 0x0000000000000001
2026/10/07 08:13:53.077, 0 %, 5 MiB, 4096 MiB, 300 MHz, 1.70 W, 43, 0x0000000000000001
2026/10/07 08:13:55.098, 0 %, 5 MiB, 4096 MiB, 300 MHz, 1.43 W, 43, 0x0000000000000001
2026/10/07 08:13:57.120, 0 %, 5 MiB, 4096 MiB, 300 MHz, 1.44 W, 43, 0x0000000000000001
2026/10/07 08:13:59.141, 0 %, 5 MiB, 4096 MiB, 300 MHz, 1.45 W, 43, 0x0000000000000001
2026/10/07 08:14:01.163, 0 %, 5 MiB, 4096 MiB, 300 MHz, 1.41 W, 43, 0x0000000000000001
2026/10/07 08:14:03.184, 0 %, 5 MiB, 4096 MiB, 300 MHz, 1.75 W, 43, 0x0000000000000001
2026/10/07 08:14:05.206, 0 %, 5 MiB, 4096 MiB, 300 MHz, 1.50 W, 43, 0x0000000000000001
2026/10/07 08:14:07.228, 0 %, 5 MiB, 4096 MiB, 300 MHz, 1.49 W, 43, 0x0000000000000001
2026/10/07 08:14:09.250, 0 %, 5 MiB, 4096 MiB, 300 MHz, 1.46 W, 43, 0x0000000000000001
2026/10/07 08:14:11.271, 0 %, 5 MiB, 4096 MiB, 300 MHz, 1.37 W, 43, 0x0000000000000001
2026/10/07 08:14:13.293, 0 %, 5 MiB, 4096 MiB, 300 MHz, 1.75 W, 43, 0x0000000000000001
2026/10/07 08:14:15.314, 0 %, 5 MiB, 4096 MiB, 300 MHz, 1.41 W, 43, 0x0000000000000001
2026/10/07 08:14:17.336, 0 %, 5 MiB, 4096 MiB, 300 MHz, 1.39 W, 43, 0x0000000000000001
2026/10/07 08:14:19.357, 0 %, 5 MiB, 4096 MiB, 300 MHz, 1.42 W, 43, 0x0000000000000001
2026/10/07 08:14:21.379, 0 %, 5 MiB, 4096 MiB, 300 MHz, 1.43 W, 43, 0x0000000000000001
2026/10/07 08:14:23.400, 0 %, 5 MiB, 4096 MiB, 300 MHz, 1.86 W, 43, 0x0000000000000001
2026/10/07 08:14:25.421, 0 %, 5 MiB, 4096 MiB, 300 MHz, 1.46 W, 43, 0x0000000000000001
2026/10/07 08:14:27.443, 0 %, 5 MiB, 4096 MiB, 300 MHz, 1.40 W, 43, 0x0000000000000001
2026/10/07 08:14:29.464, 0 %, 5 MiB, 4096 MiB, 300 MHz, 1.33 W, 43, 0x0000000000000001
2026/10/07 08:14:31.486, 0 %, 5 MiB, 4096 MiB, 300 MHz, 1.43 W, 43, 0x0000000000000001
2026/10/07 08:14:33.507, 0 %, 5 MiB, 4096 MiB, 300 MHz, 1.89 W, 43, 0x0000000000000001
2026/10/07 08:14:35.528, 0 %, 5 MiB, 4096 MiB, 300 MHz, 1.47 W, 43, 0x0000000000000001
2026/10/07 08:14:37.550, 0 %, 5 MiB, 4096 MiB, 300 MHz, 1.52 W, 43, 0x0000000000000001
2026/10/07 08:14:39.571, 0 %, 5 MiB, 4096 MiB, 300 MHz, 1.50 W, 43, 0x0000000000000001
2026/10/07 08:14:41.592, 0 %, 5 MiB, 4096 MiB, 300 MHz, 1.48 W, 43, 0x0000000000000001
2026/10/07 08:14:43.614, 0 %, 5 MiB, 4096 MiB, 300 MHz, 1.48 W, 43, 0x0000000000000001
2026/10/07 08:14:45.635, 0 %, 5 MiB, 4096 MiB, 300 MHz, 1.44 W, 43, 0x0000000000000001
2026/10/07 08:14:47.657, 0 %, 5 MiB, 4096 MiB, 300 MHz, 1.37 W, 43, 0x0000000000000001
2026/10/07 08:14:49.679, 0 %, 5 MiB, 4096 MiB, 300 MHz, 1.45 W, 43, 0x0000000000000001
2026/10/07 08:14:51.700, 0 %, 5 MiB, 4096 MiB, 300 MHz, 1.41 W, 43, 0x0000000000000001
2026/10/07 08:14:53.722, 0 %, 5 MiB, 4096 MiB, 300 MHz, 1.39 W, 43, 0x0000000000000001
2026/10/07 08:14:55.743, 0 %, 5 MiB, 4096 MiB, 300 MHz, 1.53 W, 43, 0x0000000000000001
2026/10/07 08:14:57.765, 0 %, 5 MiB, 4096 MiB, 300 MHz, 1.43 W, 43, 0x0000000000000001
2026/10/07 08:14:59.786, 0 %, 5 MiB, 4096 MiB, 300 MHz, 1.44 W, 43, 0x0000000000000001
2026/10/07 08:15:01.807, 0 %, 5 MiB, 4096 MiB, 300 MHz, 1.46 W, 43, 0x0000000000000001
2026/10/07 08:15:03.829, 0 %, 5 MiB, 4096 MiB, 300 MHz, 1.48 W, 43, 0x0000000000000001
2026/10/07 08:15:05.850, 0 %, 5 MiB, 4096 MiB, 300 MHz, 1.59 W, 43, 0x0000000000000001
2026/10/07 08:15:07.871, 0 %, 5 MiB, 4096 MiB, 300 MHz, 1.51 W, 43, 0x0000000000000001
2026/10/07 08:15:09.892, 0 %, 5 MiB, 4096 MiB, 300 MHz, 1.48 W, 43, 0x0000000000000001
2026/10/07 08:15:11.914, 0 %, 5 MiB, 4096 MiB, 300 MHz, 1.48 W, 43, 0x0000000000000001
2026/10/07 08:15:13.935, 0 %, 5 MiB, 4096 MiB, 300 MHz, 1.47 W, 43, 0x0000000000000001
2026/10/07 08:15:15.957, 0 %, 5 MiB, 4096 MiB, 300 MHz, 1.58 W, 43, 0x0000000000000001
2026/10/07 08:15:17.979, 0 %, 5 MiB, 4096 MiB, 300 MHz, 1.43 W, 43, 0x0000000000000001
2026/10/07 08:15:20.000, 0 %, 5 MiB, 4096 MiB, 300 MHz, 1.45 W, 43, 0x0000000000000001
2026/10/07 08:15:22.021, 0 %, 5 MiB, 4096 MiB, 300 MHz, 1.50 W, 43, 0x0000000000000001
2026/10/07 08:15:24.043, 0 %, 5 MiB, 4096 MiB, 300 MHz, 1.46 W, 43, 0x0000000000000001
2026/10/07 08:15:26.064, 0 %, 5 MiB, 4096 MiB, 300 MHz, 1.63 W, 43, 0x0000000000000001
2026/10/07 08:15:28.085, 0 %, 5 MiB, 4096 MiB, 300 MHz, 1.39 W, 43, 0x0000000000000001
2026/10/07 08:15:30.106, 0 %, 5 MiB, 4096 MiB, 300 MHz, 1.41 W, 43, 0x0000000000000001
2026/10/07 08:15:32.128, 0 %, 5 MiB, 4096 MiB, 300 MHz, 1.38 W, 43, 0x0000000000000001
2026/10/07 08:15:34.150, 0 %, 5 MiB, 4096 MiB, 300 MHz, 1.42 W, 43, 0x0000000000000001
2026/10/07 08:15:36.171, 0 %, 5 MiB, 4096 MiB, 300 MHz, 1.67 W, 43, 0x0000000000000001
2026/10/07 08:15:38.193, 0 %, 5 MiB, 4096 MiB, 300 MHz, 1.50 W, 43, 0x0000000000000001
2026/10/07 08:15:40.214, 0 %, 5 MiB, 4096 MiB, 300 MHz, 1.45 W, 43, 0x0000000000000001
2026/10/07 08:15:42.236, 0 %, 5 MiB, 4096 MiB, 300 MHz, 1.46 W, 43, 0x0000000000000001
2026/10/07 08:15:44.257, 0 %, 5 MiB, 4096 MiB, 300 MHz, 1.43 W, 43, 0x0000000000000001
2026/10/07 08:15:46.279, 0 %, 5 MiB, 4096 MiB, 300 MHz, 1.74 W, 43, 0x0000000000000001
2026/10/07 08:15:48.300, 0 %, 5 MiB, 4096 MiB, 300 MHz, 1.47 W, 43, 0x0000000000000001
2026/10/07 08:15:50.322, 0 %, 5 MiB, 4096 MiB, 300 MHz, 1.41 W, 43, 0x0000000000000001
2026/10/07 08:15:52.343, 0 %, 5 MiB, 4096 MiB, 300 MHz, 1.42 W, 43, 0x0000000000000001
2026/10/07 08:15:54.365, 0 %, 5 MiB, 4096 MiB, 300 MHz, 1.42 W, 43, 0x0000000000000001
2026/10/07 08:15:56.386, 0 %, 5 MiB, 4096 MiB, 300 MHz, 1.70 W, 43, 0x0000000000000001
2026/10/07 08:15:58.408, 0 %, 5 MiB, 4096 MiB, 300 MHz, 1.46 W, 43, 0x0000000000000001
2026/10/07 08:16:00.430, 0 %, 5 MiB, 4096 MiB, 300 MHz, 1.47 W, 43, 0x0000000000000001
2026/10/07 08:16:02.451, 0 %, 5 MiB, 4096 MiB, 300 MHz, 1.45 W, 43, 0x0000000000000001
2026/10/07 08:16:04.472, 0 %, 5 MiB, 4096 MiB, 300 MHz, 1.44 W, 43, 0x0000000000000001
2026/10/07 08:16:06.494, 0 %, 5 MiB, 4096 MiB, 300 MHz, 1.71 W, 43, 0x0000000000000001
2026/10/07 08:16:08.515, 0 %, 5 MiB, 4096 MiB, 300 MHz, 1.48 W, 43, 0x0000000000000001
2026/10/07 08:16:10.536, 0 %, 5 MiB, 4096 MiB, 300 MHz, 1.45 W, 43, 0x0000000000000001
2026/10/07 08:16:12.558, 0 %, 5 MiB, 4096 MiB, 300 MHz, 1.46 W, 43, 0x0000000000000001
2026/10/07 08:16:14.579, 0 %, 5 MiB, 4096 MiB, 300 MHz, 1.45 W, 43, 0x0000000000000001
2026/10/07 08:16:16.602, 0 %, 5 MiB, 4096 MiB, 300 MHz, 1.82 W, 43, 0x0000000000000001
2026/10/07 08:16:18.623, 0 %, 5 MiB, 4096 MiB, 300 MHz, 1.49 W, 43, 0x0000000000000001
2026/10/07 08:16:20.645, 0 %, 5 MiB, 4096 MiB, 300 MHz, 1.45 W, 43, 0x0000000000000001
2026/10/07 08:16:22.666, 0 %, 5 MiB, 4096 MiB, 300 MHz, 1.46 W, 43, 0x0000000000000001
2026/10/07 08:16:24.688, 0 %, 5 MiB, 4096 MiB, 300 MHz, 1.51 W, 43, 0x0000000000000001
2026/10/07 08:16:26.710, 0 %, 5 MiB, 4096 MiB, 300 MHz, 1.75 W, 43, 0x0000000000000001
2026/10/07 08:16:28.731, 0 %, 5 MiB, 4096 MiB, 300 MHz, 1.46 W, 43, 0x0000000000000001
2026/10/07 08:16:30.752, 0 %, 5 MiB, 4096 MiB, 300 MHz, 1.45 W, 43, 0x0000000000000001
2026/10/07 08:16:32.774, 0 %, 5 MiB, 4096 MiB, 300 MHz, 1.42 W, 43, 0x0000000000000001
2026/10/07 08:16:34.796, 0 %, 5 MiB, 4096 MiB, 300 MHz, 1.38 W, 43, 0x0000000000000001
2026/10/07 08:16:36.817, 0 %, 5 MiB, 4096 MiB, 300 MHz, 1.81 W, 43, 0x0000000000000001
2026/10/07 08:16:38.838, 0 %, 5 MiB, 4096 MiB, 300 MHz, 1.43 W, 43, 0x0000000000000001
2026/10/07 08:16:40.860, 0 %, 5 MiB, 4096 MiB, 300 MHz, 1.51 W, 43, 0x0000000000000001
2026/10/07 08:16:42.881, 0 %, 5 MiB, 4096 MiB, 300 MHz, 1.48 W, 43, 0x0000000000000001
2026/10/07 08:16:44.902, 0 %, 5 MiB, 4096 MiB, 300 MHz, 1.47 W, 43, 0x0000000000000001
2026/10/07 08:16:46.924, 0 %, 5 MiB, 4096 MiB, 300 MHz, 1.87 W, 43, 0x0000000000000001
2026/10/07 08:16:48.945, 0 %, 5 MiB, 4096 MiB, 300 MHz, 1.50 W, 43, 0x0000000000000001
2026/10/07 08:16:50.967, 0 %, 5 MiB, 4096 MiB, 300 MHz, 1.46 W, 43, 0x0000000000000001
2026/10/07 08:16:52.988, 0 %, 5 MiB, 4096 MiB, 300 MHz, 1.48 W, 43, 0x0000000000000001
2026/10/07 08:16:55.010, 0 %, 5 MiB, 4096 MiB, 300 MHz, 1.50 W, 43, 0x0000000000000001
2026/10/07 08:16:57.031, 0 %, 5 MiB, 4096 MiB, 300 MHz, 1.55 W, 43, 0x0000000000000001
2026/10/07 08:16:59.053, 0 %, 5 MiB, 4096 MiB, 300 MHz, 1.48 W, 43, 0x0000000000000001
2026/10/07 08:17:01.075, 0 %, 5 MiB, 4096 MiB, 300 MHz, 1.46 W, 43, 0x0000000000000001
2026/10/07 08:17:03.096, 0 %, 5 MiB, 4096 MiB, 300 MHz, 1.46 W, 43, 0x0000000000000001
2026/10/07 08:17:05.118, 0 %, 5 MiB, 4096 MiB, 300 MHz, 1.50 W, 43, 0x0000000000000001
2026/10/07 08:17:07.139, 0 %, 5 MiB, 4096 MiB, 300 MHz, 1.55 W, 43, 0x0000000000000001
2026/10/07 08:17:09.160, 0 %, 5 MiB, 4096 MiB, 300 MHz, 1.44 W, 43, 0x0000000000000001
2026/10/07 08:17:11.182, 0 %, 5 MiB, 4096 MiB, 300 MHz, 1.41 W, 43, 0x0000000000000001
2026/10/07 08:17:13.203, 0 %, 5 MiB, 4096 MiB, 300 MHz, 1.48 W, 43, 0x0000000000000001
2026/10/07 08:17:15.225, 0 %, 5 MiB, 4096 MiB, 300 MHz, 1.41 W, 43, 0x0000000000000001
2026/10/07 08:17:17.247, 0 %, 5 MiB, 4096 MiB, 300 MHz, 1.38 W, 43, 0x0000000000000001
2026/10/07 08:17:19.268, 0 %, 5 MiB, 4096 MiB, 300 MHz, 1.58 W, 43, 0x0000000000000001
2026/10/07 08:17:21.290, 0 %, 5 MiB, 4096 MiB, 300 MHz, 1.46 W, 43, 0x0000000000000001
2026/10/07 08:17:23.312, 0 %, 5 MiB, 4096 MiB, 300 MHz, 1.48 W, 43, 0x0000000000000001
2026/10/07 08:17:25.334, 0 %, 5 MiB, 4096 MiB, 300 MHz, 1.35 W, 43, 0x0000000000000001
2026/10/07 08:17:27.355, 0 %, 5 MiB, 4096 MiB, 300 MHz, 1.49 W, 43, 0x0000000000000001
2026/10/07 08:17:29.376, 0 %, 5 MiB, 4096 MiB, 300 MHz, 1.62 W, 43, 0x0000000000000001
2026/10/07 08:17:31.398, 0 %, 5 MiB, 4096 MiB, 300 MHz, 1.46 W, 43, 0x0000000000000001
2026/10/07 08:17:33.419, 0 %, 5 MiB, 4096 MiB, 300 MHz, 1.42 W, 43, 0x0000000000000001
2026/10/07 08:17:35.441, 0 %, 5 MiB, 4096 MiB, 300 MHz, 1.44 W, 43, 0x0000000000000001
2026/10/07 08:17:37.462, 0 %, 5 MiB, 4096 MiB, 300 MHz, 1.44 W, 43, 0x0000000000000001
2026/10/07 08:17:39.483, 0 %, 5 MiB, 4096 MiB, 300 MHz, 1.58 W, 43, 0x0000000000000001
2026/10/07 08:17:41.505, 0 %, 5 MiB, 4096 MiB, 300 MHz, 1.41 W, 43, 0x0000000000000001
2026/10/07 08:17:43.526, 0 %, 5 MiB, 4096 MiB, 300 MHz, 1.45 W, 43, 0x0000000000000001
2026/10/07 08:17:45.548, 0 %, 5 MiB, 4096 MiB, 300 MHz, 1.46 W, 43, 0x0000000000000001
2026/10/07 08:17:47.569, 0 %, 5 MiB, 4096 MiB, 300 MHz, 1.42 W, 43, 0x0000000000000001
2026/10/07 08:17:49.590, 0 %, 5 MiB, 4096 MiB, 300 MHz, 1.58 W, 43, 0x0000000000000001
2026/10/07 08:17:51.611, 0 %, 5 MiB, 4096 MiB, 300 MHz, 1.42 W, 43, 0x0000000000000001
2026/10/07 08:17:53.633, 0 %, 5 MiB, 4096 MiB, 300 MHz, 1.41 W, 43, 0x0000000000000001
2026/10/07 08:17:55.654, 0 %, 5 MiB, 4096 MiB, 300 MHz, 1.48 W, 43, 0x0000000000000001
2026/10/07 08:17:57.676, 0 %, 5 MiB, 4096 MiB, 300 MHz, 1.44 W, 43, 0x0000000000000001
2026/10/07 08:17:59.697, 0 %, 5 MiB, 4096 MiB, 300 MHz, 1.67 W, 43, 0x0000000000000001
2026/10/07 08:18:01.719, 0 %, 5 MiB, 4096 MiB, 300 MHz, 1.48 W, 43, 0x0000000000000001
2026/10/07 08:18:03.740, 0 %, 5 MiB, 4096 MiB, 300 MHz, 1.50 W, 43, 0x0000000000000001
2026/10/07 08:18:05.762, 0 %, 5 MiB, 4096 MiB, 300 MHz, 1.49 W, 43, 0x0000000000000001
2026/10/07 08:18:07.783, 0 %, 5 MiB, 4096 MiB, 300 MHz, 1.50 W, 43, 0x0000000000000001
2026/10/07 08:18:09.805, 0 %, 5 MiB, 4096 MiB, 300 MHz, 1.62 W, 43, 0x0000000000000001
2026/10/07 08:18:11.826, 0 %, 5 MiB, 4096 MiB, 300 MHz, 1.37 W, 43, 0x0000000000000001
2026/10/07 08:18:13.848, 0 %, 5 MiB, 4096 MiB, 300 MHz, 1.42 W, 43, 0x0000000000000001
2026/10/07 08:18:15.869, 0 %, 5 MiB, 4096 MiB, 300 MHz, 1.46 W, 43, 0x0000000000000001
2026/10/07 08:18:17.890, 0 %, 5 MiB, 4096 MiB, 300 MHz, 1.42 W, 43, 0x0000000000000001
2026/10/07 08:18:19.911, 0 %, 5 MiB, 4096 MiB, 300 MHz, 1.73 W, 43, 0x0000000000000001
2026/10/07 08:18:21.932, 0 %, 5 MiB, 4096 MiB, 300 MHz, 1.44 W, 43, 0x0000000000000001
2026/10/07 08:18:23.954, 0 %, 5 MiB, 4096 MiB, 300 MHz, 1.60 W, 43, 0x0000000000000001
2026/10/07 08:18:25.975, 0 %, 5 MiB, 4096 MiB, 300 MHz, 1.45 W, 43, 0x0000000000000001
2026/10/07 08:18:27.998, 0 %, 5 MiB, 4096 MiB, 300 MHz, 1.48 W, 43, 0x0000000000000001
2026/10/07 08:18:30.019, 0 %, 5 MiB, 4096 MiB, 300 MHz, 1.69 W, 43, 0x0000000000000001
2026/10/07 08:18:32.040, 0 %, 5 MiB, 4096 MiB, 300 MHz, 1.35 W, 43, 0x0000000000000001
2026/10/07 08:18:34.064, 0 %, 5 MiB, 4096 MiB, 300 MHz, 1.55 W, 43, 0x0000000000000001
2026/10/07 08:18:36.086, 0 %, 5 MiB, 4096 MiB, 300 MHz, 1.39 W, 43, 0x0000000000000001
2026/10/07 08:18:38.108, 0 %, 5 MiB, 4096 MiB, 300 MHz, 1.45 W, 43, 0x0000000000000001
2026/10/07 08:18:40.130, 0 %, 5 MiB, 4096 MiB, 300 MHz, 1.80 W, 43, 0x0000000000000001
2026/10/07 08:18:42.152, 0 %, 5 MiB, 4096 MiB, 300 MHz, 1.54 W, 43, 0x0000000000000001
2026/10/07 08:18:44.173, 0 %, 5 MiB, 4096 MiB, 300 MHz, 1.58 W, 43, 0x0000000000000001
2026/10/07 08:18:46.195, 0 %, 5 MiB, 4096 MiB, 300 MHz, 1.55 W, 43, 0x0000000000000001
2026/10/07 08:18:48.216, 0 %, 5 MiB, 4096 MiB, 300 MHz, 1.53 W, 43, 0x0000000000000001
2026/10/07 08:18:50.238, 0 %, 5 MiB, 4096 MiB, 300 MHz, 1.72 W, 43, 0x0000000000000001
2026/10/07 08:18:52.259, 0 %, 5 MiB, 4096 MiB, 300 MHz, 1.42 W, 43, 0x0000000000000001
2026/10/07 08:18:54.280, 0 %, 5 MiB, 4096 MiB, 300 MHz, 1.40 W, 43, 0x0000000000000001
2026/10/07 08:18:56.302, 0 %, 5 MiB, 4096 MiB, 300 MHz, 1.41 W, 43, 0x0000000000000001
2026/10/07 08:18:58.323, 0 %, 5 MiB, 4096 MiB, 300 MHz, 1.45 W, 43, 0x0000000000000001
2026/10/07 08:19:00.344, 0 %, 5 MiB, 4096 MiB, 300 MHz, 1.78 W, 43, 0x0000000000000001
2026/10/07 08:19:02.365, 0 %, 5 MiB, 4096 MiB, 300 MHz, 1.49 W, 43, 0x0000000000000001
2026/10/07 08:19:04.387, 0 %, 5 MiB, 4096 MiB, 300 MHz, 1.43 W, 43, 0x0000000000000001
2026/10/07 08:19:06.408, 0 %, 5 MiB, 4096 MiB, 300 MHz, 1.43 W, 43, 0x0000000000000001
2026/10/07 08:19:08.429, 0 %, 5 MiB, 4096 MiB, 300 MHz, 1.44 W, 43, 0x0000000000000001
2026/10/07 08:19:10.451, 0 %, 5 MiB, 4096 MiB, 300 MHz, 1.82 W, 43, 0x0000000000000001
2026/10/07 08:19:12.473, 0 %, 5 MiB, 4096 MiB, 300 MHz, 1.42 W, 43, 0x0000000000000001
2026/10/07 08:19:14.494, 0 %, 5 MiB, 4096 MiB, 300 MHz, 1.47 W, 43, 0x0000000000000001
2026/10/07 08:19:16.515, 0 %, 5 MiB, 4096 MiB, 300 MHz, 1.47 W, 43, 0x0000000000000001
2026/10/07 08:19:18.537, 0 %, 5 MiB, 4096 MiB, 300 MHz, 1.46 W, 43, 0x0000000000000001
2026/10/07 08:19:20.558, 0 %, 5 MiB, 4096 MiB, 300 MHz, 1.85 W, 43, 0x0000000000000001
2026/10/07 08:19:22.579, 0 %, 5 MiB, 4096 MiB, 300 MHz, 1.48 W, 43, 0x0000000000000001
2026/10/07 08:19:24.600, 0 %, 5 MiB, 4096 MiB, 300 MHz, 1.43 W, 43, 0x0000000000000001
2026/10/07 08:19:26.622, 0 %, 5 MiB, 4096 MiB, 300 MHz, 1.54 W, 43, 0x0000000000000001
2026/10/07 08:19:28.644, 0 %, 5 MiB, 4096 MiB, 300 MHz, 1.44 W, 43, 0x0000000000000001
2026/10/07 08:19:30.666, 0 %, 5 MiB, 4096 MiB, 300 MHz, 1.86 W, 43, 0x0000000000000001
2026/10/07 08:19:32.687, 0 %, 5 MiB, 4096 MiB, 300 MHz, 1.31 W, 43, 0x0000000000000001
2026/10/07 08:19:34.711, 0 %, 5 MiB, 4096 MiB, 300 MHz, 1.47 W, 43, 0x0000000000000001
2026/10/07 08:19:36.732, 0 %, 5 MiB, 4096 MiB, 300 MHz, 1.48 W, 43, 0x0000000000000001
2026/10/07 08:19:38.755, 0 %, 5 MiB, 4096 MiB, 300 MHz, 1.39 W, 43, 0x0000000000000001
2026/10/07 08:19:40.777, 0 %, 5 MiB, 4096 MiB, 300 MHz, 1.85 W, 43, 0x0000000000000001
2026/10/07 08:19:42.798, 0 %, 5 MiB, 4096 MiB, 300 MHz, 1.53 W, 43, 0x0000000000000001
2026/10/07 08:19:44.820, 0 %, 5 MiB, 4096 MiB, 300 MHz, 1.49 W, 43, 0x0000000000000001
2026/10/07 08:19:46.841, 0 %, 5 MiB, 4096 MiB, 300 MHz, 1.49 W, 43, 0x0000000000000001
2026/10/07 08:19:48.862, 0 %, 5 MiB, 4096 MiB, 300 MHz, 1.49 W, 43, 0x0000000000000001
2026/10/07 08:19:50.884, 0 %, 5 MiB, 4096 MiB, 300 MHz, 1.82 W, 43, 0x0000000000000001
2026/10/07 08:19:52.905, 0 %, 5 MiB, 4096 MiB, 300 MHz, 1.43 W, 43, 0x0000000000000001
2026/10/07 08:19:54.927, 0 %, 5 MiB, 4096 MiB, 300 MHz, 1.43 W, 43, 0x0000000000000001
2026/10/07 08:19:56.948, 0 %, 5 MiB, 4096 MiB, 300 MHz, 1.39 W, 43, 0x0000000000000001
2026/10/07 08:19:58.969, 0 %, 5 MiB, 4096 MiB, 300 MHz, 1.39 W, 43, 0x0000000000000001
2026/10/07 08:20:00.990, 0 %, 5 MiB, 4096 MiB, 300 MHz, 1.43 W, 43, 0x0000000000000001
2026/10/07 08:20:03.012, 0 %, 5 MiB, 4096 MiB, 300 MHz, 1.48 W, 43, 0x0000000000000001
2026/10/07 08:20:05.033, 0 %, 5 MiB, 4096 MiB, 300 MHz, 1.49 W, 43, 0x0000000000000001
2026/10/07 08:20:07.056, 0 %, 5 MiB, 4096 MiB, 300 MHz, 1.47 W, 43, 0x0000000000000001
2026/10/07 08:20:09.077, 0 %, 5 MiB, 4096 MiB, 300 MHz, 1.32 W, 43, 0x0000000000000001
2026/10/07 08:20:11.099, 0 %, 5 MiB, 4096 MiB, 300 MHz, 1.39 W, 43, 0x0000000000000001
2026/10/07 08:20:13.121, 0 %, 5 MiB, 4096 MiB, 300 MHz, 1.44 W, 43, 0x0000000000000001
2026/10/07 08:20:15.143, 0 %, 5 MiB, 4096 MiB, 300 MHz, 1.39 W, 43, 0x0000000000000001
2026/10/07 08:20:17.164, 0 %, 5 MiB, 4096 MiB, 300 MHz, 1.39 W, 43, 0x0000000000000001
2026/10/07 08:20:19.188, 0 %, 5 MiB, 4096 MiB, 300 MHz, 1.39 W, 43, 0x0000000000000001
2026/10/07 08:20:21.210, 0 %, 5 MiB, 4096 MiB, 300 MHz, 1.42 W, 43, 0x0000000000000001
2026/10/07 08:20:23.231, 0 %, 5 MiB, 4096 MiB, 300 MHz, 1.59 W, 43, 0x0000000000000001
2026/10/07 08:20:25.253, 0 %, 5 MiB, 4096 MiB, 300 MHz, 1.53 W, 43, 0x0000000000000001
2026/10/07 08:20:27.274, 0 %, 5 MiB, 4096 MiB, 300 MHz, 1.53 W, 43, 0x0000000000000001
2026/10/07 08:20:29.296, 0 %, 5 MiB, 4096 MiB, 300 MHz, 1.50 W, 43, 0x0000000000000001
2026/10/07 08:20:31.317, 0 %, 5 MiB, 4096 MiB, 300 MHz, 1.58 W, 43, 0x0000000000000001
2026/10/07 08:20:33.339, 0 %, 5 MiB, 4096 MiB, 300 MHz, 1.47 W, 43, 0x0000000000000001
2026/10/07 08:20:35.360, 0 %, 5 MiB, 4096 MiB, 300 MHz, 1.43 W, 43, 0x0000000000000001
2026/10/07 08:20:37.382, 0 %, 5 MiB, 4096 MiB, 300 MHz, 1.45 W, 43, 0x0000000000000001
2026/10/07 08:20:39.404, 0 %, 5 MiB, 4096 MiB, 300 MHz, 1.45 W, 43, 0x0000000000000001
2026/10/07 08:20:41.425, 0 %, 5 MiB, 4096 MiB, 300 MHz, 1.42 W, 43, 0x0000000000000001
2026/10/07 08:20:43.447, 0 %, 5 MiB, 4096 MiB, 300 MHz, 1.56 W, 43, 0x0000000000000001
2026/10/07 08:20:45.469, 0 %, 5 MiB, 4096 MiB, 300 MHz, 1.42 W, 43, 0x0000000000000001
2026/10/07 08:20:47.491, 0 %, 5 MiB, 4096 MiB, 300 MHz, 1.51 W, 43, 0x0000000000000001
2026/10/07 08:20:49.512, 0 %, 5 MiB, 4096 MiB, 300 MHz, 1.49 W, 43, 0x0000000000000001
2026/10/07 08:20:51.534, 0 %, 5 MiB, 4096 MiB, 300 MHz, 1.43 W, 43, 0x0000000000000001
2026/10/07 08:20:53.555, 0 %, 5 MiB, 4096 MiB, 300 MHz, 1.62 W, 43, 0x0000000000000001
2026/10/07 08:20:55.577, 0 %, 5 MiB, 4096 MiB, 300 MHz, 1.47 W, 43, 0x0000000000000001
2026/10/07 08:20:57.599, 0 %, 5 MiB, 4096 MiB, 300 MHz, 1.38 W, 43, 0x0000000000000001
2026/10/07 08:20:59.620, 0 %, 5 MiB, 4096 MiB, 300 MHz, 1.42 W, 43, 0x0000000000000001
2026/10/07 08:21:01.641, 0 %, 5 MiB, 4096 MiB, 300 MHz, 1.46 W, 43, 0x0000000000000001
2026/10/07 08:21:03.662, 0 %, 5 MiB, 4096 MiB, 300 MHz, 1.58 W, 43, 0x0000000000000001
2026/10/07 08:21:05.683, 0 %, 5 MiB, 4096 MiB, 300 MHz, 1.44 W, 43, 0x0000000000000001
2026/10/07 08:21:07.705, 0 %, 5 MiB, 4096 MiB, 300 MHz, 1.45 W, 43, 0x0000000000000001
2026/10/07 08:21:09.726, 0 %, 5 MiB, 4096 MiB, 300 MHz, 1.53 W, 43, 0x0000000000000001
2026/10/07 08:21:11.747, 0 %, 5 MiB, 4096 MiB, 300 MHz, 1.41 W, 43, 0x0000000000000001
2026/10/07 08:21:13.768, 0 %, 5 MiB, 4096 MiB, 300 MHz, 1.66 W, 43, 0x0000000000000001
2026/10/07 08:21:15.789, 0 %, 5 MiB, 4096 MiB, 300 MHz, 1.46 W, 43, 0x0000000000000001
2026/10/07 08:21:17.811, 0 %, 5 MiB, 4096 MiB, 300 MHz, 1.40 W, 43, 0x0000000000000001
2026/10/07 08:21:19.832, 0 %, 5 MiB, 4096 MiB, 300 MHz, 1.48 W, 43, 0x0000000000000001
2026/10/07 08:21:21.854, 0 %, 5 MiB, 4096 MiB, 300 MHz, 1.50 W, 43, 0x0000000000000001
2026/10/07 08:21:23.875, 0 %, 5 MiB, 4096 MiB, 300 MHz, 1.77 W, 43, 0x0000000000000001
2026/10/07 08:21:25.897, 0 %, 5 MiB, 4096 MiB, 300 MHz, 1.51 W, 43, 0x0000000000000001
2026/10/07 08:21:27.918, 0 %, 5 MiB, 4096 MiB, 300 MHz, 1.51 W, 43, 0x0000000000000001
2026/10/07 08:21:29.939, 0 %, 5 MiB, 4096 MiB, 300 MHz, 1.45 W, 43, 0x0000000000000001
2026/10/07 08:21:31.960, 0 %, 5 MiB, 4096 MiB, 300 MHz, 1.45 W, 43, 0x0000000000000001
2026/10/07 08:21:33.982, 0 %, 5 MiB, 4096 MiB, 300 MHz, 1.66 W, 43, 0x0000000000000001
2026/10/07 08:21:36.004, 0 %, 5 MiB, 4096 MiB, 300 MHz, 1.38 W, 43, 0x0000000000000001
2026/10/07 08:21:38.025, 0 %, 5 MiB, 4096 MiB, 300 MHz, 1.44 W, 43, 0x0000000000000001
2026/10/07 08:21:40.047, 0 %, 5 MiB, 4096 MiB, 300 MHz, 1.43 W, 43, 0x0000000000000001
2026/10/07 08:21:42.070, 0 %, 5 MiB, 4096 MiB, 300 MHz, 1.43 W, 43, 0x0000000000000001
2026/10/07 08:21:44.091, 0 %, 5 MiB, 4096 MiB, 300 MHz, 1.78 W, 43, 0x0000000000000001
2026/10/07 08:21:46.113, 0 %, 5 MiB, 4096 MiB, 300 MHz, 1.46 W, 43, 0x0000000000000001
2026/10/07 08:21:48.134, 0 %, 5 MiB, 4096 MiB, 300 MHz, 1.47 W, 43, 0x0000000000000001
2026/10/07 08:21:50.155, 0 %, 5 MiB, 4096 MiB, 300 MHz, 1.42 W, 43, 0x0000000000000001
2026/10/07 08:21:52.177, 0 %, 5 MiB, 4096 MiB, 300 MHz, 1.45 W, 43, 0x0000000000000001
2026/10/07 08:21:54.199, 0 %, 5 MiB, 4096 MiB, 300 MHz, 1.70 W, 43, 0x0000000000000001
2026/10/07 08:21:56.221, 0 %, 5 MiB, 4096 MiB, 300 MHz, 1.39 W, 43, 0x0000000000000001
2026/10/07 08:21:58.242, 0 %, 5 MiB, 4096 MiB, 300 MHz, 1.44 W, 43, 0x0000000000000001
2026/10/07 08:22:00.263, 0 %, 5 MiB, 4096 MiB, 300 MHz, 1.40 W, 43, 0x0000000000000001
2026/10/07 08:22:02.285, 0 %, 5 MiB, 4096 MiB, 300 MHz, 1.43 W, 43, 0x0000000000000001
2026/10/07 08:22:04.307, 0 %, 5 MiB, 4096 MiB, 300 MHz, 1.80 W, 43, 0x0000000000000001
2026/10/07 08:22:06.328, 0 %, 5 MiB, 4096 MiB, 300 MHz, 1.57 W, 43, 0x0000000000000001
2026/10/07 08:22:08.350, 0 %, 5 MiB, 4096 MiB, 300 MHz, 1.59 W, 43, 0x0000000000000001
2026/10/07 08:22:10.371, 0 %, 5 MiB, 4096 MiB, 300 MHz, 1.56 W, 43, 0x0000000000000001
2026/10/07 08:22:12.393, 0 %, 5 MiB, 4096 MiB, 300 MHz, 1.52 W, 43, 0x0000000000000001
2026/10/07 08:22:14.414, 0 %, 5 MiB, 4096 MiB, 300 MHz, 1.79 W, 43, 0x0000000000000001
2026/10/07 08:22:16.438, 0 %, 5 MiB, 4096 MiB, 300 MHz, 1.45 W, 43, 0x0000000000000001
2026/10/07 08:22:18.459, 0 %, 5 MiB, 4096 MiB, 300 MHz, 1.39 W, 43, 0x0000000000000001
2026/10/07 08:22:20.481, 0 %, 5 MiB, 4096 MiB, 300 MHz, 1.43 W, 43, 0x0000000000000001
2026/10/07 08:22:22.502, 0 %, 5 MiB, 4096 MiB, 300 MHz, 1.47 W, 43, 0x0000000000000001
2026/10/07 08:22:24.523, 0 %, 5 MiB, 4096 MiB, 300 MHz, 1.82 W, 43, 0x0000000000000001
2026/10/07 08:22:26.546, 0 %, 5 MiB, 4096 MiB, 300 MHz, 1.48 W, 43, 0x0000000000000001
2026/10/07 08:22:28.567, 0 %, 5 MiB, 4096 MiB, 300 MHz, 1.50 W, 43, 0x0000000000000001
2026/10/07 08:22:30.589, 0 %, 5 MiB, 4096 MiB, 300 MHz, 1.44 W, 43, 0x0000000000000001
2026/10/07 08:22:32.610, 0 %, 5 MiB, 4096 MiB, 300 MHz, 1.47 W, 43, 0x0000000000000001
2026/10/07 08:22:34.631, 0 %, 5 MiB, 4096 MiB, 300 MHz, 1.80 W, 43, 0x0000000000000001
2026/10/07 08:22:36.653, 0 %, 5 MiB, 4096 MiB, 300 MHz, 1.40 W, 43, 0x0000000000000001
2026/10/07 08:22:38.675, 0 %, 5 MiB, 4096 MiB, 300 MHz, 1.41 W, 43, 0x0000000000000001
2026/10/07 08:22:40.696, 0 %, 5 MiB, 4096 MiB, 300 MHz, 1.47 W, 43, 0x0000000000000001
2026/10/07 08:22:42.717, 0 %, 5 MiB, 4096 MiB, 300 MHz, 1.45 W, 43, 0x0000000000000001
2026/10/07 08:22:44.739, 0 %, 5 MiB, 4096 MiB, 300 MHz, 1.90 W, 43, 0x0000000000000001
2026/10/07 08:22:46.761, 0 %, 5 MiB, 4096 MiB, 300 MHz, 1.53 W, 43, 0x0000000000000001
2026/10/07 08:22:48.783, 0 %, 5 MiB, 4096 MiB, 300 MHz, 1.50 W, 43, 0x0000000000000001
2026/10/07 08:22:50.804, 0 %, 5 MiB, 4096 MiB, 300 MHz, 1.46 W, 43, 0x0000000000000001
2026/10/07 08:22:52.825, 0 %, 5 MiB, 4096 MiB, 300 MHz, 1.49 W, 43, 0x0000000000000001
2026/10/07 08:22:54.847, 0 %, 5 MiB, 4096 MiB, 300 MHz, 1.50 W, 43, 0x0000000000000001
2026/10/07 08:22:56.868, 0 %, 5 MiB, 4096 MiB, 300 MHz, 1.57 W, 43, 0x0000000000000001
2026/10/07 08:22:58.890, 0 %, 5 MiB, 4096 MiB, 300 MHz, 1.43 W, 43, 0x0000000000000001
2026/10/07 08:23:00.912, 0 %, 5 MiB, 4096 MiB, 300 MHz, 1.46 W, 43, 0x0000000000000001
2026/10/07 08:23:02.933, 0 %, 5 MiB, 4096 MiB, 300 MHz, 1.45 W, 43, 0x0000000000000001
2026/10/07 08:23:04.955, 0 %, 5 MiB, 4096 MiB, 300 MHz, 1.49 W, 43, 0x0000000000000001
2026/10/07 08:23:06.977, 0 %, 5 MiB, 4096 MiB, 300 MHz, 1.44 W, 43, 0x0000000000000001
2026/10/07 08:23:08.998, 0 %, 5 MiB, 4096 MiB, 300 MHz, 1.40 W, 43, 0x0000000000000001
2026/10/07 08:23:11.019, 0 %, 5 MiB, 4096 MiB, 300 MHz, 1.48 W, 43, 0x0000000000000001
2026/10/07 08:23:13.041, 0 %, 5 MiB, 4096 MiB, 300 MHz, 1.48 W, 43, 0x0000000000000001
2026/10/07 08:23:15.062, 0 %, 5 MiB, 4096 MiB, 300 MHz, 1.48 W, 43, 0x0000000000000001
2026/10/07 08:23:17.083, 0 %, 5 MiB, 4096 MiB, 300 MHz, 1.43 W, 43, 0x0000000000000001
2026/10/07 08:23:19.105, 0 %, 5 MiB, 4096 MiB, 300 MHz, 1.45 W, 43, 0x0000000000000001
2026/10/07 08:23:21.126, 0 %, 5 MiB, 4096 MiB, 300 MHz, 1.39 W, 43, 0x0000000000000001
2026/10/07 08:23:23.147, 0 %, 5 MiB, 4096 MiB, 300 MHz, 1.43 W, 43, 0x0000000000000001
2026/10/07 08:23:25.169, 0 %, 5 MiB, 4096 MiB, 300 MHz, 1.44 W, 43, 0x0000000000000001
2026/10/07 08:23:27.190, 0 %, 5 MiB, 4096 MiB, 300 MHz, 1.58 W, 43, 0x0000000000000001
2026/10/07 08:23:29.212, 0 %, 5 MiB, 4096 MiB, 300 MHz, 1.52 W, 43, 0x0000000000000001
2026/10/07 08:23:31.234, 0 %, 5 MiB, 4096 MiB, 300 MHz, 1.52 W, 43, 0x0000000000000001
2026/10/07 08:23:33.255, 0 %, 5 MiB, 4096 MiB, 300 MHz, 1.47 W, 43, 0x0000000000000001
2026/10/07 08:23:35.277, 0 %, 5 MiB, 4096 MiB, 300 MHz, 1.47 W, 43, 0x0000000000000001
2026/10/07 08:23:37.299, 0 %, 5 MiB, 4096 MiB, 300 MHz, 1.54 W, 43, 0x0000000000000001
2026/10/07 08:23:39.322, 0 %, 5 MiB, 4096 MiB, 300 MHz, 1.42 W, 43, 0x0000000000000001
2026/10/07 08:23:41.344, 0 %, 5 MiB, 4096 MiB, 300 MHz, 1.45 W, 43, 0x0000000000000001
2026/10/07 08:23:43.365, 0 %, 5 MiB, 4096 MiB, 300 MHz, 1.47 W, 43, 0x0000000000000001
2026/10/07 08:23:45.386, 0 %, 5 MiB, 4096 MiB, 300 MHz, 1.47 W, 43, 0x0000000000000001
2026/10/07 08:23:47.408, 0 %, 5 MiB, 4096 MiB, 300 MHz, 1.62 W, 43, 0x0000000000000001
2026/10/07 08:23:49.429, 0 %, 5 MiB, 4096 MiB, 300 MHz, 1.47 W, 43, 0x0000000000000001
2026/10/07 08:23:51.450, 0 %, 5 MiB, 4096 MiB, 300 MHz, 1.17 W, 43, 0x0000000000000001
2026/10/07 08:23:53.473, 0 %, 5 MiB, 4096 MiB, 300 MHz, 1.44 W, 43, 0x0000000000000001
2026/10/07 08:23:55.494, 0 %, 5 MiB, 4096 MiB, 300 MHz, 1.49 W, 43, 0x0000000000000001
2026/10/07 08:23:57.515, 0 %, 5 MiB, 4096 MiB, 300 MHz, 1.64 W, 43, 0x0000000000000001
2026/10/07 08:23:59.536, 0 %, 5 MiB, 4096 MiB, 300 MHz, 1.55 W, 43, 0x0000000000000001
2026/10/07 08:24:01.558, 0 %, 5 MiB, 4096 MiB, 300 MHz, 1.55 W, 43, 0x0000000000000001
2026/10/07 08:24:03.580, 0 %, 5 MiB, 4096 MiB, 300 MHz, 1.51 W, 43, 0x0000000000000001
2026/10/07 08:24:05.601, 0 %, 5 MiB, 4096 MiB, 300 MHz, 1.47 W, 43, 0x0000000000000001
2026/10/07 08:24:07.622, 0 %, 5 MiB, 4096 MiB, 300 MHz, 1.64 W, 43, 0x0000000000000001
2026/10/07 08:24:09.643, 0 %, 5 MiB, 4096 MiB, 300 MHz, 1.43 W, 43, 0x0000000000000001
2026/10/07 08:24:11.665, 0 %, 5 MiB, 4096 MiB, 300 MHz, 1.47 W, 43, 0x0000000000000001
2026/10/07 08:24:13.686, 0 %, 5 MiB, 4096 MiB, 300 MHz, 1.47 W, 43, 0x0000000000000001
2026/10/07 08:24:15.708, 0 %, 5 MiB, 4096 MiB, 300 MHz, 1.51 W, 43, 0x0000000000000001
2026/10/07 08:24:17.729, 0 %, 5 MiB, 4096 MiB, 300 MHz, 1.65 W, 43, 0x0000000000000001
2026/10/07 08:24:19.750, 0 %, 5 MiB, 4096 MiB, 300 MHz, 1.43 W, 43, 0x0000000000000001
2026/10/07 08:24:21.771, 0 %, 5 MiB, 4096 MiB, 300 MHz, 1.39 W, 43, 0x0000000000000001
2026/10/07 08:24:23.793, 0 %, 5 MiB, 4096 MiB, 300 MHz, 1.39 W, 43, 0x0000000000000001
2026/10/07 08:24:25.814, 0 %, 5 MiB, 4096 MiB, 300 MHz, 1.45 W, 43, 0x0000000000000001
2026/10/07 08:24:27.836, 0 %, 5 MiB, 4096 MiB, 300 MHz, 1.79 W, 43, 0x0000000000000001
2026/10/07 08:24:29.858, 0 %, 5 MiB, 4096 MiB, 300 MHz, 1.45 W, 43, 0x0000000000000001
2026/10/07 08:24:31.879, 0 %, 5 MiB, 4096 MiB, 300 MHz, 1.50 W, 43, 0x0000000000000001
2026/10/07 08:24:33.900, 0 %, 5 MiB, 4096 MiB, 300 MHz, 1.49 W, 43, 0x0000000000000001
2026/10/07 08:24:35.922, 0 %, 5 MiB, 4096 MiB, 300 MHz, 1.50 W, 43, 0x0000000000000001
2026/10/07 08:24:37.944, 0 %, 5 MiB, 4096 MiB, 300 MHz, 1.77 W, 43, 0x0000000000000001
2026/10/07 08:24:39.965, 0 %, 5 MiB, 4096 MiB, 300 MHz, 1.26 W, 43, 0x0000000000000001
2026/10/07 08:24:41.986, 0 %, 5 MiB, 4096 MiB, 300 MHz, 1.44 W, 43, 0x0000000000000001
2026/10/07 08:24:44.007, 0 %, 5 MiB, 4096 MiB, 300 MHz, 1.47 W, 43, 0x0000000000000001
2026/10/07 08:24:46.029, 0 %, 5 MiB, 4096 MiB, 300 MHz, 1.46 W, 43, 0x0000000000000001
2026/10/07 08:24:48.050, 0 %, 5 MiB, 4096 MiB, 300 MHz, 1.85 W, 43, 0x0000000000000001
2026/10/07 08:24:50.071, 0 %, 5 MiB, 4096 MiB, 300 MHz, 1.52 W, 43, 0x0000000000000001
2026/10/07 08:24:52.092, 0 %, 5 MiB, 4096 MiB, 300 MHz, 1.49 W, 43, 0x0000000000000001
2026/10/07 08:24:54.114, 0 %, 5 MiB, 4096 MiB, 300 MHz, 1.47 W, 43, 0x0000000000000001
2026/10/07 08:24:56.136, 0 %, 5 MiB, 4096 MiB, 300 MHz, 1.48 W, 43, 0x0000000000000001
2026/10/07 08:24:58.157, 0 %, 5 MiB, 4096 MiB, 300 MHz, 1.78 W, 43, 0x0000000000000001
2026/10/07 08:25:00.178, 0 %, 5 MiB, 4096 MiB, 300 MHz, 1.40 W, 43, 0x0000000000000001
2026/10/07 08:25:02.199, 0 %, 5 MiB, 4096 MiB, 300 MHz, 1.44 W, 43, 0x0000000000000001
2026/10/07 08:25:04.221, 0 %, 5 MiB, 4096 MiB, 300 MHz, 1.46 W, 43, 0x0000000000000001
2026/10/07 08:25:06.242, 0 %, 5 MiB, 4096 MiB, 300 MHz, 1.39 W, 43, 0x0000000000000001
2026/10/07 08:25:08.264, 0 %, 5 MiB, 4096 MiB, 300 MHz, 1.42 W, 43, 0x0000000000000001
2026/10/07 08:25:10.285, 0 %, 5 MiB, 4096 MiB, 300 MHz, 1.47 W, 43, 0x0000000000000001
2026/10/07 08:25:12.306, 0 %, 5 MiB, 4096 MiB, 300 MHz, 1.48 W, 43, 0x0000000000000001
2026/10/07 08:25:14.328, 0 %, 5 MiB, 4096 MiB, 300 MHz, 1.46 W, 43, 0x0000000000000001
2026/10/07 08:25:16.349, 0 %, 5 MiB, 4096 MiB, 300 MHz, 1.53 W, 43, 0x0000000000000001
2026/10/07 08:25:18.371, 0 %, 5 MiB, 4096 MiB, 300 MHz, 1.50 W, 43, 0x0000000000000001
2026/10/07 08:25:20.393, 0 %, 5 MiB, 4096 MiB, 300 MHz, 1.46 W, 43, 0x0000000000000001
2026/10/07 08:25:22.415, 0 %, 5 MiB, 4096 MiB, 300 MHz, 1.44 W, 43, 0x0000000000000001
2026/10/07 08:25:24.436, 0 %, 5 MiB, 4096 MiB, 300 MHz, 1.40 W, 43, 0x0000000000000001
2026/10/07 08:25:26.458, 0 %, 5 MiB, 4096 MiB, 300 MHz, 1.46 W, 43, 0x0000000000000001
2026/10/07 08:25:28.479, 0 %, 5 MiB, 4096 MiB, 300 MHz, 1.43 W, 43, 0x0000000000000001
2026/10/07 08:25:30.501, 0 %, 5 MiB, 4096 MiB, 300 MHz, 1.49 W, 43, 0x0000000000000001
2026/10/07 08:25:32.522, 0 %, 5 MiB, 4096 MiB, 300 MHz, 1.45 W, 43, 0x0000000000000001
2026/10/07 08:25:34.544, 0 %, 5 MiB, 4096 MiB, 300 MHz, 1.45 W, 43, 0x0000000000000001
2026/10/07 08:25:36.565, 0 %, 5 MiB, 4096 MiB, 300 MHz, 1.47 W, 43, 0x0000000000000001
2026/10/07 08:25:38.586, 0 %, 5 MiB, 4096 MiB, 300 MHz, 1.39 W, 43, 0x0000000000000001
2026/10/07 08:25:40.607, 0 %, 5 MiB, 4096 MiB, 300 MHz, 1.63 W, 43, 0x0000000000000001
2026/10/07 08:25:42.629, 0 %, 5 MiB, 4096 MiB, 300 MHz, 1.50 W, 43, 0x0000000000000001
2026/10/07 08:25:44.650, 0 %, 5 MiB, 4096 MiB, 300 MHz, 1.50 W, 43, 0x0000000000000001
2026/10/07 08:25:46.673, 0 %, 5 MiB, 4096 MiB, 300 MHz, 1.51 W, 43, 0x0000000000000001
2026/10/07 08:25:48.695, 0 %, 5 MiB, 4096 MiB, 300 MHz, 1.54 W, 43, 0x0000000000000001
2026/10/07 08:25:50.717, 0 %, 5 MiB, 4096 MiB, 300 MHz, 1.58 W, 43, 0x0000000000000001
2026/10/07 08:25:52.738, 0 %, 5 MiB, 4096 MiB, 300 MHz, 1.50 W, 43, 0x0000000000000001
2026/10/07 08:25:54.759, 0 %, 5 MiB, 4096 MiB, 300 MHz, 1.39 W, 43, 0x0000000000000001
2026/10/07 08:25:56.780, 0 %, 5 MiB, 4096 MiB, 300 MHz, 1.42 W, 43, 0x0000000000000001
2026/10/07 08:25:58.802, 0 %, 5 MiB, 4096 MiB, 300 MHz, 1.44 W, 43, 0x0000000000000001
2026/10/07 08:26:00.824, 0 %, 5 MiB, 4096 MiB, 300 MHz, 1.67 W, 43, 0x0000000000000001
2026/10/07 08:26:02.846, 0 %, 5 MiB, 4096 MiB, 300 MHz, 1.44 W, 43, 0x0000000000000001
2026/10/07 08:26:04.867, 0 %, 5 MiB, 4096 MiB, 300 MHz, 1.48 W, 43, 0x0000000000000001
2026/10/07 08:26:06.889, 0 %, 5 MiB, 4096 MiB, 300 MHz, 1.52 W, 43, 0x0000000000000001
2026/10/07 08:26:08.910, 0 %, 5 MiB, 4096 MiB, 300 MHz, 1.50 W, 43, 0x0000000000000001
2026/10/07 08:26:10.932, 0 %, 5 MiB, 4096 MiB, 300 MHz, 1.62 W, 43, 0x0000000000000001
2026/10/07 08:26:12.953, 0 %, 5 MiB, 4096 MiB, 300 MHz, 1.41 W, 43, 0x0000000000000001
2026/10/07 08:26:14.974, 0 %, 5 MiB, 4096 MiB, 300 MHz, 1.43 W, 43, 0x0000000000000001
2026/10/07 08:26:16.996, 0 %, 5 MiB, 4096 MiB, 300 MHz, 1.52 W, 43, 0x0000000000000001
2026/10/07 08:26:19.017, 0 %, 5 MiB, 4096 MiB, 300 MHz, 1.47 W, 43, 0x0000000000000001
2026/10/07 08:26:21.039, 0 %, 5 MiB, 4096 MiB, 300 MHz, 1.62 W, 43, 0x0000000000000001
2026/10/07 08:26:23.061, 0 %, 5 MiB, 4096 MiB, 300 MHz, 1.52 W, 43, 0x0000000000000001
2026/10/07 08:26:25.082, 0 %, 5 MiB, 4096 MiB, 300 MHz, 1.47 W, 43, 0x0000000000000001
2026/10/07 08:26:27.104, 0 %, 5 MiB, 4096 MiB, 300 MHz, 1.45 W, 43, 0x0000000000000001
2026/10/07 08:26:29.125, 0 %, 5 MiB, 4096 MiB, 300 MHz, 1.42 W, 43, 0x0000000000000001
2026/10/07 08:26:31.147, 0 %, 5 MiB, 4096 MiB, 300 MHz, 1.64 W, 43, 0x0000000000000001
2026/10/07 08:26:33.168, 0 %, 5 MiB, 4096 MiB, 300 MHz, 1.42 W, 43, 0x0000000000000001
2026/10/07 08:26:35.190, 0 %, 5 MiB, 4096 MiB, 300 MHz, 1.49 W, 43, 0x0000000000000001
2026/10/07 08:26:37.211, 0 %, 5 MiB, 4096 MiB, 300 MHz, 1.44 W, 43, 0x0000000000000001
2026/10/07 08:26:39.232, 0 %, 5 MiB, 4096 MiB, 300 MHz, 1.42 W, 43, 0x0000000000000001
2026/10/07 08:26:41.254, 0 %, 5 MiB, 4096 MiB, 300 MHz, 1.67 W, 43, 0x0000000000000001
2026/10/07 08:26:43.276, 0 %, 5 MiB, 4096 MiB, 300 MHz, 1.43 W, 43, 0x0000000000000001
2026/10/07 08:26:45.297, 0 %, 5 MiB, 4096 MiB, 300 MHz, 1.42 W, 43, 0x0000000000000001
2026/10/07 08:26:47.319, 0 %, 5 MiB, 4096 MiB, 300 MHz, 1.42 W, 43, 0x0000000000000001
2026/10/07 08:26:49.341, 0 %, 5 MiB, 4096 MiB, 300 MHz, 1.44 W, 43, 0x0000000000000001
2026/10/07 08:26:51.362, 0 %, 5 MiB, 4096 MiB, 300 MHz, 1.63 W, 43, 0x0000000000000001
2026/10/07 08:26:53.383, 0 %, 5 MiB, 4096 MiB, 300 MHz, 1.42 W, 43, 0x0000000000000001
2026/10/07 08:26:55.405, 0 %, 5 MiB, 4096 MiB, 300 MHz, 1.43 W, 43, 0x0000000000000001
2026/10/07 08:26:57.428, 0 %, 5 MiB, 4096 MiB, 300 MHz, 1.38 W, 43, 0x0000000000000001
2026/10/07 08:26:59.449, 0 %, 5 MiB, 4096 MiB, 300 MHz, 1.38 W, 43, 0x0000000000000001
2026/10/07 08:27:01.471, 0 %, 5 MiB, 4096 MiB, 300 MHz, 1.66 W, 43, 0x0000000000000001
2026/10/07 08:27:03.492, 0 %, 5 MiB, 4096 MiB, 300 MHz, 1.42 W, 43, 0x0000000000000001
2026/10/07 08:27:05.514, 0 %, 5 MiB, 4096 MiB, 300 MHz, 1.46 W, 43, 0x0000000000000001
2026/10/07 08:27:07.535, 0 %, 5 MiB, 4096 MiB, 300 MHz, 1.46 W, 43, 0x0000000000000001
2026/10/07 08:27:09.557, 0 %, 5 MiB, 4096 MiB, 300 MHz, 1.44 W, 43, 0x0000000000000001
2026/10/07 08:27:11.579, 0 %, 5 MiB, 4096 MiB, 300 MHz, 1.68 W, 43, 0x0000000000000001
2026/10/07 08:27:13.600, 0 %, 5 MiB, 4096 MiB, 300 MHz, 1.39 W, 43, 0x0000000000000001
2026/10/07 08:27:15.621, 0 %, 5 MiB, 4096 MiB, 300 MHz, 1.41 W, 43, 0x0000000000000001
2026/10/07 08:27:17.642, 0 %, 5 MiB, 4096 MiB, 300 MHz, 1.42 W, 43, 0x0000000000000001
2026/10/07 08:27:19.664, 0 %, 5 MiB, 4096 MiB, 300 MHz, 1.40 W, 43, 0x0000000000000001
2026/10/07 08:27:21.686, 0 %, 5 MiB, 4096 MiB, 300 MHz, 1.79 W, 43, 0x0000000000000001
2026/10/07 08:27:23.707, 0 %, 5 MiB, 4096 MiB, 300 MHz, 1.52 W, 43, 0x0000000000000001
2026/10/07 08:27:25.728, 0 %, 5 MiB, 4096 MiB, 300 MHz, 1.53 W, 43, 0x0000000000000001
2026/10/07 08:27:27.750, 0 %, 5 MiB, 4096 MiB, 300 MHz, 1.51 W, 43, 0x0000000000000001
2026/10/07 08:27:29.771, 0 %, 5 MiB, 4096 MiB, 300 MHz, 1.52 W, 43, 0x0000000000000001
2026/10/07 08:27:31.793, 0 %, 5 MiB, 4096 MiB, 300 MHz, 1.73 W, 43, 0x0000000000000001
2026/10/07 08:27:33.814, 0 %, 5 MiB, 4096 MiB, 300 MHz, 1.46 W, 43, 0x0000000000000001
2026/10/07 08:27:35.835, 0 %, 5 MiB, 4096 MiB, 300 MHz, 1.37 W, 43, 0x0000000000000001
2026/10/07 08:27:37.857, 0 %, 5 MiB, 4096 MiB, 300 MHz, 1.36 W, 43, 0x0000000000000001
2026/10/07 08:27:39.878, 0 %, 5 MiB, 4096 MiB, 300 MHz, 1.47 W, 43, 0x0000000000000001
2026/10/07 08:27:41.900, 0 %, 5 MiB, 4096 MiB, 300 MHz, 1.82 W, 43, 0x0000000000000001
2026/10/07 08:27:43.921, 0 %, 5 MiB, 4096 MiB, 300 MHz, 1.44 W, 43, 0x0000000000000001
2026/10/07 08:27:45.943, 0 %, 5 MiB, 4096 MiB, 300 MHz, 1.44 W, 43, 0x0000000000000001
2026/10/07 08:27:47.964, 0 %, 5 MiB, 4096 MiB, 300 MHz, 1.47 W, 43, 0x0000000000000001
2026/10/07 08:27:49.986, 0 %, 5 MiB, 4096 MiB, 300 MHz, 1.44 W, 43, 0x0000000000000001
2026/10/07 08:27:52.007, 0 %, 5 MiB, 4096 MiB, 300 MHz, 1.84 W, 43, 0x0000000000000001
2026/10/07 08:27:54.028, 0 %, 5 MiB, 4096 MiB, 300 MHz, 1.45 W, 43, 0x0000000000000001
2026/10/07 08:27:56.050, 0 %, 5 MiB, 4096 MiB, 300 MHz, 1.54 W, 43, 0x0000000000000001
2026/10/07 08:27:58.071, 0 %, 5 MiB, 4096 MiB, 300 MHz, 1.44 W, 43, 0x0000000000000001
2026/10/07 08:28:00.092, 0 %, 5 MiB, 4096 MiB, 300 MHz, 1.41 W, 43, 0x0000000000000001
2026/10/07 08:28:02.114, 0 %, 5 MiB, 4096 MiB, 300 MHz, 1.40 W, 43, 0x0000000000000001
2026/10/07 08:28:04.137, 0 %, 5 MiB, 4096 MiB, 300 MHz, 1.48 W, 43, 0x0000000000000001
2026/10/07 08:28:06.158, 0 %, 5 MiB, 4096 MiB, 300 MHz, 1.42 W, 43, 0x0000000000000001
2026/10/07 08:28:08.180, 0 %, 5 MiB, 4096 MiB, 300 MHz, 1.49 W, 43, 0x0000000000000001
2026/10/07 08:28:10.202, 0 %, 5 MiB, 4096 MiB, 300 MHz, 1.49 W, 43, 0x0000000000000001
2026/10/07 08:28:12.223, 0 %, 5 MiB, 4096 MiB, 300 MHz, 1.44 W, 43, 0x0000000000000001
2026/10/07 08:28:14.244, 0 %, 5 MiB, 4096 MiB, 300 MHz, 1.48 W, 43, 0x0000000000000001
2026/10/07 08:28:16.267, 0 %, 5 MiB, 4096 MiB, 300 MHz, 1.17 W, 43, 0x0000000000000001
2026/10/07 08:28:18.288, 0 %, 5 MiB, 4096 MiB, 300 MHz, 1.38 W, 43, 0x0000000000000001
2026/10/07 08:28:20.310, 0 %, 5 MiB, 4096 MiB, 300 MHz, 1.43 W, 43, 0x0000000000000001
2026/10/07 08:28:22.332, 0 %, 5 MiB, 4096 MiB, 300 MHz, 1.42 W, 43, 0x0000000000000001
2026/10/07 08:28:24.353, 0 %, 5 MiB, 4096 MiB, 300 MHz, 1.48 W, 43, 0x0000000000000001
2026/10/07 08:28:26.375, 0 %, 5 MiB, 4096 MiB, 300 MHz, 1.48 W, 43, 0x0000000000000001
2026/10/07 08:28:28.396, 0 %, 5 MiB, 4096 MiB, 300 MHz, 1.50 W, 43, 0x0000000000000001
2026/10/07 08:28:30.417, 0 %, 5 MiB, 4096 MiB, 300 MHz, 1.53 W, 43, 0x0000000000000001
2026/10/07 08:28:32.439, 0 %, 5 MiB, 4096 MiB, 300 MHz, 1.45 W, 43, 0x0000000000000001
2026/10/07 08:28:34.460, 0 %, 5 MiB, 4096 MiB, 300 MHz, 1.51 W, 43, 0x0000000000000001
2026/10/07 08:28:36.481, 0 %, 5 MiB, 4096 MiB, 300 MHz, 1.46 W, 43, 0x0000000000000001
2026/10/07 08:28:38.503, 0 %, 5 MiB, 4096 MiB, 300 MHz, 1.42 W, 43, 0x0000000000000001
2026/10/07 08:28:40.524, 0 %, 5 MiB, 4096 MiB, 300 MHz, 1.43 W, 43, 0x0000000000000001
2026/10/07 08:28:42.546, 0 %, 5 MiB, 4096 MiB, 300 MHz, 1.43 W, 43, 0x0000000000000001
2026/10/07 08:28:44.567, 0 %, 5 MiB, 4096 MiB, 300 MHz, 1.63 W, 43, 0x0000000000000001
2026/10/07 08:28:46.588, 0 %, 5 MiB, 4096 MiB, 300 MHz, 1.48 W, 43, 0x0000000000000001
2026/10/07 08:28:48.610, 0 %, 5 MiB, 4096 MiB, 300 MHz, 1.42 W, 43, 0x0000000000000001
2026/10/07 08:28:50.632, 0 %, 5 MiB, 4096 MiB, 300 MHz, 1.38 W, 43, 0x0000000000000001
2026/10/07 08:28:52.654, 0 %, 5 MiB, 4096 MiB, 300 MHz, 1.47 W, 43, 0x0000000000000001
2026/10/07 08:28:54.675, 0 %, 5 MiB, 4096 MiB, 300 MHz, 1.53 W, 43, 0x0000000000000001
2026/10/07 08:28:56.696, 0 %, 5 MiB, 4096 MiB, 300 MHz, 1.41 W, 43, 0x0000000000000001
2026/10/07 08:28:58.717, 0 %, 5 MiB, 4096 MiB, 300 MHz, 1.31 W, 43, 0x0000000000000001
2026/10/07 08:29:00.739, 0 %, 5 MiB, 4096 MiB, 300 MHz, 1.44 W, 43, 0x0000000000000001
2026/10/07 08:29:02.760, 0 %, 5 MiB, 4096 MiB, 300 MHz, 1.39 W, 43, 0x0000000000000001
2026/10/07 08:29:04.782, 0 %, 5 MiB, 4096 MiB, 300 MHz, 1.66 W, 43, 0x0000000000000001
2026/10/07 08:29:06.803, 0 %, 5 MiB, 4096 MiB, 300 MHz, 1.43 W, 43, 0x0000000000000001
2026/10/07 08:29:08.824, 0 %, 5 MiB, 4096 MiB, 300 MHz, 1.41 W, 43, 0x0000000000000001
2026/10/07 08:29:10.846, 0 %, 5 MiB, 4096 MiB, 300 MHz, 1.51 W, 43, 0x0000000000000001
2026/10/07 08:29:12.867, 0 %, 5 MiB, 4096 MiB, 300 MHz, 1.45 W, 43, 0x0000000000000001
2026/10/07 08:29:14.888, 0 %, 5 MiB, 4096 MiB, 300 MHz, 1.82 W, 43, 0x0000000000000001
2026/10/07 08:29:16.909, 0 %, 5 MiB, 4096 MiB, 300 MHz, 1.52 W, 43, 0x0000000000000001
2026/10/07 08:29:18.930, 0 %, 5 MiB, 4096 MiB, 300 MHz, 1.55 W, 43, 0x0000000000000001
2026/10/07 08:29:20.952, 0 %, 5 MiB, 4096 MiB, 300 MHz, 1.47 W, 43, 0x0000000000000001
2026/10/07 08:29:22.974, 0 %, 5 MiB, 4096 MiB, 300 MHz, 1.51 W, 43, 0x0000000000000001
2026/10/07 08:29:24.995, 0 %, 5 MiB, 4096 MiB, 300 MHz, 1.74 W, 43, 0x0000000000000001
2026/10/07 08:29:27.017, 0 %, 5 MiB, 4096 MiB, 300 MHz, 1.47 W, 43, 0x0000000000000001
2026/10/07 08:29:29.038, 0 %, 5 MiB, 4096 MiB, 300 MHz, 1.45 W, 43, 0x0000000000000001
2026/10/07 08:29:31.060, 0 %, 5 MiB, 4096 MiB, 300 MHz, 1.46 W, 43, 0x0000000000000001
2026/10/07 08:29:33.082, 0 %, 5 MiB, 4096 MiB, 300 MHz, 1.45 W, 43, 0x0000000000000001
2026/10/07 08:29:35.104, 0 %, 5 MiB, 4096 MiB, 300 MHz, 1.82 W, 43, 0x0000000000000001
2026/10/07 08:29:37.125, 0 %, 5 MiB, 4096 MiB, 300 MHz, 1.41 W, 43, 0x0000000000000001
2026/10/07 08:29:39.146, 0 %, 5 MiB, 4096 MiB, 300 MHz, 1.41 W, 43, 0x0000000000000001
2026/10/07 08:29:41.168, 0 %, 5 MiB, 4096 MiB, 300 MHz, 1.47 W, 43, 0x0000000000000001
2026/10/07 08:29:43.190, 0 %, 5 MiB, 4096 MiB, 300 MHz, 1.48 W, 43, 0x0000000000000001
2026/10/07 08:29:45.211, 0 %, 5 MiB, 4096 MiB, 300 MHz, 1.82 W, 43, 0x0000000000000001
2026/10/07 08:29:47.232, 0 %, 5 MiB, 4096 MiB, 300 MHz, 1.33 W, 43, 0x0000000000000001
2026/10/07 08:29:49.260, 0 %, 5 MiB, 4096 MiB, 300 MHz, 1.48 W, 43, 0x0000000000000001
2026/10/07 08:29:51.281, 0 %, 5 MiB, 4096 MiB, 300 MHz, 1.48 W, 43, 0x0000000000000001
2026/10/07 08:29:53.302, 0 %, 5 MiB, 4096 MiB, 300 MHz, 1.46 W, 43, 0x0000000000000001
2026/10/07 08:29:55.325, 0 %, 5 MiB, 4096 MiB, 300 MHz, 1.70 W, 43, 0x0000000000000001
2026/10/07 08:29:57.347, 0 %, 5 MiB, 4096 MiB, 300 MHz, 1.45 W, 42, 0x0000000000000001
