timestamp, utilization.gpu [%], memory.used [MiB], memory.total [MiB], clocks.current.sm [MHz], power.draw [W], temperature.gpu, clocks_event_reasons.active
2026/10/07 00:14:33.814, 0 %, 5 MiB, 4096 MiB, 300 MHz, 1.40 W, 41, 0x0000000000000001
2026/10/07 00:14:35.836, 1 %, 167 MiB, 4096 MiB, 855 MHz, 12.88 W, 42, 0x0000000000000000
2026/10/07 00:14:37.852, 22 %, 1900 MiB, 4096 MiB, 1410 MHz, 34.83 W, 46, 0x0000000000000004
2026/10/07 00:14:39.856, 100 %, 1894 MiB, 4096 MiB, 1410 MHz, 35.26 W, 47, 0x0000000000000004
2026/10/07 00:14:41.858, 44 %, 1898 MiB, 4096 MiB, 1380 MHz, 35.68 W, 47, 0x0000000000000004
2026/10/07 00:14:43.869, 100 %, 1897 MiB, 4096 MiB, 1395 MHz, 35.40 W, 48, 0x0000000000000004
2026/10/07 00:14:45.871, 84 %, 1980 MiB, 4096 MiB, 1800 MHz, 17.63 W, 47, 0x0000000000000000
2026/10/07 00:14:47.875, 100 %, 1892 MiB, 4096 MiB, 1455 MHz, 31.10 W, 49, 0x0000000000000004
2026/10/07 00:14:49.878, 100 %, 1893 MiB, 4096 MiB, 1800 MHz, 17.54 W, 47, 0x0000000000000000
2026/10/07 00:14:51.880, 52 %, 1959 MiB, 4096 MiB, 1395 MHz, 31.20 W, 49, 0x0000000000000004
2026/10/07 00:14:53.885, 100 %, 1951 MiB, 4096 MiB, 1410 MHz, 34.74 W, 50, 0x0000000000000004
2026/10/07 00:14:55.889, 100 %, 1951 MiB, 4096 MiB, 1380 MHz, 35.27 W, 51, 0x0000000000000004
2026/10/07 00:14:57.891, 100 %, 1951 MiB, 4096 MiB, 1305 MHz, 35.84 W, 51, 0x0000000000000004
2026/10/07 00:14:59.894, 100 %, 1951 MiB, 4096 MiB, 1335 MHz, 35.23 W, 51, 0x0000000000000004
2026/10/07 00:15:01.902, 100 %, 1951 MiB, 4096 MiB, 1425 MHz, 33.07 W, 52, 0x0000000000000004
2026/10/07 00:15:03.904, 34 %, 1960 MiB, 4096 MiB, 1515 MHz, 35.68 W, 51, 0x0000000000000004
2026/10/07 00:15:05.913, 100 %, 1959 MiB, 4096 MiB, 1380 MHz, 32.07 W, 52, 0x0000000000000004
2026/10/07 00:15:07.915, 100 %, 1951 MiB, 4096 MiB, 1365 MHz, 36.17 W, 52, 0x0000000000000004
2026/10/07 00:15:09.918, 100 %, 1951 MiB, 4096 MiB, 1350 MHz, 35.06 W, 53, 0x0000000000000004
2026/10/07 00:15:11.920, 100 %, 1951 MiB, 4096 MiB, 1350 MHz, 34.59 W, 53, 0x0000000000000004
2026/10/07 00:15:13.923, 100 %, 1951 MiB, 4096 MiB, 1440 MHz, 34.90 W, 53, 0x0000000000000004
2026/10/07 00:15:15.925, 81 %, 717 MiB, 4096 MiB, 1800 MHz, 18.30 W, 51, 0x0000000000000000
2026/10/07 00:15:17.927, 100 %, 1959 MiB, 4096 MiB, 1365 MHz, 35.50 W, 53, 0x0000000000000004
2026/10/07 00:15:19.930, 100 %, 1951 MiB, 4096 MiB, 1380 MHz, 34.64 W, 54, 0x0000000000000004
2026/10/07 00:15:21.932, 100 %, 1951 MiB, 4096 MiB, 1395 MHz, 35.41 W, 54, 0x0000000000000004
2026/10/07 00:15:23.935, 100 %, 1951 MiB, 4096 MiB, 1425 MHz, 35.38 W, 54, 0x0000000000000004
2026/10/07 00:15:25.938, 100 %, 1951 MiB, 4096 MiB, 1410 MHz, 35.65 W, 54, 0x0000000000000004
2026/10/07 00:15:27.940, 100 %, 1951 MiB, 4096 MiB, 1800 MHz, 25.84 W, 52, 0x0000000000000000
2026/10/07 00:15:29.943, 17 %, 1634 MiB, 4096 MiB, 1365 MHz, 34.96 W, 54, 0x0000000000000004
2026/10/07 00:15:31.945, 100 %, 1634 MiB, 4096 MiB, 1455 MHz, 35.18 W, 54, 0x0000000000000004
2026/10/07 00:15:33.951, 100 %, 1626 MiB, 4096 MiB, 1395 MHz, 32.13 W, 55, 0x0000000000000004
2026/10/07 00:15:35.954, 100 %, 1614 MiB, 4096 MiB, 1365 MHz, 34.18 W, 54, 0x0000000000000004
2026/10/07 00:15:37.957, 100 %, 1614 MiB, 4096 MiB, 1335 MHz, 35.70 W, 55, 0x0000000000000004
2026/10/07 00:15:39.962, 100 %, 1614 MiB, 4096 MiB, 1350 MHz, 34.77 W, 55, 0x0000000000000004
2026/10/07 00:15:41.964, 71 %, 1614 MiB, 4096 MiB, 1800 MHz, 17.77 W, 52, 0x0000000000000000
2026/10/07 00:15:43.966, 95 %, 1623 MiB, 4096 MiB, 1335 MHz, 34.78 W, 55, 0x0000000000000004
2026/10/07 00:15:45.969, 100 %, 1623 MiB, 4096 MiB, 1410 MHz, 32.68 W, 56, 0x0000000000000004
2026/10/07 00:15:47.976, 100 %, 1615 MiB, 4096 MiB, 1350 MHz, 30.94 W, 55, 0x0000000000000004
2026/10/07 00:15:49.979, 100 %, 1615 MiB, 4096 MiB, 1350 MHz, 34.43 W, 56, 0x0000000000000004
2026/10/07 00:15:51.982, 100 %, 1615 MiB, 4096 MiB, 1320 MHz, 35.84 W, 56, 0x0000000000000004
2026/10/07 00:15:53.984, 100 %, 1615 MiB, 4096 MiB, 1335 MHz, 34.52 W, 55, 0x0000000000000004
2026/10/07 00:15:55.986, 47 %, 1624 MiB, 4096 MiB, 1365 MHz, 35.48 W, 56, 0x0000000000000004
2026/10/07 00:15:57.989, 100 %, 1623 MiB, 4096 MiB, 1440 MHz, 34.62 W, 56, 0x0000000000000004
2026/10/07 00:15:59.991, 100 %, 1615 MiB, 4096 MiB, 1395 MHz, 34.65 W, 56, 0x0000000000000004
2026/10/07 00:16:01.994, 100 %, 1615 MiB, 4096 MiB, 1395 MHz, 35.85 W, 56, 0x0000000000000004
2026/10/07 00:16:03.996, 100 %, 1615 MiB, 4096 MiB, 1395 MHz, 35.76 W, 56, 0x0000000000000004
2026/10/07 00:16:05.999, 100 %, 1614 MiB, 4096 MiB, 1410 MHz, 35.71 W, 56, 0x0000000000000004
2026/10/07 00:16:08.008, 28 %, 1623 MiB, 4096 MiB, 1800 MHz, 17.80 W, 54, 0x0000000000000000
2026/10/07 00:16:10.010, 66 %, 1970 MiB, 4096 MiB, 1365 MHz, 32.44 W, 56, 0x0000000000000004
2026/10/07 00:16:12.012, 100 %, 1961 MiB, 4096 MiB, 1395 MHz, 34.43 W, 57, 0x0000000000000004
2026/10/07 00:16:14.014, 100 %, 1961 MiB, 4096 MiB, 1395 MHz, 35.55 W, 57, 0x0000000000000004
2026/10/07 00:16:16.017, 100 %, 1961 MiB, 4096 MiB, 1455 MHz, 32.78 W, 57, 0x0000000000000004
2026/10/07 00:16:18.019, 48 %, 2256 MiB, 4096 MiB, 1800 MHz, 18.14 W, 54, 0x0000000000000000
2026/10/07 00:16:20.022, 100 %, 1970 MiB, 4096 MiB, 1365 MHz, 33.85 W, 56, 0x0000000000000004
2026/10/07 00:16:22.024, 100 %, 1962 MiB, 4096 MiB, 1410 MHz, 33.32 W, 57, 0x0000000000000004
2026/10/07 00:16:24.027, 100 %, 1962 MiB, 4096 MiB, 1380 MHz, 34.90 W, 57, 0x0000000000000004
2026/10/07 00:16:26.029, 51 %, 726 MiB, 4096 MiB, 1800 MHz, 17.14 W, 55, 0x0000000000000000
2026/10/07 00:16:28.031, 100 %, 1971 MiB, 4096 MiB, 1305 MHz, 34.44 W, 57, 0x0000000000000004
2026/10/07 00:16:30.034, 100 %, 1962 MiB, 4096 MiB, 1335 MHz, 36.67 W, 57, 0x0000000000000004
2026/10/07 00:16:32.036, 100 %, 1962 MiB, 4096 MiB, 1380 MHz, 34.91 W, 57, 0x0000000000000004
2026/10/07 00:16:34.039, 32 %, 727 MiB, 4096 MiB, 1410 MHz, 33.65 W, 57, 0x0000000000000004
2026/10/07 00:16:36.041, 100 %, 2094 MiB, 4096 MiB, 1365 MHz, 34.88 W, 57, 0x0000000000000004
2026/10/07 00:16:38.044, 100 %, 2085 MiB, 4096 MiB, 1350 MHz, 36.18 W, 57, 0x0000000000000004
2026/10/07 00:16:40.048, 100 %, 2085 MiB, 4096 MiB, 1335 MHz, 34.92 W, 57, 0x0000000000000004
2026/10/07 00:16:42.051, 100 %, 2085 MiB, 4096 MiB, 1350 MHz, 34.84 W, 57, 0x0000000000000004
2026/10/07 00:16:44.053, 100 %, 2085 MiB, 4096 MiB, 1440 MHz, 34.42 W, 57, 0x0000000000000004
2026/10/07 00:16:46.056, 100 %, 2085 MiB, 4096 MiB, 1395 MHz, 33.87 W, 57, 0x0000000000000004
2026/10/07 00:16:48.058, 100 %, 2085 MiB, 4096 MiB, 1395 MHz, 34.45 W, 58, 0x0000000000000004
2026/10/07 00:16:50.061, 100 %, 2085 MiB, 4096 MiB, 1395 MHz, 36.27 W, 57, 0x0000000000000004
2026/10/07 00:16:52.063, 33 %, 2096 MiB, 4096 MiB, 1350 MHz, 35.69 W, 57, 0x0000000000000004
2026/10/07 00:16:54.065, 100 %, 2095 MiB, 4096 MiB, 1365 MHz, 34.06 W, 57, 0x0000000000000004
2026/10/07 00:16:56.068, 100 %, 2087 MiB, 4096 MiB, 1395 MHz, 32.33 W, 57, 0x0000000000000004
2026/10/07 00:16:58.077, 100 %, 2087 MiB, 4096 MiB, 1335 MHz, 35.01 W, 57, 0x0000000000000004
2026/10/07 00:17:00.079, 100 %, 2087 MiB, 4096 MiB, 1350 MHz, 35.14 W, 57, 0x0000000000000004
2026/10/07 00:17:02.083, 100 %, 2087 MiB, 4096 MiB, 1320 MHz, 36.96 W, 57, 0x0000000000000004
2026/10/07 00:17:04.085, 100 %, 2087 MiB, 4096 MiB, 1335 MHz, 34.53 W, 57, 0x0000000000000004
2026/10/07 00:17:06.088, 100 %, 2084 MiB, 4096 MiB, 1410 MHz, 34.32 W, 57, 0x0000000000000004
2026/10/07 00:17:08.090, 100 %, 726 MiB, 4096 MiB, 1410 MHz, 35.88 W, 57, 0x0000000000000004
2026/10/07 00:17:10.096, 66 %, 2093 MiB, 4096 MiB, 1350 MHz, 34.35 W, 57, 0x0000000000000004
2026/10/07 00:17:12.098, 100 %, 2084 MiB, 4096 MiB, 1365 MHz, 36.81 W, 58, 0x0000000000000004
2026/10/07 00:17:14.104, 100 %, 2084 MiB, 4096 MiB, 1350 MHz, 34.98 W, 58, 0x0000000000000004
2026/10/07 00:17:16.106, 100 %, 2084 MiB, 4096 MiB, 1350 MHz, 34.87 W, 58, 0x0000000000000004
2026/10/07 00:17:18.109, 100 %, 2084 MiB, 4096 MiB, 1440 MHz, 34.96 W, 57, 0x0000000000000004
2026/10/07 00:17:20.116, 100 %, 2084 MiB, 4096 MiB, 1395 MHz, 34.36 W, 58, 0x0000000000000004
2026/10/07 00:17:22.119, 100 %, 2084 MiB, 4096 MiB, 1395 MHz, 34.19 W, 58, 0x0000000000000004
2026/10/07 00:17:24.123, 100 %, 2084 MiB, 4096 MiB, 1395 MHz, 35.96 W, 58, 0x0000000000000004
2026/10/07 00:17:26.125, 29 %, 1977 MiB, 4096 MiB, 1665 MHz, 16.47 W, 56, 0x0000000000000001
2026/10/07 00:17:28.144, 100 %, 1672 MiB, 4096 MiB, 1395 MHz, 33.85 W, 58, 0x0000000000000004
2026/10/07 00:17:30.147, 100 %, 1664 MiB, 4096 MiB, 1365 MHz, 35.58 W, 58, 0x0000000000000004
2026/10/07 00:17:32.150, 100 %, 1664 MiB, 4096 MiB, 1275 MHz, 35.28 W, 58, 0x0000000000000004
2026/10/07 00:17:34.152, 100 %, 1664 MiB, 4096 MiB, 1275 MHz, 34.23 W, 58, 0x0000000000000004
2026/10/07 00:17:36.155, 100 %, 1663 MiB, 4096 MiB, 1410 MHz, 31.22 W, 57, 0x0000000000000004
2026/10/07 00:17:38.159, 100 %, 1663 MiB, 4096 MiB, 1395 MHz, 33.15 W, 58, 0x0000000000000004
2026/10/07 00:17:40.162, 100 %, 1663 MiB, 4096 MiB, 1335 MHz, 32.39 W, 58, 0x0000000000000004
2026/10/07 00:17:42.172, 100 %, 1663 MiB, 4096 MiB, 1785 MHz, 17.82 W, 55, 0x0000000000000000
2026/10/07 00:17:44.174, 52 %, 1674 MiB, 4096 MiB, 1395 MHz, 35.80 W, 58, 0x0000000000000004
2026/10/07 00:17:46.177, 100 %, 1673 MiB, 4096 MiB, 1395 MHz, 35.68 W, 58, 0x0000000000000004
2026/10/07 00:17:48.179, 100 %, 1665 MiB, 4096 MiB, 1395 MHz, 35.69 W, 58, 0x0000000000000004
2026/10/07 00:17:50.182, 100 %, 1665 MiB, 4096 MiB, 1395 MHz, 35.64 W, 58, 0x0000000000000004
2026/10/07 00:17:52.184, 100 %, 1665 MiB, 4096 MiB, 1410 MHz, 35.36 W, 58, 0x0000000000000004
2026/10/07 00:17:54.196, 100 %, 1665 MiB, 4096 MiB, 1395 MHz, 35.47 W, 58, 0x0000000000000004
2026/10/07 00:17:56.199, 100 %, 1665 MiB, 4096 MiB, 1365 MHz, 35.17 W, 58, 0x0000000000000004
2026/10/07 00:17:58.201, 100 %, 1665 MiB, 4096 MiB, 1260 MHz, 35.85 W, 58, 0x0000000000000004
2026/10/07 00:18:00.213, 55 %, 726 MiB, 4096 MiB, 1785 MHz, 17.89 W, 56, 0x0000000000000000
2026/10/07 00:18:02.216, 100 %, 1674 MiB, 4096 MiB, 1350 MHz, 35.83 W, 58, 0x0000000000000004
2026/10/07 00:18:04.219, 100 %, 1665 MiB, 4096 MiB, 1365 MHz, 35.26 W, 58, 0x0000000000000004
2026/10/07 00:18:06.221, 100 %, 1664 MiB, 4096 MiB, 1380 MHz, 35.58 W, 58, 0x0000000000000004
2026/10/07 00:18:08.224, 100 %, 1664 MiB, 4096 MiB, 1410 MHz, 35.19 W, 58, 0x0000000000000004
2026/10/07 00:18:10.232, 100 %, 1664 MiB, 4096 MiB, 1395 MHz, 35.64 W, 58, 0x0000000000000004
2026/10/07 00:18:12.234, 100 %, 1664 MiB, 4096 MiB, 1380 MHz, 35.80 W, 58, 0x0000000000000004
2026/10/07 00:18:14.238, 100 %, 1664 MiB, 4096 MiB, 1290 MHz, 35.57 W, 58, 0x0000000000000004
2026/10/07 00:18:16.242, 100 %, 1664 MiB, 4096 MiB, 1740 MHz, 17.74 W, 56, 0x0000000000000001
2026/10/07 00:18:18.261, 0 %, 709 MiB, 4096 MiB, 1785 MHz, 28.55 W, 56, 0x0000000000000000
2026/10/07 00:18:20.263, 100 %, 1883 MiB, 4096 MiB, 1395 MHz, 35.66 W, 58, 0x0000000000000004
2026/10/07 00:18:22.266, 100 %, 1875 MiB, 4096 MiB, 1785 MHz, 17.99 W, 56, 0x0000000000000000
2026/10/07 00:18:24.268, 66 %, 1884 MiB, 4096 MiB, 1365 MHz, 35.38 W, 58, 0x0000000000000004
2026/10/07 00:18:26.270, 100 %, 1884 MiB, 4096 MiB, 1410 MHz, 34.94 W, 58, 0x0000000000000004
2026/10/07 00:18:28.279, 50 %, 1885 MiB, 4096 MiB, 1395 MHz, 35.59 W, 58, 0x0000000000000004
2026/10/07 00:18:30.282, 100 %, 1884 MiB, 4096 MiB, 1320 MHz, 35.38 W, 58, 0x0000000000000004
2026/10/07 00:18:32.284, 29 %, 1838 MiB, 4096 MiB, 1350 MHz, 35.69 W, 58, 0x0000000000000004
2026/10/07 00:18:34.287, 100 %, 1985 MiB, 4096 MiB, 1380 MHz, 35.63 W, 58, 0x0000000000000004
2026/10/07 00:18:36.289, 100 %, 1976 MiB, 4096 MiB, 1290 MHz, 35.22 W, 58, 0x0000000000000004
2026/10/07 00:18:38.292, 100 %, 1976 MiB, 4096 MiB, 1275 MHz, 35.15 W, 58, 0x0000000000000004
2026/10/07 00:18:40.294, 100 %, 1976 MiB, 4096 MiB, 1335 MHz, 34.72 W, 58, 0x0000000000000004
2026/10/07 00:18:42.302, 100 %, 1976 MiB, 4096 MiB, 1515 MHz, 33.72 W, 59, 0x0000000000000004
2026/10/07 00:18:44.304, 100 %, 1976 MiB, 4096 MiB, 1785 MHz, 17.97 W, 56, 0x0000000000000000
2026/10/07 00:18:46.307, 80 %, 1985 MiB, 4096 MiB, 1320 MHz, 35.81 W, 59, 0x0000000000000004
2026/10/07 00:18:48.309, 100 %, 1985 MiB, 4096 MiB, 1275 MHz, 35.27 W, 59, 0x0000000000000004
2026/10/07 00:18:50.312, 100 %, 1977 MiB, 4096 MiB, 1335 MHz, 33.53 W, 59, 0x0000000000000004
2026/10/07 00:18:52.317, 100 %, 1977 MiB, 4096 MiB, 1500 MHz, 31.60 W, 59, 0x0000000000000004
2026/10/07 00:18:54.320, 100 %, 1977 MiB, 4096 MiB, 1365 MHz, 32.99 W, 59, 0x0000000000000004
2026/10/07 00:18:56.322, 100 %, 1977 MiB, 4096 MiB, 1350 MHz, 33.49 W, 59, 0x0000000000000004
2026/10/07 00:18:58.324, 37 %, 1986 MiB, 4096 MiB, 1350 MHz, 36.08 W, 59, 0x0000000000000004
2026/10/07 00:19:00.327, 100 %, 1985 MiB, 4096 MiB, 1350 MHz, 35.01 W, 59, 0x0000000000000004
2026/10/07 00:19:02.330, 100 %, 1977 MiB, 4096 MiB, 1425 MHz, 34.91 W, 58, 0x0000000000000004
2026/10/07 00:19:04.339, 100 %, 1977 MiB, 4096 MiB, 1395 MHz, 33.65 W, 59, 0x0000000000000004
2026/10/07 00:19:06.342, 100 %, 1974 MiB, 4096 MiB, 1380 MHz, 34.74 W, 59, 0x0000000000000004
2026/10/07 00:19:08.348, 100 %, 1974 MiB, 4096 MiB, 1395 MHz, 35.93 W, 59, 0x0000000000000004
2026/10/07 00:19:10.350, 47 %, 651 MiB, 4096 MiB, 1785 MHz, 18.02 W, 56, 0x0000000000000000
2026/10/07 00:19:12.354, 100 %, 1629 MiB, 4096 MiB, 1350 MHz, 36.06 W, 59, 0x0000000000000004
2026/10/07 00:19:14.357, 100 %, 1629 MiB, 4096 MiB, 1500 MHz, 33.94 W, 59, 0x0000000000000004
2026/10/07 00:19:16.359, 100 %, 1629 MiB, 4096 MiB, 1335 MHz, 30.84 W, 59, 0x0000000000000004
2026/10/07 00:19:18.369, 100 %, 1629 MiB, 4096 MiB, 1335 MHz, 34.64 W, 59, 0x0000000000000004
2026/10/07 00:19:20.371, 100 %, 1629 MiB, 4096 MiB, 1320 MHz, 35.71 W, 59, 0x0000000000000004
2026/10/07 00:19:22.375, 100 %, 1629 MiB, 4096 MiB, 1335 MHz, 34.77 W, 59, 0x0000000000000004
2026/10/07 00:19:24.377, 15 %, 1587 MiB, 4096 MiB, 1380 MHz, 36.38 W, 58, 0x0000000000000004
2026/10/07 00:19:26.385, 100 %, 1637 MiB, 4096 MiB, 1380 MHz, 35.65 W, 58, 0x0000000000000004
2026/10/07 00:19:28.388, 100 %, 1628 MiB, 4096 MiB, 1260 MHz, 34.67 W, 58, 0x0000000000000004
2026/10/07 00:19:30.391, 100 %, 1628 MiB, 4096 MiB, 1290 MHz, 35.24 W, 58, 0x0000000000000004
2026/10/07 00:19:32.394, 100 %, 1628 MiB, 4096 MiB, 1425 MHz, 33.97 W, 58, 0x0000000000000004
2026/10/07 00:19:34.396, 100 %, 1628 MiB, 4096 MiB, 1350 MHz, 32.13 W, 59, 0x0000000000000004
2026/10/07 00:19:36.405, 68 %, 1627 MiB, 4096 MiB, 1770 MHz, 17.87 W, 56, 0x0000000000000001
2026/10/07 00:19:38.419, 100 %, 1636 MiB, 4096 MiB, 1320 MHz, 36.04 W, 58, 0x0000000000000004
2026/10/07 00:19:40.421, 100 %, 1636 MiB, 4096 MiB, 1485 MHz, 33.86 W, 58, 0x0000000000000004
2026/10/07 00:19:42.431, 100 %, 1628 MiB, 4096 MiB, 1395 MHz, 31.01 W, 59, 0x0000000000000004
2026/10/07 00:19:44.433, 100 %, 1628 MiB, 4096 MiB, 1350 MHz, 34.44 W, 59, 0x0000000000000004
2026/10/07 00:19:46.438, 100 %, 1628 MiB, 4096 MiB, 1335 MHz, 35.23 W, 59, 0x0000000000000004
2026/10/07 00:19:48.441, 100 %, 1628 MiB, 4096 MiB, 1320 MHz, 34.80 W, 58, 0x0000000000000004
2026/10/07 00:19:50.443, 17 %, 712 MiB, 4096 MiB, 1785 MHz, 24.72 W, 56, 0x0000000000000004
2026/10/07 00:19:52.445, 100 %, 1934 MiB, 4096 MiB, 1395 MHz, 35.55 W, 58, 0x0000000000000004
2026/10/07 00:19:54.448, 74 %, 1926 MiB, 4096 MiB, 1785 MHz, 17.97 W, 56, 0x0000000000000000
2026/10/07 00:19:56.450, 49 %, 1935 MiB, 4096 MiB, 1365 MHz, 36.12 W, 59, 0x0000000000000004
2026/10/07 00:19:58.452, 100 %, 1935 MiB, 4096 MiB, 1410 MHz, 35.01 W, 58, 0x0000000000000004
2026/10/07 00:20:00.462, 38 %, 1936 MiB, 4096 MiB, 1350 MHz, 35.08 W, 58, 0x0000000000000004
2026/10/07 00:20:02.464, 100 %, 1935 MiB, 4096 MiB, 1350 MHz, 35.01 W, 58, 0x0000000000000004
2026/10/07 00:20:04.467, 41 %, 1981 MiB, 4096 MiB, 1365 MHz, 35.73 W, 58, 0x0000000000000004
2026/10/07 00:20:06.469, 100 %, 1979 MiB, 4096 MiB, 1335 MHz, 35.21 W, 59, 0x0000000000000004
2026/10/07 00:20:08.472, 100 %, 1971 MiB, 4096 MiB, 1350 MHz, 34.99 W, 59, 0x0000000000000004
2026/10/07 00:20:10.475, 100 %, 1971 MiB, 4096 MiB, 1425 MHz, 34.96 W, 58, 0x0000000000000004
2026/10/07 00:20:12.477, 100 %, 1971 MiB, 4096 MiB, 1395 MHz, 34.36 W, 59, 0x0000000000000004
2026/10/07 00:20:14.480, 100 %, 1971 MiB, 4096 MiB, 1380 MHz, 33.81 W, 59, 0x0000000000000004
2026/10/07 00:20:16.482, 100 %, 714 MiB, 4096 MiB, 1785 MHz, 21.06 W, 56, 0x0000000000000000
2026/10/07 00:20:18.484, 88 %, 1980 MiB, 4096 MiB, 1350 MHz, 35.90 W, 59, 0x0000000000000004
2026/10/07 00:20:20.493, 100 %, 1972 MiB, 4096 MiB, 1380 MHz, 35.75 W, 59, 0x0000000000000004
2026/10/07 00:20:22.496, 100 %, 1972 MiB, 4096 MiB, 1395 MHz, 35.69 W, 59, 0x0000000000000004
2026/10/07 00:20:24.499, 100 %, 1972 MiB, 4096 MiB, 1395 MHz, 35.62 W, 59, 0x0000000000000004
2026/10/07 00:20:26.501, 100 %, 1972 MiB, 4096 MiB, 1395 MHz, 35.03 W, 58, 0x0000000000000004
2026/10/07 00:20:28.504, 100 %, 1972 MiB, 4096 MiB, 1590 MHz, 35.73 W, 57, 0x0000000000000004
2026/10/07 00:20:30.507, 54 %, 1981 MiB, 4096 MiB, 1290 MHz, 35.92 W, 59, 0x0000000000000004
2026/10/07 00:20:32.509, 100 %, 1980 MiB, 4096 MiB, 1290 MHz, 35.22 W, 58, 0x0000000000000004
2026/10/07 00:20:34.512, 100 %, 1972 MiB, 4096 MiB, 1470 MHz, 33.63 W, 58, 0x0000000000000004
2026/10/07 00:20:36.522, 100 %, 1969 MiB, 4096 MiB, 1395 MHz, 30.92 W, 59, 0x0000000000000004
2026/10/07 00:20:38.525, 100 %, 1969 MiB, 4096 MiB, 1335 MHz, 34.33 W, 59, 0x0000000000000004
2026/10/07 00:20:40.530, 100 %, 1969 MiB, 4096 MiB, 1335 MHz, 35.95 W, 59, 0x0000000000000004
2026/10/07 00:20:42.532, 38 %, 1635 MiB, 4096 MiB, 1350 MHz, 35.81 W, 58, 0x0000000000000004
2026/10/07 00:20:44.535, 100 %, 1634 MiB, 4096 MiB, 1320 MHz, 35.83 W, 59, 0x0000000000000004
2026/10/07 00:20:46.538, 100 %, 1626 MiB, 4096 MiB, 1515 MHz, 33.70 W, 59, 0x0000000000000004
2026/10/07 00:20:48.540, 100 %, 1626 MiB, 4096 MiB, 1365 MHz, 31.05 W, 59, 0x0000000000000004
2026/10/07 00:20:50.543, 100 %, 1626 MiB, 4096 MiB, 1335 MHz, 34.40 W, 58, 0x0000000000000004
2026/10/07 00:20:52.546, 100 %, 1626 MiB, 4096 MiB, 1335 MHz, 35.76 W, 59, 0x0000000000000004
2026/10/07 00:20:54.548, 100 %, 2050 MiB, 4096 MiB, 1530 MHz, 23.91 W, 58, 0x0000000000000004
2026/10/07 00:20:56.558, 81 %, 1636 MiB, 4096 MiB, 1335 MHz, 35.25 W, 59, 0x0000000000000004
2026/10/07 00:20:58.560, 100 %, 1628 MiB, 4096 MiB, 1350 MHz, 35.11 W, 59, 0x0000000000000004
2026/10/07 00:21:00.564, 100 %, 1628 MiB, 4096 MiB, 1440 MHz, 33.82 W, 59, 0x0000000000000004
2026/10/07 00:21:02.566, 100 %, 1628 MiB, 4096 MiB, 1395 MHz, 34.22 W, 59, 0x0000000000000004
2026/10/07 00:21:04.569, 100 %, 1628 MiB, 4096 MiB, 1395 MHz, 34.42 W, 59, 0x0000000000000004
2026/10/07 00:21:06.571, 100 %, 1627 MiB, 4096 MiB, 1395 MHz, 36.32 W, 59, 0x0000000000000004
2026/10/07 00:21:08.573, 43 %, 1636 MiB, 4096 MiB, 1305 MHz, 35.40 W, 58, 0x0000000000000004
2026/10/07 00:21:10.576, 100 %, 1635 MiB, 4096 MiB, 1365 MHz, 34.99 W, 59, 0x0000000000000004
2026/10/07 00:21:12.578, 100 %, 1627 MiB, 4096 MiB, 1395 MHz, 35.77 W, 59, 0x0000000000000004
2026/10/07 00:21:14.581, 100 %, 1627 MiB, 4096 MiB, 1425 MHz, 35.29 W, 59, 0x0000000000000004
2026/10/07 00:21:16.583, 100 %, 1627 MiB, 4096 MiB, 1395 MHz, 35.44 W, 59, 0x0000000000000004
2026/10/07 00:21:18.596, 100 %, 1627 MiB, 4096 MiB, 1380 MHz, 35.22 W, 58, 0x0000000000000004
2026/10/07 00:21:20.602, 38 %, 1636 MiB, 4096 MiB, 1785 MHz, 17.91 W, 56, 0x0000000000000000
2026/10/07 00:21:22.604, 69 %, 2087 MiB, 4096 MiB, 1275 MHz, 35.76 W, 58, 0x0000000000000004
2026/10/07 00:21:24.611, 100 %, 2078 MiB, 4096 MiB, 1425 MHz, 34.32 W, 59, 0x0000000000000004
2026/10/07 00:21:26.614, 100 %, 2078 MiB, 4096 MiB, 1380 MHz, 33.71 W, 59, 0x0000000000000004
2026/10/07 00:21:28.616, 100 %, 2078 MiB, 4096 MiB, 1380 MHz, 34.74 W, 58, 0x0000000000000004
2026/10/07 00:21:30.619, 50 %, 2088 MiB, 4096 MiB, 1380 MHz, 35.54 W, 58, 0x0000000000000004
2026/10/07 00:21:32.626, 100 %, 2087 MiB, 4096 MiB, 1395 MHz, 35.54 W, 59, 0x0000000000000004
2026/10/07 00:21:34.628, 100 %, 2079 MiB, 4096 MiB, 1335 MHz, 36.14 W, 59, 0x0000000000000004
2026/10/07 00:21:36.631, 100 %, 2078 MiB, 4096 MiB, 1350 MHz, 35.34 W, 59, 0x0000000000000004
2026/10/07 00:21:38.633, 49 %, 2087 MiB, 4096 MiB, 1365 MHz, 35.07 W, 59, 0x0000000000000004
2026/10/07 00:21:40.639, 100 %, 2086 MiB, 4096 MiB, 1395 MHz, 36.08 W, 59, 0x0000000000000004
2026/10/07 00:21:42.642, 100 %, 2078 MiB, 4096 MiB, 1395 MHz, 35.41 W, 59, 0x0000000000000004
2026/10/07 00:21:44.645, 100 %, 2078 MiB, 4096 MiB, 1440 MHz, 35.33 W, 59, 0x0000000000000004
2026/10/07 00:21:46.648, 28 %, 729 MiB, 4096 MiB, 1785 MHz, 19.31 W, 57, 0x0000000000000000
2026/10/07 00:21:48.650, 100 %, 2241 MiB, 4096 MiB, 1365 MHz, 35.46 W, 59, 0x0000000000000004
2026/10/07 00:21:50.652, 100 %, 2233 MiB, 4096 MiB, 1395 MHz, 35.40 W, 59, 0x0000000000000004
2026/10/07 00:21:52.663, 100 %, 2233 MiB, 4096 MiB, 1395 MHz, 35.17 W, 59, 0x0000000000000004
2026/10/07 00:21:54.665, 100 %, 2233 MiB, 4096 MiB, 1380 MHz, 35.52 W, 59, 0x0000000000000004
2026/10/07 00:21:56.669, 100 %, 2233 MiB, 4096 MiB, 1410 MHz, 35.62 W, 59, 0x0000000000000004
2026/10/07 00:21:58.672, 100 %, 2233 MiB, 4096 MiB, 1395 MHz, 35.60 W, 59, 0x0000000000000004
2026/10/07 00:22:00.674, 100 %, 2233 MiB, 4096 MiB, 1380 MHz, 35.44 W, 59, 0x0000000000000004
2026/10/07 00:22:02.683, 100 %, 2233 MiB, 4096 MiB, 1365 MHz, 35.47 W, 59, 0x0000000000000004
2026/10/07 00:22:04.686, 100 %, 2233 MiB, 4096 MiB, 1260 MHz, 35.74 W, 59, 0x0000000000000004
2026/10/07 00:22:06.696, 100 %, 2231 MiB, 4096 MiB, 1290 MHz, 35.65 W, 59, 0x0000000000000004
2026/10/07 00:22:08.698, 100 %, 2231 MiB, 4096 MiB, 1365 MHz, 33.75 W, 59, 0x0000000000000004
2026/10/07 00:22:10.707, 100 %, 2231 MiB, 4096 MiB, 1425 MHz, 32.43 W, 59, 0x0000000000000004
2026/10/07 00:22:12.709, 100 %, 2231 MiB, 4096 MiB, 1350 MHz, 33.47 W, 59, 0x0000000000000004
2026/10/07 00:22:14.711, 100 %, 2231 MiB, 4096 MiB, 1350 MHz, 37.06 W, 59, 0x0000000000000004
2026/10/07 00:22:16.718, 100 %, 2231 MiB, 4096 MiB, 1320 MHz, 35.00 W, 59, 0x0000000000000004
2026/10/07 00:22:18.721, 100 %, 2231 MiB, 4096 MiB, 1335 MHz, 35.97 W, 59, 0x0000000000000004
2026/10/07 00:22:20.730, 100 %, 2231 MiB, 4096 MiB, 1350 MHz, 34.66 W, 58, 0x0000000000000004
2026/10/07 00:22:22.732, 65 %, 2231 MiB, 4096 MiB, 1785 MHz, 17.93 W, 56, 0x0000000000000000
2026/10/07 00:22:24.734, 79 %, 2242 MiB, 4096 MiB, 1440 MHz, 31.39 W, 59, 0x0000000000000004
2026/10/07 00:22:26.737, 100 %, 2242 MiB, 4096 MiB, 1395 MHz, 34.33 W, 59, 0x0000000000000004
2026/10/07 00:22:28.739, 100 %, 2234 MiB, 4096 MiB, 1365 MHz, 35.40 W, 59, 0x0000000000000004
2026/10/07 00:22:30.745, 100 %, 2234 MiB, 4096 MiB, 1365 MHz, 35.86 W, 59, 0x0000000000000004
2026/10/07 00:22:32.748, 100 %, 2234 MiB, 4096 MiB, 1275 MHz, 35.12 W, 59, 0x0000000000000004
2026/10/07 00:22:34.751, 100 %, 2234 MiB, 4096 MiB, 1305 MHz, 33.85 W, 59, 0x0000000000000004
2026/10/07 00:22:36.754, 100 %, 2233 MiB, 4096 MiB, 1350 MHz, 34.79 W, 58, 0x0000000000000004
2026/10/07 00:22:38.756, 100 %, 2233 MiB, 4096 MiB, 1395 MHz, 33.54 W, 59, 0x0000000000000004
2026/10/07 00:22:40.765, 100 %, 2233 MiB, 4096 MiB, 1335 MHz, 31.19 W, 59, 0x0000000000000004
2026/10/07 00:22:42.767, 100 %, 2233 MiB, 4096 MiB, 1335 MHz, 34.33 W, 59, 0x0000000000000004
2026/10/07 00:22:44.772, 100 %, 2233 MiB, 4096 MiB, 1320 MHz, 36.32 W, 59, 0x0000000000000004
2026/10/07 00:22:46.775, 100 %, 2232 MiB, 4096 MiB, 1320 MHz, 34.54 W, 59, 0x0000000000000004
2026/10/07 00:22:48.777, 100 %, 2232 MiB, 4096 MiB, 1335 MHz, 34.43 W, 59, 0x0000000000000004
2026/10/07 00:22:50.780, 100 %, 2232 MiB, 4096 MiB, 1425 MHz, 33.26 W, 59, 0x0000000000000004
2026/10/07 00:22:52.782, 100 %, 2232 MiB, 4096 MiB, 1380 MHz, 34.34 W, 59, 0x0000000000000004
2026/10/07 00:22:54.784, 100 %, 2232 MiB, 4096 MiB, 1380 MHz, 33.57 W, 59, 0x0000000000000004
2026/10/07 00:22:56.786, 100 %, 2232 MiB, 4096 MiB, 1395 MHz, 34.75 W, 59, 0x0000000000000004
2026/10/07 00:22:58.789, 100 %, 2232 MiB, 4096 MiB, 1380 MHz, 35.45 W, 59, 0x0000000000000004
2026/10/07 00:23:00.790, 63 %, 2243 MiB, 4096 MiB, 1365 MHz, 36.67 W, 59, 0x0000000000000004
2026/10/07 00:23:02.793, 100 %, 2242 MiB, 4096 MiB, 1335 MHz, 35.97 W, 59, 0x0000000000000004
2026/10/07 00:23:04.795, 100 %, 2234 MiB, 4096 MiB, 1350 MHz, 35.22 W, 59, 0x0000000000000004
2026/10/07 00:23:06.801, 100 %, 2234 MiB, 4096 MiB, 1380 MHz, 34.66 W, 59, 0x0000000000000004
2026/10/07 00:23:08.803, 100 %, 2234 MiB, 4096 MiB, 1410 MHz, 34.09 W, 59, 0x0000000000000004
2026/10/07 00:23:10.806, 100 %, 2234 MiB, 4096 MiB, 1380 MHz, 33.70 W, 59, 0x0000000000000004
2026/10/07 00:23:12.810, 100 %, 2234 MiB, 4096 MiB, 1380 MHz, 34.45 W, 59, 0x0000000000000004
2026/10/07 00:23:14.812, 100 %, 2234 MiB, 4096 MiB, 1380 MHz, 35.71 W, 59, 0x0000000000000004
2026/10/07 00:23:16.814, 100 %, 2234 MiB, 4096 MiB, 1380 MHz, 35.89 W, 59, 0x0000000000000004
2026/10/07 00:23:18.817, 100 %, 2234 MiB, 4096 MiB, 1380 MHz, 35.39 W, 59, 0x0000000000000004
2026/10/07 00:23:20.819, 100 %, 2234 MiB, 4096 MiB, 1395 MHz, 35.13 W, 59, 0x0000000000000004
2026/10/07 00:23:22.822, 100 %, 2234 MiB, 4096 MiB, 1395 MHz, 35.41 W, 59, 0x0000000000000004
2026/10/07 00:23:24.824, 100 %, 2234 MiB, 4096 MiB, 1380 MHz, 35.59 W, 59, 0x0000000000000004
2026/10/07 00:23:26.827, 100 %, 2234 MiB, 4096 MiB, 1425 MHz, 35.55 W, 59, 0x0000000000000004
2026/10/07 00:23:28.829, 100 %, 2234 MiB, 4096 MiB, 1395 MHz, 35.58 W, 59, 0x0000000000000004
2026/10/07 00:23:30.833, 100 %, 2234 MiB, 4096 MiB, 1395 MHz, 35.69 W, 59, 0x0000000000000004
2026/10/07 00:23:32.836, 100 %, 2234 MiB, 4096 MiB, 1380 MHz, 35.85 W, 59, 0x0000000000000004
2026/10/07 00:23:34.838, 100 %, 2234 MiB, 4096 MiB, 1275 MHz, 35.89 W, 59, 0x0000000000000004
2026/10/07 00:23:36.843, 60 %, 733 MiB, 4096 MiB, 1395 MHz, 34.14 W, 59, 0x0000000000000004
2026/10/07 00:23:38.845, 54 %, 1728 MiB, 4096 MiB, 1350 MHz, 33.24 W, 59, 0x0000000000000004
2026/10/07 00:23:40.855, 100 %, 1720 MiB, 4096 MiB, 1350 MHz, 35.82 W, 59, 0x0000000000000004
2026/10/07 00:23:42.857, 100 %, 1720 MiB, 4096 MiB, 1350 MHz, 35.01 W, 59, 0x0000000000000004
2026/10/07 00:23:44.866, 100 %, 1720 MiB, 4096 MiB, 1305 MHz, 36.79 W, 59, 0x0000000000000004
2026/10/07 00:23:46.868, 100 %, 1720 MiB, 4096 MiB, 1335 MHz, 34.47 W, 59, 0x0000000000000004
2026/10/07 00:23:48.873, 100 %, 1720 MiB, 4096 MiB, 1425 MHz, 34.39 W, 59, 0x0000000000000004
2026/10/07 00:23:50.876, 100 %, 1720 MiB, 4096 MiB, 1380 MHz, 33.38 W, 59, 0x0000000000000004
2026/10/07 00:23:52.878, 100 %, 1720 MiB, 4096 MiB, 1395 MHz, 34.50 W, 59, 0x0000000000000004
2026/10/07 00:23:54.880, 100 %, 1720 MiB, 4096 MiB, 1395 MHz, 35.85 W, 59, 0x0000000000000004
2026/10/07 00:23:56.883, 100 %, 1720 MiB, 4096 MiB, 1380 MHz, 35.32 W, 59, 0x0000000000000004
2026/10/07 00:23:58.889, 100 %, 1720 MiB, 4096 MiB, 1395 MHz, 35.16 W, 59, 0x0000000000000004
2026/10/07 00:24:00.891, 100 %, 1720 MiB, 4096 MiB, 1395 MHz, 35.31 W, 59, 0x0000000000000004
2026/10/07 00:24:02.893, 100 %, 1720 MiB, 4096 MiB, 1395 MHz, 35.16 W, 59, 0x0000000000000004
2026/10/07 00:24:04.896, 100 %, 1720 MiB, 4096 MiB, 1425 MHz, 35.63 W, 59, 0x0000000000000004
2026/10/07 00:24:06.899, 100 %, 1720 MiB, 4096 MiB, 1380 MHz, 35.44 W, 59, 0x0000000000000004
2026/10/07 00:24:08.901, 100 %, 1719 MiB, 4096 MiB, 1380 MHz, 35.69 W, 59, 0x0000000000000004
2026/10/07 00:24:10.904, 100 %, 1719 MiB, 4096 MiB, 1290 MHz, 35.70 W, 59, 0x0000000000000004
2026/10/07 00:24:12.906, 100 %, 1719 MiB, 4096 MiB, 1785 MHz, 18.04 W, 57, 0x0000000000000000
2026/10/07 00:24:14.908, 48 %, 1729 MiB, 4096 MiB, 1350 MHz, 35.40 W, 59, 0x0000000000000004
2026/10/07 00:24:16.911, 100 %, 1728 MiB, 4096 MiB, 1350 MHz, 35.14 W, 59, 0x0000000000000004
2026/10/07 00:24:18.913, 100 %, 1720 MiB, 4096 MiB, 1365 MHz, 35.16 W, 59, 0x0000000000000004
2026/10/07 00:24:20.916, 100 %, 1720 MiB, 4096 MiB, 1395 MHz, 35.03 W, 59, 0x0000000000000004
2026/10/07 00:24:22.921, 100 %, 1720 MiB, 4096 MiB, 1395 MHz, 33.81 W, 59, 0x0000000000000004
2026/10/07 00:24:24.923, 100 %, 1720 MiB, 4096 MiB, 1380 MHz, 35.50 W, 59, 0x0000000000000004
2026/10/07 00:24:26.927, 100 %, 1720 MiB, 4096 MiB, 1380 MHz, 35.38 W, 59, 0x0000000000000004
2026/10/07 00:24:28.929, 100 %, 1720 MiB, 4096 MiB, 1380 MHz, 35.42 W, 59, 0x0000000000000004
2026/10/07 00:24:30.932, 100 %, 1720 MiB, 4096 MiB, 1395 MHz, 35.13 W, 59, 0x0000000000000004
2026/10/07 00:24:32.936, 100 %, 1720 MiB, 4096 MiB, 1395 MHz, 35.40 W, 59, 0x0000000000000004
2026/10/07 00:24:34.939, 100 %, 1720 MiB, 4096 MiB, 1395 MHz, 35.31 W, 59, 0x0000000000000004
2026/10/07 00:24:36.941, 100 %, 1720 MiB, 4096 MiB, 1395 MHz, 35.73 W, 59, 0x0000000000000004
2026/10/07 00:24:38.949, 100 %, 1720 MiB, 4096 MiB, 1395 MHz, 35.41 W, 59, 0x0000000000000004
2026/10/07 00:24:40.951, 100 %, 1720 MiB, 4096 MiB, 1380 MHz, 35.60 W, 59, 0x0000000000000004
2026/10/07 00:24:42.955, 100 %, 1720 MiB, 4096 MiB, 1275 MHz, 35.47 W, 59, 0x0000000000000004
2026/10/07 00:24:44.957, 100 %, 1719 MiB, 4096 MiB, 1290 MHz, 35.00 W, 59, 0x0000000000000004
2026/10/07 00:24:46.960, 100 %, 1719 MiB, 4096 MiB, 1380 MHz, 33.15 W, 59, 0x0000000000000004
2026/10/07 00:24:48.969, 100 %, 1719 MiB, 4096 MiB, 1395 MHz, 32.68 W, 59, 0x0000000000000004
2026/10/07 00:24:50.972, 52 %, 734 MiB, 4096 MiB, 1785 MHz, 18.02 W, 57, 0x0000000000000000
2026/10/07 00:24:52.974, 100 %, 1728 MiB, 4096 MiB, 1350 MHz, 35.42 W, 59, 0x0000000000000004
2026/10/07 00:24:54.976, 100 %, 1720 MiB, 4096 MiB, 1380 MHz, 35.50 W, 59, 0x0000000000000004
2026/10/07 00:24:56.979, 100 %, 1720 MiB, 4096 MiB, 1395 MHz, 35.31 W, 59, 0x0000000000000004
2026/10/07 00:24:58.982, 100 %, 1720 MiB, 4096 MiB, 1410 MHz, 35.79 W, 59, 0x0000000000000004
2026/10/07 00:25:00.984, 100 %, 1720 MiB, 4096 MiB, 1395 MHz, 35.44 W, 59, 0x0000000000000004
2026/10/07 00:25:02.987, 100 %, 1720 MiB, 4096 MiB, 1365 MHz, 35.64 W, 59, 0x0000000000000004
2026/10/07 00:25:04.993, 100 %, 1720 MiB, 4096 MiB, 1350 MHz, 35.32 W, 60, 0x0000000000000004
2026/10/07 00:25:06.996, 100 %, 1720 MiB, 4096 MiB, 1260 MHz, 34.65 W, 59, 0x0000000000000004
2026/10/07 00:25:09.005, 100 %, 1720 MiB, 4096 MiB, 1305 MHz, 33.10 W, 59, 0x0000000000000004
2026/10/07 00:25:11.007, 100 %, 1720 MiB, 4096 MiB, 1470 MHz, 33.95 W, 59, 0x0000000000000004
2026/10/07 00:25:13.011, 100 %, 1720 MiB, 4096 MiB, 1350 MHz, 32.49 W, 59, 0x0000000000000004
2026/10/07 00:25:15.015, 100 %, 1720 MiB, 4096 MiB, 1335 MHz, 33.36 W, 59, 0x0000000000000004
2026/10/07 00:25:17.018, 100 %, 1720 MiB, 4096 MiB, 1335 MHz, 36.80 W, 59, 0x0000000000000004
2026/10/07 00:25:19.021, 100 %, 1720 MiB, 4096 MiB, 1320 MHz, 34.75 W, 59, 0x0000000000000004
2026/10/07 00:25:21.023, 100 %, 1720 MiB, 4096 MiB, 1335 MHz, 34.61 W, 59, 0x0000000000000004
2026/10/07 00:25:23.025, 100 %, 1719 MiB, 4096 MiB, 1425 MHz, 33.26 W, 59, 0x0000000000000004
2026/10/07 00:25:25.034, 100 %, 1719 MiB, 4096 MiB, 1380 MHz, 34.51 W, 59, 0x0000000000000004
2026/10/07 00:25:27.036, 50 %, 1727 MiB, 4096 MiB, 1785 MHz, 17.96 W, 57, 0x0000000000000000
2026/10/07 00:25:29.038, 60 %, 2024 MiB, 4096 MiB, 1530 MHz, 35.61 W, 59, 0x0000000000000004
2026/10/07 00:25:31.041, 100 %, 2016 MiB, 4096 MiB, 1395 MHz, 35.29 W, 59, 0x0000000000000004
2026/10/07 00:25:33.050, 45 %, 737 MiB, 4096 MiB, 1395 MHz, 35.16 W, 59, 0x0000000000000004
2026/10/07 00:25:35.052, 100 %, 2025 MiB, 4096 MiB, 1395 MHz, 34.91 W, 59, 0x0000000000000004
2026/10/07 00:25:37.055, 100 %, 2016 MiB, 4096 MiB, 1395 MHz, 35.74 W, 59, 0x0000000000000004
2026/10/07 00:25:39.059, 70 %, 2026 MiB, 4096 MiB, 1350 MHz, 35.76 W, 59, 0x0000000000000004
2026/10/07 00:25:41.066, 100 %, 2025 MiB, 4096 MiB, 1320 MHz, 34.94 W, 59, 0x0000000000000004
2026/10/07 00:25:43.069, 54 %, 736 MiB, 4096 MiB, 1785 MHz, 17.13 W, 57, 0x0000000000000000
2026/10/07 00:25:45.071, 100 %, 2106 MiB, 4096 MiB, 1365 MHz, 35.41 W, 59, 0x0000000000000004
2026/10/07 00:25:47.074, 100 %, 2098 MiB, 4096 MiB, 1380 MHz, 35.43 W, 59, 0x0000000000000004
2026/10/07 00:25:49.076, 100 %, 2098 MiB, 4096 MiB, 1395 MHz, 35.45 W, 59, 0x0000000000000004
2026/10/07 00:25:51.079, 100 %, 2098 MiB, 4096 MiB, 1380 MHz, 35.48 W, 59, 0x0000000000000004
2026/10/07 00:25:53.082, 100 %, 2098 MiB, 4096 MiB, 1395 MHz, 35.39 W, 59, 0x0000000000000004
2026/10/07 00:25:55.084, 100 %, 2098 MiB, 4096 MiB, 1425 MHz, 35.81 W, 59, 0x0000000000000004
2026/10/07 00:25:57.089, 100 %, 2098 MiB, 4096 MiB, 1395 MHz, 35.34 W, 59, 0x0000000000000004
2026/10/07 00:25:59.091, 100 %, 2098 MiB, 4096 MiB, 1380 MHz, 35.43 W, 59, 0x0000000000000004
2026/10/07 00:26:01.101, 100 %, 2098 MiB, 4096 MiB, 1395 MHz, 35.58 W, 60, 0x0000000000000004
2026/10/07 00:26:03.103, 100 %, 2098 MiB, 4096 MiB, 1260 MHz, 35.26 W, 59, 0x0000000000000004
2026/10/07 00:26:05.114, 100 %, 2098 MiB, 4096 MiB, 1290 MHz, 34.13 W, 59, 0x0000000000000004
2026/10/07 00:26:07.116, 100 %, 2098 MiB, 4096 MiB, 1440 MHz, 34.68 W, 59, 0x0000000000000004
2026/10/07 00:26:09.125, 100 %, 2098 MiB, 4096 MiB, 1395 MHz, 33.48 W, 59, 0x0000000000000004
2026/10/07 00:26:11.127, 63 %, 736 MiB, 4096 MiB, 1785 MHz, 18.02 W, 57, 0x0000000000000000
2026/10/07 00:26:13.130, 95 %, 2107 MiB, 4096 MiB, 1350 MHz, 33.91 W, 59, 0x0000000000000004
2026/10/07 00:26:15.132, 100 %, 2098 MiB, 4096 MiB, 1380 MHz, 35.22 W, 59, 0x0000000000000004
2026/10/07 00:26:17.135, 100 %, 2098 MiB, 4096 MiB, 1410 MHz, 34.79 W, 59, 0x0000000000000004
2026/10/07 00:26:19.139, 100 %, 2098 MiB, 4096 MiB, 1395 MHz, 35.35 W, 59, 0x0000000000000004
2026/10/07 00:26:21.141, 100 %, 2098 MiB, 4096 MiB, 1365 MHz, 35.84 W, 59, 0x0000000000000004
2026/10/07 00:26:23.145, 100 %, 2098 MiB, 4096 MiB, 1290 MHz, 35.46 W, 59, 0x0000000000000004
2026/10/07 00:26:25.148, 100 %, 2098 MiB, 4096 MiB, 1260 MHz, 35.72 W, 59, 0x0000000000000004
2026/10/07 00:26:27.150, 100 %, 2098 MiB, 4096 MiB, 1305 MHz, 35.21 W, 59, 0x0000000000000004
2026/10/07 00:26:29.159, 100 %, 2096 MiB, 4096 MiB, 1485 MHz, 34.05 W, 59, 0x0000000000000004
2026/10/07 00:26:31.162, 100 %, 2096 MiB, 4096 MiB, 1350 MHz, 30.86 W, 60, 0x0000000000000004
2026/10/07 00:26:33.171, 100 %, 2096 MiB, 4096 MiB, 1350 MHz, 34.14 W, 59, 0x0000000000000004
2026/10/07 00:26:35.173, 100 %, 2096 MiB, 4096 MiB, 1335 MHz, 36.39 W, 59, 0x0000000000000004
2026/10/07 00:26:37.176, 100 %, 2096 MiB, 4096 MiB, 1305 MHz, 35.24 W, 59, 0x0000000000000004
2026/10/07 00:26:39.178, 61 %, 1919 MiB, 4096 MiB, 1350 MHz, 35.99 W, 59, 0x0000000000000004
2026/10/07 00:26:41.180, 100 %, 2105 MiB, 4096 MiB, 1335 MHz, 35.71 W, 59, 0x0000000000000004
2026/10/07 00:26:43.183, 100 %, 2097 MiB, 4096 MiB, 1410 MHz, 33.87 W, 60, 0x0000000000000004
2026/10/07 00:26:45.190, 100 %, 2097 MiB, 4096 MiB, 1350 MHz, 30.96 W, 60, 0x0000000000000004
2026/10/07 00:26:47.192, 100 %, 2097 MiB, 4096 MiB, 1350 MHz, 34.25 W, 59, 0x0000000000000004
2026/10/07 00:26:49.202, 100 %, 2097 MiB, 4096 MiB, 1335 MHz, 36.17 W, 60, 0x0000000000000004
2026/10/07 00:26:51.204, 100 %, 2097 MiB, 4096 MiB, 1335 MHz, 34.68 W, 59, 0x0000000000000004
2026/10/07 00:26:53.214, 100 %, 2097 MiB, 4096 MiB, 1335 MHz, 34.31 W, 59, 0x0000000000000004
2026/10/07 00:26:55.216, 100 %, 2097 MiB, 4096 MiB, 1425 MHz, 33.15 W, 59, 0x0000000000000004
2026/10/07 00:26:57.225, 100 %, 2097 MiB, 4096 MiB, 1380 MHz, 34.58 W, 60, 0x0000000000000004
2026/10/07 00:26:59.228, 100 %, 2096 MiB, 4096 MiB, 1380 MHz, 35.97 W, 59, 0x0000000000000004
2026/10/07 00:27:01.231, 100 %, 2096 MiB, 4096 MiB, 1380 MHz, 34.50 W, 59, 0x0000000000000004
2026/10/07 00:27:03.233, 100 %, 2096 MiB, 4096 MiB, 1380 MHz, 36.15 W, 60, 0x0000000000000004
2026/10/07 00:27:05.235, 100 %, 2096 MiB, 4096 MiB, 1395 MHz, 35.93 W, 59, 0x0000000000000004
2026/10/07 00:27:07.239, 44 %, 1619 MiB, 4096 MiB, 1335 MHz, 26.06 W, 59, 0x0000000000000004
2026/10/07 00:27:09.241, 100 %, 1681 MiB, 4096 MiB, 1380 MHz, 35.32 W, 59, 0x0000000000000004
2026/10/07 00:27:11.253, 100 %, 1673 MiB, 4096 MiB, 1275 MHz, 35.29 W, 59, 0x0000000000000004
2026/10/07 00:27:13.256, 100 %, 1673 MiB, 4096 MiB, 1275 MHz, 34.79 W, 59, 0x0000000000000004
2026/10/07 00:27:15.259, 100 %, 1673 MiB, 4096 MiB, 1335 MHz, 33.03 W, 59, 0x0000000000000004
2026/10/07 00:27:17.261, 100 %, 1673 MiB, 4096 MiB, 1500 MHz, 32.60 W, 60, 0x0000000000000004
2026/10/07 00:27:19.263, 100 %, 1673 MiB, 4096 MiB, 1350 MHz, 32.33 W, 60, 0x0000000000000004
2026/10/07 00:27:21.269, 100 %, 1673 MiB, 4096 MiB, 1350 MHz, 33.43 W, 59, 0x0000000000000004
2026/10/07 00:27:23.271, 100 %, 1673 MiB, 4096 MiB, 1320 MHz, 37.10 W, 60, 0x0000000000000004
2026/10/07 00:27:25.281, 100 %, 1673 MiB, 4096 MiB, 1335 MHz, 34.81 W, 60, 0x0000000000000004
2026/10/07 00:27:27.284, 100 %, 1673 MiB, 4096 MiB, 1410 MHz, 34.50 W, 59, 0x0000000000000004
2026/10/07 00:27:29.290, 100 %, 1673 MiB, 4096 MiB, 1395 MHz, 33.29 W, 60, 0x0000000000000004
2026/10/07 00:27:31.292, 100 %, 1673 MiB, 4096 MiB, 1380 MHz, 34.36 W, 60, 0x0000000000000004
2026/10/07 00:27:33.296, 100 %, 1673 MiB, 4096 MiB, 1380 MHz, 35.77 W, 60, 0x0000000000000004
2026/10/07 00:27:35.299, 49 %, 1620 MiB, 4096 MiB, 1380 MHz, 39.42 W, 59, 0x0000000000000004
2026/10/07 00:27:37.309, 100 %, 1683 MiB, 4096 MiB, 1305 MHz, 36.00 W, 60, 0x0000000000000004
2026/10/07 00:27:39.311, 100 %, 1675 MiB, 4096 MiB, 1290 MHz, 35.35 W, 59, 0x0000000000000004
2026/10/07 00:27:41.321, 100 %, 1675 MiB, 4096 MiB, 1320 MHz, 34.91 W, 59, 0x0000000000000004
2026/10/07 00:27:43.323, 100 %, 1675 MiB, 4096 MiB, 1395 MHz, 33.85 W, 60, 0x0000000000000004
2026/10/07 00:27:45.332, 100 %, 1675 MiB, 4096 MiB, 1350 MHz, 31.14 W, 60, 0x0000000000000004
2026/10/07 00:27:47.334, 100 %, 1675 MiB, 4096 MiB, 1335 MHz, 34.63 W, 60, 0x0000000000000004
2026/10/07 00:27:49.340, 100 %, 1675 MiB, 4096 MiB, 1320 MHz, 35.57 W, 60, 0x0000000000000004
2026/10/07 00:27:51.342, 100 %, 1675 MiB, 4096 MiB, 1320 MHz, 34.75 W, 60, 0x0000000000000004
2026/10/07 00:27:53.345, 100 %, 1675 MiB, 4096 MiB, 1350 MHz, 34.41 W, 59, 0x0000000000000004
2026/10/07 00:27:55.352, 100 %, 1675 MiB, 4096 MiB, 1410 MHz, 33.80 W, 60, 0x0000000000000004
2026/10/07 00:27:57.354, 100 %, 1675 MiB, 4096 MiB, 1380 MHz, 34.07 W, 60, 0x0000000000000004
2026/10/07 00:27:59.358, 100 %, 1674 MiB, 4096 MiB, 1380 MHz, 34.51 W, 60, 0x0000000000000004
2026/10/07 00:28:01.361, 100 %, 1674 MiB, 4096 MiB, 1380 MHz, 36.24 W, 60, 0x0000000000000004
2026/10/07 00:28:03.363, 50 %, 1683 MiB, 4096 MiB, 1365 MHz, 33.96 W, 60, 0x0000000000000004
2026/10/07 00:28:05.370, 100 %, 1683 MiB, 4096 MiB, 1350 MHz, 35.48 W, 60, 0x0000000000000004
2026/10/07 00:28:07.373, 100 %, 1675 MiB, 4096 MiB, 1335 MHz, 35.78 W, 60, 0x0000000000000004
2026/10/07 00:28:09.375, 100 %, 1675 MiB, 4096 MiB, 1350 MHz, 35.07 W, 60, 0x0000000000000004
2026/10/07 00:28:11.378, 100 %, 1675 MiB, 4096 MiB, 1365 MHz, 34.15 W, 59, 0x0000000000000004
2026/10/07 00:28:13.381, 100 %, 1675 MiB, 4096 MiB, 1380 MHz, 34.38 W, 60, 0x0000000000000004
2026/10/07 00:28:15.389, 100 %, 1675 MiB, 4096 MiB, 1380 MHz, 33.28 W, 60, 0x0000000000000004
2026/10/07 00:28:17.392, 100 %, 1675 MiB, 4096 MiB, 1380 MHz, 34.39 W, 60, 0x0000000000000004
2026/10/07 00:28:19.396, 100 %, 1675 MiB, 4096 MiB, 1380 MHz, 36.06 W, 60, 0x0000000000000004
2026/10/07 00:28:21.398, 100 %, 1675 MiB, 4096 MiB, 1395 MHz, 35.34 W, 60, 0x0000000000000004
2026/10/07 00:28:23.401, 100 %, 1675 MiB, 4096 MiB, 1395 MHz, 35.30 W, 60, 0x0000000000000004
2026/10/07 00:28:25.408, 100 %, 1675 MiB, 4096 MiB, 1395 MHz, 35.14 W, 60, 0x0000000000000004
2026/10/07 00:28:27.411, 100 %, 1675 MiB, 4096 MiB, 1395 MHz, 35.89 W, 59, 0x0000000000000004
2026/10/07 00:28:29.414, 100 %, 1674 MiB, 4096 MiB, 1725 MHz, 30.99 W, 58, 0x0000000000000004
2026/10/07 00:28:31.416, 23 %, 735 MiB, 4096 MiB, 1530 MHz, 34.90 W, 59, 0x0000000000000004
2026/10/07 00:28:33.423, 100 %, 2083 MiB, 4096 MiB, 1395 MHz, 35.59 W, 60, 0x0000000000000004
2026/10/07 00:28:35.425, 100 %, 2074 MiB, 4096 MiB, 1365 MHz, 35.55 W, 60, 0x0000000000000004
2026/10/07 00:28:37.428, 100 %, 2074 MiB, 4096 MiB, 1350 MHz, 34.95 W, 60, 0x0000000000000004
2026/10/07 00:28:39.430, 54 %, 2509 MiB, 4096 MiB, 1515 MHz, 18.01 W, 59, 0x0000000000000004
2026/10/07 00:28:41.432, 100 %, 2083 MiB, 4096 MiB, 1365 MHz, 33.85 W, 60, 0x0000000000000004
2026/10/07 00:28:43.435, 100 %, 2075 MiB, 4096 MiB, 1380 MHz, 34.16 W, 60, 0x0000000000000004
2026/10/07 00:28:45.438, 100 %, 2075 MiB, 4096 MiB, 1395 MHz, 35.15 W, 60, 0x0000000000000004
2026/10/07 00:28:47.441, 87 %, 2075 MiB, 4096 MiB, 1785 MHz, 18.08 W, 57, 0x0000000000000000
2026/10/07 00:28:49.443, 92 %, 2084 MiB, 4096 MiB, 1335 MHz, 35.57 W, 59, 0x0000000000000004
2026/10/07 00:28:51.445, 100 %, 2084 MiB, 4096 MiB, 1350 MHz, 34.73 W, 60, 0x0000000000000004
2026/10/07 00:28:53.448, 100 %, 2076 MiB, 4096 MiB, 1380 MHz, 34.79 W, 60, 0x0000000000000004
2026/10/07 00:28:55.450, 100 %, 2076 MiB, 4096 MiB, 1785 MHz, 28.00 W, 58, 0x0000000000000000
2026/10/07 00:28:57.452, 63 %, 2232 MiB, 4096 MiB, 1350 MHz, 35.60 W, 60, 0x0000000000000004
2026/10/07 00:28:59.455, 100 %, 2230 MiB, 4096 MiB, 1335 MHz, 35.86 W, 60, 0x0000000000000004
2026/10/07 00:29:01.457, 100 %, 2222 MiB, 4096 MiB, 1350 MHz, 35.57 W, 60, 0x0000000000000004
2026/10/07 00:29:03.459, 100 %, 2222 MiB, 4096 MiB, 1440 MHz, 35.06 W, 60, 0x0000000000000004
2026/10/07 00:29:05.462, 100 %, 2222 MiB, 4096 MiB, 1395 MHz, 33.55 W, 60, 0x0000000000000004
2026/10/07 00:29:07.464, 100 %, 2222 MiB, 4096 MiB, 1380 MHz, 34.77 W, 60, 0x0000000000000004
2026/10/07 00:29:09.467, 100 %, 2222 MiB, 4096 MiB, 1380 MHz, 35.81 W, 60, 0x0000000000000004
2026/10/07 00:29:11.469, 100 %, 2222 MiB, 4096 MiB, 1380 MHz, 34.68 W, 60, 0x0000000000000004
2026/10/07 00:29:13.473, 100 %, 2222 MiB, 4096 MiB, 1380 MHz, 35.69 W, 60, 0x0000000000000004
2026/10/07 00:29:15.475, 100 %, 2222 MiB, 4096 MiB, 1380 MHz, 35.61 W, 60, 0x0000000000000004
2026/10/07 00:29:17.478, 100 %, 2222 MiB, 4096 MiB, 1395 MHz, 35.28 W, 60, 0x0000000000000004
2026/10/07 00:29:19.480, 100 %, 2222 MiB, 4096 MiB, 1395 MHz, 35.29 W, 60, 0x0000000000000004
2026/10/07 00:29:21.483, 100 %, 736 MiB, 4096 MiB, 1395 MHz, 35.22 W, 59, 0x0000000000000004
2026/10/07 00:29:23.487, 61 %, 2232 MiB, 4096 MiB, 1350 MHz, 34.94 W, 60, 0x0000000000000004
2026/10/07 00:29:25.489, 100 %, 2224 MiB, 4096 MiB, 1350 MHz, 36.10 W, 60, 0x0000000000000004
2026/10/07 00:29:27.492, 100 %, 2224 MiB, 4096 MiB, 1320 MHz, 35.00 W, 60, 0x0000000000000004
2026/10/07 00:29:29.499, 100 %, 2221 MiB, 4096 MiB, 1335 MHz, 36.12 W, 60, 0x0000000000000004
2026/10/07 00:29:31.502, 100 %, 2221 MiB, 4096 MiB, 1380 MHz, 34.53 W, 59, 0x0000000000000004
2026/10/07 00:29:33.511, 100 %, 2221 MiB, 4096 MiB, 1425 MHz, 34.38 W, 60, 0x0000000000000004
2026/10/07 00:29:35.514, 100 %, 2221 MiB, 4096 MiB, 1380 MHz, 33.31 W, 60, 0x0000000000000004
2026/10/07 00:29:37.517, 100 %, 2221 MiB, 4096 MiB, 1380 MHz, 34.44 W, 60, 0x0000000000000004
2026/10/07 00:29:39.519, 100 %, 2221 MiB, 4096 MiB, 1380 MHz, 36.01 W, 60, 0x0000000000000004
2026/10/07 00:29:41.522, 100 %, 2221 MiB, 4096 MiB, 1380 MHz, 35.28 W, 60, 0x0000000000000004
2026/10/07 00:29:43.525, 100 %, 2221 MiB, 4096 MiB, 1380 MHz, 35.38 W, 60, 0x0000000000000004
2026/10/07 00:29:45.527, 100 %, 2221 MiB, 4096 MiB, 1410 MHz, 35.17 W, 60, 0x0000000000000004
2026/10/07 00:29:47.529, 49 %, 2231 MiB, 4096 MiB, 1365 MHz, 36.38 W, 60, 0x0000000000000004
2026/10/07 00:29:49.533, 100 %, 2230 MiB, 4096 MiB, 1350 MHz, 35.26 W, 60, 0x0000000000000004
2026/10/07 00:29:51.535, 100 %, 2222 MiB, 4096 MiB, 1425 MHz, 35.17 W, 60, 0x0000000000000004
2026/10/07 00:29:53.545, 100 %, 2222 MiB, 4096 MiB, 1380 MHz, 34.15 W, 60, 0x0000000000000004
2026/10/07 00:29:55.548, 100 %, 2222 MiB, 4096 MiB, 1380 MHz, 34.58 W, 60, 0x0000000000000004
2026/10/07 00:29:57.551, 100 %, 2222 MiB, 4096 MiB, 1380 MHz, 35.82 W, 60, 0x0000000000000004
2026/10/07 00:29:59.554, 100 %, 2221 MiB, 4096 MiB, 1380 MHz, 35.47 W, 60, 0x0000000000000004
2026/10/07 00:30:01.556, 100 %, 2221 MiB, 4096 MiB, 1380 MHz, 35.38 W, 60, 0x0000000000000004
2026/10/07 00:30:03.559, 100 %, 2221 MiB, 4096 MiB, 1395 MHz, 35.27 W, 60, 0x0000000000000004
2026/10/07 00:30:05.561, 100 %, 2221 MiB, 4096 MiB, 1395 MHz, 35.26 W, 60, 0x0000000000000004
2026/10/07 00:30:07.563, 100 %, 2221 MiB, 4096 MiB, 1395 MHz, 35.19 W, 60, 0x0000000000000004
2026/10/07 00:30:09.566, 100 %, 2221 MiB, 4096 MiB, 1395 MHz, 35.35 W, 60, 0x0000000000000004
2026/10/07 00:30:11.568, 71 %, 733 MiB, 4096 MiB, 1410 MHz, 37.05 W, 59, 0x0000000000000004
2026/10/07 00:30:13.573, 47 %, 1723 MiB, 4096 MiB, 1395 MHz, 35.48 W, 60, 0x0000000000000004
2026/10/07 00:30:15.575, 100 %, 1715 MiB, 4096 MiB, 1290 MHz, 35.30 W, 60, 0x0000000000000004
2026/10/07 00:30:17.577, 100 %, 1715 MiB, 4096 MiB, 1275 MHz, 34.30 W, 60, 0x0000000000000004
2026/10/07 00:30:19.584, 100 %, 1715 MiB, 4096 MiB, 1335 MHz, 32.82 W, 59, 0x0000000000000004
2026/10/07 00:30:21.586, 100 %, 1715 MiB, 4096 MiB, 1395 MHz, 32.62 W, 60, 0x0000000000000004
2026/10/07 00:30:23.596, 100 %, 1715 MiB, 4096 MiB, 1320 MHz, 31.51 W, 60, 0x0000000000000004
2026/10/07 00:30:25.599, 100 %, 1715 MiB, 4096 MiB, 1350 MHz, 33.85 W, 60, 0x0000000000000004
2026/10/07 00:30:27.602, 100 %, 1715 MiB, 4096 MiB, 1320 MHz, 36.95 W, 60, 0x0000000000000004
2026/10/07 00:30:29.608, 100 %, 1714 MiB, 4096 MiB, 1335 MHz, 35.19 W, 60, 0x0000000000000004
2026/10/07 00:30:31.610, 100 %, 1714 MiB, 4096 MiB, 1410 MHz, 34.51 W, 59, 0x0000000000000004
2026/10/07 00:30:33.618, 100 %, 1714 MiB, 4096 MiB, 1395 MHz, 33.35 W, 60, 0x0000000000000004
2026/10/07 00:30:35.620, 100 %, 1714 MiB, 4096 MiB, 1395 MHz, 34.53 W, 60, 0x0000000000000004
2026/10/07 00:30:37.623, 45 %, 2080 MiB, 4096 MiB, 1785 MHz, 18.15 W, 57, 0x0000000000000000
2026/10/07 00:30:39.625, 100 %, 1724 MiB, 4096 MiB, 1410 MHz, 34.22 W, 60, 0x0000000000000004
2026/10/07 00:30:41.627, 100 %, 1716 MiB, 4096 MiB, 1395 MHz, 34.78 W, 60, 0x0000000000000004
2026/10/07 00:30:43.630, 100 %, 1716 MiB, 4096 MiB, 1365 MHz, 34.88 W, 60, 0x0000000000000004
2026/10/07 00:30:45.632, 100 %, 1716 MiB, 4096 MiB, 1320 MHz, 35.92 W, 60, 0x0000000000000004
2026/10/07 00:30:47.635, 100 %, 1716 MiB, 4096 MiB, 1260 MHz, 35.60 W, 59, 0x0000000000000004
2026/10/07 00:30:49.637, 100 %, 1716 MiB, 4096 MiB, 1305 MHz, 34.38 W, 60, 0x0000000000000004
2026/10/07 00:30:51.640, 100 %, 1716 MiB, 4096 MiB, 1470 MHz, 32.25 W, 60, 0x0000000000000004
2026/10/07 00:30:53.643, 100 %, 1716 MiB, 4096 MiB, 1350 MHz, 33.45 W, 60, 0x0000000000000004
2026/10/07 00:30:55.646, 100 %, 1716 MiB, 4096 MiB, 1335 MHz, 36.96 W, 60, 0x0000000000000004
2026/10/07 00:30:57.649, 100 %, 1716 MiB, 4096 MiB, 1335 MHz, 34.22 W, 60, 0x0000000000000004
2026/10/07 00:30:59.653, 100 %, 1715 MiB, 4096 MiB, 1320 MHz, 35.93 W, 60, 0x0000000000000004
2026/10/07 00:31:01.655, 87 %, 2150 MiB, 4096 MiB, 1545 MHz, 18.10 W, 59, 0x0000000000000004
2026/10/07 00:31:03.658, 64 %, 1724 MiB, 4096 MiB, 1395 MHz, 32.48 W, 60, 0x0000000000000004
2026/10/07 00:31:05.660, 100 %, 1716 MiB, 4096 MiB, 1380 MHz, 34.86 W, 60, 0x0000000000000004
2026/10/07 00:31:07.663, 100 %, 1716 MiB, 4096 MiB, 1365 MHz, 35.71 W, 60, 0x0000000000000004
2026/10/07 00:31:09.666, 100 %, 1716 MiB, 4096 MiB, 1260 MHz, 35.10 W, 60, 0x0000000000000004
2026/10/07 00:31:11.668, 100 %, 1716 MiB, 4096 MiB, 1305 MHz, 33.80 W, 60, 0x0000000000000004
2026/10/07 00:31:13.671, 100 %, 1716 MiB, 4096 MiB, 1530 MHz, 34.50 W, 59, 0x0000000000000004
2026/10/07 00:31:15.682, 100 %, 1716 MiB, 4096 MiB, 1380 MHz, 32.88 W, 60, 0x0000000000000004
2026/10/07 00:31:17.685, 100 %, 1716 MiB, 4096 MiB, 1335 MHz, 33.06 W, 60, 0x0000000000000004
2026/10/07 00:31:19.691, 100 %, 1716 MiB, 4096 MiB, 1335 MHz, 36.12 W, 60, 0x0000000000000004
2026/10/07 00:31:21.693, 100 %, 1716 MiB, 4096 MiB, 1320 MHz, 35.40 W, 60, 0x0000000000000004
2026/10/07 00:31:23.696, 100 %, 1716 MiB, 4096 MiB, 1335 MHz, 34.67 W, 60, 0x0000000000000004
2026/10/07 00:31:25.699, 100 %, 1716 MiB, 4096 MiB, 1425 MHz, 33.39 W, 60, 0x0000000000000004
2026/10/07 00:31:27.701, 4 %, 718 MiB, 4096 MiB, 1410 MHz, 36.00 W, 59, 0x0000000000000004
2026/10/07 00:31:29.708, 100 %, 1976 MiB, 4096 MiB, 1395 MHz, 35.63 W, 60, 0x0000000000000004
2026/10/07 00:31:31.710, 100 %, 1968 MiB, 4096 MiB, 1680 MHz, 17.60 W, 58, 0x0000000000000001
2026/10/07 00:31:33.726, 90 %, 1977 MiB, 4096 MiB, 1455 MHz, 32.99 W, 60, 0x0000000000000004
2026/10/07 00:31:35.729, 100 %, 1976 MiB, 4096 MiB, 1395 MHz, 34.29 W, 60, 0x0000000000000004
2026/10/07 00:31:37.731, 68 %, 1978 MiB, 4096 MiB, 1200 MHz, 35.76 W, 59, 0x0000000000000004
2026/10/07 00:31:39.734, 100 %, 1977 MiB, 4096 MiB, 1365 MHz, 34.64 W, 59, 0x0000000000000004
2026/10/07 00:31:41.736, 18 %, 1891 MiB, 4096 MiB, 1365 MHz, 39.80 W, 59, 0x0000000000000004
2026/10/07 00:31:43.739, 100 %, 2061 MiB, 4096 MiB, 1275 MHz, 35.42 W, 60, 0x0000000000000004
2026/10/07 00:31:45.742, 100 %, 2053 MiB, 4096 MiB, 1305 MHz, 34.67 W, 60, 0x0000000000000004
2026/10/07 00:31:47.751, 100 %, 2053 MiB, 4096 MiB, 1350 MHz, 33.51 W, 60, 0x0000000000000004
2026/10/07 00:31:49.754, 100 %, 2053 MiB, 4096 MiB, 1395 MHz, 30.64 W, 60, 0x0000000000000004
2026/10/07 00:31:51.763, 100 %, 2053 MiB, 4096 MiB, 1350 MHz, 33.77 W, 60, 0x0000000000000004
2026/10/07 00:31:53.766, 100 %, 2053 MiB, 4096 MiB, 1335 MHz, 36.69 W, 60, 0x0000000000000004
2026/10/07 00:31:55.771, 100 %, 2053 MiB, 4096 MiB, 1335 MHz, 34.78 W, 60, 0x0000000000000004
2026/10/07 00:31:57.773, 100 %, 2053 MiB, 4096 MiB, 1320 MHz, 36.38 W, 60, 0x0000000000000004
2026/10/07 00:31:59.776, 100 %, 2052 MiB, 4096 MiB, 1335 MHz, 34.96 W, 60, 0x0000000000000004
2026/10/07 00:32:01.778, 100 %, 2052 MiB, 4096 MiB, 1425 MHz, 34.48 W, 60, 0x0000000000000004
2026/10/07 00:32:03.780, 100 %, 2052 MiB, 4096 MiB, 1395 MHz, 33.33 W, 60, 0x0000000000000004
2026/10/07 00:32:05.783, 45 %, 2469 MiB, 4096 MiB, 1410 MHz, 34.13 W, 60, 0x0000000000000004
2026/10/07 00:32:07.785, 100 %, 2061 MiB, 4096 MiB, 1425 MHz, 34.51 W, 60, 0x0000000000000004
2026/10/07 00:32:09.788, 100 %, 2053 MiB, 4096 MiB, 1380 MHz, 34.83 W, 60, 0x0000000000000004
2026/10/07 00:32:11.796, 100 %, 2053 MiB, 4096 MiB, 1380 MHz, 36.17 W, 60, 0x0000000000000004
2026/10/07 00:32:13.798, 100 %, 2053 MiB, 4096 MiB, 1380 MHz, 34.43 W, 60, 0x0000000000000004
2026/10/07 00:32:15.801, 100 %, 2053 MiB, 4096 MiB, 1380 MHz, 36.29 W, 60, 0x0000000000000004
2026/10/07 00:32:17.803, 100 %, 2053 MiB, 4096 MiB, 1380 MHz, 35.29 W, 60, 0x0000000000000004
2026/10/07 00:32:19.806, 100 %, 2053 MiB, 4096 MiB, 1395 MHz, 35.37 W, 60, 0x0000000000000004
2026/10/07 00:32:21.808, 100 %, 2053 MiB, 4096 MiB, 1395 MHz, 35.24 W, 60, 0x0000000000000004
2026/10/07 00:32:23.811, 100 %, 2053 MiB, 4096 MiB, 1380 MHz, 35.60 W, 60, 0x0000000000000004
2026/10/07 00:32:25.813, 100 %, 2053 MiB, 4096 MiB, 1410 MHz, 35.72 W, 60, 0x0000000000000004
2026/10/07 00:32:27.819, 100 %, 2053 MiB, 4096 MiB, 1395 MHz, 35.55 W, 60, 0x0000000000000004
2026/10/07 00:32:29.822, 100 %, 2051 MiB, 4096 MiB, 1785 MHz, 18.92 W, 58, 0x0000000000000000
2026/10/07 00:32:31.826, 38 %, 2060 MiB, 4096 MiB, 1290 MHz, 36.01 W, 60, 0x0000000000000004
2026/10/07 00:32:33.828, 100 %, 2059 MiB, 4096 MiB, 1275 MHz, 35.44 W, 60, 0x0000000000000004
2026/10/07 00:32:35.831, 100 %, 2051 MiB, 4096 MiB, 1335 MHz, 34.52 W, 60, 0x0000000000000004
2026/10/07 00:32:37.836, 100 %, 2051 MiB, 4096 MiB, 1515 MHz, 32.94 W, 60, 0x0000000000000004
2026/10/07 00:32:39.838, 100 %, 2051 MiB, 4096 MiB, 1335 MHz, 31.84 W, 60, 0x0000000000000004
2026/10/07 00:32:41.848, 100 %, 2051 MiB, 4096 MiB, 1350 MHz, 34.56 W, 60, 0x0000000000000004
2026/10/07 00:32:43.851, 100 %, 2051 MiB, 4096 MiB, 1335 MHz, 35.65 W, 60, 0x0000000000000004
2026/10/07 00:32:45.857, 100 %, 2051 MiB, 4096 MiB, 1320 MHz, 34.84 W, 60, 0x0000000000000004
2026/10/07 00:32:47.859, 100 %, 2051 MiB, 4096 MiB, 1335 MHz, 34.69 W, 60, 0x0000000000000004
2026/10/07 00:32:49.862, 100 %, 2051 MiB, 4096 MiB, 1410 MHz, 34.81 W, 60, 0x0000000000000004
2026/10/07 00:32:51.869, 100 %, 2051 MiB, 4096 MiB, 1395 MHz, 34.56 W, 60, 0x0000000000000004
2026/10/07 00:32:53.872, 100 %, 2051 MiB, 4096 MiB, 1380 MHz, 33.51 W, 60, 0x0000000000000004
2026/10/07 00:32:55.874, 30 %, 1609 MiB, 4096 MiB, 1335 MHz, 34.89 W, 60, 0x0000000000000004
2026/10/07 00:32:57.876, 100 %, 1667 MiB, 4096 MiB, 1305 MHz, 35.29 W, 60, 0x0000000000000004
2026/10/07 00:32:59.886, 100 %, 1658 MiB, 4096 MiB, 1380 MHz, 33.49 W, 60, 0x0000000000000004
2026/10/07 00:33:01.888, 100 %, 1658 MiB, 4096 MiB, 1380 MHz, 31.63 W, 60, 0x0000000000000004
2026/10/07 00:33:03.898, 100 %, 1658 MiB, 4096 MiB, 1320 MHz, 34.45 W, 60, 0x0000000000000004
2026/10/07 00:33:05.900, 100 %, 1658 MiB, 4096 MiB, 1350 MHz, 35.55 W, 60, 0x0000000000000004
2026/10/07 00:33:07.903, 100 %, 1658 MiB, 4096 MiB, 1320 MHz, 36.11 W, 60, 0x0000000000000004
2026/10/07 00:33:09.906, 100 %, 1658 MiB, 4096 MiB, 1335 MHz, 35.25 W, 60, 0x0000000000000004
2026/10/07 00:33:11.909, 100 %, 1658 MiB, 4096 MiB, 1425 MHz, 34.70 W, 60, 0x0000000000000004
2026/10/07 00:33:13.918, 100 %, 1658 MiB, 4096 MiB, 1395 MHz, 34.17 W, 60, 0x0000000000000004
2026/10/07 00:33:15.920, 100 %, 1658 MiB, 4096 MiB, 1380 MHz, 34.42 W, 60, 0x0000000000000004
2026/10/07 00:33:17.923, 100 %, 1658 MiB, 4096 MiB, 1380 MHz, 36.03 W, 60, 0x0000000000000004
2026/10/07 00:33:19.925, 94 %, 2077 MiB, 4096 MiB, 1395 MHz, 37.73 W, 59, 0x0000000000000004
2026/10/07 00:33:21.928, 71 %, 1668 MiB, 4096 MiB, 1350 MHz, 37.23 W, 60, 0x0000000000000004
2026/10/07 00:33:23.930, 100 %, 1660 MiB, 4096 MiB, 1350 MHz, 35.43 W, 60, 0x0000000000000004
2026/10/07 00:33:25.933, 100 %, 1660 MiB, 4096 MiB, 1320 MHz, 36.36 W, 60, 0x0000000000000004
2026/10/07 00:33:27.935, 100 %, 1660 MiB, 4096 MiB, 1335 MHz, 35.24 W, 60, 0x0000000000000004
2026/10/07 00:33:29.938, 100 %, 1659 MiB, 4096 MiB, 1440 MHz, 34.47 W, 60, 0x0000000000000004
2026/10/07 00:33:31.940, 100 %, 1659 MiB, 4096 MiB, 1395 MHz, 33.17 W, 60, 0x0000000000000004
2026/10/07 00:33:33.943, 100 %, 1659 MiB, 4096 MiB, 1380 MHz, 34.67 W, 60, 0x0000000000000004
2026/10/07 00:33:35.945, 100 %, 1659 MiB, 4096 MiB, 1380 MHz, 35.78 W, 60, 0x0000000000000004
2026/10/07 00:33:37.948, 100 %, 1659 MiB, 4096 MiB, 1395 MHz, 35.49 W, 60, 0x0000000000000004
2026/10/07 00:33:39.950, 100 %, 1659 MiB, 4096 MiB, 1380 MHz, 35.35 W, 60, 0x0000000000000004
2026/10/07 00:33:41.953, 100 %, 1659 MiB, 4096 MiB, 1395 MHz, 35.36 W, 60, 0x0000000000000004
2026/10/07 00:33:43.955, 100 %, 1659 MiB, 4096 MiB, 1395 MHz, 35.11 W, 60, 0x0000000000000004
2026/10/07 00:33:45.959, 34 %, 1668 MiB, 4096 MiB, 1380 MHz, 35.07 W, 60, 0x0000000000000004
2026/10/07 00:33:47.962, 100 %, 1667 MiB, 4096 MiB, 1380 MHz, 35.64 W, 60, 0x0000000000000004
2026/10/07 00:33:49.966, 100 %, 1659 MiB, 4096 MiB, 1380 MHz, 35.42 W, 60, 0x0000000000000004
2026/10/07 00:33:51.968, 100 %, 1659 MiB, 4096 MiB, 1395 MHz, 35.33 W, 60, 0x0000000000000004
2026/10/07 00:33:53.970, 100 %, 1659 MiB, 4096 MiB, 1395 MHz, 35.41 W, 60, 0x0000000000000004
2026/10/07 00:33:55.973, 100 %, 1659 MiB, 4096 MiB, 1395 MHz, 35.88 W, 60, 0x0000000000000004
2026/10/07 00:33:57.976, 100 %, 1659 MiB, 4096 MiB, 1410 MHz, 35.48 W, 60, 0x0000000000000004
2026/10/07 00:33:59.978, 100 %, 1659 MiB, 4096 MiB, 1380 MHz, 35.84 W, 60, 0x0000000000000004
2026/10/07 00:34:01.986, 100 %, 1659 MiB, 4096 MiB, 1365 MHz, 35.39 W, 60, 0x0000000000000004
2026/10/07 00:34:03.988, 100 %, 1659 MiB, 4096 MiB, 1275 MHz, 35.74 W, 60, 0x0000000000000004
2026/10/07 00:34:05.996, 100 %, 1659 MiB, 4096 MiB, 1260 MHz, 35.60 W, 60, 0x0000000000000004
2026/10/07 00:34:07.998, 100 %, 1659 MiB, 4096 MiB, 1335 MHz, 34.35 W, 60, 0x0000000000000004
2026/10/07 00:34:10.008, 14 %, 240 MiB, 4096 MiB, 1785 MHz, 17.96 W, 57, 0x0000000000000000
2026/10/07 00:34:12.012, 68 %, 2077 MiB, 4096 MiB, 1380 MHz, 31.95 W, 59, 0x0000000000000004
2026/10/07 00:34:14.014, 100 %, 2069 MiB, 4096 MiB, 1335 MHz, 36.75 W, 60, 0x0000000000000004
2026/10/07 00:34:16.016, 100 %, 2069 MiB, 4096 MiB, 1365 MHz, 34.72 W, 60, 0x0000000000000004
2026/10/07 00:34:18.019, 100 %, 2069 MiB, 4096 MiB, 1785 MHz, 24.23 W, 58, 0x0000000000000004
2026/10/07 00:34:20.020, 68 %, 2078 MiB, 4096 MiB, 1395 MHz, 35.76 W, 60, 0x0000000000000004
2026/10/07 00:34:22.023, 100 %, 2077 MiB, 4096 MiB, 1380 MHz, 35.51 W, 60, 0x0000000000000004
2026/10/07 00:34:24.025, 100 %, 2069 MiB, 4096 MiB, 1350 MHz, 33.58 W, 60, 0x0000000000000004
2026/10/07 00:34:26.028, 100 %, 2069 MiB, 4096 MiB, 1365 MHz, 34.49 W, 60, 0x0000000000000004
2026/10/07 00:34:28.030, 67 %, 2079 MiB, 4096 MiB, 1410 MHz, 35.89 W, 60, 0x0000000000000004
2026/10/07 00:34:30.038, 100 %, 2077 MiB, 4096 MiB, 1395 MHz, 35.65 W, 60, 0x0000000000000004
2026/10/07 00:34:32.040, 100 %, 2069 MiB, 4096 MiB, 1350 MHz, 36.30 W, 60, 0x0000000000000004
2026/10/07 00:34:34.043, 100 %, 2069 MiB, 4096 MiB, 1350 MHz, 35.44 W, 60, 0x0000000000000004
2026/10/07 00:34:36.045, 54 %, 1942 MiB, 4096 MiB, 1785 MHz, 18.09 W, 57, 0x0000000000000000
2026/10/07 00:34:38.050, 100 %, 2227 MiB, 4096 MiB, 1365 MHz, 34.00 W, 60, 0x0000000000000004
2026/10/07 00:34:40.053, 100 %, 2219 MiB, 4096 MiB, 1410 MHz, 35.14 W, 60, 0x0000000000000004
2026/10/07 00:34:42.058, 100 %, 2219 MiB, 4096 MiB, 1395 MHz, 35.56 W, 60, 0x0000000000000004
2026/10/07 00:34:44.061, 100 %, 2219 MiB, 4096 MiB, 1395 MHz, 35.44 W, 60, 0x0000000000000004
2026/10/07 00:34:46.064, 100 %, 2219 MiB, 4096 MiB, 1335 MHz, 35.69 W, 60, 0x0000000000000004
2026/10/07 00:34:48.072, 100 %, 2219 MiB, 4096 MiB, 1260 MHz, 35.47 W, 60, 0x0000000000000004
2026/10/07 00:34:50.074, 100 %, 2219 MiB, 4096 MiB, 1305 MHz, 34.47 W, 60, 0x0000000000000004
2026/10/07 00:34:52.083, 100 %, 2219 MiB, 4096 MiB, 1320 MHz, 33.51 W, 59, 0x0000000000000004
2026/10/07 00:34:54.085, 100 %, 2219 MiB, 4096 MiB, 1395 MHz, 31.24 W, 60, 0x0000000000000004
2026/10/07 00:34:56.097, 100 %, 2219 MiB, 4096 MiB, 1350 MHz, 34.00 W, 60, 0x0000000000000004
2026/10/07 00:34:58.099, 100 %, 2217 MiB, 4096 MiB, 1335 MHz, 36.85 W, 60, 0x0000000000000004
2026/10/07 00:35:00.103, 100 %, 2217 MiB, 4096 MiB, 1335 MHz, 34.16 W, 60, 0x0000000000000004
2026/10/07 00:35:02.106, 100 %, 2217 MiB, 4096 MiB, 1320 MHz, 36.36 W, 60, 0x0000000000000004
2026/10/07 00:35:04.109, 100 %, 2217 MiB, 4096 MiB, 1335 MHz, 34.65 W, 60, 0x0000000000000004
2026/10/07 00:35:06.112, 100 %, 2217 MiB, 4096 MiB, 1410 MHz, 34.37 W, 60, 0x0000000000000004
2026/10/07 00:35:08.114, 100 %, 2217 MiB, 4096 MiB, 1380 MHz, 33.29 W, 60, 0x0000000000000004
2026/10/07 00:35:10.123, 100 %, 2217 MiB, 4096 MiB, 1380 MHz, 34.40 W, 60, 0x0000000000000004
2026/10/07 00:35:12.125, 43 %, 2700 MiB, 4096 MiB, 1410 MHz, 35.45 W, 59, 0x0000000000000004
2026/10/07 00:35:14.128, 100 %, 2225 MiB, 4096 MiB, 1320 MHz, 35.55 W, 60, 0x0000000000000004
2026/10/07 00:35:16.130, 100 %, 2217 MiB, 4096 MiB, 1305 MHz, 33.36 W, 60, 0x0000000000000004
2026/10/07 00:35:18.133, 100 %, 2217 MiB, 4096 MiB, 1500 MHz, 34.14 W, 60, 0x0000000000000004
2026/10/07 00:35:20.139, 100 %, 2217 MiB, 4096 MiB, 1380 MHz, 32.97 W, 60, 0x0000000000000004
2026/10/07 00:35:22.141, 100 %, 2217 MiB, 4096 MiB, 1335 MHz, 32.56 W, 60, 0x0000000000000004
2026/10/07 00:35:24.151, 100 %, 2217 MiB, 4096 MiB, 1335 MHz, 34.83 W, 60, 0x0000000000000004
2026/10/07 00:35:26.153, 100 %, 2217 MiB, 4096 MiB, 1320 MHz, 35.34 W, 60, 0x0000000000000004
2026/10/07 00:35:28.156, 100 %, 2217 MiB, 4096 MiB, 1335 MHz, 34.44 W, 60, 0x0000000000000004
2026/10/07 00:35:30.158, 100 %, 2217 MiB, 4096 MiB, 1335 MHz, 34.56 W, 60, 0x0000000000000004
2026/10/07 00:35:32.161, 100 %, 2217 MiB, 4096 MiB, 1410 MHz, 33.39 W, 60, 0x0000000000000004
2026/10/07 00:35:34.170, 100 %, 2217 MiB, 4096 MiB, 1380 MHz, 34.84 W, 60, 0x0000000000000004
2026/10/07 00:35:36.172, 100 %, 2217 MiB, 4096 MiB, 1380 MHz, 33.68 W, 60, 0x0000000000000004
2026/10/07 00:35:38.175, 100 %, 2217 MiB, 4096 MiB, 1380 MHz, 34.84 W, 60, 0x0000000000000004
2026/10/07 00:35:40.177, 100 %, 2217 MiB, 4096 MiB, 1395 MHz, 35.72 W, 60, 0x0000000000000004
2026/10/07 00:35:42.180, 100 %, 2217 MiB, 4096 MiB, 1395 MHz, 35.75 W, 60, 0x0000000000000004
2026/10/07 00:35:44.185, 100 %, 2217 MiB, 4096 MiB, 1395 MHz, 35.31 W, 60, 0x0000000000000004
2026/10/07 00:35:46.187, 100 %, 2217 MiB, 4096 MiB, 1380 MHz, 35.23 W, 60, 0x0000000000000004
2026/10/07 00:35:48.190, 100 %, 2217 MiB, 4096 MiB, 1395 MHz, 35.81 W, 60, 0x0000000000000004
2026/10/07 00:35:50.192, 49 %, 2226 MiB, 4096 MiB, 1395 MHz, 34.63 W, 60, 0x0000000000000004
2026/10/07 00:35:52.195, 100 %, 2225 MiB, 4096 MiB, 1395 MHz, 34.79 W, 60, 0x0000000000000004
2026/10/07 00:35:54.197, 100 %, 2217 MiB, 4096 MiB, 1380 MHz, 34.62 W, 60, 0x0000000000000004
2026/10/07 00:35:56.199, 100 %, 2217 MiB, 4096 MiB, 1380 MHz, 35.74 W, 60, 0x0000000000000004
2026/10/07 00:35:58.202, 100 %, 2217 MiB, 4096 MiB, 1380 MHz, 35.85 W, 60, 0x0000000000000004
2026/10/07 00:36:00.204, 100 %, 2217 MiB, 4096 MiB, 1380 MHz, 35.45 W, 60, 0x0000000000000004
2026/10/07 00:36:02.209, 100 %, 2217 MiB, 4096 MiB, 1395 MHz, 35.21 W, 60, 0x0000000000000004
2026/10/07 00:36:04.212, 100 %, 2217 MiB, 4096 MiB, 1395 MHz, 35.45 W, 60, 0x0000000000000004
2026/10/07 00:36:06.214, 100 %, 2217 MiB, 4096 MiB, 1395 MHz, 35.87 W, 60, 0x0000000000000004
2026/10/07 00:36:08.217, 100 %, 2217 MiB, 4096 MiB, 1410 MHz, 35.62 W, 60, 0x0000000000000004
2026/10/07 00:36:10.219, 100 %, 2217 MiB, 4096 MiB, 1395 MHz, 35.92 W, 60, 0x0000000000000004
2026/10/07 00:36:12.222, 100 %, 2217 MiB, 4096 MiB, 1380 MHz, 35.54 W, 60, 0x0000000000000004
2026/10/07 00:36:14.224, 100 %, 2217 MiB, 4096 MiB, 1365 MHz, 35.60 W, 60, 0x0000000000000004
2026/10/07 00:36:16.227, 100 %, 2217 MiB, 4096 MiB, 1275 MHz, 35.15 W, 60, 0x0000000000000004
2026/10/07 00:36:18.230, 100 %, 2217 MiB, 4096 MiB, 1290 MHz, 35.16 W, 60, 0x0000000000000004
2026/10/07 00:36:20.234, 100 %, 2217 MiB, 4096 MiB, 1320 MHz, 33.54 W, 60, 0x0000000000000004
2026/10/07 00:36:22.237, 100 %, 2217 MiB, 4096 MiB, 1395 MHz, 31.64 W, 60, 0x0000000000000004
2026/10/07 00:36:24.248, 100 %, 2217 MiB, 4096 MiB, 1335 MHz, 34.65 W, 60, 0x0000000000000004
2026/10/07 00:36:26.250, 38 %, 782 MiB, 4096 MiB, 1785 MHz, 34.59 W, 58, 0x0000000000000000
2026/10/07 00:36:28.257, 86 %, 1722 MiB, 4096 MiB, 1365 MHz, 35.37 W, 59, 0x0000000000000004
2026/10/07 00:36:30.260, 100 %, 1713 MiB, 4096 MiB, 1395 MHz, 35.26 W, 60, 0x0000000000000004
2026/10/07 00:36:32.267, 100 %, 1713 MiB, 4096 MiB, 1380 MHz, 33.87 W, 60, 0x0000000000000004
2026/10/07 00:36:34.270, 100 %, 1713 MiB, 4096 MiB, 1380 MHz, 34.60 W, 60, 0x0000000000000004
2026/10/07 00:36:36.273, 100 %, 1713 MiB, 4096 MiB, 1380 MHz, 35.56 W, 60, 0x0000000000000004
2026/10/07 00:36:38.275, 100 %, 1713 MiB, 4096 MiB, 1380 MHz, 35.45 W, 60, 0x0000000000000004
2026/10/07 00:36:40.277, 100 %, 1713 MiB, 4096 MiB, 1395 MHz, 35.28 W, 60, 0x0000000000000004
2026/10/07 00:36:42.284, 100 %, 1713 MiB, 4096 MiB, 1395 MHz, 35.40 W, 60, 0x0000000000000004
2026/10/07 00:36:44.286, 100 %, 1713 MiB, 4096 MiB, 1395 MHz, 35.13 W, 60, 0x0000000000000004
2026/10/07 00:36:46.288, 100 %, 1713 MiB, 4096 MiB, 1425 MHz, 35.45 W, 60, 0x0000000000000004
2026/10/07 00:36:48.291, 100 %, 1713 MiB, 4096 MiB, 1380 MHz, 35.88 W, 60, 0x0000000000000004
2026/10/07 00:36:50.293, 100 %, 1713 MiB, 4096 MiB, 1380 MHz, 35.67 W, 60, 0x0000000000000004
2026/10/07 00:36:52.295, 100 %, 1713 MiB, 4096 MiB, 1365 MHz, 35.97 W, 60, 0x0000000000000004
2026/10/07 00:36:54.298, 100 %, 1713 MiB, 4096 MiB, 1275 MHz, 35.38 W, 60, 0x0000000000000004
2026/10/07 00:36:56.300, 100 %, 1713 MiB, 4096 MiB, 1305 MHz, 34.11 W, 60, 0x0000000000000004
2026/10/07 00:36:58.310, 100 %, 1712 MiB, 4096 MiB, 1395 MHz, 31.55 W, 59, 0x0000000000000004
2026/10/07 00:37:00.312, 100 %, 1712 MiB, 4096 MiB, 1350 MHz, 33.94 W, 60, 0x0000000000000004
2026/10/07 00:37:02.321, 100 %, 1712 MiB, 4096 MiB, 1785 MHz, 18.09 W, 57, 0x0000000000000000
2026/10/07 00:37:04.323, 51 %, 1723 MiB, 4096 MiB, 1320 MHz, 35.42 W, 60, 0x0000000000000004
2026/10/07 00:37:06.329, 100 %, 1722 MiB, 4096 MiB, 1365 MHz, 35.34 W, 60, 0x0000000000000004
2026/10/07 00:37:08.331, 100 %, 1714 MiB, 4096 MiB, 1365 MHz, 35.29 W, 60, 0x0000000000000004
2026/10/07 00:37:10.338, 100 %, 1714 MiB, 4096 MiB, 1410 MHz, 35.50 W, 60, 0x0000000000000004
2026/10/07 00:37:12.340, 100 %, 1714 MiB, 4096 MiB, 1380 MHz, 35.38 W, 60, 0x0000000000000004
2026/10/07 00:37:14.343, 100 %, 1714 MiB, 4096 MiB, 1365 MHz, 35.69 W, 60, 0x0000000000000004
2026/10/07 00:37:16.350, 100 %, 1714 MiB, 4096 MiB, 1365 MHz, 35.51 W, 60, 0x0000000000000004
2026/10/07 00:37:18.352, 100 %, 1714 MiB, 4096 MiB, 1260 MHz, 34.94 W, 60, 0x0000000000000004
2026/10/07 00:37:20.357, 100 %, 1714 MiB, 4096 MiB, 1290 MHz, 35.59 W, 60, 0x0000000000000004
2026/10/07 00:37:22.359, 100 %, 1714 MiB, 4096 MiB, 1335 MHz, 34.74 W, 59, 0x0000000000000004
2026/10/07 00:37:24.362, 100 %, 1714 MiB, 4096 MiB, 1395 MHz, 33.08 W, 60, 0x0000000000000004
2026/10/07 00:37:26.370, 100 %, 1714 MiB, 4096 MiB, 1335 MHz, 32.59 W, 60, 0x0000000000000004
2026/10/07 00:37:28.372, 100 %, 1714 MiB, 4096 MiB, 1335 MHz, 35.77 W, 60, 0x0000000000000004
2026/10/07 00:37:30.381, 100 %, 1714 MiB, 4096 MiB, 1305 MHz, 35.48 W, 60, 0x0000000000000004
2026/10/07 00:37:32.383, 100 %, 1714 MiB, 4096 MiB, 1335 MHz, 34.53 W, 60, 0x0000000000000004
2026/10/07 00:37:34.387, 100 %, 1713 MiB, 4096 MiB, 1425 MHz, 33.81 W, 60, 0x0000000000000004
2026/10/07 00:37:36.390, 100 %, 1713 MiB, 4096 MiB, 1380 MHz, 34.67 W, 60, 0x0000000000000004
2026/10/07 00:37:38.392, 100 %, 1713 MiB, 4096 MiB, 1380 MHz, 33.24 W, 60, 0x0000000000000004
2026/10/07 00:37:40.398, 50 %, 1646 MiB, 4096 MiB, 1500 MHz, 35.85 W, 59, 0x0000000000000004
2026/10/07 00:37:42.400, 100 %, 1722 MiB, 4096 MiB, 1395 MHz, 32.82 W, 60, 0x0000000000000004
2026/10/07 00:37:44.402, 100 %, 1714 MiB, 4096 MiB, 1350 MHz, 33.59 W, 60, 0x0000000000000004
2026/10/07 00:37:46.410, 100 %, 1714 MiB, 4096 MiB, 1335 MHz, 37.13 W, 60, 0x0000000000000004
2026/10/07 00:37:48.412, 100 %, 1714 MiB, 4096 MiB, 1320 MHz, 35.12 W, 60, 0x0000000000000004
2026/10/07 00:37:50.416, 100 %, 1714 MiB, 4096 MiB, 1335 MHz, 34.79 W, 60, 0x0000000000000004
2026/10/07 00:37:52.418, 100 %, 1714 MiB, 4096 MiB, 1365 MHz, 33.66 W, 59, 0x0000000000000004
2026/10/07 00:37:54.421, 100 %, 1714 MiB, 4096 MiB, 1380 MHz, 34.60 W, 60, 0x0000000000000004
2026/10/07 00:37:56.430, 100 %, 1714 MiB, 4096 MiB, 1380 MHz, 33.19 W, 60, 0x0000000000000004
2026/10/07 00:37:58.433, 100 %, 1714 MiB, 4096 MiB, 1380 MHz, 34.47 W, 60, 0x0000000000000004
2026/10/07 00:38:00.435, 100 %, 1714 MiB, 4096 MiB, 1380 MHz, 35.83 W, 60, 0x0000000000000004
2026/10/07 00:38:02.438, 100 %, 1714 MiB, 4096 MiB, 1380 MHz, 35.44 W, 60, 0x0000000000000004
2026/10/07 00:38:04.442, 100 %, 1714 MiB, 4096 MiB, 1395 MHz, 35.37 W, 60, 0x0000000000000004
2026/10/07 00:38:06.444, 100 %, 1714 MiB, 4096 MiB, 1380 MHz, 35.69 W, 60, 0x0000000000000004
2026/10/07 00:38:08.447, 100 %, 1714 MiB, 4096 MiB, 1380 MHz, 35.65 W, 60, 0x0000000000000004
2026/10/07 00:38:10.450, 100 %, 1713 MiB, 4096 MiB, 1410 MHz, 34.98 W, 60, 0x0000000000000004
2026/10/07 00:38:12.452, 100 %, 1713 MiB, 4096 MiB, 1395 MHz, 35.45 W, 60, 0x0000000000000004
2026/10/07 00:38:14.455, 100 %, 1713 MiB, 4096 MiB, 1380 MHz, 35.47 W, 60, 0x0000000000000004
2026/10/07 00:38:16.457, 0 %, 1723 MiB, 4096 MiB, 1785 MHz, 18.01 W, 57, 0x0000000000000000
2026/10/07 00:38:18.459, 100 %, 1928 MiB, 4096 MiB, 1380 MHz, 33.82 W, 60, 0x0000000000000004
2026/10/07 00:38:20.465, 100 %, 1919 MiB, 4096 MiB, 1395 MHz, 33.58 W, 60, 0x0000000000000004
2026/10/07 00:38:22.467, 70 %, 1929 MiB, 4096 MiB, 1410 MHz, 35.74 W, 60, 0x0000000000000004
2026/10/07 00:38:24.470, 100 %, 1928 MiB, 4096 MiB, 1335 MHz, 35.36 W, 60, 0x0000000000000004
2026/10/07 00:38:26.472, 55 %, 1929 MiB, 4096 MiB, 1365 MHz, 35.76 W, 60, 0x0000000000000004
2026/10/07 00:38:28.474, 100 %, 1929 MiB, 4096 MiB, 1395 MHz, 35.72 W, 60, 0x0000000000000004
2026/10/07 00:38:30.477, 25 %, 719 MiB, 4096 MiB, 1785 MHz, 17.76 W, 57, 0x0000000000000000
2026/10/07 00:38:32.480, 100 %, 2012 MiB, 4096 MiB, 1380 MHz, 35.87 W, 60, 0x0000000000000004
2026/10/07 00:38:34.483, 100 %, 2004 MiB, 4096 MiB, 1380 MHz, 35.47 W, 60, 0x0000000000000004
2026/10/07 00:38:36.486, 100 %, 2004 MiB, 4096 MiB, 1395 MHz, 35.46 W, 60, 0x0000000000000004
2026/10/07 00:38:38.488, 100 %, 2004 MiB, 4096 MiB, 1395 MHz, 35.30 W, 60, 0x0000000000000004
2026/10/07 00:38:40.491, 100 %, 2004 MiB, 4096 MiB, 1395 MHz, 35.29 W, 60, 0x0000000000000004
2026/10/07 00:38:42.495, 100 %, 2004 MiB, 4096 MiB, 1425 MHz, 35.84 W, 59, 0x0000000000000004
2026/10/07 00:38:44.498, 16 %, 2013 MiB, 4096 MiB, 1365 MHz, 31.98 W, 60, 0x0000000000000004
2026/10/07 00:38:46.507, 100 %, 2012 MiB, 4096 MiB, 1395 MHz, 34.53 W, 59, 0x0000000000000004
2026/10/07 00:38:48.510, 100 %, 2004 MiB, 4096 MiB, 1380 MHz, 35.09 W, 60, 0x0000000000000004
2026/10/07 00:38:50.519, 100 %, 2004 MiB, 4096 MiB, 1380 MHz, 35.63 W, 60, 0x0000000000000004
2026/10/07 00:38:52.522, 100 %, 2004 MiB, 4096 MiB, 1380 MHz, 35.49 W, 60, 0x0000000000000004
2026/10/07 00:38:54.527, 100 %, 2004 MiB, 4096 MiB, 1260 MHz, 35.83 W, 60, 0x0000000000000004
2026/10/07 00:38:56.529, 72 %, 2013 MiB, 4096 MiB, 1515 MHz, 35.96 W, 60, 0x0000000000000004
2026/10/07 00:38:58.532, 100 %, 2012 MiB, 4096 MiB, 1350 MHz, 31.67 W, 60, 0x0000000000000004
2026/10/07 00:39:00.537, 100 %, 2004 MiB, 4096 MiB, 1365 MHz, 34.02 W, 60, 0x0000000000000004
2026/10/07 00:39:02.540, 100 %, 2004 MiB, 4096 MiB, 1350 MHz, 37.40 W, 60, 0x0000000000000004
2026/10/07 00:39:04.545, 100 %, 2004 MiB, 4096 MiB, 1320 MHz, 35.34 W, 60, 0x0000000000000004
2026/10/07 00:39:06.548, 100 %, 2004 MiB, 4096 MiB, 1335 MHz, 34.33 W, 60, 0x0000000000000004
2026/10/07 00:39:08.550, 100 %, 241 MiB, 4096 MiB, 1785 MHz, 19.97 W, 58, 0x0000000000000000
2026/10/07 00:39:10.555, 52 %, 1652 MiB, 4096 MiB, 1320 MHz, 35.68 W, 60, 0x0000000000000004
2026/10/07 00:39:12.557, 100 %, 1644 MiB, 4096 MiB, 1335 MHz, 34.60 W, 59, 0x0000000000000004
2026/10/07 00:39:14.560, 100 %, 1644 MiB, 4096 MiB, 1395 MHz, 32.22 W, 60, 0x0000000000000004
2026/10/07 00:39:16.566, 100 %, 1644 MiB, 4096 MiB, 1335 MHz, 32.76 W, 60, 0x0000000000000004
2026/10/07 00:39:18.569, 100 %, 1641 MiB, 4096 MiB, 1350 MHz, 36.31 W, 60, 0x0000000000000004
2026/10/07 00:39:20.572, 100 %, 1641 MiB, 4096 MiB, 1320 MHz, 35.04 W, 60, 0x0000000000000004
2026/10/07 00:39:22.574, 41 %, 1651 MiB, 4096 MiB, 1365 MHz, 34.35 W, 60, 0x0000000000000004
2026/10/07 00:39:24.577, 100 %, 1651 MiB, 4096 MiB, 1350 MHz, 37.05 W, 60, 0x0000000000000004
2026/10/07 00:39:26.584, 100 %, 1643 MiB, 4096 MiB, 1350 MHz, 34.22 W, 60, 0x0000000000000004
2026/10/07 00:39:28.587, 100 %, 1643 MiB, 4096 MiB, 1320 MHz, 36.46 W, 60, 0x0000000000000004
2026/10/07 00:39:30.590, 100 %, 1643 MiB, 4096 MiB, 1335 MHz, 34.65 W, 60, 0x0000000000000004
2026/10/07 00:39:32.592, 100 %, 1643 MiB, 4096 MiB, 1425 MHz, 34.37 W, 60, 0x0000000000000004
2026/10/07 00:39:34.594, 100 %, 718 MiB, 4096 MiB, 1785 MHz, 20.65 W, 58, 0x0000000000000000
2026/10/07 00:39:36.597, 95 %, 1652 MiB, 4096 MiB, 1380 MHz, 34.72 W, 60, 0x0000000000000004
2026/10/07 00:39:38.599, 100 %, 1643 MiB, 4096 MiB, 1395 MHz, 35.80 W, 60, 0x0000000000000004
2026/10/07 00:39:40.602, 100 %, 1643 MiB, 4096 MiB, 1380 MHz, 35.34 W, 60, 0x0000000000000004
2026/10/07 00:39:42.605, 100 %, 1643 MiB, 4096 MiB, 1380 MHz, 35.37 W, 60, 0x0000000000000004
2026/10/07 00:39:44.607, 100 %, 1643 MiB, 4096 MiB, 1410 MHz, 35.32 W, 60, 0x0000000000000004
2026/10/07 00:39:46.617, 100 %, 1643 MiB, 4096 MiB, 1395 MHz, 35.28 W, 60, 0x0000000000000004
2026/10/07 00:39:48.619, 1 %, 1947 MiB, 4096 MiB, 1785 MHz, 18.00 W, 57, 0x0000000000000000
2026/10/07 00:39:50.622, 100 %, 1910 MiB, 4096 MiB, 1320 MHz, 33.82 W, 60, 0x0000000000000004
2026/10/07 00:39:52.624, 100 %, 2144 MiB, 4096 MiB, 1725 MHz, 17.22 W, 57, 0x0000000000000001
2026/10/07 00:39:54.653, 90 %, 1910 MiB, 4096 MiB, 1395 MHz, 35.00 W, 60, 0x0000000000000004
2026/10/07 00:39:56.656, 100 %, 1902 MiB, 4096 MiB, 1770 MHz, 35.65 W, 59, 0x0000000000000004
2026/10/07 00:39:58.659, 71 %, 1911 MiB, 4096 MiB, 1365 MHz, 34.74 W, 60, 0x0000000000000004
2026/10/07 00:40:00.661, 100 %, 1911 MiB, 4096 MiB, 1380 MHz, 35.46 W, 60, 0x0000000000000004
2026/10/07 00:40:02.663, 20 %, 1977 MiB, 4096 MiB, 1455 MHz, 34.67 W, 60, 0x0000000000000004
2026/10/07 00:40:04.666, 100 %, 1977 MiB, 4096 MiB, 1395 MHz, 34.62 W, 60, 0x0000000000000004
2026/10/07 00:40:06.670, 100 %, 1969 MiB, 4096 MiB, 1380 MHz, 35.63 W, 60, 0x0000000000000004
2026/10/07 00:40:08.672, 100 %, 1969 MiB, 4096 MiB, 1380 MHz, 34.57 W, 60, 0x0000000000000004
2026/10/07 00:40:10.674, 100 %, 1969 MiB, 4096 MiB, 1395 MHz, 35.99 W, 60, 0x0000000000000004
2026/10/07 00:40:12.677, 100 %, 1969 MiB, 4096 MiB, 1380 MHz, 35.32 W, 60, 0x0000000000000004
2026/10/07 00:40:14.680, 67 %, 721 MiB, 4096 MiB, 1785 MHz, 18.71 W, 58, 0x0000000000000000
2026/10/07 00:40:16.682, 100 %, 1978 MiB, 4096 MiB, 1350 MHz, 35.39 W, 60, 0x0000000000000004
2026/10/07 00:40:18.686, 100 %, 1968 MiB, 4096 MiB, 1380 MHz, 35.13 W, 60, 0x0000000000000004
2026/10/07 00:40:20.688, 100 %, 1968 MiB, 4096 MiB, 1395 MHz, 35.35 W, 60, 0x0000000000000004
2026/10/07 00:40:22.691, 100 %, 1968 MiB, 4096 MiB, 1395 MHz, 35.81 W, 60, 0x0000000000000004
2026/10/07 00:40:24.694, 100 %, 1968 MiB, 4096 MiB, 1410 MHz, 35.63 W, 60, 0x0000000000000004
2026/10/07 00:40:26.697, 100 %, 1968 MiB, 4096 MiB, 1755 MHz, 35.70 W, 59, 0x0000000000000004
2026/10/07 00:40:28.699, 77 %, 1977 MiB, 4096 MiB, 1305 MHz, 35.84 W, 60, 0x0000000000000004
2026/10/07 00:40:30.701, 100 %, 1977 MiB, 4096 MiB, 1305 MHz, 35.18 W, 60, 0x0000000000000004
2026/10/07 00:40:32.704, 100 %, 1969 MiB, 4096 MiB, 1335 MHz, 33.56 W, 60, 0x0000000000000004
2026/10/07 00:40:34.706, 100 %, 1969 MiB, 4096 MiB, 1395 MHz, 31.05 W, 60, 0x0000000000000004
2026/10/07 00:40:36.716, 100 %, 1969 MiB, 4096 MiB, 1335 MHz, 34.43 W, 60, 0x0000000000000004
2026/10/07 00:40:38.718, 100 %, 1969 MiB, 4096 MiB, 1335 MHz, 35.80 W, 60, 0x0000000000000004
2026/10/07 00:40:40.724, 18 %, 1642 MiB, 4096 MiB, 1380 MHz, 34.89 W, 59, 0x0000000000000004
2026/10/07 00:40:42.726, 100 %, 1641 MiB, 4096 MiB, 1260 MHz, 35.82 W, 60, 0x0000000000000004
2026/10/07 00:40:44.736, 100 %, 1633 MiB, 4096 MiB, 1275 MHz, 35.52 W, 60, 0x0000000000000004
2026/10/07 00:40:46.739, 100 %, 1633 MiB, 4096 MiB, 1335 MHz, 34.09 W, 60, 0x0000000000000004
2026/10/07 00:40:48.741, 100 %, 1630 MiB, 4096 MiB, 1395 MHz, 32.24 W, 60, 0x0000000000000004
2026/10/07 00:40:50.746, 100 %, 1630 MiB, 4096 MiB, 1335 MHz, 33.75 W, 60, 0x0000000000000004
2026/10/07 00:40:52.749, 86 %, 1630 MiB, 4096 MiB, 1785 MHz, 17.98 W, 58, 0x0000000000000000
2026/10/07 00:40:54.751, 100 %, 1639 MiB, 4096 MiB, 1515 MHz, 32.10 W, 60, 0x0000000000000004
2026/10/07 00:40:56.753, 100 %, 1639 MiB, 4096 MiB, 1350 MHz, 34.16 W, 60, 0x0000000000000004
2026/10/07 00:40:58.755, 100 %, 1631 MiB, 4096 MiB, 1350 MHz, 31.49 W, 60, 0x0000000000000004
2026/10/07 00:41:00.758, 100 %, 1631 MiB, 4096 MiB, 1350 MHz, 34.45 W, 60, 0x0000000000000004
2026/10/07 00:41:02.760, 100 %, 1631 MiB, 4096 MiB, 1320 MHz, 35.84 W, 60, 0x0000000000000004
2026/10/07 00:41:04.763, 100 %, 1631 MiB, 4096 MiB, 1335 MHz, 34.40 W, 60, 0x0000000000000004
2026/10/07 00:41:06.766, 57 %, 1640 MiB, 4096 MiB, 1410 MHz, 34.65 W, 60, 0x0000000000000004
2026/10/07 00:41:08.768, 100 %, 1639 MiB, 4096 MiB, 1380 MHz, 34.78 W, 60, 0x0000000000000004
2026/10/07 00:41:10.772, 100 %, 1631 MiB, 4096 MiB, 1380 MHz, 36.32 W, 60, 0x0000000000000004
2026/10/07 00:41:12.774, 100 %, 1631 MiB, 4096 MiB, 1380 MHz, 35.37 W, 60, 0x0000000000000004
2026/10/07 00:41:14.777, 100 %, 1631 MiB, 4096 MiB, 1380 MHz, 35.96 W, 60, 0x0000000000000004
2026/10/07 00:41:16.782, 100 %, 1631 MiB, 4096 MiB, 1395 MHz, 35.52 W, 60, 0x0000000000000004
2026/10/07 00:41:18.784, 25 %, 1638 MiB, 4096 MiB, 1785 MHz, 17.97 W, 58, 0x0000000000000000
2026/10/07 00:41:20.788, 44 %, 726 MiB, 4096 MiB, 1500 MHz, 15.43 W, 57, 0x0000000000000001
2026/10/07 00:41:22.803, 100 %, 2007 MiB, 4096 MiB, 1305 MHz, 34.91 W, 60, 0x0000000000000004
2026/10/07 00:41:24.805, 69 %, 1999 MiB, 4096 MiB, 1785 MHz, 18.05 W, 57, 0x0000000000000000
2026/10/07 00:41:26.807, 98 %, 2008 MiB, 4096 MiB, 1350 MHz, 35.55 W, 60, 0x0000000000000004
2026/10/07 00:41:28.810, 100 %, 2008 MiB, 4096 MiB, 1335 MHz, 35.13 W, 60, 0x0000000000000004
2026/10/07 00:41:30.819, 65 %, 2009 MiB, 4096 MiB, 1395 MHz, 35.89 W, 60, 0x0000000000000004
2026/10/07 00:41:32.821, 100 %, 2008 MiB, 4096 MiB, 1395 MHz, 35.58 W, 60, 0x0000000000000004
2026/10/07 00:41:34.824, 18 %, 720 MiB, 4096 MiB, 1785 MHz, 18.07 W, 58, 0x0000000000000000
2026/10/07 00:41:36.826, 100 %, 2102 MiB, 4096 MiB, 1335 MHz, 34.79 W, 60, 0x0000000000000004
2026/10/07 00:41:38.829, 100 %, 2094 MiB, 4096 MiB, 1380 MHz, 35.46 W, 60, 0x0000000000000004
2026/10/07 00:41:40.831, 100 %, 2094 MiB, 4096 MiB, 1380 MHz, 35.48 W, 60, 0x0000000000000004
2026/10/07 00:41:42.834, 100 %, 2094 MiB, 4096 MiB, 1395 MHz, 35.35 W, 60, 0x0000000000000004
2026/10/07 00:41:44.836, 100 %, 2094 MiB, 4096 MiB, 1410 MHz, 35.62 W, 60, 0x0000000000000004
2026/10/07 00:41:46.839, 100 %, 2094 MiB, 4096 MiB, 1395 MHz, 35.41 W, 60, 0x0000000000000004
2026/10/07 00:41:48.841, 100 %, 2093 MiB, 4096 MiB, 1380 MHz, 35.57 W, 60, 0x0000000000000004
2026/10/07 00:41:50.845, 100 %, 2093 MiB, 4096 MiB, 1365 MHz, 35.91 W, 60, 0x0000000000000004
2026/10/07 00:41:52.847, 100 %, 2093 MiB, 4096 MiB, 1275 MHz, 35.41 W, 60, 0x0000000000000004
2026/10/07 00:41:54.855, 100 %, 2093 MiB, 4096 MiB, 1260 MHz, 34.13 W, 60, 0x0000000000000004
2026/10/07 00:41:56.858, 100 %, 2093 MiB, 4096 MiB, 1305 MHz, 35.24 W, 60, 0x0000000000000004
2026/10/07 00:41:58.868, 100 %, 2093 MiB, 4096 MiB, 1425 MHz, 34.19 W, 60, 0x0000000000000004
2026/10/07 00:42:00.871, 100 %, 2093 MiB, 4096 MiB, 1395 MHz, 33.10 W, 60, 0x0000000000000004
2026/10/07 00:42:02.878, 100 %, 2093 MiB, 4096 MiB, 1335 MHz, 32.59 W, 60, 0x0000000000000004
2026/10/07 00:42:04.881, 100 %, 2093 MiB, 4096 MiB, 1620 MHz, 16.22 W, 57, 0x0000000000000001
2026/10/07 00:42:06.894, 28 %, 2102 MiB, 4096 MiB, 1380 MHz, 32.53 W, 60, 0x0000000000000004
2026/10/07 00:42:08.899, 100 %, 2101 MiB, 4096 MiB, 1395 MHz, 34.81 W, 60, 0x0000000000000004
2026/10/07 00:42:10.902, 100 %, 2093 MiB, 4096 MiB, 1365 MHz, 35.63 W, 60, 0x0000000000000004
2026/10/07 00:42:12.906, 100 %, 2093 MiB, 4096 MiB, 1275 MHz, 35.20 W, 60, 0x0000000000000004
2026/10/07 00:42:14.908, 100 %, 2093 MiB, 4096 MiB, 1260 MHz, 34.38 W, 60, 0x0000000000000004
2026/10/07 00:42:16.911, 100 %, 2090 MiB, 4096 MiB, 1305 MHz, 35.61 W, 60, 0x0000000000000004
2026/10/07 00:42:18.920, 100 %, 2090 MiB, 4096 MiB, 1410 MHz, 34.39 W, 60, 0x0000000000000004
2026/10/07 00:42:20.922, 100 %, 2090 MiB, 4096 MiB, 1395 MHz, 33.16 W, 60, 0x0000000000000004
2026/10/07 00:42:22.929, 100 %, 2090 MiB, 4096 MiB, 1320 MHz, 31.83 W, 60, 0x0000000000000004
2026/10/07 00:42:24.931, 100 %, 2090 MiB, 4096 MiB, 1335 MHz, 34.17 W, 60, 0x0000000000000004
2026/10/07 00:42:26.937, 100 %, 2090 MiB, 4096 MiB, 1335 MHz, 36.09 W, 60, 0x0000000000000004
2026/10/07 00:42:28.939, 100 %, 2090 MiB, 4096 MiB, 1320 MHz, 34.68 W, 60, 0x0000000000000004
2026/10/07 00:42:30.942, 100 %, 2090 MiB, 4096 MiB, 1335 MHz, 34.39 W, 60, 0x0000000000000004
2026/10/07 00:42:32.944, 100 %, 2090 MiB, 4096 MiB, 1425 MHz, 33.30 W, 60, 0x0000000000000004
2026/10/07 00:42:34.946, 100 %, 2090 MiB, 4096 MiB, 1395 MHz, 34.45 W, 60, 0x0000000000000004
2026/10/07 00:42:36.949, 29 %, 2100 MiB, 4096 MiB, 1440 MHz, 35.37 W, 60, 0x0000000000000004
2026/10/07 00:42:38.951, 100 %, 2099 MiB, 4096 MiB, 1380 MHz, 34.77 W, 60, 0x0000000000000004
2026/10/07 00:42:40.954, 100 %, 2091 MiB, 4096 MiB, 1380 MHz, 34.73 W, 60, 0x0000000000000004
2026/10/07 00:42:42.956, 100 %, 2091 MiB, 4096 MiB, 1380 MHz, 34.97 W, 60, 0x0000000000000004
2026/10/07 00:42:44.959, 100 %, 2091 MiB, 4096 MiB, 1380 MHz, 36.05 W, 60, 0x0000000000000004
2026/10/07 00:42:46.961, 100 %, 2090 MiB, 4096 MiB, 1380 MHz, 35.46 W, 60, 0x0000000000000004
2026/10/07 00:42:48.964, 100 %, 2090 MiB, 4096 MiB, 1380 MHz, 35.45 W, 60, 0x0000000000000004
2026/10/07 00:42:50.966, 100 %, 2090 MiB, 4096 MiB, 1395 MHz, 35.35 W, 60, 0x0000000000000004
2026/10/07 00:42:52.969, 100 %, 2090 MiB, 4096 MiB, 1380 MHz, 35.26 W, 60, 0x0000000000000004
2026/10/07 00:42:54.972, 100 %, 2090 MiB, 4096 MiB, 1380 MHz, 35.36 W, 60, 0x0000000000000004
2026/10/07 00:42:56.974, 100 %, 2090 MiB, 4096 MiB, 1410 MHz, 35.76 W, 60, 0x0000000000000004
2026/10/07 00:42:58.977, 100 %, 2090 MiB, 4096 MiB, 1395 MHz, 35.37 W, 60, 0x0000000000000004
2026/10/07 00:43:00.984, 100 %, 2090 MiB, 4096 MiB, 1380 MHz, 35.30 W, 60, 0x0000000000000004
2026/10/07 00:43:02.986, 100 %, 2090 MiB, 4096 MiB, 1380 MHz, 35.84 W, 60, 0x0000000000000004
2026/10/07 00:43:04.990, 100 %, 2090 MiB, 4096 MiB, 1275 MHz, 35.65 W, 60, 0x0000000000000004
2026/10/07 00:43:06.993, 40 %, 716 MiB, 4096 MiB, 1785 MHz, 18.06 W, 58, 0x0000000000000000
2026/10/07 00:43:08.995, 93 %, 1679 MiB, 4096 MiB, 1350 MHz, 35.72 W, 60, 0x0000000000000004
2026/10/07 00:43:10.999, 100 %, 1671 MiB, 4096 MiB, 1365 MHz, 35.23 W, 60, 0x0000000000000004
2026/10/07 00:43:13.002, 100 %, 1671 MiB, 4096 MiB, 1395 MHz, 34.72 W, 60, 0x0000000000000004
2026/10/07 00:43:15.011, 100 %, 1671 MiB, 4096 MiB, 1380 MHz, 33.93 W, 60, 0x0000000000000004
2026/10/07 00:43:17.013, 100 %, 1671 MiB, 4096 MiB, 1380 MHz, 34.95 W, 60, 0x0000000000000004
2026/10/07 00:43:19.019, 100 %, 1671 MiB, 4096 MiB, 1380 MHz, 35.48 W, 60, 0x0000000000000004
2026/10/07 00:43:21.021, 100 %, 1671 MiB, 4096 MiB, 1380 MHz, 35.46 W, 60, 0x0000000000000004
2026/10/07 00:43:23.023, 100 %, 1671 MiB, 4096 MiB, 1395 MHz, 35.31 W, 60, 0x0000000000000004
2026/10/07 00:43:25.027, 100 %, 1671 MiB, 4096 MiB, 1395 MHz, 35.34 W, 60, 0x0000000000000004
2026/10/07 00:43:27.030, 100 %, 1671 MiB, 4096 MiB, 1395 MHz, 35.24 W, 60, 0x0000000000000004
2026/10/07 00:43:29.032, 100 %, 1671 MiB, 4096 MiB, 1425 MHz, 35.45 W, 60, 0x0000000000000004
2026/10/07 00:43:31.035, 100 %, 1671 MiB, 4096 MiB, 1380 MHz, 35.77 W, 60, 0x0000000000000004
2026/10/07 00:43:33.038, 100 %, 1671 MiB, 4096 MiB, 1380 MHz, 35.49 W, 60, 0x0000000000000004
2026/10/07 00:43:35.042, 100 %, 1671 MiB, 4096 MiB, 1380 MHz, 36.13 W, 60, 0x0000000000000004
2026/10/07 00:43:37.045, 100 %, 1671 MiB, 4096 MiB, 1785 MHz, 18.09 W, 58, 0x0000000000000000
2026/10/07 00:43:39.049, 18 %, 1681 MiB, 4096 MiB, 1365 MHz, 37.49 W, 60, 0x0000000000000004
2026/10/07 00:43:41.051, 100 %, 1680 MiB, 4096 MiB, 1335 MHz, 35.67 W, 60, 0x0000000000000004
2026/10/07 00:43:43.061, 100 %, 1672 MiB, 4096 MiB, 1350 MHz, 35.22 W, 60, 0x0000000000000004
2026/10/07 00:43:45.063, 100 %, 1672 MiB, 4096 MiB, 1395 MHz, 33.87 W, 60, 0x0000000000000004
2026/10/07 00:43:47.073, 100 %, 1672 MiB, 4096 MiB, 1395 MHz, 34.73 W, 60, 0x0000000000000004
2026/10/07 00:43:49.076, 100 %, 1672 MiB, 4096 MiB, 1380 MHz, 33.27 W, 60, 0x0000000000000004
2026/10/07 00:43:51.080, 100 %, 1672 MiB, 4096 MiB, 1380 MHz, 34.35 W, 60, 0x0000000000000004
2026/10/07 00:43:53.082, 100 %, 1672 MiB, 4096 MiB, 1380 MHz, 35.80 W, 60, 0x0000000000000004
2026/10/07 00:43:55.084, 100 %, 1672 MiB, 4096 MiB, 1380 MHz, 35.60 W, 60, 0x0000000000000004
2026/10/07 00:43:57.087, 100 %, 1672 MiB, 4096 MiB, 1395 MHz, 35.39 W, 60, 0x0000000000000004
2026/10/07 00:43:59.089, 100 %, 1672 MiB, 4096 MiB, 1395 MHz, 35.54 W, 60, 0x0000000000000004
2026/10/07 00:44:01.092, 100 %, 1672 MiB, 4096 MiB, 1395 MHz, 35.91 W, 60, 0x0000000000000004
2026/10/07 00:44:03.094, 100 %, 1672 MiB, 4096 MiB, 1410 MHz, 35.38 W, 60, 0x0000000000000004
2026/10/07 00:44:05.096, 100 %, 1672 MiB, 4096 MiB, 1395 MHz, 35.89 W, 60, 0x0000000000000004
2026/10/07 00:44:07.099, 100 %, 1672 MiB, 4096 MiB, 1395 MHz, 35.33 W, 60, 0x0000000000000004
2026/10/07 00:44:09.102, 28 %, 717 MiB, 4096 MiB, 1785 MHz, 18.00 W, 57, 0x0000000000000000
2026/10/07 00:44:11.105, 100 %, 1681 MiB, 4096 MiB, 1380 MHz, 36.10 W, 60, 0x0000000000000004
2026/10/07 00:44:13.107, 100 %, 1672 MiB, 4096 MiB, 1380 MHz, 35.40 W, 60, 0x0000000000000004
2026/10/07 00:44:15.110, 100 %, 1672 MiB, 4096 MiB, 1380 MHz, 35.57 W, 60, 0x0000000000000004
2026/10/07 00:44:17.112, 100 %, 1672 MiB, 4096 MiB, 1395 MHz, 35.37 W, 60, 0x0000000000000004
2026/10/07 00:44:19.115, 100 %, 1672 MiB, 4096 MiB, 1395 MHz, 35.56 W, 60, 0x0000000000000004
2026/10/07 00:44:21.117, 100 %, 1672 MiB, 4096 MiB, 1395 MHz, 35.34 W, 60, 0x0000000000000004
2026/10/07 00:44:23.120, 100 %, 1672 MiB, 4096 MiB, 1395 MHz, 35.78 W, 60, 0x0000000000000004
2026/10/07 00:44:25.125, 100 %, 1672 MiB, 4096 MiB, 1380 MHz, 35.38 W, 60, 0x0000000000000004
2026/10/07 00:44:27.128, 100 %, 1672 MiB, 4096 MiB, 1350 MHz, 35.55 W, 60, 0x0000000000000004
2026/10/07 00:44:29.135, 100 %, 1672 MiB, 4096 MiB, 1275 MHz, 35.75 W, 60, 0x0000000000000004
2026/10/07 00:44:31.137, 100 %, 1672 MiB, 4096 MiB, 1290 MHz, 34.95 W, 60, 0x0000000000000004
2026/10/07 00:44:33.146, 100 %, 1672 MiB, 4096 MiB, 1320 MHz, 34.03 W, 60, 0x0000000000000004
2026/10/07 00:44:35.149, 100 %, 1672 MiB, 4096 MiB, 1425 MHz, 30.65 W, 60, 0x0000000000000004
2026/10/07 00:44:37.158, 100 %, 1672 MiB, 4096 MiB, 1350 MHz, 34.37 W, 60, 0x0000000000000004
2026/10/07 00:44:39.161, 67 %, 1672 MiB, 4096 MiB, 1785 MHz, 18.06 W, 58, 0x0000000000000000
2026/10/07 00:44:41.163, 40 %, 2013 MiB, 4096 MiB, 1440 MHz, 35.66 W, 60, 0x0000000000000004
2026/10/07 00:44:43.166, 100 %, 2012 MiB, 4096 MiB, 1395 MHz, 34.99 W, 60, 0x0000000000000004
2026/10/07 00:44:45.168, 40 %, 718 MiB, 4096 MiB, 1725 MHz, 19.17 W, 58, 0x0000000000000001
2026/10/07 00:44:47.184, 100 %, 2012 MiB, 4096 MiB, 1335 MHz, 34.93 W, 60, 0x0000000000000004
2026/10/07 00:44:49.186, 71 %, 2364 MiB, 4096 MiB, 1785 MHz, 18.08 W, 58, 0x0000000000000000
2026/10/07 00:44:51.189, 100 %, 2012 MiB, 4096 MiB, 1395 MHz, 34.73 W, 60, 0x0000000000000004
2026/10/07 00:44:53.192, 100 %, 2004 MiB, 4096 MiB, 1500 MHz, 35.40 W, 59, 0x0000000000000004
2026/10/07 00:44:55.194, 74 %, 2083 MiB, 4096 MiB, 1380 MHz, 35.47 W, 60, 0x0000000000000004
2026/10/07 00:44:57.198, 100 %, 2083 MiB, 4096 MiB, 1380 MHz, 35.47 W, 60, 0x0000000000000004
2026/10/07 00:44:59.200, 100 %, 2075 MiB, 4096 MiB, 1395 MHz, 35.28 W, 60, 0x0000000000000004
2026/10/07 00:45:01.209, 100 %, 2075 MiB, 4096 MiB, 1380 MHz, 35.48 W, 61, 0x0000000000000004
2026/10/07 00:45:03.213, 100 %, 2075 MiB, 4096 MiB, 1395 MHz, 35.24 W, 61, 0x0000000000000004
2026/10/07 00:45:05.216, 100 %, 2075 MiB, 4096 MiB, 1395 MHz, 35.42 W, 60, 0x0000000000000004
2026/10/07 00:45:07.218, 100 %, 2075 MiB, 4096 MiB, 1425 MHz, 35.93 W, 60, 0x0000000000000004
2026/10/07 00:45:09.221, 100 %, 2075 MiB, 4096 MiB, 1380 MHz, 35.57 W, 60, 0x0000000000000004
2026/10/07 00:45:11.223, 100 %, 2075 MiB, 4096 MiB, 1380 MHz, 35.46 W, 60, 0x0000000000000004
2026/10/07 00:45:13.226, 81 %, 1906 MiB, 4096 MiB, 1530 MHz, 18.80 W, 60, 0x0000000000000000
2026/10/07 00:45:15.237, 100 %, 2083 MiB, 4096 MiB, 1395 MHz, 34.62 W, 60, 0x0000000000000004
2026/10/07 00:45:17.241, 100 %, 2083 MiB, 4096 MiB, 1365 MHz, 35.56 W, 60, 0x0000000000000004
2026/10/07 00:45:19.247, 100 %, 2073 MiB, 4096 MiB, 1365 MHz, 35.15 W, 60, 0x0000000000000004
2026/10/07 00:45:21.249, 100 %, 2073 MiB, 4096 MiB, 1260 MHz, 35.91 W, 60, 0x0000000000000004
2026/10/07 00:45:23.253, 100 %, 2073 MiB, 4096 MiB, 1290 MHz, 35.51 W, 60, 0x0000000000000004
2026/10/07 00:45:25.256, 100 %, 2073 MiB, 4096 MiB, 1335 MHz, 34.12 W, 60, 0x0000000000000004
2026/10/07 00:45:27.259, 100 %, 2073 MiB, 4096 MiB, 1410 MHz, 32.98 W, 60, 0x0000000000000004
2026/10/07 00:45:29.268, 100 %, 2073 MiB, 4096 MiB, 1350 MHz, 32.88 W, 60, 0x0000000000000004
2026/10/07 00:45:31.271, 100 %, 2491 MiB, 4096 MiB, 1590 MHz, 18.11 W, 60, 0x0000000000000000
2026/10/07 00:45:33.280, 67 %, 2082 MiB, 4096 MiB, 1350 MHz, 35.37 W, 60, 0x0000000000000004
2026/10/07 00:45:35.282, 100 %, 2074 MiB, 4096 MiB, 1350 MHz, 35.26 W, 60, 0x0000000000000004
2026/10/07 00:45:37.284, 100 %, 2074 MiB, 4096 MiB, 1440 MHz, 33.85 W, 60, 0x0000000000000004
2026/10/07 00:45:39.286, 100 %, 2074 MiB, 4096 MiB, 1380 MHz, 34.61 W, 60, 0x0000000000000004
2026/10/07 00:45:41.289, 100 %, 2074 MiB, 4096 MiB, 1380 MHz, 33.71 W, 60, 0x0000000000000004
2026/10/07 00:45:43.291, 100 %, 2074 MiB, 4096 MiB, 1395 MHz, 34.78 W, 61, 0x0000000000000004
2026/10/07 00:45:45.293, 100 %, 2074 MiB, 4096 MiB, 1380 MHz, 35.61 W, 60, 0x0000000000000004
2026/10/07 00:45:47.296, 100 %, 2072 MiB, 4096 MiB, 1380 MHz, 35.42 W, 60, 0x0000000000000004
2026/10/07 00:45:49.298, 100 %, 2072 MiB, 4096 MiB, 1410 MHz, 35.57 W, 60, 0x0000000000000004
2026/10/07 00:45:51.300, 18 %, 1674 MiB, 4096 MiB, 1350 MHz, 35.63 W, 60, 0x0000000000000004
2026/10/07 00:45:53.303, 100 %, 1673 MiB, 4096 MiB, 1350 MHz, 35.48 W, 60, 0x0000000000000004
2026/10/07 00:45:55.305, 100 %, 1665 MiB, 4096 MiB, 1350 MHz, 35.70 W, 60, 0x0000000000000004
2026/10/07 00:45:57.308, 100 %, 1665 MiB, 4096 MiB, 1440 MHz, 34.77 W, 60, 0x0000000000000004
2026/10/07 00:45:59.317, 100 %, 1665 MiB, 4096 MiB, 1380 MHz, 34.10 W, 60, 0x0000000000000004
2026/10/07 00:46:01.319, 100 %, 1665 MiB, 4096 MiB, 1380 MHz, 34.33 W, 60, 0x0000000000000004
2026/10/07 00:46:03.322, 100 %, 1665 MiB, 4096 MiB, 1380 MHz, 35.69 W, 60, 0x0000000000000004
2026/10/07 00:46:05.324, 100 %, 1665 MiB, 4096 MiB, 1380 MHz, 35.44 W, 60, 0x0000000000000004
2026/10/07 00:46:07.326, 100 %, 1665 MiB, 4096 MiB, 1380 MHz, 35.41 W, 60, 0x0000000000000004
2026/10/07 00:46:09.329, 77 %, 717 MiB, 4096 MiB, 1785 MHz, 18.31 W, 58, 0x0000000000000000
2026/10/07 00:46:11.331, 100 %, 1675 MiB, 4096 MiB, 1380 MHz, 34.84 W, 60, 0x0000000000000004
2026/10/07 00:46:13.334, 100 %, 1667 MiB, 4096 MiB, 1380 MHz, 33.97 W, 60, 0x0000000000000004
2026/10/07 00:46:15.336, 100 %, 1667 MiB, 4096 MiB, 1380 MHz, 34.50 W, 60, 0x0000000000000004
2026/10/07 00:46:17.339, 100 %, 1666 MiB, 4096 MiB, 1380 MHz, 35.85 W, 60, 0x0000000000000004
2026/10/07 00:46:19.343, 100 %, 1666 MiB, 4096 MiB, 1380 MHz, 35.40 W, 60, 0x0000000000000004
2026/10/07 00:46:21.345, 100 %, 1666 MiB, 4096 MiB, 1395 MHz, 35.51 W, 60, 0x0000000000000004
2026/10/07 00:46:23.349, 100 %, 1666 MiB, 4096 MiB, 1395 MHz, 35.48 W, 60, 0x0000000000000004
2026/10/07 00:46:25.351, 100 %, 1666 MiB, 4096 MiB, 1395 MHz, 35.95 W, 60, 0x0000000000000004
2026/10/07 00:46:27.354, 100 %, 1666 MiB, 4096 MiB, 1695 MHz, 31.63 W, 59, 0x0000000000000004
2026/10/07 00:46:29.363, 50 %, 1676 MiB, 4096 MiB, 1320 MHz, 32.11 W, 60, 0x0000000000000004
2026/10/07 00:46:31.365, 100 %, 1675 MiB, 4096 MiB, 1380 MHz, 35.02 W, 60, 0x0000000000000004
2026/10/07 00:46:33.372, 100 %, 1667 MiB, 4096 MiB, 1410 MHz, 35.36 W, 60, 0x0000000000000004
2026/10/07 00:46:35.374, 100 %, 1667 MiB, 4096 MiB, 1380 MHz, 35.41 W, 60, 0x0000000000000004
2026/10/07 00:46:37.378, 100 %, 1667 MiB, 4096 MiB, 1350 MHz, 35.60 W, 60, 0x0000000000000004
2026/10/07 00:46:39.380, 100 %, 1667 MiB, 4096 MiB, 1275 MHz, 35.54 W, 60, 0x0000000000000004
2026/10/07 00:46:41.382, 100 %, 1667 MiB, 4096 MiB, 1290 MHz, 35.12 W, 60, 0x0000000000000004
2026/10/07 00:46:43.390, 100 %, 1667 MiB, 4096 MiB, 1320 MHz, 34.13 W, 60, 0x0000000000000004
2026/10/07 00:46:45.392, 100 %, 1667 MiB, 4096 MiB, 1425 MHz, 30.61 W, 60, 0x0000000000000004
2026/10/07 00:46:47.404, 9 %, 303 MiB, 4096 MiB, 1785 MHz, 19.52 W, 58, 0x0000000000000000
2026/10/07 00:46:49.406, 100 %, 1944 MiB, 4096 MiB, 1395 MHz, 34.53 W, 60, 0x0000000000000004
2026/10/07 00:46:51.409, 49 %, 1945 MiB, 4096 MiB, 1410 MHz, 35.59 W, 60, 0x0000000000000004
2026/10/07 00:46:53.416, 57 %, 1945 MiB, 4096 MiB, 1350 MHz, 39.89 W, 60, 0x0000000000000004
2026/10/07 00:46:55.419, 95 %, 1941 MiB, 4096 MiB, 1785 MHz, 18.07 W, 58, 0x0000000000000000
2026/10/07 00:46:57.421, 85 %, 2006 MiB, 4096 MiB, 1335 MHz, 35.80 W, 60, 0x0000000000000004
2026/10/07 00:46:59.424, 100 %, 2006 MiB, 4096 MiB, 1335 MHz, 34.03 W, 60, 0x0000000000000004
2026/10/07 00:47:01.426, 100 %, 2006 MiB, 4096 MiB, 1395 MHz, 31.39 W, 60, 0x0000000000000004
2026/10/07 00:47:03.432, 100 %, 2006 MiB, 4096 MiB, 1350 MHz, 33.48 W, 60, 0x0000000000000004
2026/10/07 00:47:05.435, 100 %, 2006 MiB, 4096 MiB, 1335 MHz, 36.67 W, 60, 0x0000000000000004
2026/10/07 00:47:07.437, 100 %, 2006 MiB, 4096 MiB, 1335 MHz, 34.93 W, 60, 0x0000000000000004
2026/10/07 00:47:09.440, 100 %, 2006 MiB, 4096 MiB, 1320 MHz, 34.57 W, 60, 0x0000000000000004
2026/10/07 00:47:11.443, 100 %, 2006 MiB, 4096 MiB, 1335 MHz, 34.93 W, 60, 0x0000000000000004
2026/10/07 00:47:13.445, 100 %, 2006 MiB, 4096 MiB, 1365 MHz, 34.79 W, 60, 0x0000000000000004
2026/10/07 00:47:15.448, 47 %, 2015 MiB, 4096 MiB, 1455 MHz, 35.48 W, 60, 0x0000000000000004
2026/10/07 00:47:17.454, 100 %, 2014 MiB, 4096 MiB, 1395 MHz, 34.18 W, 60, 0x0000000000000004
2026/10/07 00:47:19.457, 100 %, 2006 MiB, 4096 MiB, 1395 MHz, 34.34 W, 60, 0x0000000000000004
2026/10/07 00:47:21.461, 100 %, 2006 MiB, 4096 MiB, 1380 MHz, 36.11 W, 60, 0x0000000000000004
2026/10/07 00:47:23.463, 100 %, 2006 MiB, 4096 MiB, 1380 MHz, 35.49 W, 60, 0x0000000000000004
2026/10/07 00:47:25.466, 100 %, 2006 MiB, 4096 MiB, 1380 MHz, 35.40 W, 60, 0x0000000000000004
2026/10/07 00:47:27.471, 100 %, 2006 MiB, 4096 MiB, 1380 MHz, 35.42 W, 60, 0x0000000000000004
2026/10/07 00:47:29.474, 100 %, 2006 MiB, 4096 MiB, 1395 MHz, 35.40 W, 60, 0x0000000000000004
2026/10/07 00:47:31.476, 100 %, 2006 MiB, 4096 MiB, 1395 MHz, 35.19 W, 60, 0x0000000000000004
2026/10/07 00:47:33.479, 41 %, 1860 MiB, 4096 MiB, 1365 MHz, 27.29 W, 60, 0x0000000000000004
2026/10/07 00:47:35.484, 100 %, 2015 MiB, 4096 MiB, 1380 MHz, 34.85 W, 60, 0x0000000000000004
2026/10/07 00:47:37.487, 100 %, 2006 MiB, 4096 MiB, 1290 MHz, 35.44 W, 60, 0x0000000000000004
2026/10/07 00:47:39.490, 100 %, 2006 MiB, 4096 MiB, 1230 MHz, 35.02 W, 60, 0x0000000000000004
2026/10/07 00:47:41.492, 100 %, 2006 MiB, 4096 MiB, 1290 MHz, 33.76 W, 60, 0x0000000000000004
2026/10/07 00:47:43.500, 100 %, 2006 MiB, 4096 MiB, 1350 MHz, 31.75 W, 60, 0x0000000000000004
2026/10/07 00:47:45.503, 100 %, 2006 MiB, 4096 MiB, 1395 MHz, 33.94 W, 60, 0x0000000000000004
2026/10/07 00:47:47.513, 100 %, 2003 MiB, 4096 MiB, 1335 MHz, 31.49 W, 60, 0x0000000000000004
2026/10/07 00:47:49.515, 100 %, 2003 MiB, 4096 MiB, 1335 MHz, 33.78 W, 60, 0x0000000000000004
2026/10/07 00:47:51.519, 65 %, 2005 MiB, 4096 MiB, 1785 MHz, 18.08 W, 58, 0x0000000000000000
2026/10/07 00:47:53.521, 100 %, 1651 MiB, 4096 MiB, 1395 MHz, 35.71 W, 60, 0x0000000000000004
2026/10/07 00:47:55.531, 100 %, 1643 MiB, 4096 MiB, 1260 MHz, 35.35 W, 60, 0x0000000000000004
2026/10/07 00:47:57.535, 100 %, 1643 MiB, 4096 MiB, 1290 MHz, 34.11 W, 60, 0x0000000000000004
2026/10/07 00:47:59.543, 100 %, 1643 MiB, 4096 MiB, 1365 MHz, 32.67 W, 60, 0x0000000000000004
2026/10/07 00:48:01.545, 100 %, 1643 MiB, 4096 MiB, 1395 MHz, 32.86 W, 60, 0x0000000000000004
2026/10/07 00:48:03.555, 100 %, 1643 MiB, 4096 MiB, 1320 MHz, 35.36 W, 60, 0x0000000000000004
2026/10/07 00:48:05.557, 100 %, 1643 MiB, 4096 MiB, 1335 MHz, 33.22 W, 60, 0x0000000000000004
2026/10/07 00:48:07.563, 100 %, 1643 MiB, 4096 MiB, 1320 MHz, 36.70 W, 60, 0x0000000000000004
2026/10/07 00:48:09.566, 100 %, 1643 MiB, 4096 MiB, 1335 MHz, 34.93 W, 60, 0x0000000000000004
2026/10/07 00:48:11.568, 47 %, 1652 MiB, 4096 MiB, 1350 MHz, 34.32 W, 60, 0x0000000000000004
2026/10/07 00:48:13.572, 100 %, 1651 MiB, 4096 MiB, 1350 MHz, 35.97 W, 60, 0x0000000000000004
2026/10/07 00:48:15.575, 100 %, 1643 MiB, 4096 MiB, 1335 MHz, 35.84 W, 60, 0x0000000000000004
2026/10/07 00:48:17.579, 100 %, 1643 MiB, 4096 MiB, 1335 MHz, 35.18 W, 60, 0x0000000000000004
2026/10/07 00:48:19.581, 100 %, 1643 MiB, 4096 MiB, 1365 MHz, 34.38 W, 60, 0x0000000000000004
2026/10/07 00:48:21.584, 100 %, 1643 MiB, 4096 MiB, 1395 MHz, 34.27 W, 60, 0x0000000000000004
2026/10/07 00:48:23.592, 100 %, 1643 MiB, 4096 MiB, 1380 MHz, 33.83 W, 60, 0x0000000000000004
2026/10/07 00:48:25.595, 100 %, 1643 MiB, 4096 MiB, 1380 MHz, 34.45 W, 60, 0x0000000000000004
2026/10/07 00:48:27.598, 100 %, 1643 MiB, 4096 MiB, 1380 MHz, 35.88 W, 60, 0x0000000000000004
2026/10/07 00:48:29.600, 100 %, 717 MiB, 4096 MiB, 1785 MHz, 18.07 W, 58, 0x0000000000000000
2026/10/07 00:48:31.603, 95 %, 1652 MiB, 4096 MiB, 1350 MHz, 35.22 W, 60, 0x0000000000000004
2026/10/07 00:48:33.605, 100 %, 1643 MiB, 4096 MiB, 1365 MHz, 35.15 W, 60, 0x0000000000000004
2026/10/07 00:48:35.608, 100 %, 1643 MiB, 4096 MiB, 1380 MHz, 35.20 W, 60, 0x0000000000000004
2026/10/07 00:48:37.611, 100 %, 1643 MiB, 4096 MiB, 1410 MHz, 35.42 W, 60, 0x0000000000000004
2026/10/07 00:48:39.614, 100 %, 1643 MiB, 4096 MiB, 1395 MHz, 35.62 W, 60, 0x0000000000000004
2026/10/07 00:48:41.616, 100 %, 1643 MiB, 4096 MiB, 1380 MHz, 35.36 W, 60, 0x0000000000000004
2026/10/07 00:48:43.619, 100 %, 1643 MiB, 4096 MiB, 1365 MHz, 35.60 W, 60, 0x0000000000000004
2026/10/07 00:48:45.622, 100 %, 1643 MiB, 4096 MiB, 1260 MHz, 35.76 W, 60, 0x0000000000000004
2026/10/07 00:48:47.624, 100 %, 1642 MiB, 4096 MiB, 1785 MHz, 18.11 W, 58, 0x0000000000000000
2026/10/07 00:48:49.627, 8 %, 1790 MiB, 4096 MiB, 1500 MHz, 18.27 W, 60, 0x0000000000000004
2026/10/07 00:48:51.631, 100 %, 1916 MiB, 4096 MiB, 1410 MHz, 30.91 W, 60, 0x0000000000000004
2026/10/07 00:48:53.636, 100 %, 2344 MiB, 4096 MiB, 1440 MHz, 32.11 W, 60, 0x0000000000000004
2026/10/07 00:48:55.639, 70 %, 1916 MiB, 4096 MiB, 1365 MHz, 35.98 W, 60, 0x0000000000000004
2026/10/07 00:48:57.641, 100 %, 1908 MiB, 4096 MiB, 1380 MHz, 35.19 W, 60, 0x0000000000000004
2026/10/07 00:48:59.644, 48 %, 1917 MiB, 4096 MiB, 1395 MHz, 36.09 W, 60, 0x0000000000000004
2026/10/07 00:49:01.647, 100 %, 1917 MiB, 4096 MiB, 1365 MHz, 35.49 W, 60, 0x0000000000000004
2026/10/07 00:49:03.650, 53 %, 736 MiB, 4096 MiB, 1785 MHz, 34.71 W, 58, 0x0000000000000004
2026/10/07 00:49:05.659, 100 %, 2018 MiB, 4096 MiB, 1380 MHz, 35.50 W, 60, 0x0000000000000004
2026/10/07 00:49:07.661, 100 %, 2010 MiB, 4096 MiB, 1380 MHz, 35.87 W, 60, 0x0000000000000004
2026/10/07 00:49:09.665, 100 %, 2010 MiB, 4096 MiB, 1380 MHz, 35.92 W, 60, 0x0000000000000004
2026/10/07 00:49:11.668, 100 %, 2010 MiB, 4096 MiB, 1395 MHz, 35.27 W, 60, 0x0000000000000004
2026/10/07 00:49:13.670, 100 %, 2010 MiB, 4096 MiB, 1395 MHz, 35.31 W, 60, 0x0000000000000004
2026/10/07 00:49:15.673, 100 %, 2010 MiB, 4096 MiB, 1395 MHz, 35.83 W, 60, 0x0000000000000004
2026/10/07 00:49:17.675, 100 %, 2009 MiB, 4096 MiB, 1410 MHz, 35.40 W, 60, 0x0000000000000004
2026/10/07 00:49:19.678, 100 %, 2009 MiB, 4096 MiB, 1395 MHz, 35.85 W, 60, 0x0000000000000004
2026/10/07 00:49:21.683, 100 %, 2009 MiB, 4096 MiB, 1395 MHz, 35.37 W, 60, 0x0000000000000004
2026/10/07 00:49:23.685, 100 %, 2009 MiB, 4096 MiB, 1380 MHz, 35.70 W, 60, 0x0000000000000004
2026/10/07 00:49:25.688, 100 %, 2009 MiB, 4096 MiB, 1275 MHz, 35.70 W, 60, 0x0000000000000004
2026/10/07 00:49:27.692, 100 %, 2009 MiB, 4096 MiB, 1785 MHz, 18.05 W, 58, 0x0000000000000000
2026/10/07 00:49:29.695, 67 %, 2018 MiB, 4096 MiB, 1215 MHz, 35.08 W, 60, 0x0000000000000004
2026/10/07 00:49:31.698, 100 %, 2018 MiB, 4096 MiB, 1365 MHz, 34.48 W, 60, 0x0000000000000004
2026/10/07 00:49:33.700, 100 %, 2010 MiB, 4096 MiB, 1365 MHz, 35.12 W, 60, 0x0000000000000004
2026/10/07 00:49:35.703, 100 %, 2010 MiB, 4096 MiB, 1410 MHz, 35.42 W, 60, 0x0000000000000004
2026/10/07 00:49:37.706, 100 %, 2010 MiB, 4096 MiB, 1395 MHz, 35.86 W, 60, 0x0000000000000004
2026/10/07 00:49:39.708, 100 %, 2010 MiB, 4096 MiB, 1380 MHz, 34.87 W, 60, 0x0000000000000004
2026/10/07 00:49:41.715, 100 %, 2010 MiB, 4096 MiB, 1365 MHz, 35.63 W, 60, 0x0000000000000004
2026/10/07 00:49:43.718, 100 %, 2010 MiB, 4096 MiB, 1260 MHz, 35.52 W, 60, 0x0000000000000004
2026/10/07 00:49:45.727, 100 %, 2010 MiB, 4096 MiB, 1275 MHz, 35.12 W, 60, 0x0000000000000004
2026/10/07 00:49:47.729, 100 %, 2007 MiB, 4096 MiB, 1335 MHz, 33.95 W, 60, 0x0000000000000004
2026/10/07 00:49:49.737, 100 %, 2007 MiB, 4096 MiB, 1500 MHz, 31.12 W, 60, 0x0000000000000004
2026/10/07 00:49:51.740, 100 %, 2007 MiB, 4096 MiB, 1350 MHz, 34.00 W, 60, 0x0000000000000004
2026/10/07 00:49:53.748, 57 %, 1860 MiB, 4096 MiB, 1350 MHz, 35.42 W, 60, 0x0000000000000004
2026/10/07 00:49:55.751, 100 %, 2015 MiB, 4096 MiB, 1305 MHz, 35.68 W, 60, 0x0000000000000004
2026/10/07 00:49:57.759, 100 %, 2007 MiB, 4096 MiB, 1320 MHz, 35.28 W, 60, 0x0000000000000004
2026/10/07 00:49:59.762, 100 %, 2007 MiB, 4096 MiB, 1455 MHz, 33.67 W, 60, 0x0000000000000004
2026/10/07 00:50:01.771, 100 %, 2007 MiB, 4096 MiB, 1350 MHz, 30.82 W, 60, 0x0000000000000004
2026/10/07 00:50:03.774, 100 %, 2007 MiB, 4096 MiB, 1335 MHz, 33.70 W, 60, 0x0000000000000004
2026/10/07 00:50:05.783, 100 %, 2007 MiB, 4096 MiB, 1335 MHz, 37.15 W, 60, 0x0000000000000004
2026/10/07 00:50:07.786, 100 %, 2007 MiB, 4096 MiB, 1320 MHz, 34.67 W, 60, 0x0000000000000004
2026/10/07 00:50:09.788, 100 %, 2007 MiB, 4096 MiB, 1335 MHz, 34.47 W, 60, 0x0000000000000004
2026/10/07 00:50:11.791, 100 %, 2007 MiB, 4096 MiB, 1350 MHz, 33.84 W, 60, 0x0000000000000004
2026/10/07 00:50:13.793, 100 %, 2007 MiB, 4096 MiB, 1395 MHz, 34.50 W, 60, 0x0000000000000004
2026/10/07 00:50:15.801, 100 %, 2007 MiB, 4096 MiB, 1380 MHz, 33.61 W, 60, 0x0000000000000004
2026/10/07 00:50:17.804, 64 %, 539 MiB, 4096 MiB, 1785 MHz, 20.41 W, 58, 0x0000000000000000
2026/10/07 00:50:19.806, 72 %, 1651 MiB, 4096 MiB, 1395 MHz, 32.30 W, 60, 0x0000000000000004
2026/10/07 00:50:21.809, 100 %, 1643 MiB, 4096 MiB, 1395 MHz, 34.79 W, 60, 0x0000000000000004
2026/10/07 00:50:23.811, 100 %, 1643 MiB, 4096 MiB, 1335 MHz, 35.55 W, 60, 0x0000000000000004
2026/10/07 00:50:25.816, 100 %, 1643 MiB, 4096 MiB, 1260 MHz, 35.50 W, 60, 0x0000000000000004
2026/10/07 00:50:27.819, 100 %, 1643 MiB, 4096 MiB, 1305 MHz, 34.01 W, 60, 0x0000000000000004
2026/10/07 00:50:29.828, 100 %, 1643 MiB, 4096 MiB, 1470 MHz, 31.28 W, 60, 0x0000000000000004
2026/10/07 00:50:31.831, 100 %, 1643 MiB, 4096 MiB, 1350 MHz, 33.74 W, 60, 0x0000000000000004
2026/10/07 00:50:33.841, 100 %, 1643 MiB, 4096 MiB, 1335 MHz, 31.01 W, 60, 0x0000000000000004
2026/10/07 00:50:35.844, 100 %, 1643 MiB, 4096 MiB, 1335 MHz, 34.37 W, 60, 0x0000000000000004
2026/10/07 00:50:37.853, 100 %, 1643 MiB, 4096 MiB, 1320 MHz, 36.04 W, 60, 0x0000000000000004
2026/10/07 00:50:39.855, 100 %, 1643 MiB, 4096 MiB, 1335 MHz, 34.85 W, 60, 0x0000000000000004
2026/10/07 00:50:41.858, 100 %, 1643 MiB, 4096 MiB, 1440 MHz, 34.47 W, 60, 0x0000000000000004
2026/10/07 00:50:43.860, 48 %, 1600 MiB, 4096 MiB, 1350 MHz, 37.36 W, 60, 0x0000000000000004
2026/10/07 00:50:45.869, 100 %, 1653 MiB, 4096 MiB, 1275 MHz, 35.70 W, 60, 0x0000000000000004
2026/10/07 00:50:47.872, 100 %, 1644 MiB, 4096 MiB, 1335 MHz, 33.69 W, 60, 0x0000000000000004
2026/10/07 00:50:49.881, 100 %, 1644 MiB, 4096 MiB, 1485 MHz, 30.84 W, 60, 0x0000000000000004
2026/10/07 00:50:51.884, 100 %, 1644 MiB, 4096 MiB, 1350 MHz, 34.50 W, 60, 0x0000000000000004
2026/10/07 00:50:53.887, 100 %, 1644 MiB, 4096 MiB, 1335 MHz, 32.49 W, 60, 0x0000000000000004
2026/10/07 00:50:55.889, 100 %, 1644 MiB, 4096 MiB, 1320 MHz, 35.49 W, 60, 0x0000000000000004
2026/10/07 00:50:57.892, 100 %, 1644 MiB, 4096 MiB, 1335 MHz, 35.33 W, 60, 0x0000000000000004
2026/10/07 00:50:59.901, 100 %, 1644 MiB, 4096 MiB, 1335 MHz, 34.66 W, 60, 0x0000000000000004
2026/10/07 00:51:01.904, 100 %, 1644 MiB, 4096 MiB, 1425 MHz, 34.24 W, 60, 0x0000000000000004
2026/10/07 00:51:03.907, 100 %, 1644 MiB, 4096 MiB, 1380 MHz, 34.28 W, 60, 0x0000000000000004
2026/10/07 00:51:05.910, 100 %, 1644 MiB, 4096 MiB, 1380 MHz, 35.99 W, 60, 0x0000000000000004
2026/10/07 00:51:07.912, 63 %, 735 MiB, 4096 MiB, 1410 MHz, 34.90 W, 60, 0x0000000000000004
2026/10/07 00:51:09.920, 100 %, 1653 MiB, 4096 MiB, 1350 MHz, 35.25 W, 60, 0x0000000000000004
2026/10/07 00:51:11.923, 100 %, 1645 MiB, 4096 MiB, 1350 MHz, 36.37 W, 60, 0x0000000000000004
2026/10/07 00:51:13.931, 100 %, 1645 MiB, 4096 MiB, 1335 MHz, 34.97 W, 60, 0x0000000000000004
2026/10/07 00:51:15.933, 100 %, 1645 MiB, 4096 MiB, 1395 MHz, 34.69 W, 60, 0x0000000000000004
2026/10/07 00:51:17.944, 100 %, 1643 MiB, 4096 MiB, 1395 MHz, 33.64 W, 60, 0x0000000000000004
2026/10/07 00:51:19.947, 100 %, 1643 MiB, 4096 MiB, 1380 MHz, 34.72 W, 60, 0x0000000000000004
2026/10/07 00:51:21.956, 100 %, 1643 MiB, 4096 MiB, 1380 MHz, 35.58 W, 60, 0x0000000000000004
2026/10/07 00:51:23.958, 100 %, 1643 MiB, 4096 MiB, 1380 MHz, 35.87 W, 60, 0x0000000000000004
2026/10/07 00:51:25.961, 100 %, 1643 MiB, 4096 MiB, 1395 MHz, 35.22 W, 60, 0x0000000000000004
2026/10/07 00:51:27.964, 100 %, 1643 MiB, 4096 MiB, 1395 MHz, 35.42 W, 60, 0x0000000000000004
2026/10/07 00:51:29.966, 100 %, 1643 MiB, 4096 MiB, 1395 MHz, 35.88 W, 60, 0x0000000000000004
2026/10/07 00:51:31.969, 100 %, 1643 MiB, 4096 MiB, 1575 MHz, 35.42 W, 59, 0x0000000000000004
2026/10/07 00:51:33.971, 0 %, 1946 MiB, 4096 MiB, 1785 MHz, 18.20 W, 57, 0x0000000000000000
2026/10/07 00:51:36.000, 99 %, 2093 MiB, 4096 MiB, 1320 MHz, 33.04 W, 60, 0x0000000000000004
2026/10/07 00:51:38.003, 100 %, 2085 MiB, 4096 MiB, 1320 MHz, 34.79 W, 60, 0x0000000000000004
2026/10/07 00:51:40.005, 100 %, 2085 MiB, 4096 MiB, 1380 MHz, 34.71 W, 60, 0x0000000000000004
2026/10/07 00:51:42.008, 93 %, 718 MiB, 4096 MiB, 1785 MHz, 18.03 W, 58, 0x0000000000000000
2026/10/07 00:51:44.010, 94 %, 2094 MiB, 4096 MiB, 1335 MHz, 34.46 W, 60, 0x0000000000000004
2026/10/07 00:51:46.012, 100 %, 2085 MiB, 4096 MiB, 1320 MHz, 35.62 W, 60, 0x0000000000000004
2026/10/07 00:51:48.016, 100 %, 2085 MiB, 4096 MiB, 1365 MHz, 35.02 W, 60, 0x0000000000000004
2026/10/07 00:51:50.019, 98 %, 2317 MiB, 4096 MiB, 1785 MHz, 18.20 W, 58, 0x0000000000000000
2026/10/07 00:51:52.025, 100 %, 2094 MiB, 4096 MiB, 1350 MHz, 34.06 W, 60, 0x0000000000000004
2026/10/07 00:51:54.034, 100 %, 2085 MiB, 4096 MiB, 1380 MHz, 34.39 W, 60, 0x0000000000000004
2026/10/07 00:51:56.036, 100 %, 2085 MiB, 4096 MiB, 1365 MHz, 34.78 W, 60, 0x0000000000000004
2026/10/07 00:51:58.040, 84 %, 717 MiB, 4096 MiB, 1785 MHz, 17.19 W, 58, 0x0000000000000000
2026/10/07 00:52:00.043, 80 %, 2242 MiB, 4096 MiB, 1380 MHz, 34.07 W, 60, 0x0000000000000004
2026/10/07 00:52:02.045, 100 %, 2234 MiB, 4096 MiB, 1380 MHz, 34.74 W, 60, 0x0000000000000004
2026/10/07 00:52:04.048, 100 %, 2234 MiB, 4096 MiB, 1380 MHz, 36.00 W, 60, 0x0000000000000004
2026/10/07 00:52:06.051, 100 %, 2234 MiB, 4096 MiB, 1395 MHz, 35.91 W, 60, 0x0000000000000004
2026/10/07 00:52:08.053, 100 %, 2234 MiB, 4096 MiB, 1395 MHz, 35.47 W, 60, 0x0000000000000004
2026/10/07 00:52:10.055, 100 %, 2234 MiB, 4096 MiB, 1395 MHz, 35.29 W, 60, 0x0000000000000004
2026/10/07 00:52:12.058, 100 %, 2234 MiB, 4096 MiB, 1395 MHz, 35.45 W, 60, 0x0000000000000004
2026/10/07 00:52:14.060, 100 %, 2234 MiB, 4096 MiB, 1395 MHz, 35.18 W, 60, 0x0000000000000004
2026/10/07 00:52:16.063, 100 %, 2234 MiB, 4096 MiB, 1410 MHz, 35.52 W, 60, 0x0000000000000004
2026/10/07 00:52:18.066, 100 %, 2232 MiB, 4096 MiB, 1380 MHz, 35.31 W, 60, 0x0000000000000004
2026/10/07 00:52:20.069, 100 %, 2232 MiB, 4096 MiB, 1365 MHz, 35.56 W, 60, 0x0000000000000004
2026/10/07 00:52:22.071, 100 %, 2232 MiB, 4096 MiB, 1290 MHz, 35.92 W, 60, 0x0000000000000004
2026/10/07 00:52:24.080, 100 %, 2232 MiB, 4096 MiB, 1260 MHz, 35.66 W, 60, 0x0000000000000004
2026/10/07 00:52:26.083, 100 %, 2232 MiB, 4096 MiB, 1305 MHz, 34.25 W, 60, 0x0000000000000004
2026/10/07 00:52:28.092, 100 %, 2232 MiB, 4096 MiB, 1440 MHz, 32.66 W, 60, 0x0000000000000004
2026/10/07 00:52:30.095, 100 %, 2232 MiB, 4096 MiB, 1365 MHz, 33.02 W, 60, 0x0000000000000004
2026/10/07 00:52:32.104, 100 %, 2232 MiB, 4096 MiB, 1335 MHz, 35.32 W, 60, 0x0000000000000004
2026/10/07 00:52:34.106, 100 %, 2232 MiB, 4096 MiB, 1785 MHz, 18.02 W, 58, 0x0000000000000000
2026/10/07 00:52:36.109, 60 %, 2242 MiB, 4096 MiB, 1335 MHz, 35.40 W, 60, 0x0000000000000004
2026/10/07 00:52:38.111, 100 %, 2242 MiB, 4096 MiB, 1275 MHz, 35.46 W, 60, 0x0000000000000004
2026/10/07 00:52:40.114, 100 %, 2234 MiB, 4096 MiB, 1305 MHz, 34.87 W, 60, 0x0000000000000004
2026/10/07 00:52:42.123, 100 %, 2234 MiB, 4096 MiB, 1470 MHz, 33.73 W, 60, 0x0000000000000004
2026/10/07 00:52:44.125, 100 %, 2234 MiB, 4096 MiB, 1350 MHz, 31.21 W, 60, 0x0000000000000004
2026/10/07 00:52:46.135, 100 %, 2234 MiB, 4096 MiB, 1320 MHz, 34.17 W, 60, 0x0000000000000004
2026/10/07 00:52:48.137, 100 %, 2232 MiB, 4096 MiB, 1335 MHz, 36.77 W, 60, 0x0000000000000004
2026/10/07 00:52:50.142, 100 %, 2232 MiB, 4096 MiB, 1320 MHz, 34.72 W, 60, 0x0000000000000004
2026/10/07 00:52:52.145, 100 %, 2232 MiB, 4096 MiB, 1320 MHz, 34.51 W, 60, 0x0000000000000004
2026/10/07 00:52:54.147, 100 %, 2232 MiB, 4096 MiB, 1365 MHz, 34.73 W, 60, 0x0000000000000004
2026/10/07 00:52:56.155, 100 %, 2232 MiB, 4096 MiB, 1425 MHz, 34.33 W, 60, 0x0000000000000004
2026/10/07 00:52:58.158, 100 %, 2232 MiB, 4096 MiB, 1380 MHz, 33.27 W, 60, 0x0000000000000004
2026/10/07 00:53:00.161, 100 %, 2232 MiB, 4096 MiB, 1380 MHz, 34.79 W, 60, 0x0000000000000004
2026/10/07 00:53:02.164, 100 %, 2232 MiB, 4096 MiB, 1380 MHz, 36.21 W, 60, 0x0000000000000004
2026/10/07 00:53:04.166, 100 %, 2232 MiB, 4096 MiB, 1380 MHz, 35.37 W, 60, 0x0000000000000004
2026/10/07 00:53:06.169, 100 %, 2232 MiB, 4096 MiB, 1395 MHz, 35.26 W, 60, 0x0000000000000004
2026/10/07 00:53:08.171, 100 %, 2232 MiB, 4096 MiB, 1395 MHz, 35.18 W, 60, 0x0000000000000004
2026/10/07 00:53:10.174, 100 %, 2232 MiB, 4096 MiB, 1395 MHz, 35.31 W, 60, 0x0000000000000004
2026/10/07 00:53:12.176, 56 %, 2242 MiB, 4096 MiB, 1290 MHz, 35.41 W, 60, 0x0000000000000004
2026/10/07 00:53:14.178, 100 %, 2241 MiB, 4096 MiB, 1365 MHz, 35.13 W, 60, 0x0000000000000004
2026/10/07 00:53:16.182, 100 %, 2233 MiB, 4096 MiB, 1380 MHz, 35.34 W, 60, 0x0000000000000004
2026/10/07 00:53:18.184, 100 %, 2232 MiB, 4096 MiB, 1395 MHz, 35.72 W, 60, 0x0000000000000004
2026/10/07 00:53:20.187, 100 %, 2232 MiB, 4096 MiB, 1380 MHz, 34.91 W, 60, 0x0000000000000004
2026/10/07 00:53:22.196, 100 %, 2232 MiB, 4096 MiB, 1380 MHz, 35.73 W, 60, 0x0000000000000004
2026/10/07 00:53:24.199, 100 %, 2232 MiB, 4096 MiB, 1365 MHz, 35.88 W, 60, 0x0000000000000004
2026/10/07 00:53:26.201, 100 %, 2232 MiB, 4096 MiB, 1275 MHz, 35.36 W, 60, 0x0000000000000004
2026/10/07 00:53:28.204, 100 %, 2232 MiB, 4096 MiB, 1275 MHz, 35.46 W, 60, 0x0000000000000004
2026/10/07 00:53:30.206, 100 %, 2232 MiB, 4096 MiB, 1320 MHz, 34.75 W, 60, 0x0000000000000004
2026/10/07 00:53:32.214, 100 %, 2232 MiB, 4096 MiB, 1500 MHz, 34.08 W, 60, 0x0000000000000004
2026/10/07 00:53:34.216, 100 %, 2232 MiB, 4096 MiB, 1350 MHz, 31.35 W, 60, 0x0000000000000004
2026/10/07 00:53:36.224, 100 %, 2232 MiB, 4096 MiB, 1335 MHz, 33.96 W, 60, 0x0000000000000004
2026/10/07 00:53:38.227, 100 %, 2232 MiB, 4096 MiB, 1335 MHz, 37.13 W, 60, 0x0000000000000004
2026/10/07 00:53:40.232, 100 %, 2232 MiB, 4096 MiB, 1320 MHz, 34.70 W, 60, 0x0000000000000004
2026/10/07 00:53:42.235, 100 %, 2232 MiB, 4096 MiB, 1335 MHz, 34.66 W, 60, 0x0000000000000004
2026/10/07 00:53:44.237, 100 %, 2232 MiB, 4096 MiB, 1380 MHz, 33.94 W, 60, 0x0000000000000004
2026/10/07 00:53:46.243, 100 %, 2232 MiB, 4096 MiB, 1425 MHz, 34.70 W, 60, 0x0000000000000004
2026/10/07 00:53:48.245, 18 %, 2065 MiB, 4096 MiB, 1785 MHz, 18.00 W, 58, 0x0000000000000000
2026/10/07 00:53:50.247, 100 %, 1728 MiB, 4096 MiB, 1395 MHz, 33.93 W, 60, 0x0000000000000004
2026/10/07 00:53:52.250, 100 %, 1720 MiB, 4096 MiB, 1380 MHz, 34.51 W, 60, 0x0000000000000004
2026/10/07 00:53:54.252, 100 %, 1720 MiB, 4096 MiB, 1365 MHz, 35.43 W, 60, 0x0000000000000004
2026/10/07 00:53:56.255, 100 %, 1720 MiB, 4096 MiB, 1290 MHz, 35.39 W, 60, 0x0000000000000004
2026/10/07 00:53:58.257, 100 %, 1720 MiB, 4096 MiB, 1275 MHz, 34.63 W, 60, 0x0000000000000004
2026/10/07 00:54:00.266, 100 %, 1720 MiB, 4096 MiB, 1335 MHz, 33.20 W, 60, 0x0000000000000004
2026/10/07 00:54:02.269, 100 %, 1720 MiB, 4096 MiB, 1395 MHz, 32.22 W, 60, 0x0000000000000004
2026/10/07 00:54:04.278, 100 %, 1720 MiB, 4096 MiB, 1335 MHz, 33.03 W, 60, 0x0000000000000004
2026/10/07 00:54:06.280, 100 %, 1720 MiB, 4096 MiB, 1335 MHz, 33.24 W, 60, 0x0000000000000004
2026/10/07 00:54:08.286, 100 %, 1720 MiB, 4096 MiB, 1320 MHz, 36.53 W, 60, 0x0000000000000004
2026/10/07 00:54:10.288, 100 %, 1720 MiB, 4096 MiB, 1320 MHz, 35.08 W, 60, 0x0000000000000004
2026/10/07 00:54:12.291, 100 %, 1720 MiB, 4096 MiB, 1335 MHz, 34.46 W, 60, 0x0000000000000004
2026/10/07 00:54:14.293, 100 %, 1720 MiB, 4096 MiB, 1425 MHz, 33.94 W, 60, 0x0000000000000004
2026/10/07 00:54:16.296, 100 %, 1720 MiB, 4096 MiB, 1380 MHz, 34.40 W, 60, 0x0000000000000004
2026/10/07 00:54:18.298, 100 %, 1719 MiB, 4096 MiB, 1380 MHz, 36.06 W, 60, 0x0000000000000004
2026/10/07 00:54:20.300, 100 %, 1719 MiB, 4096 MiB, 1380 MHz, 35.45 W, 60, 0x0000000000000004
2026/10/07 00:54:22.303, 100 %, 1719 MiB, 4096 MiB, 1380 MHz, 35.81 W, 60, 0x0000000000000004
2026/10/07 00:54:24.309, 26 %, 2137 MiB, 4096 MiB, 1410 MHz, 19.86 W, 60, 0x0000000000000004
2026/10/07 00:54:26.311, 100 %, 1729 MiB, 4096 MiB, 1365 MHz, 33.26 W, 60, 0x0000000000000004
2026/10/07 00:54:28.320, 100 %, 1721 MiB, 4096 MiB, 1350 MHz, 33.41 W, 60, 0x0000000000000004
2026/10/07 00:54:30.322, 100 %, 1721 MiB, 4096 MiB, 1350 MHz, 36.44 W, 60, 0x0000000000000004
2026/10/07 00:54:32.326, 100 %, 1721 MiB, 4096 MiB, 1320 MHz, 35.29 W, 60, 0x0000000000000004
2026/10/07 00:54:34.329, 100 %, 1721 MiB, 4096 MiB, 1335 MHz, 34.44 W, 60, 0x0000000000000004
2026/10/07 00:54:36.331, 100 %, 1721 MiB, 4096 MiB, 1425 MHz, 33.75 W, 60, 0x0000000000000004
2026/10/07 00:54:38.336, 100 %, 1721 MiB, 4096 MiB, 1380 MHz, 34.69 W, 60, 0x0000000000000004
2026/10/07 00:54:40.338, 100 %, 1721 MiB, 4096 MiB, 1380 MHz, 33.20 W, 60, 0x0000000000000004
2026/10/07 00:54:42.342, 100 %, 1721 MiB, 4096 MiB, 1380 MHz, 34.59 W, 60, 0x0000000000000004
2026/10/07 00:54:44.344, 100 %, 1721 MiB, 4096 MiB, 1380 MHz, 35.95 W, 61, 0x0000000000000004
2026/10/07 00:54:46.347, 100 %, 1721 MiB, 4096 MiB, 1380 MHz, 35.43 W, 60, 0x0000000000000004
2026/10/07 00:54:48.349, 100 %, 1721 MiB, 4096 MiB, 1395 MHz, 35.44 W, 60, 0x0000000000000004
2026/10/07 00:54:50.351, 100 %, 1721 MiB, 4096 MiB, 1395 MHz, 35.34 W, 60, 0x0000000000000004
2026/10/07 00:54:52.354, 100 %, 1721 MiB, 4096 MiB, 1395 MHz, 35.82 W, 60, 0x0000000000000004
2026/10/07 00:54:54.356, 100 %, 1721 MiB, 4096 MiB, 1410 MHz, 35.41 W, 60, 0x0000000000000004
2026/10/07 00:54:56.359, 100 %, 1720 MiB, 4096 MiB, 1380 MHz, 35.86 W, 60, 0x0000000000000004
2026/10/07 00:54:58.361, 100 %, 1720 MiB, 4096 MiB, 1365 MHz, 35.61 W, 60, 0x0000000000000004
2026/10/07 00:55:00.368, 100 %, 1720 MiB, 4096 MiB, 1785 MHz, 18.93 W, 58, 0x0000000000000000
2026/10/07 00:55:02.371, 16 %, 1730 MiB, 4096 MiB, 1230 MHz, 35.43 W, 60, 0x0000000000000004
2026/10/07 00:55:04.375, 100 %, 1729 MiB, 4096 MiB, 1365 MHz, 34.87 W, 60, 0x0000000000000004
2026/10/07 00:55:06.378, 100 %, 1721 MiB, 4096 MiB, 1380 MHz, 35.30 W, 60, 0x0000000000000004
2026/10/07 00:55:08.382, 100 %, 1721 MiB, 4096 MiB, 1425 MHz, 35.63 W, 60, 0x0000000000000004
2026/10/07 00:55:10.384, 100 %, 1721 MiB, 4096 MiB, 1380 MHz, 35.51 W, 61, 0x0000000000000004
2026/10/07 00:55:12.386, 100 %, 1721 MiB, 4096 MiB, 1365 MHz, 35.72 W, 60, 0x0000000000000004
2026/10/07 00:55:14.389, 100 %, 1721 MiB, 4096 MiB, 1335 MHz, 35.60 W, 60, 0x0000000000000004
2026/10/07 00:55:16.391, 100 %, 1721 MiB, 4096 MiB, 1260 MHz, 35.85 W, 60, 0x0000000000000004
2026/10/07 00:55:18.394, 100 %, 1721 MiB, 4096 MiB, 1305 MHz, 35.18 W, 60, 0x0000000000000004
2026/10/07 00:55:20.398, 100 %, 1721 MiB, 4096 MiB, 1455 MHz, 34.00 W, 60, 0x0000000000000004
2026/10/07 00:55:22.401, 100 %, 1721 MiB, 4096 MiB, 1350 MHz, 30.92 W, 61, 0x0000000000000004
2026/10/07 00:55:24.409, 100 %, 1721 MiB, 4096 MiB, 1350 MHz, 33.88 W, 61, 0x0000000000000004
2026/10/07 00:55:26.411, 100 %, 1721 MiB, 4096 MiB, 1350 MHz, 36.27 W, 61, 0x0000000000000004
2026/10/07 00:55:28.415, 100 %, 1721 MiB, 4096 MiB, 1320 MHz, 34.52 W, 60, 0x0000000000000004
2026/10/07 00:55:30.418, 100 %, 1721 MiB, 4096 MiB, 1335 MHz, 34.40 W, 61, 0x0000000000000004
2026/10/07 00:55:32.420, 100 %, 1720 MiB, 4096 MiB, 1440 MHz, 34.57 W, 60, 0x0000000000000004
2026/10/07 00:55:34.426, 100 %, 1720 MiB, 4096 MiB, 1395 MHz, 34.44 W, 60, 0x0000000000000004
2026/10/07 00:55:36.428, 100 %, 1720 MiB, 4096 MiB, 1380 MHz, 34.02 W, 60, 0x0000000000000004
2026/10/07 00:55:38.433, 0 %, 717 MiB, 4096 MiB, 1395 MHz, 32.14 W, 59, 0x0000000000000004
2026/10/07 00:55:40.436, 100 %, 2021 MiB, 4096 MiB, 1395 MHz, 35.63 W, 60, 0x0000000000000004
2026/10/07 00:55:42.439, 100 %, 2013 MiB, 4096 MiB, 1785 MHz, 18.09 W, 58, 0x0000000000000000
2026/10/07 00:55:44.441, 69 %, 2022 MiB, 4096 MiB, 1365 MHz, 32.50 W, 60, 0x0000000000000004
2026/10/07 00:55:46.446, 100 %, 2022 MiB, 4096 MiB, 1380 MHz, 34.07 W, 60, 0x0000000000000004
2026/10/07 00:55:48.449, 38 %, 2023 MiB, 4096 MiB, 1245 MHz, 35.62 W, 60, 0x0000000000000004
2026/10/07 00:55:50.453, 100 %, 2022 MiB, 4096 MiB, 1350 MHz, 33.14 W, 60, 0x0000000000000004
2026/10/07 00:55:52.455, 31 %, 1950 MiB, 4096 MiB, 1380 MHz, 39.92 W, 60, 0x0000000000000004
2026/10/07 00:55:54.461, 100 %, 2150 MiB, 4096 MiB, 1380 MHz, 34.82 W, 60, 0x0000000000000004
2026/10/07 00:55:56.463, 100 %, 2142 MiB, 4096 MiB, 1260 MHz, 35.62 W, 60, 0x0000000000000004
2026/10/07 00:55:58.471, 100 %, 2142 MiB, 4096 MiB, 1290 MHz, 35.64 W, 60, 0x0000000000000004
2026/10/07 00:56:00.474, 100 %, 2142 MiB, 4096 MiB, 1335 MHz, 34.01 W, 60, 0x0000000000000004
2026/10/07 00:56:02.477, 100 %, 2142 MiB, 4096 MiB, 1395 MHz, 31.97 W, 60, 0x0000000000000004
2026/10/07 00:56:04.482, 100 %, 2142 MiB, 4096 MiB, 1335 MHz, 33.33 W, 60, 0x0000000000000004
2026/10/07 00:56:06.484, 100 %, 2142 MiB, 4096 MiB, 1335 MHz, 35.79 W, 60, 0x0000000000000004
2026/10/07 00:56:08.488, 100 %, 2141 MiB, 4096 MiB, 1350 MHz, 35.24 W, 60, 0x0000000000000004
2026/10/07 00:56:10.491, 100 %, 2141 MiB, 4096 MiB, 1320 MHz, 36.87 W, 60, 0x0000000000000004
2026/10/07 00:56:12.494, 100 %, 2141 MiB, 4096 MiB, 1335 MHz, 35.36 W, 60, 0x0000000000000004
2026/10/07 00:56:14.498, 100 %, 2141 MiB, 4096 MiB, 1410 MHz, 34.53 W, 60, 0x0000000000000004
2026/10/07 00:56:16.501, 100 %, 2141 MiB, 4096 MiB, 1395 MHz, 34.06 W, 60, 0x0000000000000004
2026/10/07 00:56:18.503, 100 %, 2141 MiB, 4096 MiB, 1395 MHz, 34.36 W, 60, 0x0000000000000004
2026/10/07 00:56:20.516, 29 %, 2151 MiB, 4096 MiB, 1440 MHz, 35.44 W, 60, 0x0000000000000004
2026/10/07 00:56:22.520, 100 %, 2150 MiB, 4096 MiB, 1395 MHz, 33.96 W, 60, 0x0000000000000004
2026/10/07 00:56:24.522, 100 %, 2142 MiB, 4096 MiB, 1380 MHz, 34.73 W, 60, 0x0000000000000004
2026/10/07 00:56:26.526, 100 %, 2142 MiB, 4096 MiB, 1395 MHz, 36.23 W, 60, 0x0000000000000004
2026/10/07 00:56:28.529, 100 %, 2142 MiB, 4096 MiB, 1380 MHz, 35.30 W, 60, 0x0000000000000004
2026/10/07 00:56:30.531, 100 %, 2142 MiB, 4096 MiB, 1380 MHz, 35.83 W, 60, 0x0000000000000004
2026/10/07 00:56:32.534, 100 %, 2142 MiB, 4096 MiB, 1380 MHz, 35.43 W, 60, 0x0000000000000004
2026/10/07 00:56:34.537, 100 %, 2142 MiB, 4096 MiB, 1395 MHz, 35.44 W, 60, 0x0000000000000004
2026/10/07 00:56:36.539, 100 %, 2142 MiB, 4096 MiB, 1395 MHz, 35.27 W, 60, 0x0000000000000004
2026/10/07 00:56:38.542, 100 %, 2140 MiB, 4096 MiB, 1395 MHz, 35.73 W, 60, 0x0000000000000004
2026/10/07 00:56:40.544, 100 %, 2140 MiB, 4096 MiB, 1425 MHz, 35.65 W, 60, 0x0000000000000004
2026/10/07 00:56:42.546, 100 %, 2140 MiB, 4096 MiB, 1395 MHz, 35.51 W, 60, 0x0000000000000004
2026/10/07 00:56:44.549, 100 %, 2140 MiB, 4096 MiB, 1380 MHz, 35.80 W, 60, 0x0000000000000004
2026/10/07 00:56:46.551, 100 %, 2140 MiB, 4096 MiB, 1785 MHz, 27.07 W, 58, 0x0000000000000000
2026/10/07 00:56:48.554, 87 %, 2149 MiB, 4096 MiB, 1290 MHz, 36.21 W, 60, 0x0000000000000004
2026/10/07 00:56:50.556, 100 %, 2149 MiB, 4096 MiB, 1290 MHz, 35.54 W, 60, 0x0000000000000004
2026/10/07 00:56:52.559, 100 %, 2141 MiB, 4096 MiB, 1320 MHz, 34.10 W, 60, 0x0000000000000004
2026/10/07 00:56:54.567, 100 %, 2141 MiB, 4096 MiB, 1485 MHz, 32.61 W, 60, 0x0000000000000004
2026/10/07 00:56:56.570, 100 %, 2141 MiB, 4096 MiB, 1335 MHz, 32.89 W, 60, 0x0000000000000004
2026/10/07 00:56:58.578, 100 %, 2141 MiB, 4096 MiB, 1335 MHz, 35.44 W, 60, 0x0000000000000004
2026/10/07 00:57:00.580, 100 %, 2141 MiB, 4096 MiB, 1335 MHz, 35.40 W, 60, 0x0000000000000004
2026/10/07 00:57:02.583, 100 %, 2141 MiB, 4096 MiB, 1320 MHz, 34.65 W, 60, 0x0000000000000004
2026/10/07 00:57:04.586, 100 %, 2141 MiB, 4096 MiB, 1335 MHz, 35.59 W, 60, 0x0000000000000004
2026/10/07 00:57:06.588, 100 %, 2141 MiB, 4096 MiB, 1395 MHz, 34.69 W, 60, 0x0000000000000004
2026/10/07 00:57:08.594, 100 %, 2140 MiB, 4096 MiB, 1395 MHz, 34.49 W, 60, 0x0000000000000004
2026/10/07 00:57:10.596, 100 %, 2140 MiB, 4096 MiB, 1395 MHz, 33.61 W, 60, 0x0000000000000004
2026/10/07 00:57:12.600, 100 %, 2140 MiB, 4096 MiB, 1395 MHz, 34.81 W, 60, 0x0000000000000004
2026/10/07 00:57:14.602, 44 %, 301 MiB, 4096 MiB, 1785 MHz, 19.89 W, 58, 0x0000000000000000
2026/10/07 00:57:16.605, 100 %, 1697 MiB, 4096 MiB, 1530 MHz, 33.18 W, 60, 0x0000000000000004
2026/10/07 00:57:18.608, 100 %, 1688 MiB, 4096 MiB, 1380 MHz, 33.48 W, 60, 0x0000000000000004
2026/10/07 00:57:20.610, 100 %, 1688 MiB, 4096 MiB, 1335 MHz, 37.15 W, 60, 0x0000000000000004
2026/10/07 00:57:22.613, 100 %, 1688 MiB, 4096 MiB, 1335 MHz, 34.39 W, 60, 0x0000000000000004
2026/10/07 00:57:24.616, 100 %, 1688 MiB, 4096 MiB, 1320 MHz, 35.70 W, 60, 0x0000000000000004
2026/10/07 00:57:26.618, 100 %, 1688 MiB, 4096 MiB, 1335 MHz, 34.64 W, 60, 0x0000000000000004
2026/10/07 00:57:28.624, 100 %, 1688 MiB, 4096 MiB, 1425 MHz, 34.39 W, 60, 0x0000000000000004
2026/10/07 00:57:30.626, 100 %, 1688 MiB, 4096 MiB, 1395 MHz, 33.35 W, 60, 0x0000000000000004
2026/10/07 00:57:32.629, 100 %, 1688 MiB, 4096 MiB, 1380 MHz, 34.66 W, 60, 0x0000000000000004
2026/10/07 00:57:34.631, 100 %, 1688 MiB, 4096 MiB, 1380 MHz, 35.67 W, 60, 0x0000000000000004
2026/10/07 00:57:36.633, 100 %, 1688 MiB, 4096 MiB, 1380 MHz, 35.35 W, 60, 0x0000000000000004
2026/10/07 00:57:38.635, 100 %, 1688 MiB, 4096 MiB, 1380 MHz, 35.46 W, 60, 0x0000000000000004
2026/10/07 00:57:40.638, 100 %, 1688 MiB, 4096 MiB, 1395 MHz, 35.52 W, 60, 0x0000000000000004
2026/10/07 00:57:42.640, 25 %, 717 MiB, 4096 MiB, 1785 MHz, 18.53 W, 58, 0x0000000000000000
2026/10/07 00:57:44.648, 65 %, 1698 MiB, 4096 MiB, 1380 MHz, 34.20 W, 61, 0x0000000000000004
2026/10/07 00:57:46.650, 100 %, 1689 MiB, 4096 MiB, 1380 MHz, 34.69 W, 60, 0x0000000000000004
2026/10/07 00:57:48.654, 100 %, 1689 MiB, 4096 MiB, 1380 MHz, 35.68 W, 61, 0x0000000000000004
2026/10/07 00:57:50.657, 100 %, 1689 MiB, 4096 MiB, 1395 MHz, 35.97 W, 61, 0x0000000000000004
2026/10/07 00:57:52.659, 100 %, 1689 MiB, 4096 MiB, 1380 MHz, 35.30 W, 60, 0x0000000000000004
2026/10/07 00:57:54.662, 100 %, 1689 MiB, 4096 MiB, 1395 MHz, 35.36 W, 61, 0x0000000000000004
2026/10/07 00:57:56.665, 100 %, 1689 MiB, 4096 MiB, 1395 MHz, 35.26 W, 60, 0x0000000000000004
2026/10/07 00:57:58.667, 100 %, 1689 MiB, 4096 MiB, 1425 MHz, 35.42 W, 60, 0x0000000000000004
2026/10/07 00:58:00.676, 100 %, 1689 MiB, 4096 MiB, 1380 MHz, 35.74 W, 60, 0x0000000000000004
2026/10/07 00:58:02.679, 100 %, 1689 MiB, 4096 MiB, 1380 MHz, 35.54 W, 60, 0x0000000000000004
2026/10/07 00:58:04.681, 100 %, 1689 MiB, 4096 MiB, 1380 MHz, 35.75 W, 60, 0x0000000000000004
2026/10/07 00:58:06.683, 100 %, 1689 MiB, 4096 MiB, 1260 MHz, 35.63 W, 60, 0x0000000000000004
2026/10/07 00:58:08.686, 100 %, 1689 MiB, 4096 MiB, 1290 MHz, 34.44 W, 60, 0x0000000000000004
2026/10/07 00:58:10.695, 60 %, 1630 MiB, 4096 MiB, 1365 MHz, 36.93 W, 60, 0x0000000000000004
2026/10/07 00:58:12.698, 100 %, 1698 MiB, 4096 MiB, 1275 MHz, 35.70 W, 60, 0x0000000000000004
2026/10/07 00:58:14.704, 100 %, 1689 MiB, 4096 MiB, 1275 MHz, 34.98 W, 60, 0x0000000000000004
2026/10/07 00:58:16.706, 100 %, 1689 MiB, 4096 MiB, 1320 MHz, 34.94 W, 60, 0x0000000000000004
2026/10/07 00:58:18.714, 100 %, 1689 MiB, 4096 MiB, 1470 MHz, 33.42 W, 60, 0x0000000000000004
2026/10/07 00:58:20.717, 100 %, 1689 MiB, 4096 MiB, 1335 MHz, 30.96 W, 60, 0x0000000000000004
2026/10/07 00:58:22.726, 100 %, 1689 MiB, 4096 MiB, 1335 MHz, 34.24 W, 60, 0x0000000000000004
2026/10/07 00:58:24.729, 100 %, 1689 MiB, 4096 MiB, 1320 MHz, 35.77 W, 60, 0x0000000000000004
2026/10/07 00:58:26.738, 100 %, 1689 MiB, 4096 MiB, 1320 MHz, 34.40 W, 60, 0x0000000000000004
2026/10/07 00:58:28.741, 100 %, 1689 MiB, 4096 MiB, 1365 MHz, 34.53 W, 60, 0x0000000000000004
2026/10/07 00:58:30.750, 100 %, 1689 MiB, 4096 MiB, 1410 MHz, 33.64 W, 60, 0x0000000000000004
2026/10/07 00:58:32.752, 100 %, 1689 MiB, 4096 MiB, 1380 MHz, 34.70 W, 60, 0x0000000000000004
2026/10/07 00:58:34.755, 100 %, 1689 MiB, 4096 MiB, 1380 MHz, 34.37 W, 60, 0x0000000000000004
2026/10/07 00:58:36.758, 100 %, 1689 MiB, 4096 MiB, 1380 MHz, 35.73 W, 61, 0x0000000000000004
2026/10/07 00:58:38.760, 4 %, 1996 MiB, 4096 MiB, 1380 MHz, 29.09 W, 59, 0x0000000000000004
2026/10/07 00:58:40.763, 100 %, 1995 MiB, 4096 MiB, 1350 MHz, 33.43 W, 60, 0x0000000000000004
2026/10/07 00:58:42.766, 100 %, 718 MiB, 4096 MiB, 1785 MHz, 32.76 W, 58, 0x0000000000000000
2026/10/07 00:58:44.770, 100 %, 1995 MiB, 4096 MiB, 1395 MHz, 35.78 W, 60, 0x0000000000000004
2026/10/07 00:58:46.773, 100 %, 1987 MiB, 4096 MiB, 1785 MHz, 18.09 W, 58, 0x0000000000000000
2026/10/07 00:58:48.775, 78 %, 1996 MiB, 4096 MiB, 1395 MHz, 34.73 W, 60, 0x0000000000000004
2026/10/07 00:58:50.777, 100 %, 1996 MiB, 4096 MiB, 1395 MHz, 35.81 W, 60, 0x0000000000000004
2026/10/07 00:58:52.781, 29 %, 2077 MiB, 4096 MiB, 1380 MHz, 35.43 W, 60, 0x0000000000000004
2026/10/07 00:58:54.784, 100 %, 2077 MiB, 4096 MiB, 1365 MHz, 35.79 W, 60, 0x0000000000000004
2026/10/07 00:58:56.787, 100 %, 2069 MiB, 4096 MiB, 1395 MHz, 35.37 W, 60, 0x0000000000000004
2026/10/07 00:58:58.790, 100 %, 2069 MiB, 4096 MiB, 1395 MHz, 35.47 W, 60, 0x0000000000000004
2026/10/07 00:59:00.792, 100 %, 2069 MiB, 4096 MiB, 1395 MHz, 35.31 W, 60, 0x0000000000000004
2026/10/07 00:59:02.795, 100 %, 2069 MiB, 4096 MiB, 1395 MHz, 35.52 W, 60, 0x0000000000000004
2026/10/07 00:59:04.797, 100 %, 2069 MiB, 4096 MiB, 1410 MHz, 35.62 W, 60, 0x0000000000000004
2026/10/07 00:59:06.800, 100 %, 2069 MiB, 4096 MiB, 1395 MHz, 35.43 W, 60, 0x0000000000000004
2026/10/07 00:59:08.802, 100 %, 2068 MiB, 4096 MiB, 1380 MHz, 35.80 W, 60, 0x0000000000000004
2026/10/07 00:59:10.805, 55 %, 1902 MiB, 4096 MiB, 1380 MHz, 30.62 W, 60, 0x0000000000000004
2026/10/07 00:59:12.811, 100 %, 2077 MiB, 4096 MiB, 1335 MHz, 35.17 W, 60, 0x0000000000000004
2026/10/07 00:59:14.813, 100 %, 2069 MiB, 4096 MiB, 1275 MHz, 35.43 W, 60, 0x0000000000000004
2026/10/07 00:59:16.816, 100 %, 2069 MiB, 4096 MiB, 1290 MHz, 34.67 W, 60, 0x0000000000000004
2026/10/07 00:59:18.819, 100 %, 2069 MiB, 4096 MiB, 1440 MHz, 33.72 W, 60, 0x0000000000000004
2026/10/07 00:59:20.824, 100 %, 2069 MiB, 4096 MiB, 1395 MHz, 30.97 W, 61, 0x0000000000000004
2026/10/07 00:59:22.826, 100 %, 2069 MiB, 4096 MiB, 1320 MHz, 34.34 W, 61, 0x0000000000000004
2026/10/07 00:59:24.836, 100 %, 2069 MiB, 4096 MiB, 1335 MHz, 36.41 W, 60, 0x0000000000000004
2026/10/07 00:59:26.838, 100 %, 2069 MiB, 4096 MiB, 1320 MHz, 34.66 W, 60, 0x0000000000000004
2026/10/07 00:59:28.848, 95 %, 1654 MiB, 4096 MiB, 1710 MHz, 31.43 W, 59, 0x0000000000000004
2026/10/07 00:59:30.865, 100 %, 2077 MiB, 4096 MiB, 1380 MHz, 35.51 W, 60, 0x0000000000000004
2026/10/07 00:59:32.867, 100 %, 2069 MiB, 4096 MiB, 1395 MHz, 34.33 W, 60, 0x0000000000000004
2026/10/07 00:59:34.870, 100 %, 2069 MiB, 4096 MiB, 1395 MHz, 34.80 W, 61, 0x0000000000000004
2026/10/07 00:59:36.872, 100 %, 2069 MiB, 4096 MiB, 1380 MHz, 35.81 W, 60, 0x0000000000000004
2026/10/07 00:59:38.875, 100 %, 2066 MiB, 4096 MiB, 1380 MHz, 35.41 W, 60, 0x0000000000000004
2026/10/07 00:59:40.877, 100 %, 2066 MiB, 4096 MiB, 1395 MHz, 35.35 W, 60, 0x0000000000000004
2026/10/07 00:59:42.880, 100 %, 2066 MiB, 4096 MiB, 1395 MHz, 35.23 W, 60, 0x0000000000000004
2026/10/07 00:59:44.884, 100 %, 2066 MiB, 4096 MiB, 1395 MHz, 35.47 W, 60, 0x0000000000000004
2026/10/07 00:59:46.886, 100 %, 2066 MiB, 4096 MiB, 1395 MHz, 35.55 W, 60, 0x0000000000000004
2026/10/07 00:59:48.889, 49 %, 1672 MiB, 4096 MiB, 1380 MHz, 34.61 W, 60, 0x0000000000000004
2026/10/07 00:59:50.892, 100 %, 1671 MiB, 4096 MiB, 1380 MHz, 35.41 W, 60, 0x0000000000000004
2026/10/07 00:59:52.894, 100 %, 1663 MiB, 4096 MiB, 1380 MHz, 35.89 W, 60, 0x0000000000000004
2026/10/07 00:59:54.898, 100 %, 1663 MiB, 4096 MiB, 1395 MHz, 35.47 W, 60, 0x0000000000000004
2026/10/07 00:59:56.901, 100 %, 1663 MiB, 4096 MiB, 1395 MHz, 35.24 W, 60, 0x0000000000000004
2026/10/07 00:59:58.903, 100 %, 1663 MiB, 4096 MiB, 1395 MHz, 35.46 W, 60, 0x0000000000000004
2026/10/07 01:00:00.906, 100 %, 1663 MiB, 4096 MiB, 1425 MHz, 35.72 W, 60, 0x0000000000000004
2026/10/07 01:00:02.908, 100 %, 1663 MiB, 4096 MiB, 1395 MHz, 35.65 W, 60, 0x0000000000000004
2026/10/07 01:00:04.910, 100 %, 1663 MiB, 4096 MiB, 1380 MHz, 35.44 W, 60, 0x0000000000000004
2026/10/07 01:00:06.918, 28 %, 1614 MiB, 4096 MiB, 1380 MHz, 31.77 W, 60, 0x0000000000000004
2026/10/07 01:00:08.924, 100 %, 1673 MiB, 4096 MiB, 1290 MHz, 35.62 W, 60, 0x0000000000000004
2026/10/07 01:00:10.926, 100 %, 1664 MiB, 4096 MiB, 1275 MHz, 35.44 W, 60, 0x0000000000000004
2026/10/07 01:00:12.929, 100 %, 1664 MiB, 4096 MiB, 1335 MHz, 33.91 W, 60, 0x0000000000000004
2026/10/07 01:00:14.938, 100 %, 1664 MiB, 4096 MiB, 1485 MHz, 32.53 W, 60, 0x0000000000000004
2026/10/07 01:00:16.941, 100 %, 1664 MiB, 4096 MiB, 1335 MHz, 33.28 W, 60, 0x0000000000000004
2026/10/07 01:00:18.950, 100 %, 1664 MiB, 4096 MiB, 1350 MHz, 36.97 W, 60, 0x0000000000000004
2026/10/07 01:00:20.953, 100 %, 1664 MiB, 4096 MiB, 1320 MHz, 34.93 W, 60, 0x0000000000000004
2026/10/07 01:00:22.964, 100 %, 1664 MiB, 4096 MiB, 1335 MHz, 34.50 W, 60, 0x0000000000000004
2026/10/07 01:00:24.966, 62 %, 717 MiB, 4096 MiB, 1785 MHz, 24.48 W, 58, 0x0000000000000000
2026/10/07 01:00:26.971, 100 %, 1673 MiB, 4096 MiB, 1380 MHz, 34.65 W, 60, 0x0000000000000004
2026/10/07 01:00:28.973, 100 %, 1664 MiB, 4096 MiB, 1380 MHz, 36.23 W, 60, 0x0000000000000004
2026/10/07 01:00:30.975, 100 %, 1664 MiB, 4096 MiB, 1395 MHz, 35.88 W, 61, 0x0000000000000004
2026/10/07 01:00:32.978, 100 %, 1664 MiB, 4096 MiB, 1395 MHz, 35.51 W, 60, 0x0000000000000004
2026/10/07 01:00:34.980, 100 %, 1664 MiB, 4096 MiB, 1395 MHz, 35.24 W, 60, 0x0000000000000004
2026/10/07 01:00:36.983, 100 %, 1664 MiB, 4096 MiB, 1395 MHz, 35.49 W, 60, 0x0000000000000004
2026/10/07 01:00:38.985, 100 %, 1663 MiB, 4096 MiB, 1410 MHz, 35.57 W, 60, 0x0000000000000004
2026/10/07 01:00:40.988, 100 %, 1663 MiB, 4096 MiB, 1395 MHz, 35.22 W, 60, 0x0000000000000004
2026/10/07 01:00:42.990, 95 %, 1663 MiB, 4096 MiB, 1785 MHz, 32.70 W, 58, 0x0000000000000000
2026/10/07 01:00:44.995, 37 %, 1875 MiB, 4096 MiB, 1395 MHz, 31.54 W, 60, 0x0000000000000004
2026/10/07 01:00:46.998, 100 %, 1874 MiB, 4096 MiB, 1350 MHz, 33.84 W, 60, 0x0000000000000004
2026/10/07 01:00:49.000, 54 %, 771 MiB, 4096 MiB, 1425 MHz, 36.76 W, 60, 0x0000000000000004
2026/10/07 01:00:51.005, 100 %, 1875 MiB, 4096 MiB, 1395 MHz, 35.79 W, 60, 0x0000000000000004
2026/10/07 01:00:53.008, 87 %, 1867 MiB, 4096 MiB, 1785 MHz, 17.34 W, 58, 0x0000000000000000
2026/10/07 01:00:55.010, 100 %, 1876 MiB, 4096 MiB, 1365 MHz, 36.88 W, 60, 0x0000000000000004
2026/10/07 01:00:57.013, 100 %, 1875 MiB, 4096 MiB, 1380 MHz, 35.40 W, 60, 0x0000000000000004
2026/10/07 01:00:59.015, 39 %, 1972 MiB, 4096 MiB, 1350 MHz, 35.60 W, 60, 0x0000000000000004
2026/10/07 01:01:01.018, 100 %, 1971 MiB, 4096 MiB, 1425 MHz, 34.41 W, 60, 0x0000000000000004
2026/10/07 01:01:03.028, 100 %, 1963 MiB, 4096 MiB, 1395 MHz, 34.53 W, 60, 0x0000000000000004
2026/10/07 01:01:05.030, 100 %, 1963 MiB, 4096 MiB, 1395 MHz, 33.44 W, 60, 0x0000000000000004
2026/10/07 01:01:07.034, 100 %, 1963 MiB, 4096 MiB, 1380 MHz, 34.41 W, 60, 0x0000000000000004
2026/10/07 01:01:09.037, 100 %, 1963 MiB, 4096 MiB, 1380 MHz, 36.10 W, 60, 0x0000000000000004
2026/10/07 01:01:11.039, 100 %, 1963 MiB, 4096 MiB, 1380 MHz, 35.34 W, 60, 0x0000000000000004
2026/10/07 01:01:13.043, 100 %, 1963 MiB, 4096 MiB, 1410 MHz, 35.30 W, 60, 0x0000000000000004
2026/10/07 01:01:15.045, 100 %, 772 MiB, 4096 MiB, 1785 MHz, 17.14 W, 58, 0x0000000000000000
2026/10/07 01:01:17.048, 90 %, 1971 MiB, 4096 MiB, 1335 MHz, 35.85 W, 60, 0x0000000000000004
2026/10/07 01:01:19.053, 100 %, 1963 MiB, 4096 MiB, 1395 MHz, 35.17 W, 60, 0x0000000000000004
2026/10/07 01:01:21.055, 100 %, 1963 MiB, 4096 MiB, 1380 MHz, 35.50 W, 60, 0x0000000000000004
2026/10/07 01:01:23.058, 100 %, 1963 MiB, 4096 MiB, 1395 MHz, 35.14 W, 60, 0x0000000000000004
2026/10/07 01:01:25.060, 100 %, 1963 MiB, 4096 MiB, 1395 MHz, 35.42 W, 60, 0x0000000000000004
2026/10/07 01:01:27.063, 100 %, 1963 MiB, 4096 MiB, 1395 MHz, 35.80 W, 60, 0x0000000000000004
2026/10/07 01:01:29.072, 100 %, 1963 MiB, 4096 MiB, 1380 MHz, 35.60 W, 60, 0x0000000000000004
2026/10/07 01:01:31.074, 100 %, 1963 MiB, 4096 MiB, 1785 MHz, 19.40 W, 58, 0x0000000000000000
2026/10/07 01:01:33.077, 62 %, 1972 MiB, 4096 MiB, 1305 MHz, 35.95 W, 60, 0x0000000000000004
2026/10/07 01:01:35.080, 100 %, 1972 MiB, 4096 MiB, 1275 MHz, 34.39 W, 60, 0x0000000000000004
2026/10/07 01:01:37.082, 100 %, 1964 MiB, 4096 MiB, 1335 MHz, 32.33 W, 60, 0x0000000000000004
2026/10/07 01:01:39.091, 100 %, 1961 MiB, 4096 MiB, 1515 MHz, 33.80 W, 60, 0x0000000000000004
2026/10/07 01:01:41.094, 100 %, 1961 MiB, 4096 MiB, 1350 MHz, 32.64 W, 61, 0x0000000000000004
2026/10/07 01:01:43.102, 100 %, 1961 MiB, 4096 MiB, 1335 MHz, 32.86 W, 60, 0x0000000000000004
2026/10/07 01:01:45.104, 100 %, 1961 MiB, 4096 MiB, 1335 MHz, 35.50 W, 60, 0x0000000000000004
2026/10/07 01:01:47.110, 100 %, 1961 MiB, 4096 MiB, 1320 MHz, 35.54 W, 60, 0x0000000000000004
2026/10/07 01:01:49.112, 34 %, 1637 MiB, 4096 MiB, 1335 MHz, 34.88 W, 60, 0x0000000000000004
2026/10/07 01:01:51.119, 100 %, 1636 MiB, 4096 MiB, 1320 MHz, 34.63 W, 60, 0x0000000000000004
2026/10/07 01:01:53.121, 100 %, 1628 MiB, 4096 MiB, 1440 MHz, 32.15 W, 60, 0x0000000000000004
2026/10/07 01:01:55.124, 100 %, 1628 MiB, 4096 MiB, 1350 MHz, 33.40 W, 61, 0x0000000000000004
2026/10/07 01:01:57.130, 100 %, 1628 MiB, 4096 MiB, 1350 MHz, 36.84 W, 61, 0x0000000000000004
2026/10/07 01:01:59.133, 100 %, 1628 MiB, 4096 MiB, 1335 MHz, 34.02 W, 61, 0x0000000000000004
2026/10/07 01:02:01.139, 100 %, 1628 MiB, 4096 MiB, 1320 MHz, 36.28 W, 60, 0x0000000000000004
2026/10/07 01:02:03.141, 100 %, 1628 MiB, 4096 MiB, 1335 MHz, 35.08 W, 60, 0x0000000000000004
2026/10/07 01:02:05.144, 100 %, 2099 MiB, 4096 MiB, 1410 MHz, 27.98 W, 60, 0x0000000000000004
2026/10/07 01:02:07.146, 87 %, 1637 MiB, 4096 MiB, 1350 MHz, 35.22 W, 60, 0x0000000000000004
2026/10/07 01:02:09.148, 100 %, 1628 MiB, 4096 MiB, 1335 MHz, 35.06 W, 60, 0x0000000000000004
2026/10/07 01:02:11.152, 100 %, 1628 MiB, 4096 MiB, 1395 MHz, 33.63 W, 60, 0x0000000000000004
2026/10/07 01:02:13.157, 100 %, 1628 MiB, 4096 MiB, 1395 MHz, 34.88 W, 60, 0x0000000000000004
2026/10/07 01:02:15.159, 100 %, 1628 MiB, 4096 MiB, 1380 MHz, 33.79 W, 60, 0x0000000000000004
2026/10/07 01:02:17.162, 100 %, 1628 MiB, 4096 MiB, 1380 MHz, 35.52 W, 60, 0x0000000000000004
2026/10/07 01:02:19.165, 100 %, 1628 MiB, 4096 MiB, 1380 MHz, 35.40 W, 60, 0x0000000000000004
2026/10/07 01:02:21.167, 100 %, 1628 MiB, 4096 MiB, 1395 MHz, 35.41 W, 60, 0x0000000000000004
2026/10/07 01:02:23.175, 66 %, 1637 MiB, 4096 MiB, 1350 MHz, 33.38 W, 60, 0x0000000000000004
2026/10/07 01:02:25.177, 100 %, 1636 MiB, 4096 MiB, 1395 MHz, 34.85 W, 60, 0x0000000000000004
2026/10/07 01:02:27.185, 100 %, 1628 MiB, 4096 MiB, 1395 MHz, 34.99 W, 60, 0x0000000000000004
2026/10/07 01:02:29.188, 100 %, 1628 MiB, 4096 MiB, 1380 MHz, 35.81 W, 61, 0x0000000000000004
2026/10/07 01:02:31.195, 100 %, 1628 MiB, 4096 MiB, 1365 MHz, 35.41 W, 60, 0x0000000000000004
2026/10/07 01:02:33.197, 100 %, 1628 MiB, 4096 MiB, 1260 MHz, 35.85 W, 60, 0x0000000000000004
2026/10/07 01:02:35.203, 100 %, 1628 MiB, 4096 MiB, 1305 MHz, 35.45 W, 60, 0x0000000000000004
2026/10/07 01:02:37.205, 100 %, 1628 MiB, 4096 MiB, 1365 MHz, 34.01 W, 60, 0x0000000000000004
2026/10/07 01:02:39.210, 14 %, 1635 MiB, 4096 MiB, 1785 MHz, 17.97 W, 57, 0x0000000000000000
2026/10/07 01:02:41.213, 88 %, 782 MiB, 4096 MiB, 1785 MHz, 17.95 W, 58, 0x0000000000000000
2026/10/07 01:02:43.216, 100 %, 2064 MiB, 4096 MiB, 1335 MHz, 34.47 W, 60, 0x0000000000000004
2026/10/07 01:02:45.219, 100 %, 2064 MiB, 4096 MiB, 1335 MHz, 34.91 W, 60, 0x0000000000000004
2026/10/07 01:02:47.221, 100 %, 2064 MiB, 4096 MiB, 1365 MHz, 35.26 W, 60, 0x0000000000000004
2026/10/07 01:02:49.223, 51 %, 778 MiB, 4096 MiB, 1425 MHz, 36.58 W, 59, 0x0000000000000004
2026/10/07 01:02:51.226, 67 %, 2073 MiB, 4096 MiB, 1245 MHz, 35.30 W, 60, 0x0000000000000004
2026/10/07 01:02:53.231, 100 %, 2065 MiB, 4096 MiB, 1335 MHz, 35.48 W, 59, 0x0000000000000004
2026/10/07 01:02:55.234, 100 %, 2065 MiB, 4096 MiB, 1395 MHz, 34.72 W, 60, 0x0000000000000004
2026/10/07 01:02:57.239, 100 %, 2065 MiB, 4096 MiB, 1365 MHz, 35.09 W, 60, 0x0000000000000004
2026/10/07 01:02:59.241, 85 %, 2074 MiB, 4096 MiB, 1350 MHz, 39.91 W, 60, 0x0000000000000004
2026/10/07 01:03:01.248, 100 %, 2073 MiB, 4096 MiB, 1350 MHz, 36.88 W, 60, 0x0000000000000004
2026/10/07 01:03:03.251, 100 %, 2065 MiB, 4096 MiB, 1380 MHz, 35.28 W, 60, 0x0000000000000004
2026/10/07 01:03:05.253, 100 %, 2065 MiB, 4096 MiB, 1380 MHz, 34.88 W, 60, 0x0000000000000004
2026/10/07 01:03:07.256, 25 %, 782 MiB, 4096 MiB, 1470 MHz, 35.10 W, 59, 0x0000000000000004
2026/10/07 01:03:09.260, 72 %, 2219 MiB, 4096 MiB, 1410 MHz, 33.64 W, 60, 0x0000000000000004
2026/10/07 01:03:11.262, 100 %, 2210 MiB, 4096 MiB, 1395 MHz, 34.88 W, 60, 0x0000000000000004
2026/10/07 01:03:13.265, 100 %, 2210 MiB, 4096 MiB, 1365 MHz, 34.92 W, 60, 0x0000000000000004
2026/10/07 01:03:15.268, 100 %, 2210 MiB, 4096 MiB, 1320 MHz, 35.41 W, 60, 0x0000000000000004
2026/10/07 01:03:17.270, 100 %, 2210 MiB, 4096 MiB, 1275 MHz, 35.40 W, 60, 0x0000000000000004
2026/10/07 01:03:19.280, 100 %, 2210 MiB, 4096 MiB, 1305 MHz, 34.68 W, 60, 0x0000000000000004
2026/10/07 01:03:21.283, 100 %, 2210 MiB, 4096 MiB, 1515 MHz, 33.75 W, 59, 0x0000000000000004
2026/10/07 01:03:23.290, 100 %, 2210 MiB, 4096 MiB, 1395 MHz, 30.75 W, 60, 0x0000000000000004
2026/10/07 01:03:25.292, 100 %, 2210 MiB, 4096 MiB, 1335 MHz, 34.46 W, 60, 0x0000000000000004
2026/10/07 01:03:27.298, 100 %, 2210 MiB, 4096 MiB, 1335 MHz, 36.92 W, 60, 0x0000000000000004
2026/10/07 01:03:29.301, 100 %, 2210 MiB, 4096 MiB, 1320 MHz, 34.59 W, 60, 0x0000000000000004
2026/10/07 01:03:31.303, 100 %, 2210 MiB, 4096 MiB, 1335 MHz, 34.44 W, 60, 0x0000000000000004
2026/10/07 01:03:33.308, 100 %, 2210 MiB, 4096 MiB, 1335 MHz, 34.96 W, 60, 0x0000000000000004
2026/10/07 01:03:35.311, 100 %, 2210 MiB, 4096 MiB, 1395 MHz, 34.46 W, 60, 0x0000000000000004
2026/10/07 01:03:37.320, 100 %, 2210 MiB, 4096 MiB, 1380 MHz, 33.16 W, 60, 0x0000000000000004
2026/10/07 01:03:39.323, 100 %, 2207 MiB, 4096 MiB, 1380 MHz, 34.90 W, 60, 0x0000000000000004
2026/10/07 01:03:41.328, 100 %, 2207 MiB, 4096 MiB, 1380 MHz, 35.88 W, 60, 0x0000000000000004
2026/10/07 01:03:43.330, 100 %, 2207 MiB, 4096 MiB, 1380 MHz, 35.34 W, 60, 0x0000000000000004
2026/10/07 01:03:45.333, 88 %, 781 MiB, 4096 MiB, 1710 MHz, 32.37 W, 59, 0x0000000000000004
2026/10/07 01:03:47.339, 100 %, 2217 MiB, 4096 MiB, 1395 MHz, 34.82 W, 60, 0x0000000000000004
2026/10/07 01:03:49.341, 100 %, 2209 MiB, 4096 MiB, 1380 MHz, 35.66 W, 60, 0x0000000000000004
2026/10/07 01:03:51.345, 100 %, 2209 MiB, 4096 MiB, 1380 MHz, 34.62 W, 60, 0x0000000000000004
2026/10/07 01:03:53.348, 100 %, 2209 MiB, 4096 MiB, 1395 MHz, 36.26 W, 60, 0x0000000000000004
2026/10/07 01:03:55.350, 100 %, 2209 MiB, 4096 MiB, 1380 MHz, 35.42 W, 60, 0x0000000000000004
2026/10/07 01:03:57.352, 100 %, 2209 MiB, 4096 MiB, 1395 MHz, 35.47 W, 60, 0x0000000000000004
2026/10/07 01:03:59.355, 100 %, 2209 MiB, 4096 MiB, 1395 MHz, 35.17 W, 60, 0x0000000000000004
2026/10/07 01:04:01.357, 100 %, 2209 MiB, 4096 MiB, 1380 MHz, 35.43 W, 60, 0x0000000000000004
2026/10/07 01:04:03.360, 100 %, 2209 MiB, 4096 MiB, 1395 MHz, 35.81 W, 60, 0x0000000000000004
2026/10/07 01:04:05.362, 100 %, 2209 MiB, 4096 MiB, 1425 MHz, 35.46 W, 60, 0x0000000000000004
2026/10/07 01:04:07.365, 100 %, 2209 MiB, 4096 MiB, 1395 MHz, 35.70 W, 60, 0x0000000000000004
2026/10/07 01:04:09.367, 100 %, 2209 MiB, 4096 MiB, 1380 MHz, 35.45 W, 60, 0x0000000000000004
2026/10/07 01:04:11.370, 100 %, 2209 MiB, 4096 MiB, 1380 MHz, 35.49 W, 60, 0x0000000000000004
2026/10/07 01:04:13.372, 100 %, 2209 MiB, 4096 MiB, 1260 MHz, 35.00 W, 60, 0x0000000000000004
2026/10/07 01:04:15.379, 100 %, 2209 MiB, 4096 MiB, 1290 MHz, 34.78 W, 60, 0x0000000000000004
2026/10/07 01:04:17.382, 100 %, 2208 MiB, 4096 MiB, 1380 MHz, 33.40 W, 60, 0x0000000000000004
2026/10/07 01:04:19.391, 100 %, 2208 MiB, 4096 MiB, 1425 MHz, 31.57 W, 60, 0x0000000000000004
2026/10/07 01:04:21.393, 100 %, 2208 MiB, 4096 MiB, 1785 MHz, 18.09 W, 58, 0x0000000000000000
2026/10/07 01:04:23.395, 95 %, 2218 MiB, 4096 MiB, 1350 MHz, 35.31 W, 60, 0x0000000000000004
2026/10/07 01:04:25.398, 100 %, 2217 MiB, 4096 MiB, 1335 MHz, 36.64 W, 60, 0x0000000000000004
2026/10/07 01:04:27.400, 100 %, 2209 MiB, 4096 MiB, 1350 MHz, 35.17 W, 60, 0x0000000000000004
2026/10/07 01:04:29.402, 100 %, 2209 MiB, 4096 MiB, 1425 MHz, 34.76 W, 60, 0x0000000000000004
2026/10/07 01:04:31.405, 100 %, 2209 MiB, 4096 MiB, 1395 MHz, 33.27 W, 60, 0x0000000000000004
2026/10/07 01:04:33.407, 100 %, 2209 MiB, 4096 MiB, 1380 MHz, 34.49 W, 60, 0x0000000000000004
2026/10/07 01:04:35.410, 100 %, 2209 MiB, 4096 MiB, 1380 MHz, 36.22 W, 60, 0x0000000000000004
2026/10/07 01:04:37.412, 100 %, 2209 MiB, 4096 MiB, 1380 MHz, 35.46 W, 60, 0x0000000000000004
2026/10/07 01:04:39.415, 100 %, 2209 MiB, 4096 MiB, 1380 MHz, 36.24 W, 60, 0x0000000000000004
2026/10/07 01:04:41.417, 100 %, 2209 MiB, 4096 MiB, 1380 MHz, 35.42 W, 60, 0x0000000000000004
2026/10/07 01:04:43.420, 100 %, 2209 MiB, 4096 MiB, 1395 MHz, 35.33 W, 60, 0x0000000000000004
2026/10/07 01:04:45.423, 100 %, 2209 MiB, 4096 MiB, 1395 MHz, 35.08 W, 60, 0x0000000000000004
2026/10/07 01:04:47.425, 100 %, 2209 MiB, 4096 MiB, 1395 MHz, 35.42 W, 60, 0x0000000000000004
2026/10/07 01:04:49.428, 100 %, 2209 MiB, 4096 MiB, 1425 MHz, 35.65 W, 60, 0x0000000000000004
2026/10/07 01:04:51.436, 100 %, 2209 MiB, 4096 MiB, 1395 MHz, 35.06 W, 60, 0x0000000000000004
2026/10/07 01:04:53.439, 100 %, 2208 MiB, 4096 MiB, 1395 MHz, 35.44 W, 60, 0x0000000000000004
2026/10/07 01:04:55.442, 100 %, 2208 MiB, 4096 MiB, 1365 MHz, 35.31 W, 60, 0x0000000000000004
2026/10/07 01:04:57.448, 100 %, 2208 MiB, 4096 MiB, 1260 MHz, 35.61 W, 60, 0x0000000000000004
2026/10/07 01:04:59.451, 50 %, 781 MiB, 4096 MiB, 1410 MHz, 34.90 W, 60, 0x0000000000000004
2026/10/07 01:05:01.457, 46 %, 1721 MiB, 4096 MiB, 1380 MHz, 35.41 W, 60, 0x0000000000000004
2026/10/07 01:05:03.459, 100 %, 1712 MiB, 4096 MiB, 1365 MHz, 35.33 W, 60, 0x0000000000000004
2026/10/07 01:05:05.464, 100 %, 1712 MiB, 4096 MiB, 1380 MHz, 35.24 W, 60, 0x0000000000000004
2026/10/07 01:05:07.467, 100 %, 1712 MiB, 4096 MiB, 1380 MHz, 35.52 W, 60, 0x0000000000000004
2026/10/07 01:05:09.473, 100 %, 1712 MiB, 4096 MiB, 1395 MHz, 34.85 W, 60, 0x0000000000000004
2026/10/07 01:05:11.475, 100 %, 1712 MiB, 4096 MiB, 1380 MHz, 35.37 W, 60, 0x0000000000000004
2026/10/07 01:05:13.478, 100 %, 1712 MiB, 4096 MiB, 1365 MHz, 35.72 W, 60, 0x0000000000000004
2026/10/07 01:05:15.480, 100 %, 1712 MiB, 4096 MiB, 1275 MHz, 35.40 W, 60, 0x0000000000000004
2026/10/07 01:05:17.483, 100 %, 1712 MiB, 4096 MiB, 1260 MHz, 35.47 W, 60, 0x0000000000000004
2026/10/07 01:05:19.485, 100 %, 1712 MiB, 4096 MiB, 1320 MHz, 34.99 W, 60, 0x0000000000000004
2026/10/07 01:05:21.490, 100 %, 1712 MiB, 4096 MiB, 1530 MHz, 33.48 W, 60, 0x0000000000000004
2026/10/07 01:05:23.493, 100 %, 1712 MiB, 4096 MiB, 1350 MHz, 31.53 W, 60, 0x0000000000000004
2026/10/07 01:05:25.502, 100 %, 1712 MiB, 4096 MiB, 1335 MHz, 34.54 W, 60, 0x0000000000000004
2026/10/07 01:05:27.504, 100 %, 1712 MiB, 4096 MiB, 1335 MHz, 35.65 W, 60, 0x0000000000000004
2026/10/07 01:05:29.509, 100 %, 1712 MiB, 4096 MiB, 1320 MHz, 34.52 W, 60, 0x0000000000000004
2026/10/07 01:05:31.511, 100 %, 1711 MiB, 4096 MiB, 1335 MHz, 34.60 W, 60, 0x0000000000000004
2026/10/07 01:05:33.514, 100 %, 1711 MiB, 4096 MiB, 1410 MHz, 34.47 W, 60, 0x0000000000000004
2026/10/07 01:05:35.522, 100 %, 1711 MiB, 4096 MiB, 1395 MHz, 33.65 W, 60, 0x0000000000000004
2026/10/07 01:05:37.524, 41 %, 781 MiB, 4096 MiB, 1455 MHz, 34.82 W, 60, 0x0000000000000004
2026/10/07 01:05:39.530, 92 %, 1721 MiB, 4096 MiB, 1350 MHz, 34.69 W, 60, 0x0000000000000004
2026/10/07 01:05:41.532, 100 %, 1712 MiB, 4096 MiB, 1335 MHz, 36.22 W, 60, 0x0000000000000004
2026/10/07 01:05:43.541, 100 %, 1712 MiB, 4096 MiB, 1335 MHz, 35.10 W, 60, 0x0000000000000004
2026/10/07 01:05:45.543, 100 %, 1712 MiB, 4096 MiB, 1425 MHz, 34.47 W, 60, 0x0000000000000004
2026/10/07 01:05:47.553, 100 %, 1712 MiB, 4096 MiB, 1395 MHz, 33.91 W, 60, 0x0000000000000004
2026/10/07 01:05:49.556, 100 %, 1712 MiB, 4096 MiB, 1380 MHz, 35.33 W, 60, 0x0000000000000004
2026/10/07 01:05:51.559, 100 %, 1712 MiB, 4096 MiB, 1380 MHz, 35.52 W, 60, 0x0000000000000004
2026/10/07 01:05:53.561, 100 %, 1712 MiB, 4096 MiB, 1380 MHz, 35.83 W, 60, 0x0000000000000004
2026/10/07 01:05:55.564, 100 %, 1712 MiB, 4096 MiB, 1380 MHz, 35.38 W, 60, 0x0000000000000004
2026/10/07 01:05:57.566, 100 %, 1712 MiB, 4096 MiB, 1395 MHz, 35.38 W, 60, 0x0000000000000004
2026/10/07 01:05:59.569, 100 %, 1712 MiB, 4096 MiB, 1380 MHz, 35.24 W, 60, 0x0000000000000004
2026/10/07 01:06:01.571, 100 %, 1712 MiB, 4096 MiB, 1380 MHz, 35.28 W, 60, 0x0000000000000004
2026/10/07 01:06:03.575, 100 %, 1712 MiB, 4096 MiB, 1410 MHz, 35.39 W, 60, 0x0000000000000004
2026/10/07 01:06:05.578, 100 %, 1712 MiB, 4096 MiB, 1395 MHz, 35.36 W, 60, 0x0000000000000004
2026/10/07 01:06:07.580, 100 %, 1712 MiB, 4096 MiB, 1380 MHz, 35.52 W, 60, 0x0000000000000004
2026/10/07 01:06:09.584, 100 %, 1711 MiB, 4096 MiB, 1275 MHz, 35.54 W, 60, 0x0000000000000004
2026/10/07 01:06:11.586, 100 %, 1711 MiB, 4096 MiB, 1260 MHz, 35.28 W, 60, 0x0000000000000004
2026/10/07 01:06:13.589, 100 %, 1711 MiB, 4096 MiB, 1785 MHz, 18.07 W, 58, 0x0000000000000000
2026/10/07 01:06:15.591, 48 %, 1645 MiB, 4096 MiB, 1380 MHz, 36.02 W, 60, 0x0000000000000004
2026/10/07 01:06:17.596, 100 %, 1720 MiB, 4096 MiB, 1395 MHz, 31.65 W, 60, 0x0000000000000004
2026/10/07 01:06:19.604, 100 %, 1712 MiB, 4096 MiB, 1335 MHz, 33.82 W, 60, 0x0000000000000004
2026/10/07 01:06:21.607, 100 %, 1712 MiB, 4096 MiB, 1350 MHz, 36.90 W, 60, 0x0000000000000004
2026/10/07 01:06:23.611, 100 %, 1712 MiB, 4096 MiB, 1320 MHz, 34.72 W, 60, 0x0000000000000004
2026/10/07 01:06:25.614, 100 %, 1712 MiB, 4096 MiB, 1335 MHz, 34.60 W, 60, 0x0000000000000004
2026/10/07 01:06:27.616, 100 %, 1712 MiB, 4096 MiB, 1410 MHz, 34.71 W, 60, 0x0000000000000004
2026/10/07 01:06:29.624, 100 %, 1712 MiB, 4096 MiB, 1395 MHz, 34.58 W, 60, 0x0000000000000004
2026/10/07 01:06:31.626, 100 %, 1712 MiB, 4096 MiB, 1380 MHz, 33.28 W, 60, 0x0000000000000004
2026/10/07 01:06:33.629, 100 %, 1712 MiB, 4096 MiB, 1380 MHz, 35.01 W, 60, 0x0000000000000004
2026/10/07 01:06:35.632, 100 %, 1712 MiB, 4096 MiB, 1380 MHz, 35.55 W, 60, 0x0000000000000004
2026/10/07 01:06:37.634, 100 %, 1712 MiB, 4096 MiB, 1380 MHz, 35.44 W, 60, 0x0000000000000004
2026/10/07 01:06:39.637, 100 %, 1712 MiB, 4096 MiB, 1395 MHz, 35.17 W, 60, 0x0000000000000004
2026/10/07 01:06:41.639, 100 %, 1712 MiB, 4096 MiB, 1395 MHz, 35.48 W, 61, 0x0000000000000004
2026/10/07 01:06:43.643, 100 %, 1712 MiB, 4096 MiB, 1395 MHz, 35.19 W, 60, 0x0000000000000004
2026/10/07 01:06:45.646, 100 %, 1711 MiB, 4096 MiB, 1425 MHz, 35.49 W, 60, 0x0000000000000004
2026/10/07 01:06:47.648, 100 %, 1711 MiB, 4096 MiB, 1395 MHz, 34.89 W, 60, 0x0000000000000004
2026/10/07 01:06:49.653, 100 %, 1711 MiB, 4096 MiB, 1380 MHz, 35.13 W, 60, 0x0000000000000004
2026/10/07 01:06:51.655, 0 %, 1721 MiB, 4096 MiB, 1785 MHz, 18.07 W, 57, 0x0000000000000000
2026/10/07 01:06:53.658, 0 %, 1721 MiB, 4096 MiB, 315 MHz, 5.18 W, 55, 0x0000000000000001
2026/10/07 01:06:55.680, 18 %, 5 MiB, 4096 MiB, 855 MHz, 13.25 W, 55, 0x0000000000000001
2026/10/07 01:06:57.696, 0 %, 5 MiB, 4096 MiB, 300 MHz, 1.63 W, 54, 0x0000000000000001
2026/10/07 01:06:59.718, 0 %, 5 MiB, 4096 MiB, 300 MHz, 1.71 W, 53, 0x0000000000000001
