timestamp, temperature.gpu, utilization.gpu [%], memory.used [MiB], clocks.current.sm [MHz], power.draw [W], clocks_event_reasons.active
2026/09/30 04:01:04.141, 45, 0 %, 5 MiB, 300 MHz, 2.15 W, 0x0000000000000001
2026/09/30 04:01:14.165, 49, 100 %, 1893 MiB, 1800 MHz, 17.78 W, 0x0000000000000000
2026/09/30 04:01:24.168, 53, 100 %, 1890 MiB, 1395 MHz, 35.50 W, 0x0000000000000004
2026/09/30 04:01:34.171, 55, 100 %, 1957 MiB, 1380 MHz, 35.18 W, 0x0000000000000004
2026/09/30 04:01:44.173, 56, 100 %, 1957 MiB, 1380 MHz, 34.37 W, 0x0000000000000004
2026/09/30 04:01:54.185, 55, 46 %, 721 MiB, 1650 MHz, 32.82 W, 0x0000000000000004
2026/09/30 04:02:04.190, 58, 100 %, 1968 MiB, 1305 MHz, 34.17 W, 0x0000000000000004
2026/09/30 04:02:14.196, 58, 100 %, 1615 MiB, 1350 MHz, 33.97 W, 0x0000000000000004
2026/09/30 04:02:24.202, 56, 0 %, 1615 MiB, 1785 MHz, 17.99 W, 0x0000000000000000
2026/09/30 04:02:34.205, 59, 100 %, 1614 MiB, 1410 MHz, 32.97 W, 0x0000000000000004
2026/09/30 04:02:44.208, 58, 100 %, 1611 MiB, 1380 MHz, 35.83 W, 0x0000000000000004
2026/09/30 04:02:54.210, 57, 94 %, 1603 MiB, 1785 MHz, 18.04 W, 0x0000000000000000
2026/09/30 04:03:04.212, 59, 100 %, 1950 MiB, 1380 MHz, 34.24 W, 0x0000000000000004
2026/09/30 04:03:14.215, 59, 100 %, 1950 MiB, 1350 MHz, 36.36 W, 0x0000000000000004
2026/09/30 04:03:24.217, 57, 64 %, 1950 MiB, 1785 MHz, 18.09 W, 0x0000000000000000
2026/09/30 04:03:34.219, 60, 100 %, 2073 MiB, 1380 MHz, 35.97 W, 0x0000000000000004
2026/09/30 04:03:44.222, 59, 22 %, 713 MiB, 1395 MHz, 34.19 W, 0x0000000000000004
2026/09/30 04:03:54.224, 60, 100 %, 2071 MiB, 1380 MHz, 35.56 W, 0x0000000000000004
2026/09/30 04:04:04.227, 59, 49 %, 1896 MiB, 1350 MHz, 35.31 W, 0x0000000000000004
2026/09/30 04:04:14.229, 60, 100 %, 2071 MiB, 1350 MHz, 32.19 W, 0x0000000000000004
2026/09/30 04:04:24.238, 59, 0 %, 1660 MiB, 1455 MHz, 32.39 W, 0x0000000000000004
2026/09/30 04:04:34.241, 60, 100 %, 1652 MiB, 1335 MHz, 35.12 W, 0x0000000000000004
2026/09/30 04:04:44.244, 59, 2 %, 1659 MiB, 1350 MHz, 34.48 W, 0x0000000000000004
2026/09/30 04:04:54.255, 60, 100 %, 1651 MiB, 1380 MHz, 34.43 W, 0x0000000000000004
2026/09/30 04:05:04.257, 60, 95 %, 1659 MiB, 1350 MHz, 35.93 W, 0x0000000000000004
2026/09/30 04:05:14.260, 60, 100 %, 1651 MiB, 1380 MHz, 35.89 W, 0x0000000000000004
2026/09/30 04:05:24.263, 59, 100 %, 1869 MiB, 1395 MHz, 34.36 W, 0x0000000000000004
2026/09/30 04:05:34.272, 59, 29 %, 1874 MiB, 1365 MHz, 34.69 W, 0x0000000000000004
2026/09/30 04:05:44.275, 60, 100 %, 1965 MiB, 1320 MHz, 35.53 W, 0x0000000000000004
2026/09/30 04:05:54.278, 60, 22 %, 1974 MiB, 1335 MHz, 32.65 W, 0x0000000000000004
2026/09/30 04:06:04.281, 61, 100 %, 1965 MiB, 1335 MHz, 34.59 W, 0x0000000000000004
2026/09/30 04:06:14.284, 61, 100 %, 1964 MiB, 1380 MHz, 35.97 W, 0x0000000000000004
2026/09/30 04:06:24.286, 60, 100 %, 1626 MiB, 1335 MHz, 36.98 W, 0x0000000000000004
2026/09/30 04:06:34.288, 61, 100 %, 1618 MiB, 1380 MHz, 35.64 W, 0x0000000000000004
2026/09/30 04:06:44.291, 61, 100 %, 1616 MiB, 1335 MHz, 35.15 W, 0x0000000000000004
2026/09/30 04:06:54.294, 56, 8 %, 706 MiB, 480 MHz, 15.34 W, 0x0000000000000001
2026/09/30 04:07:04.318, 60, 100 %, 1616 MiB, 1395 MHz, 35.42 W, 0x0000000000000004
2026/09/30 04:07:14.321, 57, 100 %, 1911 MiB, 1785 MHz, 18.04 W, 0x0000000000000000
2026/09/30 04:07:24.323, 58, 100 %, 1912 MiB, 1785 MHz, 19.73 W, 0x0000000000000000
2026/09/30 04:07:34.326, 61, 100 %, 1958 MiB, 1395 MHz, 35.60 W, 0x0000000000000004
2026/09/30 04:07:44.329, 60, 100 %, 1958 MiB, 1260 MHz, 35.11 W, 0x0000000000000004
2026/09/30 04:07:54.331, 60, 16 %, 1967 MiB, 1350 MHz, 37.33 W, 0x0000000000000004
2026/09/30 04:08:04.336, 61, 100 %, 1958 MiB, 1395 MHz, 34.65 W, 0x0000000000000004
2026/09/30 04:08:14.338, 61, 100 %, 1616 MiB, 1380 MHz, 35.53 W, 0x0000000000000004
2026/09/30 04:08:24.340, 61, 95 %, 1625 MiB, 1380 MHz, 34.32 W, 0x0000000000000004
2026/09/30 04:08:34.347, 61, 100 %, 1616 MiB, 1335 MHz, 35.83 W, 0x0000000000000004
2026/09/30 04:08:44.350, 61, 100 %, 1615 MiB, 1365 MHz, 35.67 W, 0x0000000000000004
2026/09/30 04:08:54.353, 60, 100 %, 2074 MiB, 1350 MHz, 37.00 W, 0x0000000000000004
2026/09/30 04:09:04.355, 61, 100 %, 2075 MiB, 1380 MHz, 35.37 W, 0x0000000000000004
2026/09/30 04:09:14.359, 61, 100 %, 2074 MiB, 1350 MHz, 34.03 W, 0x0000000000000004
2026/09/30 04:09:24.362, 61, 100 %, 2222 MiB, 1290 MHz, 34.67 W, 0x0000000000000004
2026/09/30 04:09:34.369, 62, 100 %, 2222 MiB, 1350 MHz, 33.08 W, 0x0000000000000004
2026/09/30 04:09:44.371, 62, 100 %, 2220 MiB, 1335 MHz, 34.65 W, 0x0000000000000004
2026/09/30 04:09:54.373, 62, 100 %, 2220 MiB, 1380 MHz, 33.87 W, 0x0000000000000004
2026/09/30 04:10:04.375, 61, 100 %, 2221 MiB, 1365 MHz, 35.15 W, 0x0000000000000004
2026/09/30 04:10:14.378, 61, 100 %, 2220 MiB, 1365 MHz, 35.42 W, 0x0000000000000004
2026/09/30 04:10:24.386, 61, 100 %, 2220 MiB, 1290 MHz, 35.20 W, 0x0000000000000004
2026/09/30 04:10:34.388, 61, 100 %, 2220 MiB, 1335 MHz, 35.56 W, 0x0000000000000004
2026/09/30 04:10:44.392, 61, 100 %, 2220 MiB, 1380 MHz, 33.94 W, 0x0000000000000004
2026/09/30 04:10:54.396, 62, 100 %, 2220 MiB, 1380 MHz, 36.21 W, 0x0000000000000004
2026/09/30 04:11:04.400, 61, 100 %, 2220 MiB, 1380 MHz, 35.52 W, 0x0000000000000004
2026/09/30 04:11:14.403, 60, 100 %, 2219 MiB, 1785 MHz, 25.74 W, 0x0000000000000000
2026/09/30 04:11:24.406, 61, 100 %, 1707 MiB, 1335 MHz, 32.84 W, 0x0000000000000004
2026/09/30 04:11:34.411, 62, 100 %, 1707 MiB, 1410 MHz, 33.47 W, 0x0000000000000004
2026/09/30 04:11:44.414, 62, 100 %, 1707 MiB, 1380 MHz, 35.66 W, 0x0000000000000004
2026/09/30 04:11:54.418, 62, 100 %, 1706 MiB, 1380 MHz, 35.35 W, 0x0000000000000004
2026/09/30 04:12:04.420, 61, 100 %, 1706 MiB, 1335 MHz, 36.38 W, 0x0000000000000004
2026/09/30 04:12:14.423, 62, 100 %, 1706 MiB, 1425 MHz, 34.66 W, 0x0000000000000004
2026/09/30 04:12:24.426, 62, 100 %, 1706 MiB, 1380 MHz, 35.67 W, 0x0000000000000004
2026/09/30 04:12:34.428, 62, 100 %, 1705 MiB, 1380 MHz, 35.49 W, 0x0000000000000004
2026/09/30 04:12:44.431, 61, 100 %, 1706 MiB, 1335 MHz, 35.39 W, 0x0000000000000004
2026/09/30 04:12:54.433, 61, 100 %, 1706 MiB, 1380 MHz, 36.02 W, 0x0000000000000004
2026/09/30 04:13:04.437, 62, 100 %, 1706 MiB, 1380 MHz, 35.51 W, 0x0000000000000004
2026/09/30 04:13:14.440, 60, 100 %, 1705 MiB, 1785 MHz, 35.53 W, 0x0000000000000004
2026/09/30 04:13:24.448, 58, 36 %, 721 MiB, 1785 MHz, 18.17 W, 0x0000000000000000
2026/09/30 04:13:34.451, 59, 85 %, 2004 MiB, 1785 MHz, 18.15 W, 0x0000000000000000
2026/09/30 04:13:44.453, 61, 100 %, 2087 MiB, 1380 MHz, 35.58 W, 0x0000000000000004
2026/09/30 04:13:54.456, 61, 100 %, 2086 MiB, 1410 MHz, 35.53 W, 0x0000000000000004
2026/09/30 04:14:04.464, 59, 10 %, 2086 MiB, 1785 MHz, 18.05 W, 0x0000000000000000
2026/09/30 04:14:14.467, 61, 100 %, 2087 MiB, 1275 MHz, 35.31 W, 0x0000000000000004
2026/09/30 04:14:24.469, 62, 100 %, 2085 MiB, 1365 MHz, 31.90 W, 0x0000000000000004
2026/09/30 04:14:34.477, 61, 34 %, 723 MiB, 1395 MHz, 33.72 W, 0x0000000000000004
2026/09/30 04:14:44.481, 61, 100 %, 2085 MiB, 1260 MHz, 35.40 W, 0x0000000000000004
2026/09/30 04:14:54.684, 62, 100 %, 2085 MiB, 1395 MHz, 32.87 W, 0x0000000000000004
2026/09/30 04:15:04.825, 59, 9 %, 723 MiB, 1785 MHz, 18.09 W, 0x0000000000000000
2026/09/30 04:15:14.867, 62, 100 %, 1663 MiB, 1395 MHz, 35.62 W, 0x0000000000000004
2026/09/30 04:15:24.882, 61, 100 %, 1663 MiB, 1380 MHz, 35.75 W, 0x0000000000000004
2026/09/30 04:15:34.892, 59, 22 %, 723 MiB, 1785 MHz, 18.07 W, 0x0000000000000000
2026/09/30 04:15:44.900, 62, 100 %, 1663 MiB, 1380 MHz, 35.54 W, 0x0000000000000004
2026/09/30 04:15:54.908, 61, 100 %, 1663 MiB, 1395 MHz, 35.52 W, 0x0000000000000004
2026/09/30 04:16:04.925, 59, 46 %, 723 MiB, 1785 MHz, 18.14 W, 0x0000000000000000
2026/09/30 04:16:14.932, 62, 100 %, 1663 MiB, 1380 MHz, 35.54 W, 0x0000000000000004
2026/09/30 04:16:24.940, 62, 100 %, 1663 MiB, 1410 MHz, 35.54 W, 0x0000000000000004
2026/09/30 04:16:34.949, 58, 0 %, 1672 MiB, 375 MHz, 13.32 W, 0x0000000000000001
2026/09/30 04:16:44.972, 59, 17 %, 2063 MiB, 1785 MHz, 18.09 W, 0x0000000000000000
2026/09/30 04:16:54.979, 61, 30 %, 724 MiB, 1395 MHz, 36.99 W, 0x0000000000000004
2026/09/30 04:17:04.987, 59, 54 %, 724 MiB, 1785 MHz, 18.16 W, 0x0000000000000000
2026/09/30 04:17:14.994, 61, 100 %, 2212 MiB, 1335 MHz, 34.95 W, 0x0000000000000004
2026/09/30 04:17:25.007, 62, 100 %, 2210 MiB, 1380 MHz, 33.47 W, 0x0000000000000004
2026/09/30 04:17:35.014, 62, 100 %, 2211 MiB, 1365 MHz, 35.57 W, 0x0000000000000004
2026/09/30 04:17:45.022, 62, 100 %, 2211 MiB, 1380 MHz, 35.35 W, 0x0000000000000004
2026/09/30 04:17:55.029, 62, 100 %, 2209 MiB, 1365 MHz, 35.39 W, 0x0000000000000004
2026/09/30 04:18:05.039, 62, 100 %, 2210 MiB, 1320 MHz, 35.47 W, 0x0000000000000004
2026/09/30 04:18:15.054, 62, 100 %, 2210 MiB, 1380 MHz, 34.07 W, 0x0000000000000004
2026/09/30 04:18:25.062, 61, 10 %, 723 MiB, 1440 MHz, 34.42 W, 0x0000000000000004
2026/09/30 04:18:35.066, 61, 100 %, 1704 MiB, 1290 MHz, 34.58 W, 0x0000000000000004
2026/09/30 04:18:45.044, 61, 100 %, 1704 MiB, 1335 MHz, 33.90 W, 0x0000000000000004
2026/09/30 04:18:55.029, 58, 35 %, 723 MiB, 1695 MHz, 17.01 W, 0x0000000000000001
2026/09/30 04:19:05.032, 61, 100 %, 1704 MiB, 1365 MHz, 35.38 W, 0x0000000000000004
2026/09/30 04:19:15.025, 61, 100 %, 1704 MiB, 1485 MHz, 31.42 W, 0x0000000000000004
2026/09/30 04:19:25.021, 61, 100 %, 1712 MiB, 1350 MHz, 36.76 W, 0x0000000000000004
2026/09/30 04:19:35.020, 61, 100 %, 1704 MiB, 1380 MHz, 33.50 W, 0x0000000000000004
2026/09/30 04:19:45.020, 61, 100 %, 1704 MiB, 1395 MHz, 35.23 W, 0x0000000000000004
2026/09/30 04:19:55.020, 58, 46 %, 1956 MiB, 1785 MHz, 18.07 W, 0x0000000000000000
2026/09/30 04:20:05.021, 61, 100 %, 1957 MiB, 1380 MHz, 35.32 W, 0x0000000000000004
2026/09/30 04:20:15.023, 61, 100 %, 2042 MiB, 1380 MHz, 34.40 W, 0x0000000000000004
2026/09/30 04:20:25.025, 61, 100 %, 2041 MiB, 1380 MHz, 35.42 W, 0x0000000000000004
2026/09/30 04:20:35.028, 62, 91 %, 2050 MiB, 1380 MHz, 35.53 W, 0x0000000000000004
2026/09/30 04:20:45.030, 62, 100 %, 2042 MiB, 1395 MHz, 35.48 W, 0x0000000000000004
2026/09/30 04:20:55.033, 62, 100 %, 2039 MiB, 1380 MHz, 35.18 W, 0x0000000000000004
2026/09/30 04:21:05.036, 62, 100 %, 2040 MiB, 1395 MHz, 32.62 W, 0x0000000000000004
2026/09/30 04:21:15.045, 62, 100 %, 2040 MiB, 1320 MHz, 34.96 W, 0x0000000000000004
2026/09/30 04:21:25.048, 58, 18 %, 705 MiB, 1080 MHz, 14.18 W, 0x0000000000000001
2026/09/30 04:21:35.063, 61, 100 %, 1648 MiB, 1395 MHz, 35.32 W, 0x0000000000000004
2026/09/30 04:21:45.067, 61, 100 %, 1648 MiB, 1380 MHz, 35.25 W, 0x0000000000000004
2026/09/30 04:21:55.070, 59, 14 %, 1598 MiB, 1350 MHz, 31.36 W, 0x0000000000000004
2026/09/30 04:22:05.073, 61, 100 %, 1648 MiB, 1350 MHz, 36.81 W, 0x0000000000000004
2026/09/30 04:22:15.076, 61, 100 %, 1648 MiB, 1395 MHz, 34.03 W, 0x0000000000000004
2026/09/30 04:22:25.080, 61, 100 %, 1648 MiB, 1425 MHz, 33.93 W, 0x0000000000000004
2026/09/30 04:22:35.087, 61, 100 %, 1648 MiB, 1380 MHz, 35.58 W, 0x0000000000000004
2026/09/30 04:22:45.091, 61, 100 %, 1648 MiB, 1395 MHz, 35.37 W, 0x0000000000000004
2026/09/30 04:22:55.094, 60, 100 %, 2057 MiB, 1380 MHz, 34.72 W, 0x0000000000000004
2026/09/30 04:23:05.097, 61, 100 %, 2058 MiB, 1335 MHz, 35.15 W, 0x0000000000000004
2026/09/30 04:23:15.100, 61, 100 %, 2058 MiB, 1380 MHz, 35.23 W, 0x0000000000000004
2026/09/30 04:23:25.103, 61, 100 %, 2207 MiB, 1350 MHz, 33.16 W, 0x0000000000000004
2026/09/30 04:23:35.106, 61, 100 %, 2207 MiB, 1395 MHz, 35.13 W, 0x0000000000000004
2026/09/30 04:23:45.117, 61, 100 %, 2207 MiB, 1380 MHz, 35.55 W, 0x0000000000000004
2026/09/30 04:23:55.122, 61, 100 %, 2205 MiB, 1380 MHz, 35.36 W, 0x0000000000000004
2026/09/30 04:24:05.125, 61, 100 %, 2206 MiB, 1350 MHz, 35.44 W, 0x0000000000000004
2026/09/30 04:24:15.134, 61, 100 %, 2206 MiB, 1395 MHz, 31.36 W, 0x0000000000000004
2026/09/30 04:24:25.137, 61, 100 %, 2205 MiB, 1320 MHz, 35.23 W, 0x0000000000000004
2026/09/30 04:24:35.141, 61, 0 %, 772 MiB, 1395 MHz, 35.19 W, 0x0000000000000004
2026/09/30 04:24:45.144, 61, 100 %, 2206 MiB, 1380 MHz, 35.41 W, 0x0000000000000004
2026/09/30 04:24:55.148, 61, 100 %, 2205 MiB, 1380 MHz, 35.37 W, 0x0000000000000004
2026/09/30 04:25:05.150, 61, 100 %, 2205 MiB, 1470 MHz, 34.76 W, 0x0000000000000004
2026/09/30 04:25:15.152, 58, 1 %, 771 MiB, 1785 MHz, 18.04 W, 0x0000000000000000
2026/09/30 04:25:25.153, 61, 100 %, 1703 MiB, 1275 MHz, 35.58 W, 0x0000000000000004
2026/09/30 04:25:35.156, 61, 100 %, 1703 MiB, 1350 MHz, 34.12 W, 0x0000000000000004
2026/09/30 04:25:45.159, 61, 100 %, 1703 MiB, 1335 MHz, 34.46 W, 0x0000000000000004
2026/09/30 04:25:55.167, 60, 0 %, 1635 MiB, 1350 MHz, 18.28 W, 0x0000000000000004
2026/09/30 04:26:05.169, 61, 100 %, 1703 MiB, 1290 MHz, 33.93 W, 0x0000000000000004
2026/09/30 04:26:15.173, 62, 100 %, 1703 MiB, 1350 MHz, 36.12 W, 0x0000000000000004
2026/09/30 04:26:25.175, 62, 100 %, 1702 MiB, 1380 MHz, 34.80 W, 0x0000000000000004
2026/09/30 04:26:35.178, 61, 59 %, 1711 MiB, 1290 MHz, 35.73 W, 0x0000000000000004
2026/09/30 04:26:45.181, 61, 100 %, 1703 MiB, 1335 MHz, 34.54 W, 0x0000000000000004
2026/09/30 04:26:55.187, 62, 100 %, 1703 MiB, 1410 MHz, 34.62 W, 0x0000000000000004
2026/09/30 04:27:05.190, 62, 100 %, 1702 MiB, 1380 MHz, 35.38 W, 0x0000000000000004
2026/09/30 04:27:15.194, 61, 100 %, 1916 MiB, 1380 MHz, 34.25 W, 0x0000000000000004
2026/09/30 04:27:25.197, 61, 100 %, 1917 MiB, 1380 MHz, 34.93 W, 0x0000000000000004
2026/09/30 04:27:35.200, 61, 100 %, 1992 MiB, 1365 MHz, 35.47 W, 0x0000000000000004
2026/09/30 04:27:45.204, 61, 100 %, 2000 MiB, 1380 MHz, 34.94 W, 0x0000000000000004
2026/09/30 04:27:55.207, 59, 80 %, 1992 MiB, 1785 MHz, 18.17 W, 0x0000000000000000
2026/09/30 04:28:05.210, 61, 100 %, 1993 MiB, 1335 MHz, 37.31 W, 0x0000000000000004
2026/09/30 04:28:15.214, 61, 100 %, 1631 MiB, 1335 MHz, 36.38 W, 0x0000000000000004
2026/09/30 04:28:25.217, 58, 25 %, 707 MiB, 1785 MHz, 18.12 W, 0x0000000000000000
2026/09/30 04:28:35.220, 61, 100 %, 1632 MiB, 1380 MHz, 35.71 W, 0x0000000000000004
2026/09/30 04:28:45.223, 60, 100 %, 1631 MiB, 1380 MHz, 34.41 W, 0x0000000000000004
2026/09/30 04:28:55.226, 57, 0 %, 1640 MiB, 345 MHz, 6.67 W, 0x0000000000000001
2026/09/30 04:29:05.247, 60, 100 %, 1891 MiB, 1380 MHz, 35.35 W, 0x0000000000000004
2026/09/30 04:29:15.250, 61, 100 %, 1956 MiB, 1395 MHz, 34.48 W, 0x0000000000000004
2026/09/30 04:29:25.253, 58, 81 %, 1956 MiB, 1785 MHz, 18.09 W, 0x0000000000000000
2026/09/30 04:29:35.257, 61, 100 %, 1957 MiB, 1395 MHz, 35.10 W, 0x0000000000000004
2026/09/30 04:29:45.260, 61, 100 %, 1955 MiB, 1380 MHz, 35.25 W, 0x0000000000000004
2026/09/30 04:29:55.264, 58, 4 %, 706 MiB, 1785 MHz, 18.02 W, 0x0000000000000000
2026/09/30 04:30:05.266, 61, 100 %, 1620 MiB, 1380 MHz, 35.45 W, 0x0000000000000004
2026/09/30 04:30:15.270, 61, 100 %, 1619 MiB, 1380 MHz, 34.81 W, 0x0000000000000004
2026/09/30 04:30:25.272, 60, 0 %, 1580 MiB, 1380 MHz, 34.96 W, 0x0000000000000004
2026/09/30 04:30:35.276, 61, 100 %, 1619 MiB, 1395 MHz, 32.79 W, 0x0000000000000004
2026/09/30 04:30:45.279, 58, 89 %, 1987 MiB, 1785 MHz, 18.10 W, 0x0000000000000000
2026/09/30 04:30:55.283, 61, 100 %, 1996 MiB, 1395 MHz, 35.72 W, 0x0000000000000004
2026/09/30 04:31:05.286, 61, 100 %, 2082 MiB, 1410 MHz, 35.10 W, 0x0000000000000004
2026/09/30 04:31:15.289, 61, 100 %, 2080 MiB, 1380 MHz, 35.43 W, 0x0000000000000004
2026/09/30 04:31:25.293, 61, 100 %, 2080 MiB, 1380 MHz, 35.47 W, 0x0000000000000004
2026/09/30 04:31:35.296, 61, 100 %, 2089 MiB, 1350 MHz, 35.60 W, 0x0000000000000004
2026/09/30 04:31:45.299, 61, 100 %, 2079 MiB, 1380 MHz, 36.10 W, 0x0000000000000004
2026/09/30 04:31:55.303, 61, 100 %, 2079 MiB, 1395 MHz, 35.44 W, 0x0000000000000004
2026/09/30 04:32:05.307, 60, 16 %, 1904 MiB, 1335 MHz, 18.42 W, 0x0000000000000004
2026/09/30 04:32:15.317, 61, 100 %, 2079 MiB, 1275 MHz, 34.20 W, 0x0000000000000004
2026/09/30 04:32:25.321, 62, 100 %, 2079 MiB, 1320 MHz, 33.91 W, 0x0000000000000004
2026/09/30 04:32:35.324, 59, 88 %, 2079 MiB, 1785 MHz, 18.16 W, 0x0000000000000000
2026/09/30 04:32:45.327, 61, 100 %, 1660 MiB, 1350 MHz, 35.12 W, 0x0000000000000004
2026/09/30 04:32:55.330, 61, 100 %, 1660 MiB, 1425 MHz, 34.62 W, 0x0000000000000004
2026/09/30 04:33:05.333, 62, 100 %, 1660 MiB, 1380 MHz, 35.60 W, 0x0000000000000004
2026/09/30 04:33:15.339, 61, 100 %, 1660 MiB, 1395 MHz, 31.51 W, 0x0000000000000004
2026/09/30 04:33:25.342, 61, 100 %, 1660 MiB, 1335 MHz, 34.89 W, 0x0000000000000004
2026/09/30 04:33:35.346, 62, 100 %, 1660 MiB, 1380 MHz, 34.53 W, 0x0000000000000004
2026/09/30 04:33:45.349, 58, 0 %, 1659 MiB, 480 MHz, 14.79 W, 0x0000000000000001
2026/09/30 04:33:55.368, 61, 100 %, 1660 MiB, 1350 MHz, 32.66 W, 0x0000000000000004
2026/09/30 04:34:05.370, 62, 100 %, 1660 MiB, 1335 MHz, 34.33 W, 0x0000000000000004
2026/09/30 04:34:15.378, 62, 100 %, 1660 MiB, 1380 MHz, 36.10 W, 0x0000000000000004
2026/09/30 04:34:25.382, 61, 100 %, 1992 MiB, 1380 MHz, 35.36 W, 0x0000000000000004
2026/09/30 04:34:35.387, 60, 40 %, 2001 MiB, 1515 MHz, 35.82 W, 0x0000000000000004
2026/09/30 04:34:45.393, 61, 100 %, 2063 MiB, 1350 MHz, 36.10 W, 0x0000000000000004
2026/09/30 04:34:55.396, 61, 100 %, 2063 MiB, 1425 MHz, 33.77 W, 0x0000000000000004
2026/09/30 04:35:05.400, 62, 100 %, 2063 MiB, 1335 MHz, 35.76 W, 0x0000000000000004
2026/09/30 04:35:15.403, 61, 100 %, 2063 MiB, 1380 MHz, 33.35 W, 0x0000000000000004
2026/09/30 04:35:25.407, 61, 100 %, 2061 MiB, 1380 MHz, 35.34 W, 0x0000000000000004
2026/09/30 04:35:35.410, 61, 100 %, 2061 MiB, 1395 MHz, 35.37 W, 0x0000000000000004
2026/09/30 04:35:45.414, 61, 100 %, 1656 MiB, 1320 MHz, 35.05 W, 0x0000000000000004
2026/09/30 04:35:55.417, 61, 100 %, 1654 MiB, 1380 MHz, 35.90 W, 0x0000000000000004
2026/09/30 04:36:05.420, 61, 100 %, 1655 MiB, 1290 MHz, 35.15 W, 0x0000000000000004
2026/09/30 04:36:15.429, 61, 100 %, 1655 MiB, 1335 MHz, 35.79 W, 0x0000000000000004
2026/09/30 04:36:25.432, 61, 100 %, 1655 MiB, 1410 MHz, 35.92 W, 0x0000000000000004
2026/09/30 04:36:35.436, 61, 100 %, 1655 MiB, 1260 MHz, 35.21 W, 0x0000000000000004
2026/09/30 04:36:45.444, 60, 43 %, 1933 MiB, 1365 MHz, 37.36 W, 0x0000000000000004
2026/09/30 04:36:55.448, 60, 41 %, 708 MiB, 1410 MHz, 18.14 W, 0x0000000000000004
2026/09/30 04:37:05.457, 60, 100 %, 1994 MiB, 1395 MHz, 33.06 W, 0x0000000000000004
2026/09/30 04:37:15.461, 59, 33 %, 708 MiB, 1785 MHz, 34.42 W, 0x0000000000000000
2026/09/30 04:37:25.464, 61, 100 %, 1993 MiB, 1335 MHz, 36.43 W, 0x0000000000000004
2026/09/30 04:37:35.470, 58, 9 %, 707 MiB, 1785 MHz, 18.14 W, 0x0000000000000000
2026/09/30 04:37:45.474, 61, 100 %, 1993 MiB, 1380 MHz, 35.47 W, 0x0000000000000004
2026/09/30 04:37:55.477, 58, 6 %, 705 MiB, 1785 MHz, 18.11 W, 0x0000000000000000
2026/09/30 04:38:05.480, 61, 100 %, 1631 MiB, 1395 MHz, 35.64 W, 0x0000000000000004
2026/09/30 04:38:15.484, 58, 18 %, 1631 MiB, 1785 MHz, 18.10 W, 0x0000000000000000
2026/09/30 04:38:25.486, 61, 100 %, 1631 MiB, 1335 MHz, 33.76 W, 0x0000000000000004
2026/09/30 04:38:35.496, 59, 70 %, 1631 MiB, 1785 MHz, 18.13 W, 0x0000000000000000
2026/09/30 04:38:45.499, 61, 100 %, 1632 MiB, 1320 MHz, 31.71 W, 0x0000000000000004
2026/09/30 04:38:55.503, 62, 100 %, 1631 MiB, 1320 MHz, 35.37 W, 0x0000000000000004
2026/09/30 04:39:05.506, 58, 48 %, 724 MiB, 1785 MHz, 17.82 W, 0x0000000000000000
2026/09/30 04:39:15.510, 59, 60 %, 1897 MiB, 1785 MHz, 18.20 W, 0x0000000000000000
2026/09/30 04:39:25.513, 61, 100 %, 1998 MiB, 1380 MHz, 36.03 W, 0x0000000000000004
2026/09/30 04:39:35.516, 61, 100 %, 1998 MiB, 1395 MHz, 35.21 W, 0x0000000000000004
2026/09/30 04:39:45.519, 61, 26 %, 2006 MiB, 1395 MHz, 36.15 W, 0x0000000000000004
2026/09/30 04:39:55.523, 61, 100 %, 1995 MiB, 1485 MHz, 32.93 W, 0x0000000000000004
2026/09/30 04:40:05.526, 61, 100 %, 1995 MiB, 1320 MHz, 37.10 W, 0x0000000000000004
2026/09/30 04:40:15.529, 61, 100 %, 1996 MiB, 1335 MHz, 34.06 W, 0x0000000000000004
2026/09/30 04:40:25.532, 61, 100 %, 1995 MiB, 1335 MHz, 34.83 W, 0x0000000000000004
2026/09/30 04:40:35.540, 59, 5 %, 723 MiB, 1635 MHz, 34.35 W, 0x0000000000000004
2026/09/30 04:40:45.543, 60, 100 %, 1633 MiB, 1395 MHz, 35.34 W, 0x0000000000000004
2026/09/30 04:40:55.546, 60, 100 %, 1632 MiB, 1380 MHz, 35.55 W, 0x0000000000000004
2026/09/30 04:41:05.550, 60, 100 %, 1633 MiB, 1395 MHz, 34.60 W, 0x0000000000000004
2026/09/30 04:41:15.554, 60, 100 %, 1633 MiB, 1335 MHz, 34.51 W, 0x0000000000000004
2026/09/30 04:41:25.557, 60, 100 %, 1632 MiB, 1380 MHz, 35.75 W, 0x0000000000000004
2026/09/30 04:41:35.561, 60, 100 %, 1633 MiB, 1260 MHz, 35.37 W, 0x0000000000000004
2026/09/30 04:41:45.572, 60, 100 %, 1633 MiB, 1350 MHz, 37.03 W, 0x0000000000000004
2026/09/30 04:41:55.575, 57, 36 %, 706 MiB, 855 MHz, 14.87 W, 0x0000000000000001
2026/09/30 04:42:05.597, 60, 10 %, 2083 MiB, 1530 MHz, 33.48 W, 0x0000000000000004
2026/09/30 04:42:15.600, 60, 53 %, 2083 MiB, 1395 MHz, 34.56 W, 0x0000000000000004
2026/09/30 04:42:25.604, 60, 100 %, 2231 MiB, 1380 MHz, 34.90 W, 0x0000000000000004
2026/09/30 04:42:35.609, 60, 100 %, 2223 MiB, 1320 MHz, 33.90 W, 0x0000000000000004
2026/09/30 04:42:45.612, 60, 100 %, 2223 MiB, 1335 MHz, 34.44 W, 0x0000000000000004
2026/09/30 04:42:55.616, 60, 100 %, 2221 MiB, 1380 MHz, 33.92 W, 0x0000000000000004
2026/09/30 04:43:05.622, 60, 100 %, 2221 MiB, 1395 MHz, 33.03 W, 0x0000000000000004
2026/09/30 04:43:15.627, 60, 100 %, 2221 MiB, 1335 MHz, 35.73 W, 0x0000000000000004
2026/09/30 04:43:25.630, 60, 100 %, 2221 MiB, 1380 MHz, 35.18 W, 0x0000000000000004
2026/09/30 04:43:35.635, 60, 100 %, 2221 MiB, 1395 MHz, 35.42 W, 0x0000000000000004
2026/09/30 04:43:45.639, 60, 100 %, 2221 MiB, 1380 MHz, 35.46 W, 0x0000000000000004
2026/09/30 04:43:55.642, 60, 100 %, 2221 MiB, 1410 MHz, 35.27 W, 0x0000000000000004
2026/09/30 04:44:05.646, 60, 100 %, 2221 MiB, 1260 MHz, 35.09 W, 0x0000000000000004
2026/09/30 04:44:15.649, 57, 0 %, 2249 MiB, 1785 MHz, 18.21 W, 0x0000000000000000
2026/09/30 04:44:25.657, 60, 100 %, 1709 MiB, 1425 MHz, 34.46 W, 0x0000000000000004
2026/09/30 04:44:35.662, 60, 100 %, 1709 MiB, 1380 MHz, 35.65 W, 0x0000000000000004
2026/09/30 04:44:45.667, 60, 100 %, 1709 MiB, 1395 MHz, 35.28 W, 0x0000000000000004
2026/09/30 04:44:55.671, 57, 0 %, 705 MiB, 1380 MHz, 15.33 W, 0x0000000000000001
2026/09/30 04:45:05.687, 60, 100 %, 1709 MiB, 1290 MHz, 35.34 W, 0x0000000000000004
2026/09/30 04:45:15.690, 60, 100 %, 1709 MiB, 1335 MHz, 35.85 W, 0x0000000000000004
2026/09/30 04:45:25.694, 60, 100 %, 1709 MiB, 1380 MHz, 33.50 W, 0x0000000000000004
2026/09/30 04:45:35.703, 57, 16 %, 705 MiB, 1785 MHz, 18.09 W, 0x0000000000000000
2026/09/30 04:45:45.706, 60, 100 %, 1709 MiB, 1320 MHz, 32.56 W, 0x0000000000000004
2026/09/30 04:45:55.710, 60, 100 %, 1709 MiB, 1290 MHz, 36.35 W, 0x0000000000000004
2026/09/30 04:46:05.717, 60, 100 %, 1708 MiB, 1380 MHz, 33.48 W, 0x0000000000000004
2026/09/30 04:46:15.720, 59, 44 %, 2010 MiB, 1350 MHz, 36.04 W, 0x0000000000000004
2026/09/30 04:46:25.724, 57, 4 %, 707 MiB, 1785 MHz, 18.16 W, 0x0000000000000000
2026/09/30 04:46:35.727, 60, 100 %, 2131 MiB, 1365 MHz, 34.90 W, 0x0000000000000004
2026/09/30 04:46:45.731, 60, 100 %, 2130 MiB, 1350 MHz, 35.84 W, 0x0000000000000004
2026/09/30 04:46:55.734, 60, 100 %, 2130 MiB, 1500 MHz, 33.76 W, 0x0000000000000004
2026/09/30 04:47:05.738, 60, 100 %, 2131 MiB, 1500 MHz, 31.63 W, 0x0000000000000004
2026/09/30 04:47:15.741, 60, 100 %, 2129 MiB, 1320 MHz, 35.65 W, 0x0000000000000004
2026/09/30 04:47:25.745, 60, 100 %, 2129 MiB, 1380 MHz, 34.04 W, 0x0000000000000004
2026/09/30 04:47:35.749, 60, 100 %, 2129 MiB, 1380 MHz, 35.51 W, 0x0000000000000004
2026/09/30 04:47:45.752, 60, 100 %, 2129 MiB, 1395 MHz, 35.51 W, 0x0000000000000004
2026/09/30 04:47:55.756, 58, 100 %, 2129 MiB, 1785 MHz, 21.92 W, 0x0000000000000000
2026/09/30 04:48:05.759, 60, 100 %, 1678 MiB, 1350 MHz, 35.90 W, 0x0000000000000004
2026/09/30 04:48:15.763, 60, 100 %, 1677 MiB, 1485 MHz, 33.16 W, 0x0000000000000004
2026/09/30 04:48:25.767, 58, 100 %, 1677 MiB, 1785 MHz, 18.18 W, 0x0000000000000000
2026/09/30 04:48:35.770, 60, 100 %, 1678 MiB, 1335 MHz, 34.77 W, 0x0000000000000004
2026/09/30 04:48:45.775, 60, 100 %, 1677 MiB, 1380 MHz, 35.12 W, 0x0000000000000004
2026/09/30 04:48:55.779, 57, 52 %, 1677 MiB, 1785 MHz, 18.14 W, 0x0000000000000000
2026/09/30 04:49:05.783, 60, 100 %, 1678 MiB, 1350 MHz, 35.25 W, 0x0000000000000004
2026/09/30 04:49:15.787, 60, 100 %, 1677 MiB, 1365 MHz, 31.36 W, 0x0000000000000004
2026/09/30 04:49:25.791, 57, 0 %, 1686 MiB, 1785 MHz, 18.17 W, 0x0000000000000000
2026/09/30 04:49:35.795, 60, 100 %, 1976 MiB, 1395 MHz, 35.33 W, 0x0000000000000004
2026/09/30 04:49:45.798, 60, 100 %, 2057 MiB, 1365 MHz, 35.64 W, 0x0000000000000004
2026/09/30 04:49:55.802, 60, 100 %, 2057 MiB, 1395 MHz, 36.00 W, 0x0000000000000004
2026/09/30 04:50:05.805, 60, 100 %, 2057 MiB, 1275 MHz, 35.44 W, 0x0000000000000004
2026/09/30 04:50:15.808, 60, 100 %, 2054 MiB, 1320 MHz, 31.11 W, 0x0000000000000004
2026/09/30 04:50:25.812, 60, 100 %, 2055 MiB, 1380 MHz, 35.73 W, 0x0000000000000004
2026/09/30 04:50:35.815, 60, 100 %, 2055 MiB, 1380 MHz, 35.45 W, 0x0000000000000004
2026/09/30 04:50:45.815, 60, 100 %, 1652 MiB, 1380 MHz, 36.01 W, 0x0000000000000004
2026/09/30 04:50:55.816, 60, 100 %, 1652 MiB, 1395 MHz, 35.39 W, 0x0000000000000004
2026/09/30 04:51:05.817, 60, 100 %, 1653 MiB, 1350 MHz, 34.97 W, 0x0000000000000004
2026/09/30 04:51:15.818, 60, 100 %, 1652 MiB, 1500 MHz, 33.72 W, 0x0000000000000004
2026/09/30 04:51:25.818, 60, 100 %, 1652 MiB, 1350 MHz, 35.25 W, 0x0000000000000004
2026/09/30 04:51:35.818, 60, 100 %, 1652 MiB, 1380 MHz, 36.02 W, 0x0000000000000004
2026/09/30 04:51:45.819, 59, 100 %, 1855 MiB, 1395 MHz, 35.35 W, 0x0000000000000004
2026/09/30 04:51:55.821, 60, 100 %, 1856 MiB, 1380 MHz, 35.59 W, 0x0000000000000004
2026/09/30 04:52:05.821, 60, 100 %, 1952 MiB, 1395 MHz, 35.49 W, 0x0000000000000004
2026/09/30 04:52:15.822, 59, 25 %, 1819 MiB, 1380 MHz, 39.30 W, 0x0000000000000004
2026/09/30 04:52:25.822, 60, 100 %, 1951 MiB, 1290 MHz, 33.92 W, 0x0000000000000004
2026/09/30 04:52:35.823, 60, 100 %, 1959 MiB, 1440 MHz, 35.41 W, 0x0000000000000004
2026/09/30 04:52:45.824, 60, 100 %, 1949 MiB, 1380 MHz, 35.57 W, 0x0000000000000004
2026/09/30 04:52:55.826, 60, 100 %, 1617 MiB, 1380 MHz, 35.95 W, 0x0000000000000004
2026/09/30 04:53:05.827, 60, 100 %, 1617 MiB, 1395 MHz, 35.34 W, 0x0000000000000004
2026/09/30 04:53:15.829, 60, 100 %, 1617 MiB, 1365 MHz, 35.54 W, 0x0000000000000004
2026/09/30 04:53:25.830, 57, 46 %, 759 MiB, 1785 MHz, 18.12 W, 0x0000000000000000
2026/09/30 04:53:35.832, 60, 100 %, 1617 MiB, 1380 MHz, 33.33 W, 0x0000000000000004
2026/09/30 04:53:45.833, 58, 71 %, 770 MiB, 1515 MHz, 34.68 W, 0x0000000000000004
2026/09/30 04:53:55.838, 59, 36 %, 771 MiB, 1470 MHz, 34.60 W, 0x0000000000000004
2026/09/30 04:54:05.839, 58, 64 %, 772 MiB, 1785 MHz, 18.09 W, 0x0000000000000000
2026/09/30 04:54:15.841, 60, 54 %, 771 MiB, 1410 MHz, 34.66 W, 0x0000000000000004
2026/09/30 04:54:25.843, 60, 100 %, 2199 MiB, 1395 MHz, 35.60 W, 0x0000000000000004
2026/09/30 04:54:35.844, 59, 100 %, 2199 MiB, 1290 MHz, 34.15 W, 0x0000000000000004
2026/09/30 04:54:45.851, 60, 100 %, 2197 MiB, 1335 MHz, 34.71 W, 0x0000000000000004
2026/09/30 04:54:55.852, 59, 13 %, 1983 MiB, 1635 MHz, 18.20 W, 0x0000000000000004
2026/09/30 04:55:05.855, 60, 100 %, 2198 MiB, 1230 MHz, 35.05 W, 0x0000000000000004
2026/09/30 04:55:15.863, 60, 100 %, 2197 MiB, 1350 MHz, 31.29 W, 0x0000000000000004
2026/09/30 04:55:25.865, 60, 100 %, 2197 MiB, 1335 MHz, 35.02 W, 0x0000000000000004
2026/09/30 04:55:35.867, 60, 53 %, 2206 MiB, 1350 MHz, 35.74 W, 0x0000000000000004
2026/09/30 04:55:45.869, 60, 100 %, 2197 MiB, 1395 MHz, 33.56 W, 0x0000000000000004
2026/09/30 04:55:55.871, 60, 100 %, 2197 MiB, 1380 MHz, 35.76 W, 0x0000000000000004
2026/09/30 04:56:05.873, 60, 100 %, 2197 MiB, 1380 MHz, 35.76 W, 0x0000000000000004
2026/09/30 04:56:15.876, 60, 96 %, 1701 MiB, 1335 MHz, 35.83 W, 0x0000000000000004
2026/09/30 04:56:25.878, 60, 100 %, 1701 MiB, 1380 MHz, 33.71 W, 0x0000000000000004
2026/09/30 04:56:35.882, 60, 100 %, 1701 MiB, 1380 MHz, 35.38 W, 0x0000000000000004
2026/09/30 04:56:45.885, 60, 100 %, 1700 MiB, 1380 MHz, 35.58 W, 0x0000000000000004
2026/09/30 04:56:55.889, 60, 100 %, 1701 MiB, 1365 MHz, 35.04 W, 0x0000000000000004
2026/09/30 04:57:05.892, 60, 100 %, 1701 MiB, 1350 MHz, 35.29 W, 0x0000000000000004
2026/09/30 04:57:15.894, 60, 100 %, 1701 MiB, 1410 MHz, 31.76 W, 0x0000000000000004
2026/09/30 04:57:25.896, 60, 100 %, 1700 MiB, 1335 MHz, 35.55 W, 0x0000000000000004
2026/09/30 04:57:35.905, 60, 100 %, 1701 MiB, 1365 MHz, 35.59 W, 0x0000000000000004
2026/09/30 04:57:45.911, 60, 100 %, 1701 MiB, 1380 MHz, 35.47 W, 0x0000000000000004
2026/09/30 04:57:55.913, 60, 100 %, 1701 MiB, 1290 MHz, 35.32 W, 0x0000000000000004
2026/09/30 04:58:05.920, 60, 100 %, 1700 MiB, 1395 MHz, 32.74 W, 0x0000000000000004
2026/09/30 04:58:15.923, 53, 0 %, 5 MiB, 300 MHz, 1.90 W, 0x0000000000000001
2026/09/30 04:58:25.945, 53, 0 %, 72 MiB, 300 MHz, 1.80 W, 0x0000000000000001
2026/09/30 04:58:35.967, 53, 0 %, 72 MiB, 300 MHz, 1.58 W, 0x0000000000000001
2026/09/30 04:58:45.989, 53, 0 %, 72 MiB, 300 MHz, 1.59 W, 0x0000000000000001
2026/09/30 04:58:56.012, 52, 0 %, 71 MiB, 300 MHz, 1.61 W, 0x0000000000000001
2026/09/30 04:59:06.034, 52, 0 %, 71 MiB, 300 MHz, 1.59 W, 0x0000000000000001
2026/09/30 04:59:16.056, 52, 0 %, 72 MiB, 300 MHz, 1.60 W, 0x0000000000000001
2026/09/30 04:59:26.078, 52, 0 %, 55 MiB, 300 MHz, 1.59 W, 0x0000000000000001
2026/09/30 04:59:36.100, 52, 0 %, 55 MiB, 300 MHz, 1.93 W, 0x0000000000000001
2026/09/30 04:59:46.122, 52, 0 %, 55 MiB, 300 MHz, 1.63 W, 0x0000000000000001
2026/09/30 04:59:56.147, 52, 0 %, 54 MiB, 300 MHz, 1.57 W, 0x0000000000000001
2026/09/30 05:00:06.173, 52, 0 %, 54 MiB, 300 MHz, 1.61 W, 0x0000000000000001
2026/09/30 05:00:16.196, 52, 0 %, 54 MiB, 300 MHz, 1.63 W, 0x0000000000000001
2026/09/30 05:00:26.219, 52, 0 %, 54 MiB, 300 MHz, 1.61 W, 0x0000000000000001
2026/09/30 05:00:36.245, 52, 0 %, 54 MiB, 300 MHz, 1.95 W, 0x0000000000000001
2026/09/30 05:00:46.270, 52, 0 %, 54 MiB, 300 MHz, 1.69 W, 0x0000000000000001
2026/09/30 05:00:56.292, 52, 0 %, 54 MiB, 300 MHz, 1.58 W, 0x0000000000000001
2026/09/30 05:01:06.316, 52, 0 %, 54 MiB, 300 MHz, 1.63 W, 0x0000000000000001
2026/09/30 05:01:16.343, 52, 0 %, 54 MiB, 300 MHz, 1.63 W, 0x0000000000000001
2026/09/30 05:01:26.365, 52, 0 %, 54 MiB, 300 MHz, 1.65 W, 0x0000000000000001
2026/09/30 05:01:36.387, 52, 0 %, 54 MiB, 300 MHz, 1.57 W, 0x0000000000000001
2026/09/30 05:01:46.409, 52, 0 %, 54 MiB, 300 MHz, 1.88 W, 0x0000000000000001
2026/09/30 05:01:56.431, 52, 0 %, 54 MiB, 300 MHz, 1.54 W, 0x0000000000000001
2026/09/30 05:02:06.456, 52, 0 %, 54 MiB, 300 MHz, 1.53 W, 0x0000000000000001
2026/09/30 05:02:16.480, 52, 0 %, 55 MiB, 300 MHz, 1.52 W, 0x0000000000000001
2026/09/30 05:02:26.502, 52, 0 %, 55 MiB, 300 MHz, 1.52 W, 0x0000000000000001
2026/09/30 05:02:36.524, 52, 0 %, 55 MiB, 300 MHz, 1.53 W, 0x0000000000000001
2026/09/30 05:02:46.549, 52, 0 %, 54 MiB, 300 MHz, 1.57 W, 0x0000000000000001
2026/09/30 05:02:56.571, 52, 0 %, 54 MiB, 300 MHz, 1.88 W, 0x0000000000000001
2026/09/30 05:03:06.593, 52, 0 %, 54 MiB, 300 MHz, 1.56 W, 0x0000000000000001
2026/09/30 05:03:16.614, 52, 0 %, 54 MiB, 300 MHz, 1.58 W, 0x0000000000000001
2026/09/30 05:03:26.636, 52, 0 %, 54 MiB, 300 MHz, 1.62 W, 0x0000000000000001
2026/09/30 05:03:36.662, 52, 0 %, 54 MiB, 300 MHz, 1.61 W, 0x0000000000000001
2026/09/30 05:03:46.684, 52, 0 %, 54 MiB, 300 MHz, 1.73 W, 0x0000000000000001
2026/09/30 05:03:56.706, 52, 0 %, 54 MiB, 300 MHz, 1.61 W, 0x0000000000000001
2026/09/30 05:04:06.732, 52, 0 %, 54 MiB, 300 MHz, 1.82 W, 0x0000000000000001
2026/09/30 05:04:16.754, 52, 0 %, 54 MiB, 300 MHz, 1.55 W, 0x0000000000000001
2026/09/30 05:04:26.777, 52, 0 %, 54 MiB, 300 MHz, 1.55 W, 0x0000000000000001
2026/09/30 05:04:36.798, 52, 0 %, 54 MiB, 300 MHz, 1.52 W, 0x0000000000000001
2026/09/30 05:04:46.821, 52, 0 %, 54 MiB, 300 MHz, 1.53 W, 0x0000000000000001
2026/09/30 05:04:56.848, 52, 0 %, 54 MiB, 300 MHz, 1.37 W, 0x0000000000000001
2026/09/30 05:05:06.870, 51, 0 %, 64 MiB, 300 MHz, 1.80 W, 0x0000000000000001
2026/09/30 05:05:16.893, 51, 0 %, 56 MiB, 300 MHz, 1.80 W, 0x0000000000000001
2026/09/30 05:05:26.915, 51, 0 %, 56 MiB, 300 MHz, 1.36 W, 0x0000000000000001
2026/09/30 05:05:36.937, 51, 0 %, 56 MiB, 300 MHz, 1.57 W, 0x0000000000000001
2026/09/30 05:05:46.959, 52, 0 %, 55 MiB, 300 MHz, 1.57 W, 0x0000000000000001
2026/09/30 05:05:56.983, 51, 0 %, 55 MiB, 300 MHz, 1.59 W, 0x0000000000000001
2026/09/30 05:06:07.005, 52, 0 %, 55 MiB, 300 MHz, 1.58 W, 0x0000000000000001
2026/09/30 05:06:17.029, 52, 0 %, 54 MiB, 300 MHz, 1.63 W, 0x0000000000000001
2026/09/30 05:06:27.055, 52, 0 %, 54 MiB, 300 MHz, 1.70 W, 0x0000000000000001
2026/09/30 05:06:37.080, 51, 0 %, 54 MiB, 300 MHz, 1.50 W, 0x0000000000000001
2026/09/30 05:06:47.105, 52, 0 %, 54 MiB, 300 MHz, 1.57 W, 0x0000000000000001
2026/09/30 05:06:57.128, 52, 0 %, 54 MiB, 300 MHz, 1.55 W, 0x0000000000000001
2026/09/30 05:07:07.150, 51, 0 %, 56 MiB, 300 MHz, 1.51 W, 0x0000000000000001
2026/09/30 05:07:17.172, 51, 0 %, 56 MiB, 300 MHz, 1.48 W, 0x0000000000000001
2026/09/30 05:07:27.195, 51, 0 %, 56 MiB, 300 MHz, 2.02 W, 0x0000000000000001
2026/09/30 05:07:37.217, 51, 0 %, 55 MiB, 300 MHz, 1.73 W, 0x0000000000000001
2026/09/30 05:07:47.243, 51, 0 %, 55 MiB, 300 MHz, 1.58 W, 0x0000000000000001
2026/09/30 05:07:57.265, 51, 0 %, 55 MiB, 300 MHz, 1.54 W, 0x0000000000000001
2026/09/30 05:08:07.291, 51, 0 %, 55 MiB, 300 MHz, 1.51 W, 0x0000000000000001
2026/09/30 05:08:17.316, 51, 0 %, 55 MiB, 300 MHz, 1.58 W, 0x0000000000000001
2026/09/30 05:08:27.341, 51, 0 %, 55 MiB, 300 MHz, 1.96 W, 0x0000000000000001
2026/09/30 05:08:37.366, 51, 0 %, 55 MiB, 300 MHz, 1.59 W, 0x0000000000000001
2026/09/30 05:08:47.388, 51, 0 %, 55 MiB, 300 MHz, 1.50 W, 0x0000000000000001
2026/09/30 05:08:57.411, 51, 0 %, 55 MiB, 300 MHz, 1.54 W, 0x0000000000000001
2026/09/30 05:09:07.437, 51, 0 %, 55 MiB, 300 MHz, 1.55 W, 0x0000000000000001
2026/09/30 05:09:17.459, 51, 0 %, 55 MiB, 300 MHz, 1.61 W, 0x0000000000000001
2026/09/30 05:09:27.484, 51, 0 %, 55 MiB, 300 MHz, 1.54 W, 0x0000000000000001
2026/09/30 05:09:37.506, 51, 0 %, 55 MiB, 300 MHz, 1.97 W, 0x0000000000000001
2026/09/30 05:09:47.528, 51, 0 %, 55 MiB, 300 MHz, 1.68 W, 0x0000000000000001
2026/09/30 05:09:57.552, 51, 0 %, 55 MiB, 300 MHz, 1.59 W, 0x0000000000000001
2026/09/30 05:10:07.574, 51, 0 %, 55 MiB, 300 MHz, 1.58 W, 0x0000000000000001
2026/09/30 05:10:17.596, 51, 0 %, 55 MiB, 300 MHz, 1.66 W, 0x0000000000000001
2026/09/30 05:10:27.617, 51, 0 %, 55 MiB, 300 MHz, 1.51 W, 0x0000000000000001
2026/09/30 05:10:37.641, 51, 0 %, 55 MiB, 300 MHz, 1.52 W, 0x0000000000000001
2026/09/30 05:10:47.667, 51, 0 %, 55 MiB, 300 MHz, 1.84 W, 0x0000000000000001
2026/09/30 05:10:57.691, 51, 0 %, 59 MiB, 300 MHz, 1.71 W, 0x0000000000000001
2026/09/30 05:11:07.717, 51, 0 %, 57 MiB, 300 MHz, 1.59 W, 0x0000000000000001
2026/09/30 05:11:17.741, 51, 0 %, 57 MiB, 300 MHz, 1.55 W, 0x0000000000000001
2026/09/30 05:11:27.765, 51, 0 %, 57 MiB, 300 MHz, 1.54 W, 0x0000000000000001
2026/09/30 05:11:37.787, 51, 0 %, 56 MiB, 300 MHz, 1.62 W, 0x0000000000000001
2026/09/30 05:11:47.808, 51, 0 %, 56 MiB, 300 MHz, 1.57 W, 0x0000000000000001
2026/09/30 05:11:57.831, 51, 0 %, 56 MiB, 300 MHz, 1.51 W, 0x0000000000000001
2026/09/30 05:12:07.853, 51, 0 %, 56 MiB, 300 MHz, 1.63 W, 0x0000000000000001
2026/09/30 05:12:17.876, 51, 0 %, 56 MiB, 300 MHz, 1.53 W, 0x0000000000000001
2026/09/30 05:12:27.901, 51, 0 %, 56 MiB, 300 MHz, 1.51 W, 0x0000000000000001
2026/09/30 05:12:37.926, 51, 0 %, 56 MiB, 300 MHz, 1.50 W, 0x0000000000000001
2026/09/30 05:12:47.949, 51, 0 %, 56 MiB, 300 MHz, 1.48 W, 0x0000000000000001
2026/09/30 05:12:57.974, 51, 0 %, 56 MiB, 300 MHz, 1.88 W, 0x0000000000000001
2026/09/30 05:13:07.995, 51, 0 %, 56 MiB, 300 MHz, 1.59 W, 0x0000000000000001
2026/09/30 05:13:18.024, 51, 0 %, 56 MiB, 300 MHz, 1.60 W, 0x0000000000000001
2026/09/30 05:13:28.046, 51, 0 %, 56 MiB, 300 MHz, 1.45 W, 0x0000000000000001
2026/09/30 05:13:38.069, 51, 0 %, 56 MiB, 300 MHz, 1.59 W, 0x0000000000000001
2026/09/30 05:13:48.095, 51, 0 %, 56 MiB, 300 MHz, 1.55 W, 0x0000000000000001
2026/09/30 05:13:58.120, 51, 0 %, 56 MiB, 300 MHz, 1.93 W, 0x0000000000000001
2026/09/30 05:14:08.142, 51, 0 %, 56 MiB, 300 MHz, 1.82 W, 0x0000000000000001
2026/09/30 05:14:18.164, 51, 0 %, 56 MiB, 300 MHz, 1.47 W, 0x0000000000000001
2026/09/30 05:14:28.188, 51, 0 %, 56 MiB, 300 MHz, 1.54 W, 0x0000000000000001
2026/09/30 05:14:38.210, 51, 0 %, 56 MiB, 300 MHz, 1.52 W, 0x0000000000000001
2026/09/30 05:14:48.234, 51, 0 %, 56 MiB, 300 MHz, 1.53 W, 0x0000000000000001
2026/09/30 05:14:58.258, 51, 0 %, 66 MiB, 300 MHz, 1.74 W, 0x0000000000000001
2026/09/30 05:15:08.283, 51, 0 %, 58 MiB, 300 MHz, 1.64 W, 0x0000000000000001
2026/09/30 05:15:18.307, 51, 3 %, 85 MiB, 300 MHz, 2.17 W, 0x0000000000000001
2026/09/30 05:15:28.334, 51, 0 %, 95 MiB, 300 MHz, 1.41 W, 0x0000000000000001
2026/09/30 05:15:38.357, 51, 0 %, 95 MiB, 300 MHz, 1.56 W, 0x0000000000000001
2026/09/30 05:15:48.379, 51, 0 %, 95 MiB, 300 MHz, 1.85 W, 0x0000000000000001
2026/09/30 05:15:58.409, 51, 0 %, 59 MiB, 300 MHz, 1.41 W, 0x0000000000000001
2026/09/30 05:16:08.436, 51, 0 %, 59 MiB, 300 MHz, 1.56 W, 0x0000000000000001
2026/09/30 05:16:18.460, 51, 0 %, 59 MiB, 300 MHz, 2.12 W, 0x0000000000000001
2026/09/30 05:16:28.484, 51, 0 %, 59 MiB, 300 MHz, 1.55 W, 0x0000000000000001
2026/09/30 05:16:38.506, 51, 0 %, 59 MiB, 300 MHz, 1.65 W, 0x0000000000000001
2026/09/30 05:16:48.533, 51, 0 %, 59 MiB, 300 MHz, 1.47 W, 0x0000000000000001
2026/09/30 05:16:58.555, 51, 0 %, 59 MiB, 300 MHz, 1.30 W, 0x0000000000000001
2026/09/30 05:17:08.581, 51, 0 %, 59 MiB, 300 MHz, 1.26 W, 0x0000000000000001
2026/09/30 05:17:18.605, 51, 0 %, 59 MiB, 300 MHz, 1.93 W, 0x0000000000000001
2026/09/30 05:17:28.631, 50, 0 %, 59 MiB, 300 MHz, 1.23 W, 0x0000000000000001
2026/09/30 05:17:38.658, 51, 0 %, 59 MiB, 300 MHz, 1.29 W, 0x0000000000000001
2026/09/30 05:17:48.685, 51, 0 %, 59 MiB, 300 MHz, 1.27 W, 0x0000000000000001
2026/09/30 05:17:58.710, 50, 0 %, 59 MiB, 300 MHz, 1.46 W, 0x0000000000000001
2026/09/30 05:18:08.734, 51, 0 %, 59 MiB, 300 MHz, 1.85 W, 0x0000000000000001
2026/09/30 05:18:18.758, 51, 0 %, 59 MiB, 300 MHz, 1.89 W, 0x0000000000000001
2026/09/30 05:18:28.784, 51, 0 %, 59 MiB, 300 MHz, 1.55 W, 0x0000000000000001
2026/09/30 05:18:38.807, 51, 0 %, 59 MiB, 300 MHz, 1.58 W, 0x0000000000000001
2026/09/30 05:18:48.829, 51, 0 %, 59 MiB, 300 MHz, 1.67 W, 0x0000000000000001
2026/09/30 05:18:58.861, 51, 0 %, 59 MiB, 300 MHz, 1.55 W, 0x0000000000000001
2026/09/30 05:19:08.887, 51, 0 %, 59 MiB, 300 MHz, 1.60 W, 0x0000000000000001
2026/09/30 05:19:18.909, 51, 0 %, 59 MiB, 300 MHz, 2.07 W, 0x0000000000000001
2026/09/30 05:19:28.931, 51, 0 %, 59 MiB, 300 MHz, 1.67 W, 0x0000000000000001
2026/09/30 05:19:38.954, 51, 0 %, 59 MiB, 300 MHz, 1.59 W, 0x0000000000000001
2026/09/30 05:19:48.978, 51, 0 %, 59 MiB, 300 MHz, 1.60 W, 0x0000000000000001
2026/09/30 05:19:59.001, 51, 0 %, 59 MiB, 300 MHz, 1.61 W, 0x0000000000000001
2026/09/30 05:20:09.024, 51, 0 %, 59 MiB, 300 MHz, 1.62 W, 0x0000000000000001
2026/09/30 05:20:19.047, 51, 0 %, 59 MiB, 300 MHz, 1.62 W, 0x0000000000000001
2026/09/30 05:20:29.070, 51, 0 %, 59 MiB, 300 MHz, 1.89 W, 0x0000000000000001
2026/09/30 05:20:39.097, 51, 0 %, 59 MiB, 300 MHz, 1.30 W, 0x0000000000000001
2026/09/30 05:20:49.124, 51, 0 %, 59 MiB, 300 MHz, 1.47 W, 0x0000000000000001
2026/09/30 05:20:59.146, 51, 0 %, 59 MiB, 300 MHz, 1.48 W, 0x0000000000000001
2026/09/30 05:21:09.170, 51, 0 %, 59 MiB, 300 MHz, 1.59 W, 0x0000000000000001
2026/09/30 05:21:19.192, 51, 0 %, 59 MiB, 300 MHz, 1.64 W, 0x0000000000000001
2026/09/30 05:21:29.214, 51, 0 %, 59 MiB, 300 MHz, 1.69 W, 0x0000000000000001
2026/09/30 05:21:39.237, 51, 0 %, 59 MiB, 300 MHz, 1.73 W, 0x0000000000000001
2026/09/30 05:21:49.264, 51, 0 %, 59 MiB, 300 MHz, 1.46 W, 0x0000000000000001
2026/09/30 05:21:59.288, 51, 0 %, 59 MiB, 300 MHz, 1.45 W, 0x0000000000000001
2026/09/30 05:22:09.311, 51, 0 %, 59 MiB, 300 MHz, 1.62 W, 0x0000000000000001
2026/09/30 05:22:19.335, 51, 0 %, 59 MiB, 300 MHz, 1.65 W, 0x0000000000000001
2026/09/30 05:22:29.358, 51, 0 %, 59 MiB, 300 MHz, 1.27 W, 0x0000000000000001
2026/09/30 05:22:39.380, 51, 0 %, 59 MiB, 300 MHz, 1.87 W, 0x0000000000000001
2026/09/30 05:22:49.406, 51, 0 %, 59 MiB, 300 MHz, 1.59 W, 0x0000000000000001
2026/09/30 05:22:59.428, 51, 0 %, 59 MiB, 300 MHz, 1.58 W, 0x0000000000000001
2026/09/30 05:23:09.452, 51, 0 %, 59 MiB, 300 MHz, 1.57 W, 0x0000000000000001
2026/09/30 05:23:19.478, 51, 0 %, 59 MiB, 300 MHz, 1.62 W, 0x0000000000000001
2026/09/30 05:23:29.509, 51, 0 %, 59 MiB, 300 MHz, 1.62 W, 0x0000000000000001
2026/09/30 05:23:39.534, 51, 0 %, 59 MiB, 300 MHz, 1.85 W, 0x0000000000000001
2026/09/30 05:23:49.559, 51, 0 %, 59 MiB, 300 MHz, 1.67 W, 0x0000000000000001
2026/09/30 05:23:59.582, 51, 0 %, 59 MiB, 300 MHz, 1.72 W, 0x0000000000000001
2026/09/30 05:24:09.606, 51, 0 %, 59 MiB, 300 MHz, 1.44 W, 0x0000000000000001
2026/09/30 05:24:19.630, 51, 0 %, 59 MiB, 300 MHz, 1.34 W, 0x0000000000000001
2026/09/30 05:24:29.653, 51, 0 %, 59 MiB, 300 MHz, 1.48 W, 0x0000000000000001
2026/09/30 05:24:39.676, 51, 0 %, 59 MiB, 300 MHz, 2.01 W, 0x0000000000000001
2026/09/30 05:24:49.710, 51, 0 %, 59 MiB, 300 MHz, 1.61 W, 0x0000000000000001
2026/09/30 05:24:59.732, 51, 0 %, 59 MiB, 300 MHz, 1.50 W, 0x0000000000000001
2026/09/30 05:25:09.761, 51, 0 %, 59 MiB, 300 MHz, 1.33 W, 0x0000000000000001
2026/09/30 05:25:19.783, 51, 0 %, 59 MiB, 300 MHz, 1.58 W, 0x0000000000000001
2026/09/30 05:25:29.807, 51, 0 %, 59 MiB, 300 MHz, 1.62 W, 0x0000000000000001
2026/09/30 05:25:39.830, 51, 0 %, 59 MiB, 300 MHz, 1.84 W, 0x0000000000000001
2026/09/30 05:25:49.852, 51, 0 %, 59 MiB, 300 MHz, 1.56 W, 0x0000000000000001
2026/09/30 05:25:59.876, 51, 0 %, 59 MiB, 300 MHz, 1.65 W, 0x0000000000000001
2026/09/30 05:26:09.902, 51, 0 %, 59 MiB, 300 MHz, 1.49 W, 0x0000000000000001
2026/09/30 05:26:19.927, 51, 0 %, 59 MiB, 300 MHz, 1.49 W, 0x0000000000000001
2026/09/30 05:26:29.956, 51, 0 %, 59 MiB, 300 MHz, 1.31 W, 0x0000000000000001
2026/09/30 05:26:39.982, 51, 0 %, 59 MiB, 300 MHz, 1.91 W, 0x0000000000000001
2026/09/30 05:26:50.004, 51, 0 %, 59 MiB, 300 MHz, 1.70 W, 0x0000000000000001
2026/09/30 05:27:00.028, 51, 0 %, 59 MiB, 300 MHz, 1.57 W, 0x0000000000000001
2026/09/30 05:27:10.049, 51, 0 %, 59 MiB, 300 MHz, 1.42 W, 0x0000000000000001
2026/09/30 05:27:20.071, 51, 0 %, 59 MiB, 300 MHz, 1.64 W, 0x0000000000000001
2026/09/30 05:27:30.094, 51, 0 %, 59 MiB, 300 MHz, 1.79 W, 0x0000000000000001
2026/09/30 05:27:40.118, 51, 0 %, 59 MiB, 300 MHz, 1.82 W, 0x0000000000000001
2026/09/30 05:27:50.142, 51, 0 %, 59 MiB, 300 MHz, 1.63 W, 0x0000000000000001
2026/09/30 05:28:00.164, 51, 0 %, 59 MiB, 300 MHz, 1.51 W, 0x0000000000000001
2026/09/30 05:28:10.186, 51, 0 %, 59 MiB, 300 MHz, 1.57 W, 0x0000000000000001
2026/09/30 05:28:20.208, 51, 0 %, 59 MiB, 300 MHz, 1.74 W, 0x0000000000000001
2026/09/30 05:28:30.233, 51, 0 %, 59 MiB, 300 MHz, 1.64 W, 0x0000000000000001
2026/09/30 05:28:40.267, 51, 0 %, 59 MiB, 300 MHz, 1.57 W, 0x0000000000000001
2026/09/30 05:28:50.289, 51, 0 %, 59 MiB, 300 MHz, 1.73 W, 0x0000000000000001
2026/09/30 05:29:00.315, 51, 0 %, 59 MiB, 300 MHz, 1.69 W, 0x0000000000000001
2026/09/30 05:29:10.343, 51, 0 %, 59 MiB, 300 MHz, 1.67 W, 0x0000000000000001
2026/09/30 05:29:20.368, 51, 0 %, 59 MiB, 300 MHz, 1.55 W, 0x0000000000000001
2026/09/30 05:29:30.395, 51, 0 %, 59 MiB, 300 MHz, 1.66 W, 0x0000000000000001
2026/09/30 05:29:40.421, 51, 0 %, 59 MiB, 300 MHz, 1.96 W, 0x0000000000000001
2026/09/30 05:29:50.447, 51, 0 %, 59 MiB, 300 MHz, 1.60 W, 0x0000000000000001
2026/09/30 05:30:00.471, 51, 0 %, 59 MiB, 300 MHz, 1.62 W, 0x0000000000000001
2026/09/30 05:30:10.493, 51, 0 %, 59 MiB, 300 MHz, 1.42 W, 0x0000000000000001
2026/09/30 05:30:20.518, 51, 0 %, 59 MiB, 300 MHz, 1.44 W, 0x0000000000000001
2026/09/30 05:30:30.543, 51, 0 %, 59 MiB, 300 MHz, 1.45 W, 0x0000000000000001
2026/09/30 05:30:40.566, 51, 0 %, 59 MiB, 300 MHz, 1.52 W, 0x0000000000000001
2026/09/30 05:30:50.591, 51, 0 %, 59 MiB, 300 MHz, 1.77 W, 0x0000000000000001
2026/09/30 05:31:00.613, 51, 0 %, 59 MiB, 300 MHz, 1.60 W, 0x0000000000000001
2026/09/30 05:31:10.640, 51, 0 %, 59 MiB, 300 MHz, 1.62 W, 0x0000000000000001
2026/09/30 05:31:20.662, 51, 0 %, 59 MiB, 300 MHz, 1.63 W, 0x0000000000000001
2026/09/30 05:31:30.684, 51, 0 %, 59 MiB, 300 MHz, 1.62 W, 0x0000000000000001
2026/09/30 05:31:40.712, 51, 0 %, 59 MiB, 300 MHz, 1.59 W, 0x0000000000000001
2026/09/30 05:31:50.735, 51, 0 %, 59 MiB, 300 MHz, 1.97 W, 0x0000000000000001
2026/09/30 05:32:00.758, 51, 0 %, 59 MiB, 300 MHz, 1.62 W, 0x0000000000000001
2026/09/30 05:32:10.780, 51, 0 %, 59 MiB, 300 MHz, 1.30 W, 0x0000000000000001
2026/09/30 05:32:20.806, 51, 0 %, 59 MiB, 300 MHz, 1.66 W, 0x0000000000000001
2026/09/30 05:32:30.828, 51, 0 %, 59 MiB, 300 MHz, 1.64 W, 0x0000000000000001
2026/09/30 05:32:40.850, 51, 0 %, 59 MiB, 300 MHz, 1.28 W, 0x0000000000000001
2026/09/30 05:32:50.873, 51, 0 %, 59 MiB, 300 MHz, 1.61 W, 0x0000000000000001
2026/09/30 05:33:00.895, 51, 0 %, 59 MiB, 300 MHz, 1.77 W, 0x0000000000000001
2026/09/30 05:33:10.922, 51, 0 %, 59 MiB, 300 MHz, 1.33 W, 0x0000000000000001
2026/09/30 05:33:20.945, 51, 0 %, 59 MiB, 300 MHz, 1.70 W, 0x0000000000000001
2026/09/30 05:33:30.969, 51, 0 %, 59 MiB, 300 MHz, 1.42 W, 0x0000000000000001
2026/09/30 05:33:40.994, 51, 0 %, 59 MiB, 300 MHz, 1.70 W, 0x0000000000000001
2026/09/30 05:33:51.017, 51, 0 %, 59 MiB, 300 MHz, 1.69 W, 0x0000000000000001
2026/09/30 05:34:01.041, 51, 0 %, 59 MiB, 300 MHz, 1.98 W, 0x0000000000000001
2026/09/30 05:34:11.063, 51, 0 %, 59 MiB, 300 MHz, 1.64 W, 0x0000000000000001
2026/09/30 05:34:21.089, 51, 0 %, 59 MiB, 300 MHz, 1.66 W, 0x0000000000000001
2026/09/30 05:34:31.112, 51, 0 %, 59 MiB, 300 MHz, 1.68 W, 0x0000000000000001
2026/09/30 05:34:41.134, 51, 0 %, 59 MiB, 300 MHz, 1.70 W, 0x0000000000000001
2026/09/30 05:34:51.157, 51, 0 %, 59 MiB, 300 MHz, 1.54 W, 0x0000000000000001
2026/09/30 05:35:01.182, 51, 0 %, 59 MiB, 300 MHz, 1.78 W, 0x0000000000000001
2026/09/30 05:35:11.205, 51, 0 %, 59 MiB, 300 MHz, 1.97 W, 0x0000000000000001
2026/09/30 05:35:21.227, 51, 0 %, 59 MiB, 300 MHz, 1.61 W, 0x0000000000000001
2026/09/30 05:35:31.249, 51, 0 %, 59 MiB, 300 MHz, 1.66 W, 0x0000000000000001
2026/09/30 05:35:41.274, 51, 0 %, 59 MiB, 300 MHz, 1.37 W, 0x0000000000000001
2026/09/30 05:35:51.298, 51, 0 %, 59 MiB, 300 MHz, 1.37 W, 0x0000000000000001
2026/09/30 05:36:01.321, 51, 0 %, 59 MiB, 300 MHz, 1.59 W, 0x0000000000000001
2026/09/30 05:36:11.346, 51, 0 %, 59 MiB, 300 MHz, 1.63 W, 0x0000000000000001
2026/09/30 05:36:21.368, 51, 0 %, 59 MiB, 300 MHz, 1.80 W, 0x0000000000000001
2026/09/30 05:36:31.390, 51, 0 %, 59 MiB, 300 MHz, 1.59 W, 0x0000000000000001
2026/09/30 05:36:41.414, 51, 0 %, 59 MiB, 300 MHz, 1.60 W, 0x0000000000000001
2026/09/30 05:36:51.436, 51, 0 %, 59 MiB, 300 MHz, 1.65 W, 0x0000000000000001
2026/09/30 05:37:01.458, 51, 0 %, 59 MiB, 300 MHz, 1.65 W, 0x0000000000000001
2026/09/30 05:37:11.484, 51, 0 %, 59 MiB, 300 MHz, 1.51 W, 0x0000000000000001
2026/09/30 05:37:21.513, 51, 0 %, 59 MiB, 300 MHz, 1.82 W, 0x0000000000000001
2026/09/30 05:37:31.540, 51, 0 %, 59 MiB, 300 MHz, 1.42 W, 0x0000000000000001
2026/09/30 05:37:41.568, 51, 0 %, 59 MiB, 300 MHz, 1.62 W, 0x0000000000000001
2026/09/30 05:37:51.594, 51, 0 %, 59 MiB, 300 MHz, 1.68 W, 0x0000000000000001
2026/09/30 05:38:01.617, 51, 0 %, 59 MiB, 300 MHz, 1.46 W, 0x0000000000000001
2026/09/30 05:38:11.643, 51, 0 %, 59 MiB, 300 MHz, 1.47 W, 0x0000000000000001
2026/09/30 05:38:21.669, 51, 0 %, 59 MiB, 300 MHz, 1.71 W, 0x0000000000000001
2026/09/30 05:38:31.692, 51, 0 %, 59 MiB, 300 MHz, 1.55 W, 0x0000000000000001
2026/09/30 05:38:41.716, 51, 0 %, 59 MiB, 300 MHz, 1.58 W, 0x0000000000000001
2026/09/30 05:38:51.741, 51, 0 %, 59 MiB, 300 MHz, 1.31 W, 0x0000000000000001
2026/09/30 05:39:01.768, 51, 0 %, 59 MiB, 300 MHz, 1.58 W, 0x0000000000000001
2026/09/30 05:39:11.791, 51, 0 %, 59 MiB, 300 MHz, 1.44 W, 0x0000000000000001
2026/09/30 05:39:21.814, 51, 0 %, 59 MiB, 300 MHz, 1.88 W, 0x0000000000000001
2026/09/30 05:39:31.836, 51, 0 %, 59 MiB, 300 MHz, 1.18 W, 0x0000000000000001
2026/09/30 05:39:41.860, 51, 0 %, 59 MiB, 300 MHz, 1.59 W, 0x0000000000000001
2026/09/30 05:39:51.884, 51, 0 %, 59 MiB, 300 MHz, 1.51 W, 0x0000000000000001
2026/09/30 05:40:01.909, 51, 0 %, 59 MiB, 300 MHz, 1.55 W, 0x0000000000000001
2026/09/30 05:40:11.930, 51, 0 %, 59 MiB, 300 MHz, 1.51 W, 0x0000000000000001
2026/09/30 05:40:21.952, 51, 0 %, 59 MiB, 300 MHz, 1.54 W, 0x0000000000000001
2026/09/30 05:40:31.976, 51, 0 %, 59 MiB, 300 MHz, 2.08 W, 0x0000000000000001
2026/09/30 05:40:41.998, 51, 0 %, 59 MiB, 300 MHz, 1.58 W, 0x0000000000000001
2026/09/30 05:40:52.022, 51, 0 %, 59 MiB, 300 MHz, 1.68 W, 0x0000000000000001
2026/09/30 05:41:02.048, 51, 0 %, 59 MiB, 300 MHz, 1.78 W, 0x0000000000000001
2026/09/30 05:41:12.070, 51, 0 %, 59 MiB, 300 MHz, 1.82 W, 0x0000000000000001
2026/09/30 05:41:22.096, 51, 0 %, 59 MiB, 300 MHz, 1.77 W, 0x0000000000000001
2026/09/30 05:41:32.120, 51, 0 %, 59 MiB, 300 MHz, 1.97 W, 0x0000000000000001
2026/09/30 05:41:42.147, 51, 0 %, 59 MiB, 300 MHz, 1.62 W, 0x0000000000000001
2026/09/30 05:41:52.170, 51, 0 %, 59 MiB, 300 MHz, 1.42 W, 0x0000000000000001
2026/09/30 05:42:02.196, 51, 0 %, 59 MiB, 300 MHz, 1.24 W, 0x0000000000000001
2026/09/30 05:42:12.218, 51, 0 %, 59 MiB, 300 MHz, 1.52 W, 0x0000000000000001
2026/09/30 05:42:22.240, 51, 0 %, 59 MiB, 300 MHz, 1.33 W, 0x0000000000000001
2026/09/30 05:42:32.263, 51, 0 %, 59 MiB, 300 MHz, 1.54 W, 0x0000000000000001
2026/09/30 05:42:42.285, 51, 0 %, 59 MiB, 300 MHz, 1.90 W, 0x0000000000000001
2026/09/30 05:42:52.309, 51, 0 %, 59 MiB, 300 MHz, 1.60 W, 0x0000000000000001
2026/09/30 05:43:02.332, 51, 0 %, 59 MiB, 300 MHz, 1.62 W, 0x0000000000000001
2026/09/30 05:43:12.356, 51, 0 %, 59 MiB, 300 MHz, 1.60 W, 0x0000000000000001
2026/09/30 05:43:22.380, 51, 0 %, 59 MiB, 300 MHz, 1.70 W, 0x0000000000000001
2026/09/30 05:43:32.401, 51, 0 %, 59 MiB, 300 MHz, 1.33 W, 0x0000000000000001
2026/09/30 05:43:42.425, 51, 0 %, 59 MiB, 300 MHz, 1.47 W, 0x0000000000000001
2026/09/30 05:43:52.448, 51, 0 %, 59 MiB, 300 MHz, 1.62 W, 0x0000000000000001
2026/09/30 05:44:02.475, 51, 0 %, 59 MiB, 300 MHz, 1.57 W, 0x0000000000000001
2026/09/30 05:44:12.499, 51, 0 %, 59 MiB, 300 MHz, 1.61 W, 0x0000000000000001
2026/09/30 05:44:22.521, 51, 0 %, 59 MiB, 300 MHz, 1.59 W, 0x0000000000000001
2026/09/30 05:44:32.548, 51, 0 %, 59 MiB, 300 MHz, 1.42 W, 0x0000000000000001
2026/09/30 05:44:42.570, 51, 0 %, 59 MiB, 300 MHz, 1.47 W, 0x0000000000000001
2026/09/30 05:44:52.593, 51, 0 %, 59 MiB, 300 MHz, 1.58 W, 0x0000000000000001
2026/09/30 05:45:02.621, 50, 0 %, 59 MiB, 300 MHz, 1.31 W, 0x0000000000000001
2026/09/30 05:45:12.646, 51, 0 %, 59 MiB, 300 MHz, 1.37 W, 0x0000000000000001
2026/09/30 05:45:22.674, 50, 0 %, 59 MiB, 300 MHz, 1.53 W, 0x0000000000000001
2026/09/30 05:45:32.702, 50, 0 %, 59 MiB, 300 MHz, 1.57 W, 0x0000000000000001
2026/09/30 05:45:42.723, 51, 0 %, 59 MiB, 300 MHz, 1.54 W, 0x0000000000000001
2026/09/30 05:45:52.748, 51, 0 %, 59 MiB, 300 MHz, 1.56 W, 0x0000000000000001
2026/09/30 05:46:02.771, 51, 0 %, 59 MiB, 300 MHz, 1.51 W, 0x0000000000000001
2026/09/30 05:46:12.796, 51, 0 %, 59 MiB, 300 MHz, 1.90 W, 0x0000000000000001
2026/09/30 05:46:22.820, 51, 0 %, 59 MiB, 300 MHz, 1.57 W, 0x0000000000000001
2026/09/30 05:46:32.843, 51, 0 %, 59 MiB, 300 MHz, 1.56 W, 0x0000000000000001
2026/09/30 05:46:42.871, 50, 0 %, 59 MiB, 300 MHz, 2.06 W, 0x0000000000000001
2026/09/30 05:46:52.896, 51, 0 %, 59 MiB, 300 MHz, 1.70 W, 0x0000000000000001
2026/09/30 05:47:02.919, 51, 0 %, 59 MiB, 300 MHz, 1.38 W, 0x0000000000000001
2026/09/30 05:47:12.941, 50, 0 %, 59 MiB, 300 MHz, 1.36 W, 0x0000000000000001
2026/09/30 05:47:22.965, 51, 0 %, 59 MiB, 300 MHz, 1.37 W, 0x0000000000000001
2026/09/30 05:47:32.987, 50, 0 %, 59 MiB, 300 MHz, 1.27 W, 0x0000000000000001
2026/09/30 05:47:43.012, 50, 0 %, 59 MiB, 300 MHz, 1.33 W, 0x0000000000000001
2026/09/30 05:47:53.038, 51, 0 %, 59 MiB, 300 MHz, 1.76 W, 0x0000000000000001
2026/09/30 05:48:03.062, 50, 0 %, 59 MiB, 300 MHz, 1.40 W, 0x0000000000000001
2026/09/30 05:48:13.086, 50, 0 %, 59 MiB, 300 MHz, 1.34 W, 0x0000000000000001
2026/09/30 05:48:23.108, 50, 0 %, 59 MiB, 300 MHz, 1.31 W, 0x0000000000000001
2026/09/30 05:48:33.130, 50, 0 %, 59 MiB, 300 MHz, 1.35 W, 0x0000000000000001
2026/09/30 05:48:43.153, 50, 0 %, 59 MiB, 300 MHz, 1.33 W, 0x0000000000000001
2026/09/30 05:48:53.178, 50, 0 %, 59 MiB, 300 MHz, 1.85 W, 0x0000000000000001
2026/09/30 05:49:03.200, 50, 0 %, 59 MiB, 300 MHz, 1.44 W, 0x0000000000000001
2026/09/30 05:49:13.223, 50, 0 %, 59 MiB, 300 MHz, 1.48 W, 0x0000000000000001
2026/09/30 05:49:23.253, 50, 0 %, 59 MiB, 300 MHz, 1.37 W, 0x0000000000000001
2026/09/30 05:49:33.278, 50, 0 %, 59 MiB, 300 MHz, 1.53 W, 0x0000000000000001
2026/09/30 05:49:43.303, 51, 0 %, 59 MiB, 300 MHz, 1.40 W, 0x0000000000000001
2026/09/30 05:49:53.325, 50, 0 %, 59 MiB, 300 MHz, 1.94 W, 0x0000000000000001
2026/09/30 05:50:03.348, 50, 0 %, 59 MiB, 300 MHz, 1.78 W, 0x0000000000000001
2026/09/30 05:50:13.372, 50, 0 %, 59 MiB, 300 MHz, 1.38 W, 0x0000000000000001
2026/09/30 05:50:23.396, 50, 0 %, 59 MiB, 300 MHz, 1.35 W, 0x0000000000000001
2026/09/30 05:50:33.420, 51, 0 %, 59 MiB, 300 MHz, 1.67 W, 0x0000000000000001
2026/09/30 05:50:43.446, 51, 0 %, 59 MiB, 300 MHz, 1.61 W, 0x0000000000000001
2026/09/30 05:50:53.468, 50, 0 %, 59 MiB, 300 MHz, 1.30 W, 0x0000000000000001
2026/09/30 05:51:03.492, 51, 0 %, 59 MiB, 300 MHz, 1.84 W, 0x0000000000000001
2026/09/30 05:51:13.514, 50, 0 %, 59 MiB, 300 MHz, 1.59 W, 0x0000000000000001
2026/09/30 05:51:23.536, 51, 0 %, 59 MiB, 300 MHz, 1.55 W, 0x0000000000000001
2026/09/30 05:51:33.564, 51, 0 %, 59 MiB, 300 MHz, 1.51 W, 0x0000000000000001
2026/09/30 05:51:43.587, 50, 0 %, 59 MiB, 300 MHz, 1.52 W, 0x0000000000000001
2026/09/30 05:51:53.612, 51, 0 %, 59 MiB, 300 MHz, 1.57 W, 0x0000000000000001
2026/09/30 05:52:03.634, 51, 0 %, 59 MiB, 300 MHz, 1.85 W, 0x0000000000000001
2026/09/30 05:52:13.661, 51, 0 %, 59 MiB, 300 MHz, 1.59 W, 0x0000000000000001
2026/09/30 05:52:23.684, 51, 0 %, 59 MiB, 300 MHz, 1.62 W, 0x0000000000000001
2026/09/30 05:52:33.707, 51, 0 %, 59 MiB, 300 MHz, 1.64 W, 0x0000000000000001
2026/09/30 05:52:43.728, 51, 0 %, 59 MiB, 300 MHz, 1.60 W, 0x0000000000000001
2026/09/30 05:52:53.755, 51, 0 %, 59 MiB, 300 MHz, 1.70 W, 0x0000000000000001
2026/09/30 05:53:03.789, 51, 0 %, 59 MiB, 300 MHz, 1.76 W, 0x0000000000000001
2026/09/30 05:53:13.816, 51, 0 %, 59 MiB, 300 MHz, 1.63 W, 0x0000000000000001
2026/09/30 05:53:23.842, 51, 0 %, 59 MiB, 300 MHz, 1.69 W, 0x0000000000000001
2026/09/30 05:53:33.864, 51, 0 %, 59 MiB, 300 MHz, 1.68 W, 0x0000000000000001
2026/09/30 05:53:43.888, 51, 0 %, 59 MiB, 300 MHz, 1.58 W, 0x0000000000000001
2026/09/30 05:53:53.914, 51, 0 %, 59 MiB, 300 MHz, 2.22 W, 0x0000000000000001
2026/09/30 05:54:03.940, 51, 0 %, 59 MiB, 300 MHz, 1.72 W, 0x0000000000000001
2026/09/30 05:54:13.962, 51, 0 %, 59 MiB, 300 MHz, 1.73 W, 0x0000000000000001
2026/09/30 05:54:23.983, 51, 0 %, 59 MiB, 300 MHz, 1.21 W, 0x0000000000000001
2026/09/30 05:54:34.006, 51, 0 %, 59 MiB, 300 MHz, 1.59 W, 0x0000000000000001
2026/09/30 05:54:44.031, 51, 0 %, 59 MiB, 300 MHz, 1.14 W, 0x0000000000000001
2026/09/30 05:54:54.053, 51, 0 %, 59 MiB, 300 MHz, 1.30 W, 0x0000000000000001
2026/09/30 05:55:04.079, 51, 0 %, 59 MiB, 300 MHz, 1.63 W, 0x0000000000000001
2026/09/30 05:55:14.103, 51, 0 %, 59 MiB, 300 MHz, 1.34 W, 0x0000000000000001
2026/09/30 05:55:24.126, 50, 0 %, 59 MiB, 300 MHz, 1.32 W, 0x0000000000000001
2026/09/30 05:55:34.149, 50, 0 %, 59 MiB, 300 MHz, 1.46 W, 0x0000000000000001
2026/09/30 05:55:44.187, 50, 0 %, 59 MiB, 300 MHz, 1.55 W, 0x0000000000000001
2026/09/30 05:55:54.214, 50, 0 %, 59 MiB, 300 MHz, 2.04 W, 0x0000000000000001
2026/09/30 05:56:04.237, 50, 0 %, 59 MiB, 300 MHz, 1.57 W, 0x0000000000000001
2026/09/30 05:56:14.260, 50, 0 %, 59 MiB, 300 MHz, 1.31 W, 0x0000000000000001
2026/09/30 05:56:24.282, 51, 0 %, 59 MiB, 300 MHz, 1.41 W, 0x0000000000000001
2026/09/30 05:56:34.307, 50, 0 %, 59 MiB, 300 MHz, 1.46 W, 0x0000000000000001
2026/09/30 05:56:44.332, 50, 0 %, 59 MiB, 300 MHz, 1.39 W, 0x0000000000000001
2026/09/30 05:56:54.355, 50, 0 %, 59 MiB, 300 MHz, 1.35 W, 0x0000000000000001
2026/09/30 05:57:04.379, 50, 0 %, 59 MiB, 300 MHz, 1.78 W, 0x0000000000000001
2026/09/30 05:57:14.403, 51, 0 %, 59 MiB, 300 MHz, 1.62 W, 0x0000000000000001
2026/09/30 05:57:24.426, 51, 0 %, 59 MiB, 300 MHz, 1.57 W, 0x0000000000000001
2026/09/30 05:57:34.447, 51, 0 %, 59 MiB, 300 MHz, 1.53 W, 0x0000000000000001
2026/09/30 05:57:44.470, 51, 0 %, 59 MiB, 300 MHz, 1.59 W, 0x0000000000000001
2026/09/30 05:57:54.492, 51, 0 %, 59 MiB, 300 MHz, 1.57 W, 0x0000000000000001
2026/09/30 05:58:04.514, 51, 0 %, 59 MiB, 300 MHz, 1.71 W, 0x0000000000000001
2026/09/30 05:58:14.536, 51, 0 %, 59 MiB, 300 MHz, 1.77 W, 0x0000000000000001
2026/09/30 05:58:24.560, 51, 0 %, 59 MiB, 300 MHz, 1.49 W, 0x0000000000000001
2026/09/30 05:58:34.583, 51, 0 %, 59 MiB, 300 MHz, 1.50 W, 0x0000000000000001
2026/09/30 05:58:44.605, 51, 0 %, 59 MiB, 300 MHz, 1.55 W, 0x0000000000000001
2026/09/30 05:58:54.631, 51, 0 %, 59 MiB, 300 MHz, 1.58 W, 0x0000000000000001
2026/09/30 05:59:04.652, 51, 0 %, 59 MiB, 300 MHz, 1.26 W, 0x0000000000000001
2026/09/30 05:59:14.674, 51, 0 %, 59 MiB, 300 MHz, 1.47 W, 0x0000000000000001
2026/09/30 05:59:24.697, 51, 0 %, 59 MiB, 300 MHz, 1.74 W, 0x0000000000000001
2026/09/30 05:59:34.719, 51, 0 %, 59 MiB, 300 MHz, 1.54 W, 0x0000000000000001
2026/09/30 05:59:44.742, 51, 0 %, 59 MiB, 300 MHz, 1.59 W, 0x0000000000000001
2026/09/30 05:59:54.764, 51, 0 %, 59 MiB, 300 MHz, 1.58 W, 0x0000000000000001
2026/09/30 06:00:04.786, 51, 0 %, 59 MiB, 300 MHz, 1.62 W, 0x0000000000000001
2026/09/30 06:00:14.811, 51, 0 %, 59 MiB, 300 MHz, 1.54 W, 0x0000000000000001
2026/09/30 06:00:24.833, 51, 0 %, 59 MiB, 300 MHz, 1.97 W, 0x0000000000000001
2026/09/30 06:00:34.857, 51, 0 %, 59 MiB, 300 MHz, 1.60 W, 0x0000000000000001
2026/09/30 06:00:44.883, 51, 0 %, 59 MiB, 300 MHz, 1.51 W, 0x0000000000000001
2026/09/30 06:00:54.905, 51, 0 %, 59 MiB, 300 MHz, 1.53 W, 0x0000000000000001
2026/09/30 06:01:04.930, 51, 0 %, 59 MiB, 300 MHz, 1.20 W, 0x0000000000000001
2026/09/30 06:01:14.953, 51, 0 %, 59 MiB, 300 MHz, 1.34 W, 0x0000000000000001
2026/09/30 06:01:24.975, 51, 0 %, 59 MiB, 300 MHz, 1.52 W, 0x0000000000000001
2026/09/30 06:01:34.997, 51, 0 %, 59 MiB, 300 MHz, 1.95 W, 0x0000000000000001
2026/09/30 06:01:45.019, 51, 0 %, 59 MiB, 300 MHz, 1.62 W, 0x0000000000000001
2026/09/30 06:01:55.045, 51, 0 %, 59 MiB, 300 MHz, 1.59 W, 0x0000000000000001
2026/09/30 06:02:05.070, 51, 0 %, 59 MiB, 300 MHz, 1.65 W, 0x0000000000000001
2026/09/30 06:02:15.092, 51, 0 %, 59 MiB, 300 MHz, 1.55 W, 0x0000000000000001
2026/09/30 06:02:25.114, 51, 0 %, 59 MiB, 300 MHz, 1.57 W, 0x0000000000000001
2026/09/30 06:02:35.136, 51, 0 %, 59 MiB, 300 MHz, 1.53 W, 0x0000000000000001
2026/09/30 06:02:45.157, 51, 0 %, 59 MiB, 300 MHz, 1.97 W, 0x0000000000000001
2026/09/30 06:02:55.181, 51, 0 %, 59 MiB, 300 MHz, 1.58 W, 0x0000000000000001
2026/09/30 06:03:05.206, 51, 0 %, 59 MiB, 300 MHz, 1.51 W, 0x0000000000000001
2026/09/30 06:03:15.231, 51, 0 %, 59 MiB, 300 MHz, 1.52 W, 0x0000000000000001
2026/09/30 06:03:25.254, 51, 0 %, 59 MiB, 300 MHz, 1.52 W, 0x0000000000000001
2026/09/30 06:03:35.279, 51, 0 %, 59 MiB, 300 MHz, 1.51 W, 0x0000000000000001
2026/09/30 06:03:45.305, 51, 0 %, 59 MiB, 300 MHz, 1.87 W, 0x0000000000000001
2026/09/30 06:03:55.329, 51, 0 %, 59 MiB, 300 MHz, 1.49 W, 0x0000000000000001
2026/09/30 06:04:05.351, 51, 0 %, 59 MiB, 300 MHz, 1.53 W, 0x0000000000000001
2026/09/30 06:04:15.373, 51, 0 %, 59 MiB, 300 MHz, 1.51 W, 0x0000000000000001
2026/09/30 06:04:25.398, 51, 0 %, 59 MiB, 300 MHz, 1.53 W, 0x0000000000000001
2026/09/30 06:04:35.420, 51, 0 %, 59 MiB, 300 MHz, 1.59 W, 0x0000000000000001
2026/09/30 06:04:45.443, 51, 0 %, 59 MiB, 300 MHz, 1.49 W, 0x0000000000000001
2026/09/30 06:04:55.467, 51, 0 %, 59 MiB, 300 MHz, 1.69 W, 0x0000000000000001
2026/09/30 06:05:05.491, 51, 0 %, 59 MiB, 300 MHz, 1.52 W, 0x0000000000000001
2026/09/30 06:05:15.514, 51, 0 %, 59 MiB, 300 MHz, 1.47 W, 0x0000000000000001
2026/09/30 06:05:25.536, 51, 0 %, 59 MiB, 300 MHz, 1.51 W, 0x0000000000000001
2026/09/30 06:05:35.557, 51, 0 %, 59 MiB, 300 MHz, 1.50 W, 0x0000000000000001
2026/09/30 06:05:45.580, 51, 0 %, 59 MiB, 300 MHz, 1.50 W, 0x0000000000000001
2026/09/30 06:05:55.603, 51, 0 %, 59 MiB, 300 MHz, 1.48 W, 0x0000000000000001
2026/09/30 06:06:05.625, 51, 0 %, 59 MiB, 300 MHz, 1.88 W, 0x0000000000000001
2026/09/30 06:06:15.648, 51, 0 %, 59 MiB, 300 MHz, 1.61 W, 0x0000000000000001
2026/09/30 06:06:25.670, 51, 0 %, 59 MiB, 300 MHz, 1.57 W, 0x0000000000000001
2026/09/30 06:06:35.692, 51, 0 %, 59 MiB, 300 MHz, 1.47 W, 0x0000000000000001
2026/09/30 06:06:45.716, 51, 0 %, 59 MiB, 300 MHz, 1.53 W, 0x0000000000000001
2026/09/30 06:06:55.738, 51, 0 %, 59 MiB, 300 MHz, 1.59 W, 0x0000000000000001
2026/09/30 06:07:05.763, 51, 0 %, 59 MiB, 300 MHz, 1.62 W, 0x0000000000000001
2026/09/30 06:07:15.785, 51, 0 %, 59 MiB, 300 MHz, 1.67 W, 0x0000000000000001
2026/09/30 06:07:25.812, 51, 0 %, 59 MiB, 300 MHz, 1.62 W, 0x0000000000000001
2026/09/30 06:07:35.840, 51, 0 %, 59 MiB, 300 MHz, 1.62 W, 0x0000000000000001
2026/09/30 06:07:45.865, 51, 0 %, 59 MiB, 300 MHz, 1.67 W, 0x0000000000000001
2026/09/30 06:07:55.887, 51, 0 %, 59 MiB, 300 MHz, 1.73 W, 0x0000000000000001
2026/09/30 06:08:05.909, 51, 0 %, 59 MiB, 300 MHz, 1.65 W, 0x0000000000000001
2026/09/30 06:08:15.935, 51, 0 %, 59 MiB, 300 MHz, 1.67 W, 0x0000000000000001
2026/09/30 06:08:25.957, 51, 0 %, 59 MiB, 300 MHz, 1.32 W, 0x0000000000000001
2026/09/30 06:08:35.982, 51, 0 %, 59 MiB, 300 MHz, 1.50 W, 0x0000000000000001
2026/09/30 06:08:46.004, 51, 0 %, 59 MiB, 300 MHz, 1.57 W, 0x0000000000000001
2026/09/30 06:08:56.026, 51, 0 %, 59 MiB, 300 MHz, 1.49 W, 0x0000000000000001
2026/09/30 06:09:06.048, 51, 0 %, 59 MiB, 300 MHz, 1.50 W, 0x0000000000000001
2026/09/30 06:09:16.074, 51, 0 %, 59 MiB, 300 MHz, 1.89 W, 0x0000000000000001
2026/09/30 06:09:26.099, 51, 0 %, 59 MiB, 300 MHz, 1.59 W, 0x0000000000000001
2026/09/30 06:09:36.121, 51, 0 %, 59 MiB, 300 MHz, 1.56 W, 0x0000000000000001
2026/09/30 06:09:46.142, 51, 0 %, 59 MiB, 300 MHz, 1.58 W, 0x0000000000000001
2026/09/30 06:09:56.165, 51, 0 %, 59 MiB, 300 MHz, 1.57 W, 0x0000000000000001
2026/09/30 06:10:06.190, 51, 0 %, 59 MiB, 300 MHz, 1.60 W, 0x0000000000000001
2026/09/30 06:10:16.212, 51, 0 %, 59 MiB, 300 MHz, 1.55 W, 0x0000000000000001
2026/09/30 06:10:26.237, 51, 0 %, 59 MiB, 300 MHz, 1.75 W, 0x0000000000000001
2026/09/30 06:10:36.259, 51, 0 %, 59 MiB, 300 MHz, 1.44 W, 0x0000000000000001
2026/09/30 06:10:46.284, 51, 0 %, 59 MiB, 300 MHz, 1.43 W, 0x0000000000000001
2026/09/30 06:10:56.306, 51, 0 %, 59 MiB, 300 MHz, 1.54 W, 0x0000000000000001
2026/09/30 06:11:06.328, 51, 0 %, 59 MiB, 300 MHz, 1.53 W, 0x0000000000000001
2026/09/30 06:11:16.353, 51, 0 %, 59 MiB, 300 MHz, 1.52 W, 0x0000000000000001
2026/09/30 06:11:26.374, 51, 0 %, 59 MiB, 300 MHz, 1.47 W, 0x0000000000000001
2026/09/30 06:11:36.400, 51, 0 %, 59 MiB, 300 MHz, 1.82 W, 0x0000000000000001
2026/09/30 06:11:46.422, 51, 0 %, 59 MiB, 300 MHz, 1.58 W, 0x0000000000000001
2026/09/30 06:11:56.445, 51, 0 %, 59 MiB, 300 MHz, 1.58 W, 0x0000000000000001
2026/09/30 06:12:06.471, 50, 0 %, 59 MiB, 300 MHz, 1.56 W, 0x0000000000000001
2026/09/30 06:12:16.493, 51, 0 %, 59 MiB, 300 MHz, 1.53 W, 0x0000000000000001
2026/09/30 06:12:26.514, 51, 0 %, 59 MiB, 300 MHz, 1.56 W, 0x0000000000000001
2026/09/30 06:12:36.536, 51, 0 %, 59 MiB, 300 MHz, 1.57 W, 0x0000000000000001
2026/09/30 06:12:46.563, 51, 0 %, 59 MiB, 300 MHz, 1.62 W, 0x0000000000000001
2026/09/30 06:12:56.585, 51, 0 %, 59 MiB, 300 MHz, 1.52 W, 0x0000000000000001
2026/09/30 06:13:06.607, 50, 0 %, 59 MiB, 300 MHz, 1.64 W, 0x0000000000000001
2026/09/30 06:13:16.629, 51, 0 %, 59 MiB, 300 MHz, 1.59 W, 0x0000000000000001
2026/09/30 06:13:26.652, 51, 0 %, 59 MiB, 300 MHz, 1.54 W, 0x0000000000000001
2026/09/30 06:13:36.676, 51, 0 %, 59 MiB, 300 MHz, 1.36 W, 0x0000000000000001
2026/09/30 06:13:46.699, 51, 0 %, 59 MiB, 300 MHz, 1.94 W, 0x0000000000000001
2026/09/30 06:13:56.724, 51, 0 %, 59 MiB, 300 MHz, 1.43 W, 0x0000000000000001
2026/09/30 06:14:06.749, 51, 0 %, 59 MiB, 300 MHz, 1.78 W, 0x0000000000000001
2026/09/30 06:14:16.774, 51, 0 %, 59 MiB, 300 MHz, 1.60 W, 0x0000000000000001
2026/09/30 06:14:26.799, 51, 0 %, 59 MiB, 300 MHz, 1.52 W, 0x0000000000000001
2026/09/30 06:14:36.823, 51, 0 %, 59 MiB, 300 MHz, 1.52 W, 0x0000000000000001
2026/09/30 06:14:46.846, 51, 0 %, 59 MiB, 300 MHz, 1.94 W, 0x0000000000000001
2026/09/30 06:14:56.869, 51, 0 %, 59 MiB, 300 MHz, 1.65 W, 0x0000000000000001
2026/09/30 06:15:06.891, 51, 0 %, 59 MiB, 300 MHz, 1.52 W, 0x0000000000000001
2026/09/30 06:15:16.913, 51, 0 %, 59 MiB, 300 MHz, 1.50 W, 0x0000000000000001
2026/09/30 06:15:26.935, 51, 0 %, 59 MiB, 300 MHz, 1.49 W, 0x0000000000000001
2026/09/30 06:15:36.959, 51, 0 %, 59 MiB, 300 MHz, 1.34 W, 0x0000000000000001
2026/09/30 06:15:46.984, 51, 0 %, 59 MiB, 300 MHz, 1.51 W, 0x0000000000000001
2026/09/30 06:15:57.006, 51, 0 %, 59 MiB, 300 MHz, 1.54 W, 0x0000000000000001
2026/09/30 06:16:07.028, 51, 0 %, 59 MiB, 300 MHz, 1.74 W, 0x0000000000000001
2026/09/30 06:16:17.052, 51, 0 %, 59 MiB, 300 MHz, 1.63 W, 0x0000000000000001
2026/09/30 06:16:27.074, 51, 0 %, 59 MiB, 300 MHz, 1.43 W, 0x0000000000000001
2026/09/30 06:16:37.096, 51, 0 %, 59 MiB, 300 MHz, 1.62 W, 0x0000000000000001
2026/09/30 06:16:47.120, 50, 0 %, 59 MiB, 300 MHz, 1.57 W, 0x0000000000000001
2026/09/30 06:16:57.144, 51, 0 %, 59 MiB, 300 MHz, 1.48 W, 0x0000000000000001
2026/09/30 06:17:07.168, 50, 0 %, 59 MiB, 300 MHz, 1.95 W, 0x0000000000000001
2026/09/30 06:17:17.190, 51, 0 %, 59 MiB, 300 MHz, 1.65 W, 0x0000000000000001
2026/09/30 06:17:27.213, 51, 0 %, 59 MiB, 300 MHz, 1.55 W, 0x0000000000000001
2026/09/30 06:17:37.235, 51, 0 %, 59 MiB, 300 MHz, 1.55 W, 0x0000000000000001
2026/09/30 06:17:47.257, 50, 0 %, 59 MiB, 300 MHz, 1.56 W, 0x0000000000000001
2026/09/30 06:17:57.279, 50, 0 %, 59 MiB, 300 MHz, 1.58 W, 0x0000000000000001
2026/09/30 06:18:07.303, 50, 0 %, 59 MiB, 300 MHz, 1.58 W, 0x0000000000000001
2026/09/30 06:18:17.325, 51, 0 %, 59 MiB, 300 MHz, 1.90 W, 0x0000000000000001
2026/09/30 06:18:27.347, 50, 0 %, 59 MiB, 300 MHz, 1.41 W, 0x0000000000000001
2026/09/30 06:18:37.370, 50, 0 %, 59 MiB, 300 MHz, 1.57 W, 0x0000000000000001
2026/09/30 06:18:47.392, 51, 0 %, 59 MiB, 300 MHz, 1.55 W, 0x0000000000000001
2026/09/30 06:18:57.414, 51, 0 %, 59 MiB, 300 MHz, 1.54 W, 0x0000000000000001
2026/09/30 06:19:07.435, 50, 0 %, 59 MiB, 300 MHz, 1.56 W, 0x0000000000000001
2026/09/30 06:19:17.457, 50, 0 %, 59 MiB, 300 MHz, 1.55 W, 0x0000000000000001
2026/09/30 06:19:27.479, 50, 0 %, 59 MiB, 300 MHz, 1.57 W, 0x0000000000000001
2026/09/30 06:19:37.501, 50, 0 %, 59 MiB, 300 MHz, 1.68 W, 0x0000000000000001
2026/09/30 06:19:47.526, 51, 0 %, 59 MiB, 300 MHz, 1.76 W, 0x0000000000000001
2026/09/30 06:19:57.552, 51, 0 %, 59 MiB, 300 MHz, 1.60 W, 0x0000000000000001
2026/09/30 06:20:07.573, 51, 0 %, 59 MiB, 300 MHz, 1.65 W, 0x0000000000000001
2026/09/30 06:20:17.595, 50, 0 %, 59 MiB, 300 MHz, 1.52 W, 0x0000000000000001
2026/09/30 06:20:27.616, 50, 0 %, 59 MiB, 300 MHz, 1.54 W, 0x0000000000000001
2026/09/30 06:20:37.640, 50, 0 %, 59 MiB, 300 MHz, 1.94 W, 0x0000000000000001
2026/09/30 06:20:47.662, 50, 0 %, 59 MiB, 300 MHz, 1.73 W, 0x0000000000000001
2026/09/30 06:20:57.685, 50, 0 %, 59 MiB, 300 MHz, 1.58 W, 0x0000000000000001
2026/09/30 06:21:07.707, 50, 0 %, 59 MiB, 300 MHz, 1.59 W, 0x0000000000000001
2026/09/30 06:21:17.730, 50, 0 %, 59 MiB, 300 MHz, 1.64 W, 0x0000000000000001
2026/09/30 06:21:27.751, 50, 0 %, 59 MiB, 300 MHz, 1.62 W, 0x0000000000000001
2026/09/30 06:21:37.776, 50, 0 %, 59 MiB, 300 MHz, 1.59 W, 0x0000000000000001
2026/09/30 06:21:47.797, 50, 0 %, 59 MiB, 300 MHz, 1.92 W, 0x0000000000000001
2026/09/30 06:21:57.820, 50, 0 %, 59 MiB, 300 MHz, 1.64 W, 0x0000000000000001
2026/09/30 06:22:07.843, 50, 0 %, 59 MiB, 300 MHz, 1.58 W, 0x0000000000000001
2026/09/30 06:22:17.866, 50, 0 %, 59 MiB, 300 MHz, 1.58 W, 0x0000000000000001
2026/09/30 06:22:27.889, 50, 0 %, 59 MiB, 300 MHz, 1.56 W, 0x0000000000000001
2026/09/30 06:22:37.911, 50, 0 %, 59 MiB, 300 MHz, 1.64 W, 0x0000000000000001
2026/09/30 06:22:47.948, 50, 0 %, 59 MiB, 300 MHz, 1.90 W, 0x0000000000000001
2026/09/30 06:22:57.970, 50, 0 %, 59 MiB, 300 MHz, 1.57 W, 0x0000000000000001
2026/09/30 06:23:07.997, 50, 0 %, 59 MiB, 300 MHz, 1.52 W, 0x0000000000000001
2026/09/30 06:23:18.019, 50, 0 %, 59 MiB, 300 MHz, 1.53 W, 0x0000000000000001
2026/09/30 06:23:28.041, 50, 0 %, 59 MiB, 300 MHz, 1.54 W, 0x0000000000000001
2026/09/30 06:23:38.066, 50, 0 %, 59 MiB, 300 MHz, 1.55 W, 0x0000000000000001
2026/09/30 06:23:48.088, 50, 0 %, 59 MiB, 300 MHz, 1.56 W, 0x0000000000000001
2026/09/30 06:23:58.111, 50, 0 %, 59 MiB, 300 MHz, 1.60 W, 0x0000000000000001
2026/09/30 06:24:08.134, 50, 0 %, 59 MiB, 300 MHz, 1.63 W, 0x0000000000000001
2026/09/30 06:24:18.156, 50, 0 %, 59 MiB, 300 MHz, 1.57 W, 0x0000000000000001
2026/09/30 06:24:28.179, 50, 0 %, 59 MiB, 300 MHz, 1.61 W, 0x0000000000000001
2026/09/30 06:24:38.200, 50, 0 %, 59 MiB, 300 MHz, 1.59 W, 0x0000000000000001
2026/09/30 06:24:48.224, 50, 0 %, 59 MiB, 300 MHz, 1.57 W, 0x0000000000000001
2026/09/30 06:24:58.246, 50, 0 %, 59 MiB, 300 MHz, 1.58 W, 0x0000000000000001
2026/09/30 06:25:08.267, 50, 0 %, 59 MiB, 300 MHz, 1.66 W, 0x0000000000000001
2026/09/30 06:25:18.292, 50, 0 %, 59 MiB, 300 MHz, 1.50 W, 0x0000000000000001
2026/09/30 06:25:28.314, 50, 0 %, 59 MiB, 300 MHz, 1.51 W, 0x0000000000000001
2026/09/30 06:25:38.336, 50, 0 %, 59 MiB, 300 MHz, 1.46 W, 0x0000000000000001
2026/09/30 06:25:48.361, 50, 0 %, 59 MiB, 300 MHz, 1.49 W, 0x0000000000000001
2026/09/30 06:25:58.383, 50, 0 %, 59 MiB, 300 MHz, 1.53 W, 0x0000000000000001
2026/09/30 06:26:08.406, 50, 0 %, 59 MiB, 300 MHz, 1.46 W, 0x0000000000000001
2026/09/30 06:26:18.428, 50, 0 %, 59 MiB, 300 MHz, 1.67 W, 0x0000000000000001
2026/09/30 06:26:28.452, 50, 0 %, 59 MiB, 300 MHz, 1.59 W, 0x0000000000000001
2026/09/30 06:26:38.476, 50, 0 %, 59 MiB, 300 MHz, 1.60 W, 0x0000000000000001
2026/09/30 06:26:48.498, 50, 0 %, 59 MiB, 300 MHz, 1.64 W, 0x0000000000000001
2026/09/30 06:26:58.519, 50, 0 %, 59 MiB, 300 MHz, 1.63 W, 0x0000000000000001
2026/09/30 06:27:08.541, 50, 0 %, 59 MiB, 300 MHz, 1.60 W, 0x0000000000000001
2026/09/30 06:27:18.563, 50, 0 %, 59 MiB, 300 MHz, 1.65 W, 0x0000000000000001
2026/09/30 06:27:28.585, 50, 0 %, 59 MiB, 300 MHz, 1.67 W, 0x0000000000000001
2026/09/30 06:27:38.607, 50, 0 %, 59 MiB, 300 MHz, 1.48 W, 0x0000000000000001
2026/09/30 06:27:48.633, 50, 0 %, 59 MiB, 300 MHz, 1.60 W, 0x0000000000000001
2026/09/30 06:27:58.656, 50, 0 %, 59 MiB, 300 MHz, 1.59 W, 0x0000000000000001
2026/09/30 06:28:08.678, 50, 0 %, 59 MiB, 300 MHz, 1.58 W, 0x0000000000000001
2026/09/30 06:28:18.700, 50, 0 %, 59 MiB, 300 MHz, 1.51 W, 0x0000000000000001
2026/09/30 06:28:28.723, 50, 0 %, 59 MiB, 300 MHz, 2.03 W, 0x0000000000000001
2026/09/30 06:28:38.748, 50, 0 %, 59 MiB, 300 MHz, 1.65 W, 0x0000000000000001
2026/09/30 06:28:48.771, 50, 0 %, 59 MiB, 300 MHz, 1.50 W, 0x0000000000000001
2026/09/30 06:28:58.797, 50, 0 %, 59 MiB, 300 MHz, 1.20 W, 0x0000000000000001
2026/09/30 06:29:08.820, 50, 0 %, 59 MiB, 300 MHz, 1.52 W, 0x0000000000000001
2026/09/30 06:29:18.842, 50, 0 %, 59 MiB, 300 MHz, 1.50 W, 0x0000000000000001
2026/09/30 06:29:28.867, 50, 0 %, 59 MiB, 300 MHz, 1.52 W, 0x0000000000000001
2026/09/30 06:29:38.889, 50, 0 %, 59 MiB, 300 MHz, 1.91 W, 0x0000000000000001
2026/09/30 06:29:48.913, 50, 0 %, 59 MiB, 300 MHz, 1.59 W, 0x0000000000000001
2026/09/30 06:29:58.940, 50, 0 %, 59 MiB, 300 MHz, 1.60 W, 0x0000000000000001
2026/09/30 06:30:08.964, 50, 0 %, 59 MiB, 300 MHz, 1.60 W, 0x0000000000000001
2026/09/30 06:30:18.986, 50, 0 %, 59 MiB, 300 MHz, 1.61 W, 0x0000000000000001
2026/09/30 06:30:29.008, 50, 0 %, 59 MiB, 300 MHz, 1.57 W, 0x0000000000000001
2026/09/30 06:30:39.030, 50, 0 %, 59 MiB, 300 MHz, 1.90 W, 0x0000000000000001
2026/09/30 06:30:49.052, 50, 0 %, 59 MiB, 300 MHz, 1.63 W, 0x0000000000000001
2026/09/30 06:30:59.074, 50, 0 %, 59 MiB, 300 MHz, 1.54 W, 0x0000000000000001
2026/09/30 06:31:09.098, 50, 0 %, 59 MiB, 300 MHz, 1.54 W, 0x0000000000000001
2026/09/30 06:31:19.120, 50, 0 %, 59 MiB, 300 MHz, 1.45 W, 0x0000000000000001
2026/09/30 06:31:29.144, 50, 0 %, 59 MiB, 300 MHz, 1.50 W, 0x0000000000000001
2026/09/30 06:31:39.168, 50, 0 %, 59 MiB, 300 MHz, 1.43 W, 0x0000000000000001
2026/09/30 06:31:49.191, 50, 0 %, 59 MiB, 300 MHz, 1.83 W, 0x0000000000000001
2026/09/30 06:31:59.218, 50, 0 %, 59 MiB, 300 MHz, 1.56 W, 0x0000000000000001
2026/09/30 06:32:09.243, 50, 0 %, 59 MiB, 300 MHz, 1.48 W, 0x0000000000000001
2026/09/30 06:32:19.271, 50, 0 %, 59 MiB, 300 MHz, 1.35 W, 0x0000000000000001
2026/09/30 06:32:29.296, 50, 0 %, 59 MiB, 300 MHz, 1.54 W, 0x0000000000000001
2026/09/30 06:32:39.321, 50, 0 %, 59 MiB, 300 MHz, 1.90 W, 0x0000000000000001
2026/09/30 06:32:49.343, 50, 0 %, 59 MiB, 300 MHz, 1.62 W, 0x0000000000000001
2026/09/30 06:32:59.368, 50, 0 %, 59 MiB, 300 MHz, 1.51 W, 0x0000000000000001
2026/09/30 06:33:09.390, 50, 0 %, 59 MiB, 300 MHz, 1.57 W, 0x0000000000000001
2026/09/30 06:33:19.414, 50, 0 %, 59 MiB, 300 MHz, 1.53 W, 0x0000000000000001
2026/09/30 06:33:29.439, 50, 0 %, 59 MiB, 300 MHz, 1.55 W, 0x0000000000000001
2026/09/30 06:33:39.465, 50, 0 %, 59 MiB, 300 MHz, 1.52 W, 0x0000000000000001
2026/09/30 06:33:49.486, 50, 0 %, 59 MiB, 300 MHz, 1.97 W, 0x0000000000000001
2026/09/30 06:33:59.509, 50, 0 %, 59 MiB, 300 MHz, 1.66 W, 0x0000000000000001
2026/09/30 06:34:09.532, 50, 0 %, 59 MiB, 300 MHz, 1.63 W, 0x0000000000000001
2026/09/30 06:34:19.554, 50, 0 %, 59 MiB, 300 MHz, 1.66 W, 0x0000000000000001
2026/09/30 06:34:29.576, 50, 0 %, 59 MiB, 300 MHz, 1.61 W, 0x0000000000000001
2026/09/30 06:34:39.597, 50, 0 %, 59 MiB, 300 MHz, 1.59 W, 0x0000000000000001
2026/09/30 06:34:49.622, 50, 0 %, 59 MiB, 300 MHz, 1.62 W, 0x0000000000000001
2026/09/30 06:34:59.647, 50, 0 %, 59 MiB, 300 MHz, 1.71 W, 0x0000000000000001
2026/09/30 06:35:09.672, 50, 0 %, 59 MiB, 300 MHz, 1.51 W, 0x0000000000000001
2026/09/30 06:35:19.696, 50, 0 %, 59 MiB, 300 MHz, 1.49 W, 0x0000000000000001
2026/09/30 06:35:29.721, 50, 0 %, 59 MiB, 300 MHz, 1.47 W, 0x0000000000000001
2026/09/30 06:35:39.743, 50, 0 %, 59 MiB, 300 MHz, 1.59 W, 0x0000000000000001
2026/09/30 06:35:49.767, 50, 0 %, 59 MiB, 300 MHz, 1.58 W, 0x0000000000000001
2026/09/30 06:35:59.791, 50, 0 %, 59 MiB, 300 MHz, 1.87 W, 0x0000000000000001
2026/09/30 06:36:09.815, 50, 0 %, 59 MiB, 300 MHz, 1.59 W, 0x0000000000000001
2026/09/30 06:36:19.839, 50, 0 %, 59 MiB, 300 MHz, 1.57 W, 0x0000000000000001
2026/09/30 06:36:29.865, 50, 0 %, 59 MiB, 300 MHz, 1.59 W, 0x0000000000000001
2026/09/30 06:36:39.889, 50, 0 %, 59 MiB, 300 MHz, 1.62 W, 0x0000000000000001
2026/09/30 06:36:49.911, 50, 0 %, 59 MiB, 300 MHz, 1.63 W, 0x0000000000000001
2026/09/30 06:36:59.933, 50, 0 %, 59 MiB, 300 MHz, 1.56 W, 0x0000000000000001
2026/09/30 06:37:09.955, 50, 0 %, 59 MiB, 300 MHz, 1.81 W, 0x0000000000000001
2026/09/30 06:37:19.979, 50, 0 %, 59 MiB, 300 MHz, 1.55 W, 0x0000000000000001
2026/09/30 06:37:30.001, 50, 0 %, 59 MiB, 300 MHz, 1.56 W, 0x0000000000000001
2026/09/30 06:37:40.023, 50, 0 %, 59 MiB, 300 MHz, 1.52 W, 0x0000000000000001
2026/09/30 06:37:50.047, 50, 0 %, 59 MiB, 300 MHz, 1.49 W, 0x0000000000000001
2026/09/30 06:38:00.071, 50, 0 %, 59 MiB, 300 MHz, 1.51 W, 0x0000000000000001
2026/09/30 06:38:10.093, 50, 0 %, 59 MiB, 300 MHz, 1.52 W, 0x0000000000000001
2026/09/30 06:38:20.116, 50, 0 %, 59 MiB, 300 MHz, 1.74 W, 0x0000000000000001
2026/09/30 06:38:30.138, 50, 0 %, 59 MiB, 300 MHz, 1.54 W, 0x0000000000000001
2026/09/30 06:38:40.163, 50, 0 %, 59 MiB, 300 MHz, 1.44 W, 0x0000000000000001
2026/09/30 06:38:50.187, 50, 0 %, 59 MiB, 300 MHz, 1.57 W, 0x0000000000000001
2026/09/30 06:39:00.209, 50, 0 %, 59 MiB, 300 MHz, 1.59 W, 0x0000000000000001
2026/09/30 06:39:10.231, 50, 0 %, 59 MiB, 300 MHz, 1.61 W, 0x0000000000000001
2026/09/30 06:39:20.256, 50, 0 %, 59 MiB, 300 MHz, 2.06 W, 0x0000000000000001
2026/09/30 06:39:30.281, 50, 0 %, 59 MiB, 300 MHz, 1.70 W, 0x0000000000000001
2026/09/30 06:39:40.304, 50, 0 %, 59 MiB, 300 MHz, 1.57 W, 0x0000000000000001
2026/09/30 06:39:50.330, 50, 0 %, 59 MiB, 300 MHz, 1.60 W, 0x0000000000000001
2026/09/30 06:40:00.352, 50, 0 %, 59 MiB, 300 MHz, 1.62 W, 0x0000000000000001
2026/09/30 06:40:10.376, 50, 0 %, 59 MiB, 300 MHz, 1.53 W, 0x0000000000000001
2026/09/30 06:40:20.402, 50, 0 %, 59 MiB, 300 MHz, 1.57 W, 0x0000000000000001
2026/09/30 06:40:30.428, 50, 0 %, 59 MiB, 300 MHz, 1.70 W, 0x0000000000000001
2026/09/30 06:40:40.449, 50, 0 %, 59 MiB, 300 MHz, 1.58 W, 0x0000000000000001
2026/09/30 06:40:50.473, 50, 0 %, 59 MiB, 300 MHz, 1.57 W, 0x0000000000000001
2026/09/30 06:41:00.497, 50, 0 %, 59 MiB, 300 MHz, 1.51 W, 0x0000000000000001
2026/09/30 06:41:10.519, 50, 0 %, 59 MiB, 300 MHz, 1.55 W, 0x0000000000000001
2026/09/30 06:41:20.543, 50, 0 %, 59 MiB, 300 MHz, 1.55 W, 0x0000000000000001
2026/09/30 06:41:30.565, 50, 0 %, 59 MiB, 300 MHz, 2.04 W, 0x0000000000000001
2026/09/30 06:41:40.589, 50, 0 %, 59 MiB, 300 MHz, 1.59 W, 0x0000000000000001
2026/09/30 06:41:50.613, 50, 0 %, 59 MiB, 300 MHz, 1.49 W, 0x0000000000000001
2026/09/30 06:42:00.635, 50, 0 %, 59 MiB, 300 MHz, 1.58 W, 0x0000000000000001
2026/09/30 06:42:10.657, 50, 0 %, 59 MiB, 300 MHz, 1.60 W, 0x0000000000000001
2026/09/30 06:42:20.679, 50, 0 %, 59 MiB, 300 MHz, 1.59 W, 0x0000000000000001
2026/09/30 06:42:30.703, 50, 0 %, 59 MiB, 300 MHz, 1.60 W, 0x0000000000000001
2026/09/30 06:42:40.726, 50, 0 %, 59 MiB, 300 MHz, 1.97 W, 0x0000000000000001
2026/09/30 06:42:50.748, 50, 0 %, 59 MiB, 300 MHz, 1.67 W, 0x0000000000000001
2026/09/30 06:43:00.771, 50, 0 %, 59 MiB, 300 MHz, 1.56 W, 0x0000000000000001
2026/09/30 06:43:10.793, 50, 0 %, 59 MiB, 300 MHz, 1.55 W, 0x0000000000000001
2026/09/30 06:43:20.820, 50, 0 %, 59 MiB, 300 MHz, 1.52 W, 0x0000000000000001
2026/09/30 06:43:30.842, 50, 0 %, 59 MiB, 300 MHz, 1.53 W, 0x0000000000000001
2026/09/30 06:43:40.868, 50, 0 %, 59 MiB, 300 MHz, 1.48 W, 0x0000000000000001
2026/09/30 06:43:50.892, 50, 0 %, 59 MiB, 300 MHz, 1.74 W, 0x0000000000000001
2026/09/30 06:44:00.917, 50, 0 %, 59 MiB, 300 MHz, 1.52 W, 0x0000000000000001
2026/09/30 06:44:10.939, 50, 0 %, 59 MiB, 300 MHz, 1.53 W, 0x0000000000000001
2026/09/30 06:44:20.963, 50, 0 %, 59 MiB, 300 MHz, 1.43 W, 0x0000000000000001
2026/09/30 06:44:30.987, 50, 0 %, 59 MiB, 300 MHz, 1.39 W, 0x0000000000000001
2026/09/30 06:44:41.013, 50, 0 %, 59 MiB, 300 MHz, 1.54 W, 0x0000000000000001
2026/09/30 06:44:51.036, 50, 0 %, 59 MiB, 300 MHz, 1.99 W, 0x0000000000000001
2026/09/30 06:45:01.058, 50, 0 %, 59 MiB, 300 MHz, 1.55 W, 0x0000000000000001
2026/09/30 06:45:11.081, 50, 0 %, 59 MiB, 300 MHz, 1.54 W, 0x0000000000000001
2026/09/30 06:45:21.103, 50, 0 %, 59 MiB, 300 MHz, 1.49 W, 0x0000000000000001
2026/09/30 06:45:31.125, 50, 0 %, 59 MiB, 300 MHz, 1.53 W, 0x0000000000000001
2026/09/30 06:45:41.148, 50, 0 %, 59 MiB, 300 MHz, 1.53 W, 0x0000000000000001
2026/09/30 06:45:51.172, 50, 0 %, 59 MiB, 300 MHz, 1.51 W, 0x0000000000000001
2026/09/30 06:46:01.197, 50, 0 %, 59 MiB, 300 MHz, 1.95 W, 0x0000000000000001
2026/09/30 06:46:11.222, 50, 0 %, 59 MiB, 300 MHz, 1.63 W, 0x0000000000000001
2026/09/30 06:46:21.245, 50, 0 %, 59 MiB, 300 MHz, 1.59 W, 0x0000000000000001
2026/09/30 06:46:31.268, 50, 0 %, 59 MiB, 300 MHz, 1.59 W, 0x0000000000000001
2026/09/30 06:46:41.291, 50, 0 %, 59 MiB, 300 MHz, 1.58 W, 0x0000000000000001
2026/09/30 06:46:51.313, 50, 0 %, 59 MiB, 300 MHz, 1.59 W, 0x0000000000000001
2026/09/30 06:47:01.339, 50, 0 %, 59 MiB, 300 MHz, 1.95 W, 0x0000000000000001
2026/09/30 06:47:11.363, 50, 0 %, 59 MiB, 300 MHz, 1.61 W, 0x0000000000000001
2026/09/30 06:47:21.397, 50, 0 %, 59 MiB, 300 MHz, 1.52 W, 0x0000000000000001
2026/09/30 06:47:31.418, 50, 0 %, 59 MiB, 300 MHz, 1.50 W, 0x0000000000000001
2026/09/30 06:47:41.441, 50, 0 %, 59 MiB, 300 MHz, 1.51 W, 0x0000000000000001
2026/09/30 06:47:51.465, 50, 0 %, 59 MiB, 300 MHz, 1.46 W, 0x0000000000000001
2026/09/30 06:48:01.486, 50, 0 %, 59 MiB, 300 MHz, 1.53 W, 0x0000000000000001
2026/09/30 06:48:11.508, 50, 0 %, 59 MiB, 300 MHz, 1.93 W, 0x0000000000000001
2026/09/30 06:48:21.529, 50, 0 %, 59 MiB, 300 MHz, 1.71 W, 0x0000000000000001
2026/09/30 06:48:31.554, 50, 0 %, 59 MiB, 300 MHz, 1.64 W, 0x0000000000000001
2026/09/30 06:48:41.577, 50, 0 %, 59 MiB, 300 MHz, 1.66 W, 0x0000000000000001
2026/09/30 06:48:51.601, 50, 0 %, 59 MiB, 300 MHz, 1.65 W, 0x0000000000000001
2026/09/30 06:49:01.625, 50, 0 %, 59 MiB, 300 MHz, 1.67 W, 0x0000000000000001
2026/09/30 06:49:11.647, 50, 0 %, 59 MiB, 300 MHz, 1.65 W, 0x0000000000000001
2026/09/30 06:49:21.668, 50, 0 %, 59 MiB, 300 MHz, 1.77 W, 0x0000000000000001
2026/09/30 06:49:31.694, 50, 0 %, 59 MiB, 300 MHz, 1.53 W, 0x0000000000000001
2026/09/30 06:49:41.717, 50, 0 %, 59 MiB, 300 MHz, 1.53 W, 0x0000000000000001
2026/09/30 06:49:51.741, 50, 0 %, 59 MiB, 300 MHz, 1.47 W, 0x0000000000000001
2026/09/30 06:50:01.763, 50, 0 %, 59 MiB, 300 MHz, 1.55 W, 0x0000000000000001
2026/09/30 06:50:11.784, 50, 0 %, 59 MiB, 300 MHz, 1.55 W, 0x0000000000000001
2026/09/30 06:50:21.807, 50, 0 %, 59 MiB, 300 MHz, 1.60 W, 0x0000000000000001
2026/09/30 06:50:31.832, 50, 0 %, 59 MiB, 300 MHz, 1.69 W, 0x0000000000000001
2026/09/30 06:50:41.854, 50, 0 %, 59 MiB, 300 MHz, 1.51 W, 0x0000000000000001
2026/09/30 06:50:51.880, 50, 0 %, 59 MiB, 300 MHz, 1.61 W, 0x0000000000000001
2026/09/30 06:51:01.902, 50, 0 %, 59 MiB, 300 MHz, 1.54 W, 0x0000000000000001
2026/09/30 06:51:11.928, 50, 0 %, 59 MiB, 300 MHz, 1.55 W, 0x0000000000000001
2026/09/30 06:51:21.950, 50, 0 %, 59 MiB, 300 MHz, 1.49 W, 0x0000000000000001
2026/09/30 06:51:31.977, 50, 0 %, 59 MiB, 300 MHz, 1.90 W, 0x0000000000000001
2026/09/30 06:51:42.002, 50, 0 %, 59 MiB, 300 MHz, 1.53 W, 0x0000000000000001
2026/09/30 06:51:52.024, 50, 0 %, 59 MiB, 300 MHz, 1.59 W, 0x0000000000000001
2026/09/30 06:52:02.050, 50, 0 %, 59 MiB, 300 MHz, 1.62 W, 0x0000000000000001
2026/09/30 06:52:12.072, 50, 0 %, 59 MiB, 300 MHz, 1.55 W, 0x0000000000000001
2026/09/30 06:52:22.097, 50, 0 %, 59 MiB, 300 MHz, 1.30 W, 0x0000000000000001
2026/09/30 06:52:32.119, 50, 0 %, 59 MiB, 300 MHz, 1.99 W, 0x0000000000000001
2026/09/30 06:52:42.144, 50, 0 %, 59 MiB, 300 MHz, 1.55 W, 0x0000000000000001
2026/09/30 06:52:52.171, 50, 0 %, 59 MiB, 300 MHz, 1.49 W, 0x0000000000000001
2026/09/30 06:53:02.194, 50, 0 %, 59 MiB, 300 MHz, 1.52 W, 0x0000000000000001
2026/09/30 06:53:12.219, 50, 0 %, 59 MiB, 300 MHz, 1.53 W, 0x0000000000000001
2026/09/30 06:53:22.242, 50, 0 %, 59 MiB, 300 MHz, 1.61 W, 0x0000000000000001
2026/09/30 06:53:32.264, 50, 0 %, 59 MiB, 300 MHz, 1.42 W, 0x0000000000000001
2026/09/30 06:53:42.287, 50, 0 %, 59 MiB, 300 MHz, 1.69 W, 0x0000000000000001
2026/09/30 06:53:52.313, 50, 0 %, 59 MiB, 300 MHz, 1.51 W, 0x0000000000000001
2026/09/30 06:54:02.334, 50, 0 %, 59 MiB, 300 MHz, 1.56 W, 0x0000000000000001
2026/09/30 06:54:12.356, 50, 0 %, 59 MiB, 300 MHz, 1.63 W, 0x0000000000000001
2026/09/30 06:54:22.378, 50, 0 %, 59 MiB, 300 MHz, 1.53 W, 0x0000000000000001
2026/09/30 06:54:32.400, 50, 0 %, 59 MiB, 300 MHz, 1.57 W, 0x0000000000000001
2026/09/30 06:54:42.422, 50, 0 %, 59 MiB, 300 MHz, 1.87 W, 0x0000000000000001
2026/09/30 06:54:52.444, 50, 0 %, 59 MiB, 300 MHz, 1.55 W, 0x0000000000000001
2026/09/30 06:55:02.470, 50, 0 %, 59 MiB, 300 MHz, 1.52 W, 0x0000000000000001
2026/09/30 06:55:12.492, 50, 0 %, 59 MiB, 300 MHz, 1.49 W, 0x0000000000000001
2026/09/30 06:55:22.518, 50, 0 %, 59 MiB, 300 MHz, 1.49 W, 0x0000000000000001
2026/09/30 06:55:32.540, 50, 0 %, 59 MiB, 300 MHz, 1.36 W, 0x0000000000000001
2026/09/30 06:55:42.567, 50, 0 %, 59 MiB, 300 MHz, 1.54 W, 0x0000000000000001
2026/09/30 06:55:52.589, 50, 0 %, 59 MiB, 300 MHz, 1.71 W, 0x0000000000000001
2026/09/30 06:56:02.611, 50, 0 %, 59 MiB, 300 MHz, 1.58 W, 0x0000000000000001
2026/09/30 06:56:12.637, 50, 0 %, 59 MiB, 300 MHz, 1.57 W, 0x0000000000000001
2026/09/30 06:56:22.659, 50, 0 %, 59 MiB, 300 MHz, 1.46 W, 0x0000000000000001
2026/09/30 06:56:32.684, 50, 0 %, 59 MiB, 300 MHz, 1.63 W, 0x0000000000000001
2026/09/30 06:56:42.706, 50, 0 %, 59 MiB, 300 MHz, 1.44 W, 0x0000000000000001
2026/09/30 06:56:52.730, 50, 0 %, 59 MiB, 300 MHz, 1.72 W, 0x0000000000000001
2026/09/30 06:57:02.756, 50, 0 %, 59 MiB, 300 MHz, 1.50 W, 0x0000000000000001
2026/09/30 06:57:12.778, 50, 0 %, 59 MiB, 300 MHz, 1.56 W, 0x0000000000000001
2026/09/30 06:57:22.799, 50, 0 %, 59 MiB, 300 MHz, 1.47 W, 0x0000000000000001
2026/09/30 06:57:32.823, 50, 0 %, 59 MiB, 300 MHz, 1.50 W, 0x0000000000000001
2026/09/30 06:57:42.848, 50, 0 %, 59 MiB, 300 MHz, 1.49 W, 0x0000000000000001
2026/09/30 06:57:52.871, 50, 0 %, 59 MiB, 300 MHz, 1.94 W, 0x0000000000000001
2026/09/30 06:58:02.897, 50, 0 %, 59 MiB, 300 MHz, 1.67 W, 0x0000000000000001
2026/09/30 06:58:12.920, 50, 0 %, 59 MiB, 300 MHz, 1.58 W, 0x0000000000000001
2026/09/30 06:58:22.942, 50, 0 %, 59 MiB, 300 MHz, 1.55 W, 0x0000000000000001
2026/09/30 06:58:32.966, 50, 0 %, 59 MiB, 300 MHz, 1.53 W, 0x0000000000000001
2026/09/30 06:58:42.993, 50, 0 %, 59 MiB, 300 MHz, 1.39 W, 0x0000000000000001
2026/09/30 06:58:53.021, 50, 0 %, 59 MiB, 300 MHz, 1.52 W, 0x0000000000000001
2026/09/30 06:59:03.044, 50, 0 %, 59 MiB, 300 MHz, 1.62 W, 0x0000000000000001
2026/09/30 06:59:13.067, 50, 0 %, 59 MiB, 300 MHz, 1.46 W, 0x0000000000000001
2026/09/30 06:59:23.095, 50, 0 %, 59 MiB, 300 MHz, 1.48 W, 0x0000000000000001
2026/09/30 06:59:33.117, 50, 0 %, 59 MiB, 300 MHz, 1.47 W, 0x0000000000000001
2026/09/30 06:59:43.142, 50, 0 %, 59 MiB, 300 MHz, 1.50 W, 0x0000000000000001
2026/09/30 06:59:53.164, 50, 0 %, 59 MiB, 300 MHz, 1.52 W, 0x0000000000000001
2026/09/30 07:00:03.186, 50, 0 %, 59 MiB, 300 MHz, 1.89 W, 0x0000000000000001
2026/09/30 07:00:13.207, 50, 0 %, 59 MiB, 300 MHz, 1.64 W, 0x0000000000000001
2026/09/30 07:00:23.233, 50, 0 %, 59 MiB, 300 MHz, 1.60 W, 0x0000000000000001
2026/09/30 07:00:33.257, 50, 0 %, 59 MiB, 300 MHz, 1.60 W, 0x0000000000000001
2026/09/30 07:00:43.282, 50, 0 %, 59 MiB, 300 MHz, 1.59 W, 0x0000000000000001
2026/09/30 07:00:53.304, 50, 0 %, 59 MiB, 300 MHz, 1.48 W, 0x0000000000000001
2026/09/30 07:01:03.325, 50, 0 %, 59 MiB, 300 MHz, 1.52 W, 0x0000000000000001
2026/09/30 07:01:13.347, 50, 0 %, 59 MiB, 300 MHz, 1.89 W, 0x0000000000000001
2026/09/30 07:01:23.368, 50, 0 %, 59 MiB, 300 MHz, 1.64 W, 0x0000000000000001
2026/09/30 07:01:33.393, 50, 0 %, 59 MiB, 300 MHz, 1.60 W, 0x0000000000000001
2026/09/30 07:01:43.418, 50, 0 %, 59 MiB, 300 MHz, 1.60 W, 0x0000000000000001
2026/09/30 07:01:53.442, 50, 0 %, 59 MiB, 300 MHz, 1.64 W, 0x0000000000000001
2026/09/30 07:02:03.466, 50, 0 %, 59 MiB, 300 MHz, 1.67 W, 0x0000000000000001
2026/09/30 07:02:13.491, 50, 0 %, 59 MiB, 300 MHz, 1.90 W, 0x0000000000000001
2026/09/30 07:02:23.516, 50, 0 %, 59 MiB, 300 MHz, 1.65 W, 0x0000000000000001
2026/09/30 07:02:33.538, 50, 0 %, 59 MiB, 300 MHz, 1.55 W, 0x0000000000000001
2026/09/30 07:02:43.560, 50, 0 %, 59 MiB, 300 MHz, 1.56 W, 0x0000000000000001
2026/09/30 07:02:53.584, 50, 0 %, 59 MiB, 300 MHz, 1.61 W, 0x0000000000000001
2026/09/30 07:03:03.608, 50, 0 %, 59 MiB, 300 MHz, 1.56 W, 0x0000000000000001
2026/09/30 07:03:13.631, 50, 0 %, 59 MiB, 300 MHz, 1.59 W, 0x0000000000000001
2026/09/30 07:03:23.657, 50, 0 %, 59 MiB, 300 MHz, 1.82 W, 0x0000000000000001
2026/09/30 07:03:33.681, 50, 0 %, 59 MiB, 300 MHz, 1.60 W, 0x0000000000000001
2026/09/30 07:03:43.702, 50, 0 %, 59 MiB, 300 MHz, 1.57 W, 0x0000000000000001
2026/09/30 07:03:53.724, 50, 0 %, 59 MiB, 300 MHz, 1.64 W, 0x0000000000000001
2026/09/30 07:04:03.746, 50, 0 %, 59 MiB, 300 MHz, 1.58 W, 0x0000000000000001
2026/09/30 07:04:13.768, 50, 0 %, 59 MiB, 300 MHz, 1.57 W, 0x0000000000000001
2026/09/30 07:04:23.790, 50, 0 %, 59 MiB, 300 MHz, 1.52 W, 0x0000000000000001
2026/09/30 07:04:33.813, 50, 0 %, 59 MiB, 300 MHz, 1.70 W, 0x0000000000000001
2026/09/30 07:04:43.836, 50, 0 %, 59 MiB, 300 MHz, 1.51 W, 0x0000000000000001
2026/09/30 07:04:53.860, 50, 0 %, 59 MiB, 300 MHz, 1.48 W, 0x0000000000000001
2026/09/30 07:05:03.883, 50, 0 %, 59 MiB, 300 MHz, 1.47 W, 0x0000000000000001
2026/09/30 07:05:13.905, 50, 0 %, 59 MiB, 300 MHz, 1.52 W, 0x0000000000000001
2026/09/30 07:05:23.927, 50, 0 %, 59 MiB, 300 MHz, 1.50 W, 0x0000000000000001
2026/09/30 07:05:33.949, 50, 0 %, 59 MiB, 300 MHz, 2.08 W, 0x0000000000000001
2026/09/30 07:05:43.975, 50, 0 %, 59 MiB, 300 MHz, 1.75 W, 0x0000000000000001
2026/09/30 07:05:54.000, 50, 0 %, 59 MiB, 300 MHz, 1.61 W, 0x0000000000000001
2026/09/30 07:06:04.025, 50, 0 %, 59 MiB, 300 MHz, 1.61 W, 0x0000000000000001
2026/09/30 07:06:14.047, 50, 0 %, 59 MiB, 300 MHz, 1.61 W, 0x0000000000000001
2026/09/30 07:06:24.073, 50, 0 %, 59 MiB, 300 MHz, 1.59 W, 0x0000000000000001
2026/09/30 07:06:34.095, 50, 0 %, 59 MiB, 300 MHz, 1.56 W, 0x0000000000000001
2026/09/30 07:06:44.117, 50, 0 %, 59 MiB, 300 MHz, 1.85 W, 0x0000000000000001
2026/09/30 07:06:54.141, 50, 0 %, 59 MiB, 300 MHz, 1.51 W, 0x0000000000000001
2026/09/30 07:07:04.164, 50, 0 %, 59 MiB, 300 MHz, 1.50 W, 0x0000000000000001
2026/09/30 07:07:14.186, 50, 0 %, 59 MiB, 300 MHz, 1.51 W, 0x0000000000000001
2026/09/30 07:07:24.212, 50, 0 %, 59 MiB, 300 MHz, 1.45 W, 0x0000000000000001
2026/09/30 07:07:34.234, 50, 0 %, 59 MiB, 300 MHz, 1.47 W, 0x0000000000000001
2026/09/30 07:07:44.257, 50, 0 %, 59 MiB, 300 MHz, 1.95 W, 0x0000000000000001
2026/09/30 07:07:54.282, 50, 0 %, 59 MiB, 300 MHz, 1.64 W, 0x0000000000000001
2026/09/30 07:08:04.305, 50, 0 %, 59 MiB, 300 MHz, 1.50 W, 0x0000000000000001
2026/09/30 07:08:14.329, 50, 0 %, 59 MiB, 300 MHz, 1.53 W, 0x0000000000000001
2026/09/30 07:08:24.354, 50, 0 %, 59 MiB, 300 MHz, 1.59 W, 0x0000000000000001
2026/09/30 07:08:34.380, 50, 0 %, 59 MiB, 300 MHz, 1.56 W, 0x0000000000000001
2026/09/30 07:08:44.404, 50, 0 %, 59 MiB, 300 MHz, 1.59 W, 0x0000000000000001
2026/09/30 07:08:54.425, 50, 0 %, 59 MiB, 300 MHz, 1.75 W, 0x0000000000000001
2026/09/30 07:09:04.447, 50, 0 %, 59 MiB, 300 MHz, 1.53 W, 0x0000000000000001
2026/09/30 07:09:14.470, 50, 0 %, 59 MiB, 300 MHz, 1.52 W, 0x0000000000000001
2026/09/30 07:09:24.496, 50, 0 %, 59 MiB, 300 MHz, 1.54 W, 0x0000000000000001
2026/09/30 07:09:34.518, 50, 0 %, 59 MiB, 300 MHz, 1.46 W, 0x0000000000000001
2026/09/30 07:09:44.542, 50, 0 %, 59 MiB, 300 MHz, 1.47 W, 0x0000000000000001
2026/09/30 07:09:54.564, 50, 0 %, 59 MiB, 300 MHz, 2.02 W, 0x0000000000000001
2026/09/30 07:10:04.589, 50, 0 %, 59 MiB, 300 MHz, 1.71 W, 0x0000000000000001
2026/09/30 07:10:14.614, 50, 0 %, 59 MiB, 300 MHz, 1.71 W, 0x0000000000000001
2026/09/30 07:10:24.636, 50, 0 %, 59 MiB, 300 MHz, 1.45 W, 0x0000000000000001
2026/09/30 07:10:34.658, 50, 0 %, 59 MiB, 300 MHz, 1.55 W, 0x0000000000000001
2026/09/30 07:10:44.682, 50, 0 %, 59 MiB, 300 MHz, 1.54 W, 0x0000000000000001
2026/09/30 07:10:54.704, 50, 0 %, 59 MiB, 300 MHz, 1.66 W, 0x0000000000000001
2026/09/30 07:11:04.731, 50, 0 %, 59 MiB, 300 MHz, 1.84 W, 0x0000000000000001
2026/09/30 07:11:14.753, 50, 0 %, 59 MiB, 300 MHz, 1.50 W, 0x0000000000000001
2026/09/30 07:11:24.781, 50, 0 %, 59 MiB, 300 MHz, 1.50 W, 0x0000000000000001
2026/09/30 07:11:34.803, 50, 0 %, 59 MiB, 300 MHz, 1.56 W, 0x0000000000000001
2026/09/30 07:11:44.828, 50, 0 %, 59 MiB, 300 MHz, 1.54 W, 0x0000000000000001
2026/09/30 07:11:54.849, 50, 0 %, 59 MiB, 300 MHz, 1.56 W, 0x0000000000000001
2026/09/30 07:12:04.874, 50, 0 %, 59 MiB, 300 MHz, 1.52 W, 0x0000000000000001
2026/09/30 07:12:14.896, 50, 0 %, 59 MiB, 300 MHz, 1.83 W, 0x0000000000000001
2026/09/30 07:12:24.920, 50, 0 %, 59 MiB, 300 MHz, 1.53 W, 0x0000000000000001
2026/09/30 07:12:34.945, 50, 0 %, 59 MiB, 300 MHz, 1.56 W, 0x0000000000000001
2026/09/30 07:12:44.967, 50, 0 %, 59 MiB, 300 MHz, 1.51 W, 0x0000000000000001
2026/09/30 07:12:54.991, 50, 0 %, 59 MiB, 300 MHz, 1.53 W, 0x0000000000000001
2026/09/30 07:13:05.016, 50, 0 %, 59 MiB, 300 MHz, 1.51 W, 0x0000000000000001
2026/09/30 07:13:15.039, 50, 0 %, 59 MiB, 300 MHz, 2.00 W, 0x0000000000000001
2026/09/30 07:13:25.060, 50, 0 %, 59 MiB, 300 MHz, 1.65 W, 0x0000000000000001
2026/09/30 07:13:35.082, 50, 0 %, 59 MiB, 300 MHz, 1.55 W, 0x0000000000000001
2026/09/30 07:13:45.108, 50, 0 %, 59 MiB, 300 MHz, 1.52 W, 0x0000000000000001
2026/09/30 07:13:55.132, 50, 0 %, 59 MiB, 300 MHz, 1.62 W, 0x0000000000000001
2026/09/30 07:14:05.154, 50, 0 %, 59 MiB, 300 MHz, 1.55 W, 0x0000000000000001
2026/09/30 07:14:15.177, 50, 0 %, 59 MiB, 300 MHz, 1.59 W, 0x0000000000000001
2026/09/30 07:14:25.204, 50, 0 %, 59 MiB, 300 MHz, 1.82 W, 0x0000000000000001
2026/09/30 07:14:35.229, 50, 0 %, 59 MiB, 300 MHz, 1.48 W, 0x0000000000000001
2026/09/30 07:14:45.252, 50, 0 %, 59 MiB, 300 MHz, 1.55 W, 0x0000000000000001
2026/09/30 07:14:55.276, 50, 0 %, 59 MiB, 300 MHz, 1.51 W, 0x0000000000000001
2026/09/30 07:15:05.298, 50, 0 %, 59 MiB, 300 MHz, 1.58 W, 0x0000000000000001
2026/09/30 07:15:15.323, 50, 0 %, 59 MiB, 300 MHz, 1.13 W, 0x0000000000000001
2026/09/30 07:15:25.345, 50, 0 %, 59 MiB, 300 MHz, 2.01 W, 0x0000000000000001
2026/09/30 07:15:35.369, 50, 0 %, 59 MiB, 300 MHz, 1.72 W, 0x0000000000000001
2026/09/30 07:15:45.393, 50, 0 %, 59 MiB, 300 MHz, 1.76 W, 0x0000000000000001
2026/09/30 07:15:55.416, 50, 0 %, 59 MiB, 300 MHz, 1.66 W, 0x0000000000000001
2026/09/30 07:16:05.439, 50, 0 %, 59 MiB, 300 MHz, 1.60 W, 0x0000000000000001
2026/09/30 07:16:15.465, 50, 0 %, 59 MiB, 300 MHz, 1.70 W, 0x0000000000000001
2026/09/30 07:16:25.487, 50, 0 %, 59 MiB, 300 MHz, 1.67 W, 0x0000000000000001
2026/09/30 07:16:35.510, 50, 0 %, 59 MiB, 300 MHz, 1.65 W, 0x0000000000000001
2026/09/30 07:16:45.534, 50, 0 %, 59 MiB, 300 MHz, 1.47 W, 0x0000000000000001
2026/09/30 07:16:55.556, 50, 0 %, 59 MiB, 300 MHz, 1.50 W, 0x0000000000000001
2026/09/30 07:17:05.578, 50, 0 %, 59 MiB, 300 MHz, 1.49 W, 0x0000000000000001
2026/09/30 07:17:15.602, 50, 0 %, 59 MiB, 300 MHz, 1.52 W, 0x0000000000000001
2026/09/30 07:17:25.625, 50, 0 %, 59 MiB, 300 MHz, 1.52 W, 0x0000000000000001
2026/09/30 07:17:35.650, 50, 0 %, 59 MiB, 300 MHz, 1.85 W, 0x0000000000000001
2026/09/30 07:17:45.673, 50, 0 %, 59 MiB, 300 MHz, 1.53 W, 0x0000000000000001
2026/09/30 07:17:55.695, 50, 0 %, 59 MiB, 300 MHz, 1.60 W, 0x0000000000000001
2026/09/30 07:18:05.720, 50, 0 %, 59 MiB, 300 MHz, 1.44 W, 0x0000000000000001
2026/09/30 07:18:15.744, 50, 0 %, 59 MiB, 300 MHz, 1.59 W, 0x0000000000000001
2026/09/30 07:18:25.769, 50, 0 %, 59 MiB, 300 MHz, 1.55 W, 0x0000000000000001
2026/09/30 07:18:35.792, 50, 0 %, 59 MiB, 300 MHz, 1.40 W, 0x0000000000000001
2026/09/30 07:18:45.814, 50, 0 %, 59 MiB, 300 MHz, 1.71 W, 0x0000000000000001
2026/09/30 07:18:55.838, 50, 0 %, 59 MiB, 300 MHz, 1.54 W, 0x0000000000000001
2026/09/30 07:19:05.861, 50, 0 %, 59 MiB, 300 MHz, 1.51 W, 0x0000000000000001
2026/09/30 07:19:15.883, 50, 0 %, 59 MiB, 300 MHz, 1.50 W, 0x0000000000000001
2026/09/30 07:19:25.908, 50, 0 %, 59 MiB, 300 MHz, 1.59 W, 0x0000000000000001
2026/09/30 07:19:35.929, 50, 0 %, 59 MiB, 300 MHz, 1.51 W, 0x0000000000000001
2026/09/30 07:19:45.956, 50, 0 %, 59 MiB, 300 MHz, 1.79 W, 0x0000000000000001
2026/09/30 07:19:55.981, 50, 0 %, 59 MiB, 300 MHz, 1.55 W, 0x0000000000000001
2026/09/30 07:20:06.003, 50, 0 %, 59 MiB, 300 MHz, 1.48 W, 0x0000000000000001
2026/09/30 07:20:16.032, 50, 0 %, 59 MiB, 300 MHz, 1.47 W, 0x0000000000000001
2026/09/30 07:20:26.055, 50, 0 %, 59 MiB, 300 MHz, 1.63 W, 0x0000000000000001
2026/09/30 07:20:36.077, 50, 0 %, 59 MiB, 300 MHz, 1.59 W, 0x0000000000000001
2026/09/30 07:20:46.099, 50, 0 %, 59 MiB, 300 MHz, 1.82 W, 0x0000000000000001
2026/09/30 07:20:56.125, 50, 0 %, 59 MiB, 300 MHz, 1.63 W, 0x0000000000000001
2026/09/30 07:21:06.147, 50, 0 %, 59 MiB, 300 MHz, 1.54 W, 0x0000000000000001
2026/09/30 07:21:16.172, 50, 0 %, 59 MiB, 300 MHz, 1.52 W, 0x0000000000000001
2026/09/30 07:21:26.196, 50, 0 %, 59 MiB, 300 MHz, 1.51 W, 0x0000000000000001
2026/09/30 07:21:36.217, 50, 0 %, 59 MiB, 300 MHz, 1.48 W, 0x0000000000000001
2026/09/30 07:21:46.239, 50, 0 %, 59 MiB, 300 MHz, 1.51 W, 0x0000000000000001
2026/09/30 07:21:56.261, 50, 0 %, 59 MiB, 300 MHz, 1.94 W, 0x0000000000000001
2026/09/30 07:22:06.283, 50, 0 %, 59 MiB, 300 MHz, 1.61 W, 0x0000000000000001
2026/09/30 07:22:16.310, 50, 0 %, 59 MiB, 300 MHz, 1.53 W, 0x0000000000000001
2026/09/30 07:22:26.333, 50, 0 %, 59 MiB, 300 MHz, 1.55 W, 0x0000000000000001
2026/09/30 07:22:36.355, 50, 0 %, 59 MiB, 300 MHz, 1.48 W, 0x0000000000000001
2026/09/30 07:22:46.376, 50, 0 %, 59 MiB, 300 MHz, 1.58 W, 0x0000000000000001
2026/09/30 07:22:56.400, 50, 0 %, 59 MiB, 300 MHz, 1.60 W, 0x0000000000000001
2026/09/30 07:23:06.422, 50, 0 %, 59 MiB, 300 MHz, 1.83 W, 0x0000000000000001
2026/09/30 07:23:16.447, 50, 0 %, 59 MiB, 300 MHz, 1.51 W, 0x0000000000000001
2026/09/30 07:23:26.469, 50, 0 %, 59 MiB, 300 MHz, 1.54 W, 0x0000000000000001
2026/09/30 07:23:36.491, 50, 0 %, 59 MiB, 300 MHz, 1.43 W, 0x0000000000000001
2026/09/30 07:23:46.513, 50, 0 %, 59 MiB, 300 MHz, 1.48 W, 0x0000000000000001
2026/09/30 07:23:56.539, 50, 0 %, 59 MiB, 300 MHz, 1.56 W, 0x0000000000000001
2026/09/30 07:24:06.563, 50, 0 %, 59 MiB, 300 MHz, 1.55 W, 0x0000000000000001
2026/09/30 07:24:16.585, 50, 0 %, 59 MiB, 300 MHz, 1.69 W, 0x0000000000000001
2026/09/30 07:24:26.609, 50, 0 %, 59 MiB, 300 MHz, 1.59 W, 0x0000000000000001
2026/09/30 07:24:36.632, 50, 0 %, 59 MiB, 300 MHz, 1.54 W, 0x0000000000000001
2026/09/30 07:24:46.655, 50, 0 %, 59 MiB, 300 MHz, 1.55 W, 0x0000000000000001
2026/09/30 07:24:56.678, 50, 0 %, 59 MiB, 300 MHz, 1.53 W, 0x0000000000000001
2026/09/30 07:25:06.705, 50, 0 %, 59 MiB, 300 MHz, 1.54 W, 0x0000000000000001
2026/09/30 07:25:16.727, 50, 0 %, 59 MiB, 300 MHz, 1.86 W, 0x0000000000000001
2026/09/30 07:25:26.750, 50, 0 %, 59 MiB, 300 MHz, 1.59 W, 0x0000000000000001
2026/09/30 07:25:36.775, 50, 0 %, 59 MiB, 300 MHz, 1.58 W, 0x0000000000000001
2026/09/30 07:25:46.799, 50, 0 %, 59 MiB, 300 MHz, 1.58 W, 0x0000000000000001
2026/09/30 07:25:56.822, 50, 0 %, 59 MiB, 300 MHz, 1.58 W, 0x0000000000000001
2026/09/30 07:26:06.846, 50, 0 %, 59 MiB, 300 MHz, 1.60 W, 0x0000000000000001
2026/09/30 07:26:16.869, 50, 0 %, 59 MiB, 300 MHz, 1.97 W, 0x0000000000000001
2026/09/30 07:26:26.894, 50, 0 %, 59 MiB, 300 MHz, 1.64 W, 0x0000000000000001
2026/09/30 07:26:36.916, 50, 0 %, 59 MiB, 300 MHz, 1.49 W, 0x0000000000000001
2026/09/30 07:26:46.938, 50, 0 %, 59 MiB, 300 MHz, 1.54 W, 0x0000000000000001
2026/09/30 07:26:56.961, 50, 0 %, 59 MiB, 300 MHz, 1.49 W, 0x0000000000000001
2026/09/30 07:27:06.988, 50, 0 %, 59 MiB, 300 MHz, 1.50 W, 0x0000000000000001
2026/09/30 07:27:17.011, 50, 0 %, 59 MiB, 300 MHz, 1.44 W, 0x0000000000000001
2026/09/30 07:27:27.033, 50, 0 %, 59 MiB, 300 MHz, 1.92 W, 0x0000000000000001
2026/09/30 07:27:37.055, 50, 0 %, 59 MiB, 300 MHz, 1.62 W, 0x0000000000000001
2026/09/30 07:27:47.077, 50, 0 %, 59 MiB, 300 MHz, 1.40 W, 0x0000000000000001
2026/09/30 07:27:57.099, 50, 0 %, 59 MiB, 300 MHz, 1.53 W, 0x0000000000000001
2026/09/30 07:28:07.123, 50, 0 %, 59 MiB, 300 MHz, 1.48 W, 0x0000000000000001
2026/09/30 07:28:17.146, 50, 0 %, 59 MiB, 300 MHz, 1.57 W, 0x0000000000000001
2026/09/30 07:28:27.168, 50, 0 %, 59 MiB, 300 MHz, 1.55 W, 0x0000000000000001
2026/09/30 07:28:37.190, 50, 0 %, 59 MiB, 300 MHz, 1.88 W, 0x0000000000000001
2026/09/30 07:28:47.214, 50, 0 %, 59 MiB, 300 MHz, 1.62 W, 0x0000000000000001
2026/09/30 07:28:57.236, 50, 0 %, 59 MiB, 300 MHz, 1.51 W, 0x0000000000000001
2026/09/30 07:29:07.258, 50, 0 %, 59 MiB, 300 MHz, 1.58 W, 0x0000000000000001
2026/09/30 07:29:17.281, 50, 0 %, 59 MiB, 300 MHz, 1.68 W, 0x0000000000000001
2026/09/30 07:29:27.304, 50, 0 %, 59 MiB, 300 MHz, 1.64 W, 0x0000000000000001
2026/09/30 07:29:37.330, 50, 0 %, 59 MiB, 300 MHz, 1.55 W, 0x0000000000000001
2026/09/30 07:29:47.352, 50, 0 %, 59 MiB, 300 MHz, 1.74 W, 0x0000000000000001
2026/09/30 07:29:57.375, 50, 0 %, 59 MiB, 300 MHz, 1.64 W, 0x0000000000000001
2026/09/30 07:30:07.403, 50, 0 %, 59 MiB, 300 MHz, 1.57 W, 0x0000000000000001
2026/09/30 07:30:17.425, 50, 0 %, 59 MiB, 300 MHz, 1.52 W, 0x0000000000000001
2026/09/30 07:30:27.449, 50, 0 %, 59 MiB, 300 MHz, 1.62 W, 0x0000000000000001
2026/09/30 07:30:37.470, 50, 0 %, 59 MiB, 300 MHz, 1.54 W, 0x0000000000000001
2026/09/30 07:30:47.492, 50, 0 %, 59 MiB, 300 MHz, 1.84 W, 0x0000000000000001
2026/09/30 07:30:57.517, 50, 0 %, 59 MiB, 300 MHz, 1.51 W, 0x0000000000000001
2026/09/30 07:31:07.540, 50, 0 %, 59 MiB, 300 MHz, 1.49 W, 0x0000000000000001
2026/09/30 07:31:17.562, 50, 0 %, 59 MiB, 300 MHz, 1.45 W, 0x0000000000000001
2026/09/30 07:31:27.585, 50, 0 %, 59 MiB, 300 MHz, 1.48 W, 0x0000000000000001
2026/09/30 07:31:37.611, 50, 0 %, 59 MiB, 300 MHz, 1.52 W, 0x0000000000000001
2026/09/30 07:31:47.633, 50, 0 %, 59 MiB, 300 MHz, 1.54 W, 0x0000000000000001
2026/09/30 07:31:57.655, 50, 0 %, 59 MiB, 300 MHz, 1.71 W, 0x0000000000000001
2026/09/30 07:32:07.677, 50, 0 %, 59 MiB, 300 MHz, 1.57 W, 0x0000000000000001
2026/09/30 07:32:17.703, 50, 0 %, 59 MiB, 300 MHz, 1.59 W, 0x0000000000000001
2026/09/30 07:32:27.733, 50, 0 %, 59 MiB, 300 MHz, 1.57 W, 0x0000000000000001
2026/09/30 07:32:37.757, 50, 0 %, 59 MiB, 300 MHz, 1.57 W, 0x0000000000000001
2026/09/30 07:32:47.778, 50, 0 %, 59 MiB, 300 MHz, 1.56 W, 0x0000000000000001
2026/09/30 07:32:57.804, 50, 0 %, 59 MiB, 300 MHz, 1.77 W, 0x0000000000000001
2026/09/30 07:33:07.828, 50, 0 %, 59 MiB, 300 MHz, 1.56 W, 0x0000000000000001
2026/09/30 07:33:17.853, 50, 0 %, 59 MiB, 300 MHz, 1.50 W, 0x0000000000000001
2026/09/30 07:33:27.875, 50, 0 %, 59 MiB, 300 MHz, 1.49 W, 0x0000000000000001
2026/09/30 07:33:37.897, 50, 0 %, 59 MiB, 300 MHz, 1.51 W, 0x0000000000000001
2026/09/30 07:33:47.923, 50, 0 %, 59 MiB, 300 MHz, 1.50 W, 0x0000000000000001
2026/09/30 07:33:57.945, 50, 0 %, 59 MiB, 300 MHz, 1.42 W, 0x0000000000000001
2026/09/30 07:34:07.967, 50, 0 %, 59 MiB, 300 MHz, 1.65 W, 0x0000000000000001
2026/09/30 07:34:17.993, 50, 0 %, 59 MiB, 300 MHz, 1.55 W, 0x0000000000000001
2026/09/30 07:34:28.018, 50, 0 %, 59 MiB, 300 MHz, 1.54 W, 0x0000000000000001
2026/09/30 07:34:38.039, 50, 0 %, 59 MiB, 300 MHz, 1.51 W, 0x0000000000000001
2026/09/30 07:34:48.063, 50, 0 %, 59 MiB, 300 MHz, 1.57 W, 0x0000000000000001
2026/09/30 07:34:58.085, 50, 0 %, 59 MiB, 300 MHz, 1.50 W, 0x0000000000000001
2026/09/30 07:35:08.107, 50, 0 %, 59 MiB, 300 MHz, 1.96 W, 0x0000000000000001
2026/09/30 07:35:18.132, 50, 0 %, 59 MiB, 300 MHz, 1.65 W, 0x0000000000000001
2026/09/30 07:35:28.157, 50, 0 %, 59 MiB, 300 MHz, 1.64 W, 0x0000000000000001
2026/09/30 07:35:38.180, 50, 0 %, 59 MiB, 300 MHz, 1.60 W, 0x0000000000000001
2026/09/30 07:35:48.203, 50, 0 %, 59 MiB, 300 MHz, 1.64 W, 0x0000000000000001
2026/09/30 07:35:58.225, 50, 0 %, 59 MiB, 300 MHz, 1.63 W, 0x0000000000000001
2026/09/30 07:36:08.248, 50, 0 %, 59 MiB, 300 MHz, 1.86 W, 0x0000000000000001
2026/09/30 07:36:18.270, 50, 0 %, 59 MiB, 300 MHz, 1.83 W, 0x0000000000000001
2026/09/30 07:36:28.295, 50, 0 %, 59 MiB, 300 MHz, 1.49 W, 0x0000000000000001
2026/09/30 07:36:38.317, 50, 0 %, 59 MiB, 300 MHz, 1.47 W, 0x0000000000000001
2026/09/30 07:36:48.341, 50, 0 %, 59 MiB, 300 MHz, 1.48 W, 0x0000000000000001
2026/09/30 07:36:58.362, 50, 0 %, 59 MiB, 300 MHz, 1.54 W, 0x0000000000000001
2026/09/30 07:37:08.384, 50, 0 %, 59 MiB, 300 MHz, 1.49 W, 0x0000000000000001
2026/09/30 07:37:18.407, 50, 0 %, 59 MiB, 300 MHz, 1.78 W, 0x0000000000000001
2026/09/30 07:37:28.431, 50, 0 %, 59 MiB, 300 MHz, 1.69 W, 0x0000000000000001
2026/09/30 07:37:38.455, 50, 0 %, 59 MiB, 300 MHz, 1.55 W, 0x0000000000000001
2026/09/30 07:37:48.476, 50, 0 %, 59 MiB, 300 MHz, 1.32 W, 0x0000000000000001
2026/09/30 07:37:58.498, 50, 0 %, 59 MiB, 300 MHz, 1.54 W, 0x0000000000000001
2026/09/30 07:38:08.520, 50, 0 %, 59 MiB, 300 MHz, 1.46 W, 0x0000000000000001
2026/09/30 07:38:18.546, 50, 0 %, 59 MiB, 300 MHz, 1.66 W, 0x0000000000000001
2026/09/30 07:38:28.568, 50, 0 %, 59 MiB, 300 MHz, 1.96 W, 0x0000000000000001
2026/09/30 07:38:38.592, 50, 0 %, 59 MiB, 300 MHz, 1.60 W, 0x0000000000000001
2026/09/30 07:38:48.615, 50, 0 %, 59 MiB, 300 MHz, 1.60 W, 0x0000000000000001
2026/09/30 07:38:58.640, 50, 0 %, 59 MiB, 300 MHz, 1.50 W, 0x0000000000000001
2026/09/30 07:39:08.662, 50, 0 %, 59 MiB, 300 MHz, 1.54 W, 0x0000000000000001
2026/09/30 07:39:18.683, 50, 0 %, 59 MiB, 300 MHz, 1.48 W, 0x0000000000000001
2026/09/30 07:39:28.711, 50, 0 %, 59 MiB, 300 MHz, 1.49 W, 0x0000000000000001
2026/09/30 07:39:38.733, 50, 0 %, 59 MiB, 300 MHz, 1.75 W, 0x0000000000000001
2026/09/30 07:39:48.756, 50, 0 %, 59 MiB, 300 MHz, 1.51 W, 0x0000000000000001
2026/09/30 07:39:58.778, 50, 0 %, 59 MiB, 300 MHz, 1.56 W, 0x0000000000000001
2026/09/30 07:40:08.800, 50, 0 %, 59 MiB, 300 MHz, 1.54 W, 0x0000000000000001
2026/09/30 07:40:18.827, 50, 0 %, 59 MiB, 300 MHz, 1.63 W, 0x0000000000000001
2026/09/30 07:40:28.853, 50, 0 %, 59 MiB, 300 MHz, 1.58 W, 0x0000000000000001
2026/09/30 07:40:38.876, 50, 0 %, 59 MiB, 300 MHz, 2.02 W, 0x0000000000000001
2026/09/30 07:40:48.898, 50, 0 %, 59 MiB, 300 MHz, 1.17 W, 0x0000000000000001
2026/09/30 07:40:58.921, 50, 0 %, 59 MiB, 300 MHz, 1.53 W, 0x0000000000000001
2026/09/30 07:41:08.944, 50, 0 %, 59 MiB, 300 MHz, 1.50 W, 0x0000000000000001
2026/09/30 07:41:18.968, 50, 0 %, 59 MiB, 300 MHz, 1.53 W, 0x0000000000000001
2026/09/30 07:41:28.990, 50, 0 %, 59 MiB, 300 MHz, 1.51 W, 0x0000000000000001
2026/09/30 07:41:39.012, 50, 0 %, 59 MiB, 300 MHz, 1.50 W, 0x0000000000000001
2026/09/30 07:41:49.037, 50, 0 %, 59 MiB, 300 MHz, 1.85 W, 0x0000000000000001
2026/09/30 07:41:59.061, 50, 0 %, 59 MiB, 300 MHz, 1.74 W, 0x0000000000000001
2026/09/30 07:42:09.086, 50, 0 %, 59 MiB, 300 MHz, 1.59 W, 0x0000000000000001
2026/09/30 07:42:19.108, 50, 0 %, 59 MiB, 300 MHz, 1.61 W, 0x0000000000000001
2026/09/30 07:42:29.134, 50, 0 %, 59 MiB, 300 MHz, 1.51 W, 0x0000000000000001
2026/09/30 07:42:39.156, 50, 0 %, 59 MiB, 300 MHz, 1.51 W, 0x0000000000000001
2026/09/30 07:42:49.178, 50, 0 %, 59 MiB, 300 MHz, 2.00 W, 0x0000000000000001
2026/09/30 07:42:59.201, 50, 0 %, 59 MiB, 300 MHz, 1.66 W, 0x0000000000000001
2026/09/30 07:43:09.226, 50, 0 %, 59 MiB, 300 MHz, 1.66 W, 0x0000000000000001
2026/09/30 07:43:19.251, 50, 0 %, 59 MiB, 300 MHz, 1.60 W, 0x0000000000000001
2026/09/30 07:43:29.275, 50, 0 %, 59 MiB, 300 MHz, 1.58 W, 0x0000000000000001
2026/09/30 07:43:39.297, 50, 0 %, 59 MiB, 300 MHz, 1.62 W, 0x0000000000000001
2026/09/30 07:43:49.320, 50, 0 %, 59 MiB, 300 MHz, 1.62 W, 0x0000000000000001
2026/09/30 07:43:59.343, 50, 0 %, 59 MiB, 300 MHz, 1.88 W, 0x0000000000000001
2026/09/30 07:44:09.368, 50, 0 %, 59 MiB, 300 MHz, 1.59 W, 0x0000000000000001
2026/09/30 07:44:19.392, 50, 0 %, 59 MiB, 300 MHz, 1.59 W, 0x0000000000000001
2026/09/30 07:44:29.417, 50, 0 %, 59 MiB, 300 MHz, 1.57 W, 0x0000000000000001
2026/09/30 07:44:39.441, 50, 0 %, 59 MiB, 300 MHz, 1.57 W, 0x0000000000000001
2026/09/30 07:44:49.465, 50, 0 %, 59 MiB, 300 MHz, 1.54 W, 0x0000000000000001
2026/09/30 07:44:59.489, 50, 0 %, 59 MiB, 300 MHz, 1.93 W, 0x0000000000000001
2026/09/30 07:45:09.512, 50, 0 %, 59 MiB, 300 MHz, 1.64 W, 0x0000000000000001
2026/09/30 07:45:19.535, 50, 0 %, 59 MiB, 300 MHz, 1.54 W, 0x0000000000000001
2026/09/30 07:45:29.558, 50, 0 %, 59 MiB, 300 MHz, 1.60 W, 0x0000000000000001
2026/09/30 07:45:39.581, 50, 0 %, 59 MiB, 300 MHz, 1.56 W, 0x0000000000000001
2026/09/30 07:45:49.604, 50, 0 %, 59 MiB, 300 MHz, 1.54 W, 0x0000000000000001
2026/09/30 07:45:59.629, 50, 0 %, 59 MiB, 300 MHz, 2.00 W, 0x0000000000000001
2026/09/30 07:46:09.659, 50, 0 %, 59 MiB, 300 MHz, 1.39 W, 0x0000000000000001
2026/09/30 07:46:19.681, 50, 0 %, 59 MiB, 300 MHz, 1.53 W, 0x0000000000000001
2026/09/30 07:46:29.705, 50, 0 %, 59 MiB, 300 MHz, 1.56 W, 0x0000000000000001
2026/09/30 07:46:39.729, 50, 0 %, 59 MiB, 300 MHz, 1.60 W, 0x0000000000000001
2026/09/30 07:46:49.751, 50, 0 %, 59 MiB, 300 MHz, 1.47 W, 0x0000000000000001
2026/09/30 07:46:59.775, 50, 0 %, 59 MiB, 300 MHz, 1.52 W, 0x0000000000000001
2026/09/30 07:47:09.797, 50, 0 %, 59 MiB, 300 MHz, 1.86 W, 0x0000000000000001
2026/09/30 07:47:19.821, 50, 0 %, 59 MiB, 300 MHz, 1.56 W, 0x0000000000000001
2026/09/30 07:47:29.843, 50, 0 %, 59 MiB, 300 MHz, 1.54 W, 0x0000000000000001
2026/09/30 07:47:39.868, 50, 0 %, 59 MiB, 300 MHz, 1.60 W, 0x0000000000000001
2026/09/30 07:47:49.892, 50, 0 %, 59 MiB, 300 MHz, 1.51 W, 0x0000000000000001
2026/09/30 07:47:59.914, 50, 0 %, 59 MiB, 300 MHz, 1.52 W, 0x0000000000000001
2026/09/30 07:48:09.940, 50, 0 %, 59 MiB, 300 MHz, 1.54 W, 0x0000000000000001
2026/09/30 07:48:19.962, 50, 0 %, 59 MiB, 300 MHz, 1.58 W, 0x0000000000000001
2026/09/30 07:48:29.984, 50, 0 %, 59 MiB, 300 MHz, 1.46 W, 0x0000000000000001
2026/09/30 07:48:40.009, 50, 0 %, 59 MiB, 300 MHz, 1.47 W, 0x0000000000000001
2026/09/30 07:48:50.031, 50, 0 %, 59 MiB, 300 MHz, 1.50 W, 0x0000000000000001
2026/09/30 07:49:00.056, 50, 0 %, 59 MiB, 300 MHz, 1.49 W, 0x0000000000000001
2026/09/30 07:49:10.078, 50, 0 %, 59 MiB, 300 MHz, 1.45 W, 0x0000000000000001
2026/09/30 07:49:20.100, 50, 0 %, 59 MiB, 300 MHz, 1.96 W, 0x0000000000000001
2026/09/30 07:49:30.128, 50, 0 %, 59 MiB, 300 MHz, 1.75 W, 0x0000000000000001
2026/09/30 07:49:40.151, 50, 0 %, 59 MiB, 300 MHz, 1.53 W, 0x0000000000000001
2026/09/30 07:49:50.173, 50, 0 %, 59 MiB, 300 MHz, 1.61 W, 0x0000000000000001
2026/09/30 07:50:00.199, 50, 0 %, 59 MiB, 300 MHz, 1.59 W, 0x0000000000000001
2026/09/30 07:50:10.221, 50, 0 %, 59 MiB, 300 MHz, 1.56 W, 0x0000000000000001
2026/09/30 07:50:20.259, 50, 0 %, 59 MiB, 300 MHz, 1.85 W, 0x0000000000000001
2026/09/30 07:50:30.285, 50, 0 %, 59 MiB, 300 MHz, 1.48 W, 0x0000000000000001
2026/09/30 07:50:40.307, 50, 0 %, 59 MiB, 300 MHz, 1.36 W, 0x0000000000000001
2026/09/30 07:50:50.329, 50, 0 %, 59 MiB, 300 MHz, 1.48 W, 0x0000000000000001
2026/09/30 07:51:00.355, 50, 0 %, 59 MiB, 300 MHz, 1.57 W, 0x0000000000000001
2026/09/30 07:51:10.377, 50, 0 %, 59 MiB, 300 MHz, 1.28 W, 0x0000000000000001
2026/09/30 07:51:20.403, 50, 0 %, 59 MiB, 300 MHz, 2.03 W, 0x0000000000000001
2026/09/30 07:51:30.429, 50, 0 %, 59 MiB, 300 MHz, 1.62 W, 0x0000000000000001
2026/09/30 07:51:40.452, 50, 0 %, 59 MiB, 300 MHz, 1.53 W, 0x0000000000000001
2026/09/30 07:51:50.474, 50, 0 %, 59 MiB, 300 MHz, 1.65 W, 0x0000000000000001
2026/09/30 07:52:00.500, 50, 0 %, 59 MiB, 300 MHz, 1.81 W, 0x0000000000000001
2026/09/30 07:52:10.522, 50, 0 %, 59 MiB, 300 MHz, 1.60 W, 0x0000000000000001
2026/09/30 07:52:20.545, 50, 0 %, 59 MiB, 300 MHz, 1.53 W, 0x0000000000000001
2026/09/30 07:52:30.567, 50, 0 %, 59 MiB, 300 MHz, 1.96 W, 0x0000000000000001
2026/09/30 07:52:40.590, 50, 0 %, 59 MiB, 300 MHz, 1.67 W, 0x0000000000000001
2026/09/30 07:52:50.615, 50, 0 %, 59 MiB, 300 MHz, 1.55 W, 0x0000000000000001
2026/09/30 07:53:00.637, 50, 0 %, 59 MiB, 300 MHz, 1.53 W, 0x0000000000000001
2026/09/30 07:53:10.663, 50, 0 %, 59 MiB, 300 MHz, 1.55 W, 0x0000000000000001
2026/09/30 07:53:20.685, 50, 0 %, 59 MiB, 300 MHz, 1.56 W, 0x0000000000000001
2026/09/30 07:53:30.709, 50, 0 %, 59 MiB, 300 MHz, 1.52 W, 0x0000000000000001
2026/09/30 07:53:40.731, 50, 0 %, 59 MiB, 300 MHz, 1.85 W, 0x0000000000000001
2026/09/30 07:53:50.756, 50, 0 %, 59 MiB, 300 MHz, 1.64 W, 0x0000000000000001
2026/09/30 07:54:00.782, 50, 0 %, 59 MiB, 300 MHz, 1.62 W, 0x0000000000000001
2026/09/30 07:54:10.809, 50, 0 %, 59 MiB, 300 MHz, 1.56 W, 0x0000000000000001
2026/09/30 07:54:20.831, 50, 0 %, 59 MiB, 300 MHz, 1.53 W, 0x0000000000000001
2026/09/30 07:54:30.853, 50, 0 %, 59 MiB, 300 MHz, 1.55 W, 0x0000000000000001
2026/09/30 07:54:40.877, 50, 0 %, 59 MiB, 300 MHz, 1.99 W, 0x0000000000000001
2026/09/30 07:54:50.902, 50, 0 %, 59 MiB, 300 MHz, 1.68 W, 0x0000000000000001
2026/09/30 07:55:00.928, 50, 0 %, 59 MiB, 300 MHz, 1.64 W, 0x0000000000000001
2026/09/30 07:55:10.951, 50, 0 %, 59 MiB, 300 MHz, 1.58 W, 0x0000000000000001
2026/09/30 07:55:20.975, 50, 0 %, 59 MiB, 300 MHz, 1.52 W, 0x0000000000000001
2026/09/30 07:55:30.999, 50, 0 %, 59 MiB, 300 MHz, 1.59 W, 0x0000000000000001
2026/09/30 07:55:41.025, 50, 0 %, 59 MiB, 300 MHz, 1.62 W, 0x0000000000000001
2026/09/30 07:55:51.046, 50, 0 %, 59 MiB, 300 MHz, 1.79 W, 0x0000000000000001
2026/09/30 07:56:01.068, 50, 0 %, 59 MiB, 300 MHz, 1.53 W, 0x0000000000000001
2026/09/30 07:56:11.091, 50, 0 %, 59 MiB, 300 MHz, 1.63 W, 0x0000000000000001
2026/09/30 07:56:21.114, 50, 0 %, 59 MiB, 300 MHz, 1.59 W, 0x0000000000000001
2026/09/30 07:56:31.136, 50, 0 %, 59 MiB, 300 MHz, 1.67 W, 0x0000000000000001
2026/09/30 07:56:41.161, 50, 0 %, 59 MiB, 300 MHz, 1.65 W, 0x0000000000000001
2026/09/30 07:56:51.185, 50, 0 %, 59 MiB, 300 MHz, 2.04 W, 0x0000000000000001
2026/09/30 07:57:01.210, 50, 0 %, 59 MiB, 300 MHz, 1.77 W, 0x0000000000000001
2026/09/30 07:57:11.236, 50, 0 %, 59 MiB, 300 MHz, 1.62 W, 0x0000000000000001
2026/09/30 07:57:21.262, 50, 0 %, 59 MiB, 300 MHz, 1.57 W, 0x0000000000000001
2026/09/30 07:57:31.285, 50, 0 %, 59 MiB, 300 MHz, 1.56 W, 0x0000000000000001
2026/09/30 07:57:41.308, 50, 0 %, 59 MiB, 300 MHz, 1.59 W, 0x0000000000000001
2026/09/30 07:57:51.333, 50, 0 %, 59 MiB, 300 MHz, 1.60 W, 0x0000000000000001
2026/09/30 07:58:01.355, 50, 0 %, 59 MiB, 300 MHz, 1.67 W, 0x0000000000000001
2026/09/30 07:58:11.379, 50, 0 %, 59 MiB, 300 MHz, 1.62 W, 0x0000000000000001
2026/09/30 07:58:21.401, 50, 0 %, 59 MiB, 300 MHz, 1.51 W, 0x0000000000000001
2026/09/30 07:58:31.423, 50, 0 %, 59 MiB, 300 MHz, 1.55 W, 0x0000000000000001
2026/09/30 07:58:41.448, 50, 0 %, 59 MiB, 300 MHz, 1.54 W, 0x0000000000000001
2026/09/30 07:58:51.475, 50, 0 %, 59 MiB, 300 MHz, 1.56 W, 0x0000000000000001
2026/09/30 07:59:01.496, 50, 0 %, 59 MiB, 300 MHz, 1.97 W, 0x0000000000000001
2026/09/30 07:59:11.521, 50, 0 %, 59 MiB, 300 MHz, 1.60 W, 0x0000000000000001
2026/09/30 07:59:21.543, 50, 0 %, 59 MiB, 300 MHz, 1.57 W, 0x0000000000000001
2026/09/30 07:59:31.565, 50, 0 %, 59 MiB, 300 MHz, 1.59 W, 0x0000000000000001
2026/09/30 07:59:41.590, 50, 0 %, 59 MiB, 300 MHz, 1.57 W, 0x0000000000000001
2026/09/30 07:59:51.614, 50, 0 %, 59 MiB, 300 MHz, 1.56 W, 0x0000000000000001
2026/09/30 08:00:01.636, 50, 0 %, 59 MiB, 300 MHz, 1.56 W, 0x0000000000000001
2026/09/30 08:00:11.658, 50, 0 %, 59 MiB, 300 MHz, 1.87 W, 0x0000000000000001
2026/09/30 08:00:21.680, 50, 0 %, 59 MiB, 300 MHz, 1.55 W, 0x0000000000000001
2026/09/30 08:00:31.706, 50, 0 %, 59 MiB, 300 MHz, 1.47 W, 0x0000000000000001
2026/09/30 08:00:41.728, 50, 0 %, 59 MiB, 300 MHz, 1.49 W, 0x0000000000000001
2026/09/30 08:00:51.750, 50, 0 %, 59 MiB, 300 MHz, 1.52 W, 0x0000000000000001
2026/09/30 08:01:01.775, 50, 0 %, 59 MiB, 300 MHz, 1.61 W, 0x0000000000000001
2026/09/30 08:01:11.798, 50, 0 %, 59 MiB, 300 MHz, 1.98 W, 0x0000000000000001
2026/09/30 08:01:21.821, 50, 0 %, 59 MiB, 300 MHz, 1.78 W, 0x0000000000000001
2026/09/30 08:01:31.846, 50, 0 %, 59 MiB, 300 MHz, 1.59 W, 0x0000000000000001
2026/09/30 08:01:41.868, 50, 0 %, 59 MiB, 300 MHz, 1.58 W, 0x0000000000000001
2026/09/30 08:01:51.890, 50, 0 %, 59 MiB, 300 MHz, 1.64 W, 0x0000000000000001
2026/09/30 08:02:01.915, 50, 0 %, 59 MiB, 300 MHz, 1.58 W, 0x0000000000000001
2026/09/30 08:02:11.937, 50, 0 %, 59 MiB, 300 MHz, 1.62 W, 0x0000000000000001
2026/09/30 08:02:21.962, 50, 0 %, 59 MiB, 300 MHz, 1.86 W, 0x0000000000000001
2026/09/30 08:02:31.984, 50, 0 %, 59 MiB, 300 MHz, 1.55 W, 0x0000000000000001
2026/09/30 08:02:42.008, 50, 0 %, 59 MiB, 300 MHz, 1.57 W, 0x0000000000000001
2026/09/30 08:02:52.030, 50, 0 %, 59 MiB, 300 MHz, 1.49 W, 0x0000000000000001
2026/09/30 08:03:02.052, 50, 0 %, 59 MiB, 300 MHz, 1.52 W, 0x0000000000000001
2026/09/30 08:03:12.076, 50, 0 %, 59 MiB, 300 MHz, 1.53 W, 0x0000000000000001
2026/09/30 08:03:22.099, 50, 0 %, 59 MiB, 300 MHz, 1.58 W, 0x0000000000000001
2026/09/30 08:03:32.122, 50, 0 %, 59 MiB, 300 MHz, 1.71 W, 0x0000000000000001
2026/09/30 08:03:42.146, 50, 0 %, 59 MiB, 300 MHz, 1.57 W, 0x0000000000000001
2026/09/30 08:03:52.168, 50, 0 %, 59 MiB, 300 MHz, 1.41 W, 0x0000000000000001
2026/09/30 08:04:02.193, 50, 0 %, 59 MiB, 300 MHz, 1.51 W, 0x0000000000000001
2026/09/30 08:04:12.215, 50, 0 %, 59 MiB, 300 MHz, 1.60 W, 0x0000000000000001
2026/09/30 08:04:22.237, 50, 0 %, 59 MiB, 300 MHz, 1.57 W, 0x0000000000000001
2026/09/30 08:04:32.262, 50, 0 %, 59 MiB, 300 MHz, 1.95 W, 0x0000000000000001
2026/09/30 08:04:42.288, 50, 0 %, 59 MiB, 300 MHz, 1.53 W, 0x0000000000000001
2026/09/30 08:04:52.310, 50, 0 %, 59 MiB, 300 MHz, 1.59 W, 0x0000000000000001
2026/09/30 08:05:02.332, 50, 0 %, 59 MiB, 300 MHz, 1.57 W, 0x0000000000000001
2026/09/30 08:05:12.356, 50, 0 %, 59 MiB, 300 MHz, 1.59 W, 0x0000000000000001
2026/09/30 08:05:22.379, 50, 0 %, 59 MiB, 300 MHz, 1.53 W, 0x0000000000000001
2026/09/30 08:05:32.400, 50, 0 %, 59 MiB, 300 MHz, 1.53 W, 0x0000000000000001
2026/09/30 08:05:42.426, 50, 0 %, 59 MiB, 300 MHz, 1.76 W, 0x0000000000000001
2026/09/30 08:05:52.451, 50, 0 %, 59 MiB, 300 MHz, 1.55 W, 0x0000000000000001
2026/09/30 08:06:02.475, 50, 0 %, 59 MiB, 300 MHz, 1.56 W, 0x0000000000000001
2026/09/30 08:06:12.497, 50, 0 %, 59 MiB, 300 MHz, 1.54 W, 0x0000000000000001
2026/09/30 08:06:22.523, 50, 0 %, 59 MiB, 300 MHz, 1.57 W, 0x0000000000000001
2026/09/30 08:06:32.544, 50, 0 %, 59 MiB, 300 MHz, 1.55 W, 0x0000000000000001
2026/09/30 08:06:42.566, 50, 0 %, 59 MiB, 300 MHz, 1.55 W, 0x0000000000000001
2026/09/30 08:06:52.589, 50, 0 %, 59 MiB, 300 MHz, 1.63 W, 0x0000000000000001
2026/09/30 08:07:02.611, 50, 0 %, 59 MiB, 300 MHz, 1.52 W, 0x0000000000000001
2026/09/30 08:07:12.633, 50, 0 %, 59 MiB, 300 MHz, 1.49 W, 0x0000000000000001
2026/09/30 08:07:22.655, 50, 0 %, 59 MiB, 300 MHz, 1.59 W, 0x0000000000000001
2026/09/30 08:07:32.677, 50, 0 %, 59 MiB, 300 MHz, 1.50 W, 0x0000000000000001
2026/09/30 08:07:42.702, 50, 0 %, 59 MiB, 300 MHz, 1.52 W, 0x0000000000000001
2026/09/30 08:07:52.723, 50, 0 %, 59 MiB, 300 MHz, 1.38 W, 0x0000000000000001
2026/09/30 08:08:02.749, 50, 0 %, 59 MiB, 300 MHz, 1.75 W, 0x0000000000000001
2026/09/30 08:08:12.771, 50, 0 %, 59 MiB, 300 MHz, 1.54 W, 0x0000000000000001
2026/09/30 08:08:22.793, 50, 0 %, 59 MiB, 300 MHz, 1.53 W, 0x0000000000000001
2026/09/30 08:08:32.815, 50, 0 %, 59 MiB, 300 MHz, 1.51 W, 0x0000000000000001
2026/09/30 08:08:42.839, 50, 0 %, 59 MiB, 300 MHz, 1.51 W, 0x0000000000000001
2026/09/30 08:08:52.861, 50, 0 %, 59 MiB, 300 MHz, 1.49 W, 0x0000000000000001
2026/09/30 08:09:02.883, 50, 0 %, 59 MiB, 300 MHz, 2.01 W, 0x0000000000000001
2026/09/30 08:09:12.909, 50, 0 %, 59 MiB, 300 MHz, 1.71 W, 0x0000000000000001
2026/09/30 08:09:22.931, 50, 0 %, 59 MiB, 300 MHz, 1.62 W, 0x0000000000000001
2026/09/30 08:09:32.953, 50, 0 %, 59 MiB, 300 MHz, 1.64 W, 0x0000000000000001
2026/09/30 08:09:42.975, 50, 0 %, 59 MiB, 300 MHz, 1.63 W, 0x0000000000000001
2026/09/30 08:09:52.999, 50, 0 %, 59 MiB, 300 MHz, 1.64 W, 0x0000000000000001
2026/09/30 08:10:03.021, 50, 0 %, 59 MiB, 300 MHz, 1.65 W, 0x0000000000000001
2026/09/30 08:10:13.046, 50, 0 %, 59 MiB, 300 MHz, 2.00 W, 0x0000000000000001
2026/09/30 08:10:23.068, 50, 0 %, 59 MiB, 300 MHz, 1.76 W, 0x0000000000000001
2026/09/30 08:10:33.093, 50, 0 %, 59 MiB, 300 MHz, 1.63 W, 0x0000000000000001
2026/09/30 08:10:43.116, 50, 0 %, 59 MiB, 300 MHz, 1.59 W, 0x0000000000000001
2026/09/30 08:10:53.141, 50, 0 %, 59 MiB, 300 MHz, 1.61 W, 0x0000000000000001
2026/09/30 08:11:03.165, 50, 0 %, 59 MiB, 300 MHz, 1.56 W, 0x0000000000000001
2026/09/30 08:11:13.187, 50, 0 %, 59 MiB, 300 MHz, 1.59 W, 0x0000000000000001
2026/09/30 08:11:23.211, 50, 0 %, 59 MiB, 300 MHz, 1.85 W, 0x0000000000000001
2026/09/30 08:11:33.235, 50, 0 %, 59 MiB, 300 MHz, 1.55 W, 0x0000000000000001
2026/09/30 08:11:43.259, 50, 0 %, 59 MiB, 300 MHz, 1.52 W, 0x0000000000000001
2026/09/30 08:11:53.284, 50, 0 %, 59 MiB, 300 MHz, 1.52 W, 0x0000000000000001
2026/09/30 08:12:03.306, 50, 0 %, 59 MiB, 300 MHz, 1.53 W, 0x0000000000000001
2026/09/30 08:12:13.331, 50, 0 %, 59 MiB, 300 MHz, 1.43 W, 0x0000000000000001
2026/09/30 08:12:23.356, 50, 0 %, 59 MiB, 300 MHz, 1.93 W, 0x0000000000000001
2026/09/30 08:12:33.381, 50, 0 %, 59 MiB, 300 MHz, 1.52 W, 0x0000000000000001
2026/09/30 08:12:43.406, 50, 0 %, 59 MiB, 300 MHz, 1.53 W, 0x0000000000000001
2026/09/30 08:12:53.430, 50, 0 %, 59 MiB, 300 MHz, 1.49 W, 0x0000000000000001
2026/09/30 08:13:03.451, 50, 0 %, 59 MiB, 300 MHz, 1.57 W, 0x0000000000000001
2026/09/30 08:13:13.481, 50, 0 %, 59 MiB, 300 MHz, 1.55 W, 0x0000000000000001
2026/09/30 08:13:23.506, 50, 0 %, 59 MiB, 300 MHz, 1.87 W, 0x0000000000000001
2026/09/30 08:13:33.529, 50, 0 %, 59 MiB, 300 MHz, 1.68 W, 0x0000000000000001
2026/09/30 08:13:43.553, 50, 0 %, 59 MiB, 300 MHz, 1.59 W, 0x0000000000000001
2026/09/30 08:13:53.578, 50, 0 %, 59 MiB, 300 MHz, 1.61 W, 0x0000000000000001
2026/09/30 08:14:03.600, 50, 0 %, 59 MiB, 300 MHz, 1.56 W, 0x0000000000000001
2026/09/30 08:14:13.628, 50, 0 %, 59 MiB, 300 MHz, 1.42 W, 0x0000000000000001
2026/09/30 08:14:23.650, 50, 0 %, 59 MiB, 300 MHz, 1.56 W, 0x0000000000000001
2026/09/30 08:14:33.673, 50, 0 %, 59 MiB, 300 MHz, 1.79 W, 0x0000000000000001
2026/09/30 08:14:43.696, 50, 0 %, 59 MiB, 300 MHz, 1.58 W, 0x0000000000000001
2026/09/30 08:14:53.720, 50, 0 %, 59 MiB, 300 MHz, 1.55 W, 0x0000000000000001
2026/09/30 08:15:03.744, 50, 0 %, 59 MiB, 300 MHz, 1.53 W, 0x0000000000000001
2026/09/30 08:15:13.767, 50, 0 %, 59 MiB, 300 MHz, 1.53 W, 0x0000000000000001
2026/09/30 08:15:23.801, 50, 0 %, 59 MiB, 300 MHz, 1.41 W, 0x0000000000000001
2026/09/30 08:15:33.826, 50, 0 %, 59 MiB, 300 MHz, 1.68 W, 0x0000000000000001
2026/09/30 08:15:43.851, 50, 0 %, 59 MiB, 300 MHz, 1.59 W, 0x0000000000000001
2026/09/30 08:15:53.874, 50, 0 %, 59 MiB, 300 MHz, 1.54 W, 0x0000000000000001
2026/09/30 08:16:03.898, 50, 0 %, 59 MiB, 300 MHz, 1.60 W, 0x0000000000000001
2026/09/30 08:16:13.921, 50, 0 %, 59 MiB, 300 MHz, 1.57 W, 0x0000000000000001
2026/09/30 08:16:23.943, 50, 0 %, 59 MiB, 300 MHz, 1.58 W, 0x0000000000000001
2026/09/30 08:16:33.964, 50, 0 %, 59 MiB, 300 MHz, 1.93 W, 0x0000000000000001
2026/09/30 08:16:43.986, 50, 0 %, 59 MiB, 300 MHz, 1.66 W, 0x0000000000000001
2026/09/30 08:16:54.011, 50, 0 %, 59 MiB, 300 MHz, 1.50 W, 0x0000000000000001
2026/09/30 08:17:04.033, 50, 0 %, 59 MiB, 300 MHz, 1.54 W, 0x0000000000000001
2026/09/30 08:17:14.055, 50, 0 %, 59 MiB, 300 MHz, 1.34 W, 0x0000000000000001
2026/09/30 08:17:24.078, 50, 0 %, 59 MiB, 300 MHz, 1.49 W, 0x0000000000000001
2026/09/30 08:17:34.100, 50, 0 %, 59 MiB, 300 MHz, 1.49 W, 0x0000000000000001
2026/09/30 08:17:44.126, 50, 0 %, 59 MiB, 300 MHz, 1.98 W, 0x0000000000000001
2026/09/30 08:17:54.148, 50, 0 %, 59 MiB, 300 MHz, 1.72 W, 0x0000000000000001
2026/09/30 08:18:04.174, 50, 0 %, 59 MiB, 300 MHz, 1.54 W, 0x0000000000000001
2026/09/30 08:18:14.196, 50, 0 %, 59 MiB, 300 MHz, 1.54 W, 0x0000000000000001
2026/09/30 08:18:24.217, 50, 0 %, 59 MiB, 300 MHz, 1.54 W, 0x0000000000000001
2026/09/30 08:18:34.243, 50, 0 %, 59 MiB, 300 MHz, 1.54 W, 0x0000000000000001
2026/09/30 08:18:44.268, 50, 0 %, 59 MiB, 300 MHz, 1.59 W, 0x0000000000000001
2026/09/30 08:18:54.293, 50, 0 %, 59 MiB, 300 MHz, 1.67 W, 0x0000000000000001
2026/09/30 08:19:04.315, 50, 0 %, 59 MiB, 300 MHz, 1.52 W, 0x0000000000000001
2026/09/30 08:19:14.340, 50, 0 %, 59 MiB, 300 MHz, 1.53 W, 0x0000000000000001
2026/09/30 08:19:24.362, 50, 0 %, 59 MiB, 300 MHz, 1.60 W, 0x0000000000000001
2026/09/30 08:19:34.387, 50, 0 %, 59 MiB, 300 MHz, 1.43 W, 0x0000000000000001
2026/09/30 08:19:44.409, 50, 0 %, 59 MiB, 300 MHz, 1.61 W, 0x0000000000000001
2026/09/30 08:19:54.434, 50, 0 %, 59 MiB, 300 MHz, 1.56 W, 0x0000000000000001
2026/09/30 08:20:04.456, 50, 0 %, 59 MiB, 300 MHz, 1.66 W, 0x0000000000000001
2026/09/30 08:20:14.478, 50, 0 %, 59 MiB, 300 MHz, 1.58 W, 0x0000000000000001
2026/09/30 08:20:24.500, 50, 0 %, 59 MiB, 300 MHz, 1.35 W, 0x0000000000000001
2026/09/30 08:20:34.527, 50, 0 %, 59 MiB, 300 MHz, 1.46 W, 0x0000000000000001
2026/09/30 08:20:44.551, 50, 0 %, 59 MiB, 300 MHz, 1.37 W, 0x0000000000000001
2026/09/30 08:20:54.576, 50, 0 %, 59 MiB, 300 MHz, 1.48 W, 0x0000000000000001
2026/09/30 08:21:04.598, 50, 0 %, 59 MiB, 300 MHz, 1.85 W, 0x0000000000000001
2026/09/30 08:21:14.623, 50, 0 %, 59 MiB, 300 MHz, 1.63 W, 0x0000000000000001
2026/09/30 08:21:24.645, 50, 0 %, 59 MiB, 300 MHz, 1.54 W, 0x0000000000000001
2026/09/30 08:21:34.669, 50, 0 %, 59 MiB, 300 MHz, 1.56 W, 0x0000000000000001
2026/09/30 08:21:44.693, 50, 0 %, 59 MiB, 300 MHz, 1.60 W, 0x0000000000000001
2026/09/30 08:21:54.718, 50, 0 %, 59 MiB, 300 MHz, 1.53 W, 0x0000000000000001
2026/09/30 08:22:04.744, 50, 0 %, 59 MiB, 300 MHz, 1.83 W, 0x0000000000000001
2026/09/30 08:22:14.766, 50, 0 %, 59 MiB, 300 MHz, 1.53 W, 0x0000000000000001
2026/09/30 08:22:24.791, 50, 0 %, 59 MiB, 300 MHz, 1.51 W, 0x0000000000000001
2026/09/30 08:22:34.813, 50, 0 %, 59 MiB, 300 MHz, 1.52 W, 0x0000000000000001
2026/09/30 08:22:44.840, 50, 0 %, 59 MiB, 300 MHz, 1.56 W, 0x0000000000000001
2026/09/30 08:22:54.863, 50, 0 %, 59 MiB, 300 MHz, 1.58 W, 0x0000000000000001
2026/09/30 08:23:04.885, 50, 0 %, 59 MiB, 300 MHz, 1.52 W, 0x0000000000000001
2026/09/30 08:23:14.907, 50, 0 %, 59 MiB, 300 MHz, 1.80 W, 0x0000000000000001
2026/09/30 08:23:24.931, 50, 0 %, 59 MiB, 300 MHz, 1.70 W, 0x0000000000000001
2026/09/30 08:23:34.953, 50, 0 %, 59 MiB, 300 MHz, 1.63 W, 0x0000000000000001
2026/09/30 08:23:44.979, 50, 0 %, 59 MiB, 300 MHz, 1.67 W, 0x0000000000000001
2026/09/30 08:23:55.001, 50, 0 %, 59 MiB, 300 MHz, 1.63 W, 0x0000000000000001
2026/09/30 08:24:05.027, 50, 0 %, 59 MiB, 300 MHz, 1.60 W, 0x0000000000000001
2026/09/30 08:24:15.050, 50, 0 %, 59 MiB, 300 MHz, 1.72 W, 0x0000000000000001
2026/09/30 08:24:25.072, 50, 0 %, 59 MiB, 300 MHz, 1.57 W, 0x0000000000000001
2026/09/30 08:24:35.094, 50, 0 %, 59 MiB, 300 MHz, 1.52 W, 0x0000000000000001
2026/09/30 08:24:45.116, 50, 0 %, 59 MiB, 300 MHz, 1.51 W, 0x0000000000000001
2026/09/30 08:24:55.138, 50, 0 %, 59 MiB, 300 MHz, 1.56 W, 0x0000000000000001
2026/09/30 08:25:05.160, 50, 0 %, 59 MiB, 300 MHz, 1.54 W, 0x0000000000000001
2026/09/30 08:25:15.185, 50, 0 %, 59 MiB, 300 MHz, 1.97 W, 0x0000000000000001
2026/09/30 08:25:25.210, 50, 0 %, 59 MiB, 300 MHz, 1.73 W, 0x0000000000000001
2026/09/30 08:25:35.232, 50, 0 %, 59 MiB, 300 MHz, 1.57 W, 0x0000000000000001
2026/09/30 08:25:45.257, 50, 0 %, 59 MiB, 300 MHz, 1.57 W, 0x0000000000000001
2026/09/30 08:25:55.281, 50, 0 %, 59 MiB, 300 MHz, 1.62 W, 0x0000000000000001
2026/09/30 08:26:05.307, 50, 0 %, 59 MiB, 300 MHz, 1.48 W, 0x0000000000000001
2026/09/30 08:26:15.330, 50, 0 %, 59 MiB, 300 MHz, 1.55 W, 0x0000000000000001
2026/09/30 08:26:25.353, 50, 0 %, 59 MiB, 300 MHz, 1.58 W, 0x0000000000000001
2026/09/30 08:26:35.376, 50, 0 %, 59 MiB, 300 MHz, 1.54 W, 0x0000000000000001
2026/09/30 08:26:45.399, 50, 0 %, 59 MiB, 300 MHz, 1.48 W, 0x0000000000000001
2026/09/30 08:26:55.421, 50, 0 %, 59 MiB, 300 MHz, 1.52 W, 0x0000000000000001
2026/09/30 08:27:05.443, 50, 0 %, 59 MiB, 300 MHz, 1.51 W, 0x0000000000000001
2026/09/30 08:27:15.465, 50, 0 %, 59 MiB, 300 MHz, 1.46 W, 0x0000000000000001
2026/09/30 08:27:25.487, 50, 0 %, 59 MiB, 300 MHz, 1.54 W, 0x0000000000000001
2026/09/30 08:27:35.509, 50, 0 %, 59 MiB, 300 MHz, 1.83 W, 0x0000000000000001
2026/09/30 08:27:45.531, 50, 0 %, 59 MiB, 300 MHz, 1.52 W, 0x0000000000000001
2026/09/30 08:27:55.553, 50, 0 %, 59 MiB, 300 MHz, 1.54 W, 0x0000000000000001
2026/09/30 08:28:05.575, 50, 0 %, 59 MiB, 300 MHz, 1.64 W, 0x0000000000000001
2026/09/30 08:28:15.600, 50, 0 %, 59 MiB, 300 MHz, 1.60 W, 0x0000000000000001
2026/09/30 08:28:25.624, 50, 0 %, 59 MiB, 300 MHz, 1.53 W, 0x0000000000000001
2026/09/30 08:28:35.646, 50, 0 %, 59 MiB, 300 MHz, 1.59 W, 0x0000000000000001
2026/09/30 08:28:45.668, 50, 0 %, 59 MiB, 300 MHz, 1.77 W, 0x0000000000000001
2026/09/30 08:28:55.690, 50, 0 %, 59 MiB, 300 MHz, 1.55 W, 0x0000000000000001
2026/09/30 08:29:05.712, 50, 0 %, 59 MiB, 300 MHz, 1.55 W, 0x0000000000000001
2026/09/30 08:29:15.734, 50, 0 %, 59 MiB, 300 MHz, 1.47 W, 0x0000000000000001
2026/09/30 08:29:25.759, 50, 0 %, 59 MiB, 300 MHz, 1.50 W, 0x0000000000000001
2026/09/30 08:29:35.785, 50, 0 %, 59 MiB, 300 MHz, 1.48 W, 0x0000000000000001
2026/09/30 08:29:45.808, 50, 0 %, 59 MiB, 300 MHz, 1.54 W, 0x0000000000000001
2026/09/30 08:29:55.830, 50, 0 %, 59 MiB, 300 MHz, 1.71 W, 0x0000000000000001
2026/09/30 08:30:05.854, 50, 0 %, 59 MiB, 300 MHz, 1.55 W, 0x0000000000000001
2026/09/30 08:30:15.876, 50, 0 %, 59 MiB, 300 MHz, 1.54 W, 0x0000000000000001
2026/09/30 08:30:25.898, 50, 0 %, 59 MiB, 300 MHz, 1.54 W, 0x0000000000000001
2026/09/30 08:30:35.920, 50, 0 %, 59 MiB, 300 MHz, 1.54 W, 0x0000000000000001
2026/09/30 08:30:45.942, 50, 0 %, 59 MiB, 300 MHz, 1.56 W, 0x0000000000000001
2026/09/30 08:30:55.967, 50, 0 %, 59 MiB, 300 MHz, 1.53 W, 0x0000000000000001
2026/09/30 08:31:05.988, 50, 0 %, 59 MiB, 300 MHz, 1.76 W, 0x0000000000000001
2026/09/30 08:31:16.010, 50, 0 %, 59 MiB, 300 MHz, 1.59 W, 0x0000000000000001
2026/09/30 08:31:26.032, 50, 0 %, 59 MiB, 300 MHz, 1.58 W, 0x0000000000000001
2026/09/30 08:31:36.056, 50, 0 %, 59 MiB, 300 MHz, 1.58 W, 0x0000000000000001
2026/09/30 08:31:46.079, 50, 0 %, 59 MiB, 300 MHz, 1.54 W, 0x0000000000000001
2026/09/30 08:31:56.105, 50, 0 %, 59 MiB, 300 MHz, 1.55 W, 0x0000000000000001
2026/09/30 08:32:06.132, 50, 0 %, 59 MiB, 300 MHz, 1.85 W, 0x0000000000000001
2026/09/30 08:32:16.155, 50, 0 %, 59 MiB, 300 MHz, 1.55 W, 0x0000000000000001
2026/09/30 08:32:26.181, 50, 0 %, 59 MiB, 300 MHz, 1.51 W, 0x0000000000000001
2026/09/30 08:32:36.207, 50, 0 %, 59 MiB, 300 MHz, 1.49 W, 0x0000000000000001
2026/09/30 08:32:46.229, 50, 0 %, 59 MiB, 300 MHz, 1.48 W, 0x0000000000000001
2026/09/30 08:32:56.252, 50, 0 %, 59 MiB, 300 MHz, 1.50 W, 0x0000000000000001
2026/09/30 08:33:06.277, 50, 0 %, 59 MiB, 300 MHz, 1.54 W, 0x0000000000000001
2026/09/30 08:33:16.299, 50, 0 %, 59 MiB, 300 MHz, 1.70 W, 0x0000000000000001
2026/09/30 08:33:26.325, 50, 0 %, 59 MiB, 300 MHz, 1.54 W, 0x0000000000000001
2026/09/30 08:33:36.347, 50, 0 %, 59 MiB, 300 MHz, 1.59 W, 0x0000000000000001
2026/09/30 08:33:46.369, 50, 0 %, 59 MiB, 300 MHz, 1.59 W, 0x0000000000000001
2026/09/30 08:33:56.394, 50, 0 %, 59 MiB, 300 MHz, 1.60 W, 0x0000000000000001
2026/09/30 08:34:06.416, 50, 0 %, 59 MiB, 300 MHz, 1.62 W, 0x0000000000000001
2026/09/30 08:34:16.438, 50, 0 %, 59 MiB, 300 MHz, 2.02 W, 0x0000000000000001
2026/09/30 08:34:26.462, 50, 0 %, 59 MiB, 300 MHz, 1.66 W, 0x0000000000000001
2026/09/30 08:34:36.488, 50, 0 %, 59 MiB, 300 MHz, 1.56 W, 0x0000000000000001
2026/09/30 08:34:46.511, 50, 0 %, 59 MiB, 300 MHz, 1.56 W, 0x0000000000000001
2026/09/30 08:34:56.533, 50, 0 %, 59 MiB, 300 MHz, 1.18 W, 0x0000000000000001
2026/09/30 08:35:06.555, 50, 0 %, 59 MiB, 300 MHz, 1.52 W, 0x0000000000000001
2026/09/30 08:35:16.577, 50, 0 %, 59 MiB, 300 MHz, 1.48 W, 0x0000000000000001
2026/09/30 08:35:26.599, 50, 0 %, 59 MiB, 300 MHz, 1.92 W, 0x0000000000000001
2026/09/30 08:35:36.622, 50, 0 %, 59 MiB, 300 MHz, 1.61 W, 0x0000000000000001
2026/09/30 08:35:46.645, 50, 0 %, 59 MiB, 300 MHz, 1.61 W, 0x0000000000000001
2026/09/30 08:35:56.668, 50, 0 %, 59 MiB, 300 MHz, 1.49 W, 0x0000000000000001
2026/09/30 08:36:06.692, 50, 0 %, 59 MiB, 300 MHz, 1.50 W, 0x0000000000000001
2026/09/30 08:36:16.715, 50, 0 %, 59 MiB, 300 MHz, 1.60 W, 0x0000000000000001
2026/09/30 08:36:26.737, 50, 0 %, 59 MiB, 300 MHz, 1.58 W, 0x0000000000000001
2026/09/30 08:36:36.761, 50, 0 %, 59 MiB, 300 MHz, 1.91 W, 0x0000000000000001
2026/09/30 08:36:46.786, 50, 0 %, 59 MiB, 300 MHz, 1.57 W, 0x0000000000000001
2026/09/30 08:36:56.812, 50, 0 %, 59 MiB, 300 MHz, 1.62 W, 0x0000000000000001
2026/09/30 08:37:06.834, 50, 0 %, 59 MiB, 300 MHz, 1.62 W, 0x0000000000000001
2026/09/30 08:37:16.856, 50, 0 %, 59 MiB, 300 MHz, 1.62 W, 0x0000000000000001
2026/09/30 08:37:26.882, 50, 0 %, 59 MiB, 300 MHz, 1.56 W, 0x0000000000000001
2026/09/30 08:37:36.904, 50, 0 %, 59 MiB, 300 MHz, 1.51 W, 0x0000000000000001
2026/09/30 08:37:46.927, 50, 0 %, 59 MiB, 300 MHz, 1.69 W, 0x0000000000000001
2026/09/30 08:37:56.951, 50, 0 %, 59 MiB, 300 MHz, 1.66 W, 0x0000000000000001
2026/09/30 08:38:06.974, 50, 0 %, 59 MiB, 300 MHz, 1.63 W, 0x0000000000000001
2026/09/30 08:38:16.997, 50, 0 %, 59 MiB, 300 MHz, 1.60 W, 0x0000000000000001
2026/09/30 08:38:27.020, 50, 0 %, 59 MiB, 300 MHz, 1.50 W, 0x0000000000000001
2026/09/30 08:38:37.043, 50, 0 %, 59 MiB, 300 MHz, 1.61 W, 0x0000000000000001
2026/09/30 08:38:47.065, 50, 0 %, 59 MiB, 300 MHz, 1.86 W, 0x0000000000000001
2026/09/30 08:38:57.087, 50, 0 %, 59 MiB, 300 MHz, 1.63 W, 0x0000000000000001
2026/09/30 08:39:07.110, 50, 0 %, 59 MiB, 300 MHz, 1.12 W, 0x0000000000000001
2026/09/30 08:39:17.134, 50, 0 %, 59 MiB, 300 MHz, 1.51 W, 0x0000000000000001
2026/09/30 08:39:27.155, 50, 0 %, 59 MiB, 300 MHz, 1.67 W, 0x0000000000000001
2026/09/30 08:39:37.180, 50, 0 %, 59 MiB, 300 MHz, 1.51 W, 0x0000000000000001
2026/09/30 08:39:47.202, 50, 0 %, 59 MiB, 300 MHz, 1.64 W, 0x0000000000000001
2026/09/30 08:39:57.225, 50, 0 %, 59 MiB, 300 MHz, 1.98 W, 0x0000000000000001
2026/09/30 08:40:07.247, 50, 0 %, 59 MiB, 300 MHz, 1.67 W, 0x0000000000000001
2026/09/30 08:40:17.273, 50, 0 %, 59 MiB, 300 MHz, 1.62 W, 0x0000000000000001
2026/09/30 08:40:27.295, 50, 0 %, 59 MiB, 300 MHz, 1.64 W, 0x0000000000000001
2026/09/30 08:40:37.320, 50, 0 %, 59 MiB, 300 MHz, 1.54 W, 0x0000000000000001
2026/09/30 08:40:47.342, 50, 0 %, 59 MiB, 300 MHz, 1.58 W, 0x0000000000000001
2026/09/30 08:40:57.366, 50, 0 %, 59 MiB, 300 MHz, 1.55 W, 0x0000000000000001
2026/09/30 08:41:07.389, 50, 0 %, 59 MiB, 300 MHz, 1.68 W, 0x0000000000000001
2026/09/30 08:41:17.411, 50, 0 %, 59 MiB, 300 MHz, 1.56 W, 0x0000000000000001
2026/09/30 08:41:27.438, 50, 0 %, 59 MiB, 300 MHz, 1.54 W, 0x0000000000000001
2026/09/30 08:41:37.463, 50, 0 %, 59 MiB, 300 MHz, 1.55 W, 0x0000000000000001
2026/09/30 08:41:47.485, 50, 0 %, 59 MiB, 300 MHz, 1.53 W, 0x0000000000000001
2026/09/30 08:41:57.507, 50, 0 %, 59 MiB, 300 MHz, 1.56 W, 0x0000000000000001
2026/09/30 08:42:07.529, 50, 0 %, 59 MiB, 300 MHz, 1.57 W, 0x0000000000000001
2026/09/30 08:42:17.555, 50, 0 %, 59 MiB, 300 MHz, 1.79 W, 0x0000000000000001
2026/09/30 08:42:27.579, 50, 0 %, 59 MiB, 300 MHz, 1.53 W, 0x0000000000000001
2026/09/30 08:42:37.602, 50, 0 %, 59 MiB, 300 MHz, 1.57 W, 0x0000000000000001
2026/09/30 08:42:47.626, 50, 0 %, 59 MiB, 300 MHz, 1.52 W, 0x0000000000000001
2026/09/30 08:42:57.648, 50, 0 %, 59 MiB, 300 MHz, 1.53 W, 0x0000000000000001
2026/09/30 08:43:07.670, 50, 0 %, 59 MiB, 300 MHz, 1.48 W, 0x0000000000000001
2026/09/30 08:43:17.691, 50, 0 %, 59 MiB, 300 MHz, 1.96 W, 0x0000000000000001
2026/09/30 08:43:27.717, 50, 0 %, 59 MiB, 300 MHz, 1.69 W, 0x0000000000000001
2026/09/30 08:43:37.740, 50, 0 %, 59 MiB, 300 MHz, 1.53 W, 0x0000000000000001
2026/09/30 08:43:47.763, 50, 0 %, 59 MiB, 300 MHz, 1.55 W, 0x0000000000000001
2026/09/30 08:43:57.785, 50, 0 %, 59 MiB, 300 MHz, 1.54 W, 0x0000000000000001
2026/09/30 08:44:07.807, 50, 0 %, 59 MiB, 300 MHz, 1.55 W, 0x0000000000000001
2026/09/30 08:44:17.833, 50, 0 %, 59 MiB, 300 MHz, 1.56 W, 0x0000000000000001
2026/09/30 08:44:27.859, 50, 0 %, 59 MiB, 300 MHz, 1.71 W, 0x0000000000000001
2026/09/30 08:44:37.884, 50, 0 %, 59 MiB, 300 MHz, 1.53 W, 0x0000000000000001
2026/09/30 08:44:47.909, 50, 0 %, 59 MiB, 300 MHz, 1.56 W, 0x0000000000000001
2026/09/30 08:44:57.931, 50, 0 %, 59 MiB, 300 MHz, 1.52 W, 0x0000000000000001
2026/09/30 08:45:07.953, 50, 0 %, 59 MiB, 300 MHz, 1.51 W, 0x0000000000000001
2026/09/30 08:45:17.978, 50, 0 %, 59 MiB, 300 MHz, 1.53 W, 0x0000000000000001
2026/09/30 08:45:28.003, 50, 0 %, 59 MiB, 300 MHz, 1.86 W, 0x0000000000000001
2026/09/30 08:45:38.027, 50, 0 %, 59 MiB, 300 MHz, 1.62 W, 0x0000000000000001
2026/09/30 08:45:48.051, 50, 0 %, 59 MiB, 300 MHz, 1.57 W, 0x0000000000000001
2026/09/30 08:45:58.077, 50, 0 %, 59 MiB, 300 MHz, 1.57 W, 0x0000000000000001
2026/09/30 08:46:08.100, 50, 0 %, 59 MiB, 300 MHz, 1.54 W, 0x0000000000000001
2026/09/30 08:46:18.122, 50, 0 %, 59 MiB, 300 MHz, 1.50 W, 0x0000000000000001
2026/09/30 08:46:28.144, 50, 0 %, 59 MiB, 300 MHz, 1.94 W, 0x0000000000000001
2026/09/30 08:46:38.170, 50, 0 %, 59 MiB, 300 MHz, 1.55 W, 0x0000000000000001
2026/09/30 08:46:48.196, 50, 0 %, 59 MiB, 300 MHz, 1.51 W, 0x0000000000000001
2026/09/30 08:46:58.218, 50, 0 %, 59 MiB, 300 MHz, 1.47 W, 0x0000000000000001
2026/09/30 08:47:08.247, 50, 0 %, 59 MiB, 300 MHz, 1.49 W, 0x0000000000000001
2026/09/30 08:47:18.270, 50, 0 %, 59 MiB, 300 MHz, 1.48 W, 0x0000000000000001
2026/09/30 08:47:28.292, 50, 0 %, 59 MiB, 300 MHz, 1.53 W, 0x0000000000000001
2026/09/30 08:47:38.313, 50, 0 %, 59 MiB, 300 MHz, 1.75 W, 0x0000000000000001
2026/09/30 08:47:48.335, 50, 0 %, 59 MiB, 300 MHz, 1.58 W, 0x0000000000000001
2026/09/30 08:47:58.361, 50, 0 %, 59 MiB, 300 MHz, 1.53 W, 0x0000000000000001
2026/09/30 08:48:08.382, 50, 0 %, 59 MiB, 300 MHz, 1.55 W, 0x0000000000000001
2026/09/30 08:48:18.404, 50, 0 %, 59 MiB, 300 MHz, 1.54 W, 0x0000000000000001
2026/09/30 08:48:28.431, 50, 0 %, 59 MiB, 300 MHz, 1.58 W, 0x0000000000000001
2026/09/30 08:48:38.454, 50, 0 %, 59 MiB, 300 MHz, 1.88 W, 0x0000000000000001
2026/09/30 08:48:48.480, 50, 0 %, 59 MiB, 300 MHz, 1.53 W, 0x0000000000000001
2026/09/30 08:48:58.502, 50, 0 %, 59 MiB, 300 MHz, 1.55 W, 0x0000000000000001
2026/09/30 08:49:08.524, 50, 0 %, 59 MiB, 300 MHz, 1.51 W, 0x0000000000000001
2026/09/30 08:49:18.549, 50, 0 %, 59 MiB, 300 MHz, 1.52 W, 0x0000000000000001
2026/09/30 08:49:28.573, 50, 0 %, 59 MiB, 300 MHz, 1.49 W, 0x0000000000000001
2026/09/30 08:49:38.599, 50, 0 %, 59 MiB, 300 MHz, 1.46 W, 0x0000000000000001
2026/09/30 08:49:48.621, 50, 0 %, 59 MiB, 300 MHz, 1.75 W, 0x0000000000000001
2026/09/30 08:49:58.643, 50, 0 %, 59 MiB, 300 MHz, 1.51 W, 0x0000000000000001
2026/09/30 08:50:08.665, 50, 0 %, 59 MiB, 300 MHz, 1.59 W, 0x0000000000000001
2026/09/30 08:50:18.689, 50, 0 %, 59 MiB, 300 MHz, 1.56 W, 0x0000000000000001
2026/09/30 08:50:28.712, 50, 0 %, 59 MiB, 300 MHz, 1.50 W, 0x0000000000000001
2026/09/30 08:50:38.738, 50, 0 %, 59 MiB, 300 MHz, 1.62 W, 0x0000000000000001
2026/09/30 08:50:48.761, 50, 0 %, 59 MiB, 300 MHz, 2.02 W, 0x0000000000000001
2026/09/30 08:50:58.784, 50, 0 %, 59 MiB, 300 MHz, 1.76 W, 0x0000000000000001
2026/09/30 08:51:08.810, 50, 0 %, 59 MiB, 300 MHz, 1.58 W, 0x0000000000000001
2026/09/30 08:51:18.832, 50, 0 %, 59 MiB, 300 MHz, 1.57 W, 0x0000000000000001
2026/09/30 08:51:28.856, 50, 0 %, 59 MiB, 300 MHz, 1.61 W, 0x0000000000000001
2026/09/30 08:51:38.881, 50, 0 %, 59 MiB, 300 MHz, 1.61 W, 0x0000000000000001
2026/09/30 08:51:48.904, 50, 0 %, 59 MiB, 300 MHz, 1.68 W, 0x0000000000000001
2026/09/30 08:51:58.926, 50, 0 %, 59 MiB, 300 MHz, 1.93 W, 0x0000000000000001
2026/09/30 08:52:08.948, 50, 0 %, 59 MiB, 300 MHz, 1.67 W, 0x0000000000000001
2026/09/30 08:52:18.970, 50, 0 %, 59 MiB, 300 MHz, 1.66 W, 0x0000000000000001
2026/09/30 08:52:28.992, 50, 0 %, 59 MiB, 300 MHz, 1.53 W, 0x0000000000000001
2026/09/30 08:52:39.016, 50, 0 %, 59 MiB, 300 MHz, 1.54 W, 0x0000000000000001
2026/09/30 08:52:49.038, 50, 0 %, 59 MiB, 300 MHz, 1.52 W, 0x0000000000000001
2026/09/30 08:52:59.064, 50, 0 %, 59 MiB, 300 MHz, 1.63 W, 0x0000000000000001
2026/09/30 08:53:09.089, 50, 0 %, 59 MiB, 300 MHz, 1.76 W, 0x0000000000000001
2026/09/30 08:53:19.111, 50, 0 %, 59 MiB, 300 MHz, 1.55 W, 0x0000000000000001
2026/09/30 08:53:29.133, 50, 0 %, 59 MiB, 300 MHz, 1.57 W, 0x0000000000000001
2026/09/30 08:53:39.160, 50, 0 %, 59 MiB, 300 MHz, 1.56 W, 0x0000000000000001
2026/09/30 08:53:49.182, 50, 0 %, 59 MiB, 300 MHz, 1.60 W, 0x0000000000000001
2026/09/30 08:53:59.208, 50, 0 %, 59 MiB, 300 MHz, 1.59 W, 0x0000000000000001
2026/09/30 08:54:09.231, 50, 0 %, 59 MiB, 300 MHz, 1.88 W, 0x0000000000000001
2026/09/30 08:54:19.253, 50, 0 %, 59 MiB, 300 MHz, 1.57 W, 0x0000000000000001
2026/09/30 08:54:29.275, 50, 0 %, 59 MiB, 300 MHz, 1.57 W, 0x0000000000000001
2026/09/30 08:54:39.300, 50, 0 %, 59 MiB, 300 MHz, 1.59 W, 0x0000000000000001
2026/09/30 08:54:49.322, 50, 0 %, 59 MiB, 300 MHz, 1.55 W, 0x0000000000000001
2026/09/30 08:54:59.346, 50, 0 %, 59 MiB, 300 MHz, 1.51 W, 0x0000000000000001
2026/09/30 08:55:09.369, 50, 0 %, 59 MiB, 300 MHz, 1.52 W, 0x0000000000000001
2026/09/30 08:55:19.393, 50, 0 %, 59 MiB, 300 MHz, 1.95 W, 0x0000000000000001
2026/09/30 08:55:29.416, 50, 0 %, 59 MiB, 300 MHz, 1.60 W, 0x0000000000000001
2026/09/30 08:55:39.438, 50, 0 %, 59 MiB, 300 MHz, 1.55 W, 0x0000000000000001
2026/09/30 08:55:49.463, 50, 0 %, 59 MiB, 300 MHz, 1.64 W, 0x0000000000000001
2026/09/30 08:55:59.486, 50, 0 %, 59 MiB, 300 MHz, 1.57 W, 0x0000000000000001
2026/09/30 08:56:09.509, 50, 0 %, 59 MiB, 300 MHz, 1.55 W, 0x0000000000000001
2026/09/30 08:56:19.530, 50, 0 %, 59 MiB, 300 MHz, 1.61 W, 0x0000000000000001
2026/09/30 08:56:29.555, 50, 0 %, 59 MiB, 300 MHz, 1.70 W, 0x0000000000000001
2026/09/30 08:56:39.577, 50, 0 %, 59 MiB, 300 MHz, 1.47 W, 0x0000000000000001
2026/09/30 08:56:49.601, 50, 0 %, 59 MiB, 300 MHz, 1.51 W, 0x0000000000000001
2026/09/30 08:56:59.627, 50, 0 %, 59 MiB, 300 MHz, 1.50 W, 0x0000000000000001
2026/09/30 08:57:09.650, 50, 0 %, 59 MiB, 300 MHz, 1.53 W, 0x0000000000000001
2026/09/30 08:57:19.672, 50, 0 %, 59 MiB, 300 MHz, 1.57 W, 0x0000000000000001
2026/09/30 08:57:29.695, 50, 0 %, 59 MiB, 300 MHz, 1.96 W, 0x0000000000000001
2026/09/30 08:57:39.720, 50, 0 %, 59 MiB, 300 MHz, 1.62 W, 0x0000000000000001
2026/09/30 08:57:49.745, 50, 0 %, 59 MiB, 300 MHz, 1.57 W, 0x0000000000000001
2026/09/30 08:57:59.768, 50, 0 %, 59 MiB, 300 MHz, 1.60 W, 0x0000000000000001
2026/09/30 08:58:09.795, 50, 0 %, 59 MiB, 300 MHz, 1.69 W, 0x0000000000000001
2026/09/30 08:58:19.821, 50, 0 %, 59 MiB, 300 MHz, 1.55 W, 0x0000000000000001
2026/09/30 08:58:29.847, 50, 0 %, 59 MiB, 300 MHz, 1.84 W, 0x0000000000000001
2026/09/30 08:58:39.869, 50, 0 %, 59 MiB, 300 MHz, 1.55 W, 0x0000000000000001
2026/09/30 08:58:49.890, 50, 0 %, 59 MiB, 300 MHz, 1.14 W, 0x0000000000000001
2026/09/30 08:58:59.914, 50, 0 %, 59 MiB, 300 MHz, 1.47 W, 0x0000000000000001
2026/09/30 08:59:09.936, 50, 0 %, 59 MiB, 300 MHz, 1.49 W, 0x0000000000000001
2026/09/30 08:59:19.958, 50, 0 %, 59 MiB, 300 MHz, 1.50 W, 0x0000000000000001
2026/09/30 08:59:29.984, 50, 0 %, 59 MiB, 300 MHz, 1.51 W, 0x0000000000000001
2026/09/30 08:59:40.006, 50, 0 %, 59 MiB, 300 MHz, 1.77 W, 0x0000000000000001
2026/09/30 08:59:50.028, 50, 0 %, 59 MiB, 300 MHz, 1.51 W, 0x0000000000000001
2026/09/30 09:00:00.052, 50, 0 %, 59 MiB, 300 MHz, 1.57 W, 0x0000000000000001
2026/09/30 09:00:10.076, 50, 0 %, 59 MiB, 300 MHz, 1.68 W, 0x0000000000000001
2026/09/30 09:00:20.101, 50, 0 %, 59 MiB, 300 MHz, 1.55 W, 0x0000000000000001
2026/09/30 09:00:30.127, 50, 0 %, 59 MiB, 300 MHz, 1.59 W, 0x0000000000000001
2026/09/30 09:00:40.149, 50, 0 %, 59 MiB, 300 MHz, 1.70 W, 0x0000000000000001
2026/09/30 09:00:50.173, 50, 0 %, 59 MiB, 300 MHz, 1.53 W, 0x0000000000000001
2026/09/30 09:01:00.196, 50, 0 %, 59 MiB, 300 MHz, 1.39 W, 0x0000000000000001
2026/09/30 09:01:10.218, 50, 0 %, 59 MiB, 300 MHz, 1.55 W, 0x0000000000000001
2026/09/30 09:01:20.240, 50, 0 %, 59 MiB, 300 MHz, 1.48 W, 0x0000000000000001
2026/09/30 09:01:30.262, 50, 0 %, 59 MiB, 300 MHz, 1.51 W, 0x0000000000000001
2026/09/30 09:01:40.284, 50, 0 %, 59 MiB, 300 MHz, 1.48 W, 0x0000000000000001
2026/09/30 09:01:50.308, 50, 0 %, 59 MiB, 300 MHz, 1.98 W, 0x0000000000000001
2026/09/30 09:02:00.330, 50, 0 %, 59 MiB, 300 MHz, 1.69 W, 0x0000000000000001
2026/09/30 09:02:10.357, 50, 0 %, 59 MiB, 300 MHz, 1.52 W, 0x0000000000000001
2026/09/30 09:02:20.379, 50, 0 %, 59 MiB, 300 MHz, 1.53 W, 0x0000000000000001
2026/09/30 09:02:30.402, 50, 0 %, 59 MiB, 300 MHz, 1.63 W, 0x0000000000000001
2026/09/30 09:02:40.424, 50, 0 %, 59 MiB, 300 MHz, 1.56 W, 0x0000000000000001
2026/09/30 09:02:50.448, 50, 0 %, 59 MiB, 300 MHz, 1.55 W, 0x0000000000000001
2026/09/30 09:03:00.473, 50, 0 %, 59 MiB, 300 MHz, 1.89 W, 0x0000000000000001
2026/09/30 09:03:10.495, 50, 0 %, 59 MiB, 300 MHz, 1.63 W, 0x0000000000000001
2026/09/30 09:03:20.517, 50, 0 %, 59 MiB, 300 MHz, 1.79 W, 0x0000000000000001
2026/09/30 09:03:30.541, 50, 0 %, 59 MiB, 300 MHz, 1.60 W, 0x0000000000000001
2026/09/30 09:03:40.564, 49, 0 %, 59 MiB, 300 MHz, 1.62 W, 0x0000000000000001
