timestamp, utilization.gpu [%], memory.used [MiB], memory.total [MiB], clocks.current.sm [MHz], power.draw [W], temperature.gpu, clocks_event_reasons.active
2026/10/07 02:02:58.807, 0 %, 5 MiB, 4096 MiB, 300 MHz, 1.51 W, 52, 0x0000000000000001
2026/10/07 02:03:00.828, 1 %, 70 MiB, 4096 MiB, 855 MHz, 13.17 W, 53, 0x0000000000000000
2026/10/07 02:03:02.848, 0 %, 85 MiB, 4096 MiB, 855 MHz, 13.19 W, 53, 0x0000000000000000
2026/10/07 02:03:04.865, 0 %, 75 MiB, 4096 MiB, 300 MHz, 1.39 W, 52, 0x0000000000000001
2026/10/07 02:03:06.889, 0 %, 75 MiB, 4096 MiB, 300 MHz, 1.75 W, 52, 0x0000000000000001
2026/10/07 02:03:08.914, 0 %, 75 MiB, 4096 MiB, 300 MHz, 1.64 W, 52, 0x0000000000000001
2026/10/07 02:03:10.937, 0 %, 75 MiB, 4096 MiB, 300 MHz, 1.69 W, 52, 0x0000000000000001
2026/10/07 02:03:12.961, 0 %, 75 MiB, 4096 MiB, 300 MHz, 1.71 W, 52, 0x0000000000000001
2026/10/07 02:03:14.983, 0 %, 75 MiB, 4096 MiB, 300 MHz, 1.90 W, 52, 0x0000000000000001
2026/10/07 02:03:17.004, 0 %, 75 MiB, 4096 MiB, 300 MHz, 1.52 W, 52, 0x0000000000000001
2026/10/07 02:03:19.026, 0 %, 75 MiB, 4096 MiB, 300 MHz, 1.66 W, 52, 0x0000000000000001
2026/10/07 02:03:21.050, 0 %, 75 MiB, 4096 MiB, 300 MHz, 1.57 W, 52, 0x0000000000000001
2026/10/07 02:03:23.072, 0 %, 75 MiB, 4096 MiB, 300 MHz, 1.55 W, 52, 0x0000000000000001
2026/10/07 02:03:25.096, 0 %, 75 MiB, 4096 MiB, 300 MHz, 1.88 W, 52, 0x0000000000000001
2026/10/07 02:03:27.118, 0 %, 75 MiB, 4096 MiB, 300 MHz, 1.55 W, 52, 0x0000000000000001
2026/10/07 02:03:29.141, 0 %, 75 MiB, 4096 MiB, 300 MHz, 1.66 W, 52, 0x0000000000000001
2026/10/07 02:03:31.165, 0 %, 75 MiB, 4096 MiB, 300 MHz, 1.58 W, 52, 0x0000000000000001
2026/10/07 02:03:33.187, 0 %, 75 MiB, 4096 MiB, 300 MHz, 1.57 W, 52, 0x0000000000000001
2026/10/07 02:03:35.210, 0 %, 75 MiB, 4096 MiB, 300 MHz, 1.76 W, 52, 0x0000000000000001
2026/10/07 02:03:37.235, 0 %, 75 MiB, 4096 MiB, 300 MHz, 1.57 W, 52, 0x0000000000000001
2026/10/07 02:03:39.259, 0 %, 75 MiB, 4096 MiB, 300 MHz, 1.53 W, 52, 0x0000000000000001
2026/10/07 02:03:41.280, 0 %, 75 MiB, 4096 MiB, 300 MHz, 1.57 W, 52, 0x0000000000000001
2026/10/07 02:03:43.305, 0 %, 75 MiB, 4096 MiB, 300 MHz, 1.45 W, 52, 0x0000000000000001
2026/10/07 02:03:45.328, 0 %, 75 MiB, 4096 MiB, 300 MHz, 1.55 W, 52, 0x0000000000000001
2026/10/07 02:03:47.353, 0 %, 75 MiB, 4096 MiB, 300 MHz, 1.68 W, 52, 0x0000000000000001
2026/10/07 02:03:49.379, 0 %, 75 MiB, 4096 MiB, 300 MHz, 1.57 W, 52, 0x0000000000000001
2026/10/07 02:03:51.404, 0 %, 75 MiB, 4096 MiB, 300 MHz, 1.57 W, 52, 0x0000000000000001
2026/10/07 02:03:53.426, 0 %, 75 MiB, 4096 MiB, 300 MHz, 1.89 W, 52, 0x0000000000000001
2026/10/07 02:03:55.449, 0 %, 75 MiB, 4096 MiB, 300 MHz, 1.52 W, 52, 0x0000000000000001
2026/10/07 02:03:57.471, 0 %, 76 MiB, 4096 MiB, 300 MHz, 1.54 W, 52, 0x0000000000000001
2026/10/07 02:03:59.495, 0 %, 68 MiB, 4096 MiB, 300 MHz, 1.57 W, 52, 0x0000000000000001
2026/10/07 02:04:01.516, 0 %, 58 MiB, 4096 MiB, 300 MHz, 1.36 W, 52, 0x0000000000000001
2026/10/07 02:04:03.542, 0 %, 58 MiB, 4096 MiB, 300 MHz, 1.64 W, 52, 0x0000000000000001
2026/10/07 02:04:05.567, 0 %, 58 MiB, 4096 MiB, 300 MHz, 1.58 W, 52, 0x0000000000000001
2026/10/07 02:04:07.590, 0 %, 58 MiB, 4096 MiB, 300 MHz, 1.61 W, 52, 0x0000000000000001
2026/10/07 02:04:09.611, 0 %, 58 MiB, 4096 MiB, 300 MHz, 1.81 W, 52, 0x0000000000000001
2026/10/07 02:04:11.635, 0 %, 58 MiB, 4096 MiB, 300 MHz, 1.94 W, 52, 0x0000000000000001
2026/10/07 02:04:13.658, 0 %, 58 MiB, 4096 MiB, 300 MHz, 1.50 W, 52, 0x0000000000000001
2026/10/07 02:04:15.683, 0 %, 58 MiB, 4096 MiB, 300 MHz, 1.50 W, 52, 0x0000000000000001
2026/10/07 02:04:17.707, 0 %, 58 MiB, 4096 MiB, 300 MHz, 1.56 W, 52, 0x0000000000000001
2026/10/07 02:04:19.731, 0 %, 58 MiB, 4096 MiB, 300 MHz, 1.55 W, 52, 0x0000000000000001
2026/10/07 02:04:21.753, 0 %, 58 MiB, 4096 MiB, 300 MHz, 1.84 W, 52, 0x0000000000000001
2026/10/07 02:04:23.778, 0 %, 58 MiB, 4096 MiB, 300 MHz, 1.62 W, 52, 0x0000000000000001
2026/10/07 02:04:25.799, 0 %, 58 MiB, 4096 MiB, 300 MHz, 1.63 W, 52, 0x0000000000000001
2026/10/07 02:04:27.821, 0 %, 58 MiB, 4096 MiB, 300 MHz, 1.61 W, 52, 0x0000000000000001
2026/10/07 02:04:29.846, 0 %, 58 MiB, 4096 MiB, 300 MHz, 1.62 W, 52, 0x0000000000000001
2026/10/07 02:04:31.868, 0 %, 57 MiB, 4096 MiB, 300 MHz, 1.65 W, 52, 0x0000000000000001
2026/10/07 02:04:33.900, 0 %, 57 MiB, 4096 MiB, 300 MHz, 1.60 W, 52, 0x0000000000000001
2026/10/07 02:04:35.923, 0 %, 57 MiB, 4096 MiB, 300 MHz, 1.58 W, 52, 0x0000000000000001
2026/10/07 02:04:37.947, 0 %, 57 MiB, 4096 MiB, 300 MHz, 1.64 W, 52, 0x0000000000000001
2026/10/07 02:04:39.969, 0 %, 57 MiB, 4096 MiB, 300 MHz, 1.81 W, 52, 0x0000000000000001
2026/10/07 02:04:41.992, 0 %, 57 MiB, 4096 MiB, 300 MHz, 1.62 W, 52, 0x0000000000000001
2026/10/07 02:04:44.013, 0 %, 57 MiB, 4096 MiB, 300 MHz, 1.49 W, 52, 0x0000000000000001
2026/10/07 02:04:46.035, 0 %, 57 MiB, 4096 MiB, 300 MHz, 1.55 W, 52, 0x0000000000000001
2026/10/07 02:04:48.058, 0 %, 57 MiB, 4096 MiB, 300 MHz, 1.53 W, 52, 0x0000000000000001
2026/10/07 02:04:50.079, 0 %, 57 MiB, 4096 MiB, 300 MHz, 1.69 W, 52, 0x0000000000000001
2026/10/07 02:04:52.101, 0 %, 57 MiB, 4096 MiB, 300 MHz, 1.51 W, 52, 0x0000000000000001
2026/10/07 02:04:54.125, 0 %, 57 MiB, 4096 MiB, 300 MHz, 1.54 W, 52, 0x0000000000000001
2026/10/07 02:04:56.146, 0 %, 57 MiB, 4096 MiB, 300 MHz, 1.55 W, 52, 0x0000000000000001
2026/10/07 02:04:58.181, 0 %, 57 MiB, 4096 MiB, 300 MHz, 1.94 W, 52, 0x0000000000000001
2026/10/07 02:05:00.202, 0 %, 57 MiB, 4096 MiB, 300 MHz, 1.60 W, 52, 0x0000000000000001
2026/10/07 02:05:02.225, 0 %, 57 MiB, 4096 MiB, 300 MHz, 1.53 W, 52, 0x0000000000000001
2026/10/07 02:05:04.249, 0 %, 57 MiB, 4096 MiB, 300 MHz, 1.56 W, 52, 0x0000000000000001
2026/10/07 02:05:06.271, 0 %, 57 MiB, 4096 MiB, 300 MHz, 1.60 W, 52, 0x0000000000000001
2026/10/07 02:05:08.296, 0 %, 57 MiB, 4096 MiB, 300 MHz, 1.70 W, 52, 0x0000000000000001
2026/10/07 02:05:10.318, 0 %, 57 MiB, 4096 MiB, 300 MHz, 1.56 W, 52, 0x0000000000000001
2026/10/07 02:05:12.344, 0 %, 57 MiB, 4096 MiB, 300 MHz, 1.56 W, 52, 0x0000000000000001
2026/10/07 02:05:14.368, 0 %, 57 MiB, 4096 MiB, 300 MHz, 1.58 W, 52, 0x0000000000000001
2026/10/07 02:05:16.389, 0 %, 57 MiB, 4096 MiB, 300 MHz, 1.51 W, 52, 0x0000000000000001
2026/10/07 02:05:18.413, 0 %, 57 MiB, 4096 MiB, 300 MHz, 1.58 W, 52, 0x0000000000000001
2026/10/07 02:05:20.439, 0 %, 57 MiB, 4096 MiB, 300 MHz, 1.55 W, 52, 0x0000000000000001
2026/10/07 02:05:22.461, 0 %, 57 MiB, 4096 MiB, 300 MHz, 1.55 W, 52, 0x0000000000000001
2026/10/07 02:05:24.486, 0 %, 57 MiB, 4096 MiB, 300 MHz, 1.56 W, 52, 0x0000000000000001
2026/10/07 02:05:26.507, 0 %, 57 MiB, 4096 MiB, 300 MHz, 1.91 W, 52, 0x0000000000000001
2026/10/07 02:05:28.532, 0 %, 57 MiB, 4096 MiB, 300 MHz, 1.55 W, 52, 0x0000000000000001
2026/10/07 02:05:30.553, 0 %, 57 MiB, 4096 MiB, 300 MHz, 1.56 W, 52, 0x0000000000000001
2026/10/07 02:05:32.575, 0 %, 57 MiB, 4096 MiB, 300 MHz, 1.53 W, 52, 0x0000000000000001
2026/10/07 02:05:34.598, 0 %, 57 MiB, 4096 MiB, 300 MHz, 1.66 W, 52, 0x0000000000000001
2026/10/07 02:05:36.622, 0 %, 57 MiB, 4096 MiB, 300 MHz, 1.78 W, 52, 0x0000000000000001
2026/10/07 02:05:38.645, 0 %, 57 MiB, 4096 MiB, 300 MHz, 1.53 W, 52, 0x0000000000000001
2026/10/07 02:05:40.669, 0 %, 57 MiB, 4096 MiB, 300 MHz, 1.55 W, 52, 0x0000000000000001
2026/10/07 02:05:42.690, 0 %, 57 MiB, 4096 MiB, 300 MHz, 1.57 W, 52, 0x0000000000000001
2026/10/07 02:05:44.713, 0 %, 57 MiB, 4096 MiB, 300 MHz, 1.57 W, 52, 0x0000000000000001
2026/10/07 02:05:46.739, 0 %, 57 MiB, 4096 MiB, 300 MHz, 1.54 W, 52, 0x0000000000000001
2026/10/07 02:05:48.761, 0 %, 57 MiB, 4096 MiB, 300 MHz, 1.54 W, 52, 0x0000000000000001
2026/10/07 02:05:50.785, 0 %, 57 MiB, 4096 MiB, 300 MHz, 1.49 W, 52, 0x0000000000000001
2026/10/07 02:05:52.807, 0 %, 57 MiB, 4096 MiB, 300 MHz, 1.53 W, 52, 0x0000000000000001
2026/10/07 02:05:54.832, 0 %, 57 MiB, 4096 MiB, 300 MHz, 1.97 W, 52, 0x0000000000000001
2026/10/07 02:05:56.853, 0 %, 57 MiB, 4096 MiB, 300 MHz, 1.59 W, 52, 0x0000000000000001
2026/10/07 02:05:58.878, 0 %, 57 MiB, 4096 MiB, 300 MHz, 1.58 W, 52, 0x0000000000000001
2026/10/07 02:06:00.904, 0 %, 57 MiB, 4096 MiB, 300 MHz, 1.61 W, 52, 0x0000000000000001
2026/10/07 02:06:02.928, 0 %, 57 MiB, 4096 MiB, 300 MHz, 1.62 W, 52, 0x0000000000000001
2026/10/07 02:06:04.949, 0 %, 57 MiB, 4096 MiB, 300 MHz, 1.79 W, 52, 0x0000000000000001
2026/10/07 02:06:06.971, 0 %, 57 MiB, 4096 MiB, 300 MHz, 1.63 W, 52, 0x0000000000000001
2026/10/07 02:06:08.999, 0 %, 57 MiB, 4096 MiB, 300 MHz, 1.56 W, 52, 0x0000000000000001
2026/10/07 02:06:11.023, 0 %, 57 MiB, 4096 MiB, 300 MHz, 1.55 W, 52, 0x0000000000000001
2026/10/07 02:06:13.047, 0 %, 57 MiB, 4096 MiB, 300 MHz, 1.96 W, 52, 0x0000000000000001
2026/10/07 02:06:15.070, 0 %, 57 MiB, 4096 MiB, 300 MHz, 1.48 W, 52, 0x0000000000000001
2026/10/07 02:06:17.094, 0 %, 57 MiB, 4096 MiB, 300 MHz, 1.53 W, 52, 0x0000000000000001
2026/10/07 02:06:19.119, 0 %, 57 MiB, 4096 MiB, 300 MHz, 1.66 W, 52, 0x0000000000000001
2026/10/07 02:06:21.140, 0 %, 57 MiB, 4096 MiB, 300 MHz, 1.62 W, 52, 0x0000000000000001
2026/10/07 02:06:23.173, 0 %, 57 MiB, 4096 MiB, 300 MHz, 1.57 W, 52, 0x0000000000000001
2026/10/07 02:06:25.196, 0 %, 57 MiB, 4096 MiB, 300 MHz, 1.53 W, 52, 0x0000000000000001
2026/10/07 02:06:27.220, 0 %, 57 MiB, 4096 MiB, 300 MHz, 1.49 W, 52, 0x0000000000000001
2026/10/07 02:06:29.241, 0 %, 57 MiB, 4096 MiB, 300 MHz, 1.53 W, 52, 0x0000000000000001
2026/10/07 02:06:31.264, 0 %, 57 MiB, 4096 MiB, 300 MHz, 1.96 W, 52, 0x0000000000000001
2026/10/07 02:06:33.287, 0 %, 57 MiB, 4096 MiB, 300 MHz, 1.55 W, 52, 0x0000000000000001
2026/10/07 02:06:35.308, 0 %, 57 MiB, 4096 MiB, 300 MHz, 1.57 W, 52, 0x0000000000000001
2026/10/07 02:06:37.330, 0 %, 57 MiB, 4096 MiB, 300 MHz, 1.60 W, 52, 0x0000000000000001
2026/10/07 02:06:39.354, 0 %, 57 MiB, 4096 MiB, 300 MHz, 1.59 W, 52, 0x0000000000000001
2026/10/07 02:06:41.378, 0 %, 57 MiB, 4096 MiB, 300 MHz, 1.89 W, 52, 0x0000000000000001
2026/10/07 02:06:43.399, 0 %, 57 MiB, 4096 MiB, 300 MHz, 1.55 W, 52, 0x0000000000000001
2026/10/07 02:06:45.424, 0 %, 57 MiB, 4096 MiB, 300 MHz, 1.52 W, 52, 0x0000000000000001
2026/10/07 02:06:47.445, 0 %, 57 MiB, 4096 MiB, 300 MHz, 1.64 W, 52, 0x0000000000000001
2026/10/07 02:06:49.469, 0 %, 57 MiB, 4096 MiB, 300 MHz, 1.57 W, 52, 0x0000000000000001
2026/10/07 02:06:51.493, 0 %, 57 MiB, 4096 MiB, 300 MHz, 1.69 W, 52, 0x0000000000000001
2026/10/07 02:06:53.515, 0 %, 57 MiB, 4096 MiB, 300 MHz, 1.61 W, 52, 0x0000000000000001
2026/10/07 02:06:55.537, 1 %, 67 MiB, 4096 MiB, 300 MHz, 1.64 W, 52, 0x0000000000000001
2026/10/07 02:06:57.560, 0 %, 58 MiB, 4096 MiB, 300 MHz, 1.57 W, 52, 0x0000000000000001
2026/10/07 02:06:59.585, 0 %, 58 MiB, 4096 MiB, 300 MHz, 1.61 W, 52, 0x0000000000000001
2026/10/07 02:07:01.606, 0 %, 58 MiB, 4096 MiB, 300 MHz, 1.65 W, 52, 0x0000000000000001
2026/10/07 02:07:03.634, 0 %, 58 MiB, 4096 MiB, 300 MHz, 1.54 W, 52, 0x0000000000000001
2026/10/07 02:07:05.658, 0 %, 58 MiB, 4096 MiB, 300 MHz, 1.56 W, 52, 0x0000000000000001
2026/10/07 02:07:07.679, 0 %, 58 MiB, 4096 MiB, 300 MHz, 1.57 W, 52, 0x0000000000000001
2026/10/07 02:07:09.704, 0 %, 58 MiB, 4096 MiB, 300 MHz, 1.85 W, 52, 0x0000000000000001
2026/10/07 02:07:11.726, 0 %, 58 MiB, 4096 MiB, 300 MHz, 1.59 W, 52, 0x0000000000000001
2026/10/07 02:07:13.750, 0 %, 58 MiB, 4096 MiB, 300 MHz, 1.59 W, 52, 0x0000000000000001
2026/10/07 02:07:15.773, 0 %, 58 MiB, 4096 MiB, 300 MHz, 1.55 W, 52, 0x0000000000000001
2026/10/07 02:07:17.798, 0 %, 58 MiB, 4096 MiB, 300 MHz, 1.52 W, 52, 0x0000000000000001
2026/10/07 02:07:19.821, 0 %, 58 MiB, 4096 MiB, 300 MHz, 1.70 W, 52, 0x0000000000000001
2026/10/07 02:07:21.844, 0 %, 58 MiB, 4096 MiB, 300 MHz, 1.52 W, 52, 0x0000000000000001
2026/10/07 02:07:23.868, 0 %, 58 MiB, 4096 MiB, 300 MHz, 1.49 W, 52, 0x0000000000000001
2026/10/07 02:07:25.890, 0 %, 57 MiB, 4096 MiB, 300 MHz, 1.57 W, 52, 0x0000000000000001
2026/10/07 02:07:27.911, 0 %, 57 MiB, 4096 MiB, 300 MHz, 1.97 W, 52, 0x0000000000000001
2026/10/07 02:07:29.936, 0 %, 57 MiB, 4096 MiB, 300 MHz, 1.59 W, 52, 0x0000000000000001
2026/10/07 02:07:31.959, 0 %, 57 MiB, 4096 MiB, 300 MHz, 1.54 W, 52, 0x0000000000000001
2026/10/07 02:07:33.983, 0 %, 57 MiB, 4096 MiB, 300 MHz, 1.52 W, 52, 0x0000000000000001
2026/10/07 02:07:36.008, 0 %, 57 MiB, 4096 MiB, 300 MHz, 1.51 W, 52, 0x0000000000000001
2026/10/07 02:07:38.029, 0 %, 57 MiB, 4096 MiB, 300 MHz, 1.83 W, 52, 0x0000000000000001
2026/10/07 02:07:40.054, 0 %, 57 MiB, 4096 MiB, 300 MHz, 1.51 W, 52, 0x0000000000000001
2026/10/07 02:07:42.075, 0 %, 57 MiB, 4096 MiB, 300 MHz, 1.53 W, 52, 0x0000000000000001
2026/10/07 02:07:44.097, 0 %, 57 MiB, 4096 MiB, 300 MHz, 1.56 W, 52, 0x0000000000000001
2026/10/07 02:07:46.123, 0 %, 57 MiB, 4096 MiB, 300 MHz, 1.54 W, 52, 0x0000000000000001
2026/10/07 02:07:48.146, 0 %, 57 MiB, 4096 MiB, 300 MHz, 1.65 W, 52, 0x0000000000000001
2026/10/07 02:07:50.171, 0 %, 57 MiB, 4096 MiB, 300 MHz, 1.51 W, 52, 0x0000000000000001
2026/10/07 02:07:52.193, 0 %, 57 MiB, 4096 MiB, 300 MHz, 1.53 W, 52, 0x0000000000000001
2026/10/07 02:07:54.218, 0 %, 57 MiB, 4096 MiB, 300 MHz, 1.50 W, 52, 0x0000000000000001
2026/10/07 02:07:56.241, 0 %, 57 MiB, 4096 MiB, 300 MHz, 1.94 W, 52, 0x0000000000000001
2026/10/07 02:07:58.262, 0 %, 57 MiB, 4096 MiB, 300 MHz, 1.52 W, 52, 0x0000000000000001
2026/10/07 02:08:00.287, 0 %, 57 MiB, 4096 MiB, 300 MHz, 1.56 W, 52, 0x0000000000000001
2026/10/07 02:08:02.311, 0 %, 57 MiB, 4096 MiB, 300 MHz, 1.62 W, 52, 0x0000000000000001
2026/10/07 02:08:04.333, 0 %, 57 MiB, 4096 MiB, 300 MHz, 1.59 W, 52, 0x0000000000000001
2026/10/07 02:08:06.360, 0 %, 57 MiB, 4096 MiB, 300 MHz, 1.79 W, 52, 0x0000000000000001
2026/10/07 02:08:08.381, 0 %, 57 MiB, 4096 MiB, 300 MHz, 1.54 W, 52, 0x0000000000000001
2026/10/07 02:08:10.404, 0 %, 57 MiB, 4096 MiB, 300 MHz, 1.52 W, 52, 0x0000000000000001
2026/10/07 02:08:12.428, 0 %, 57 MiB, 4096 MiB, 300 MHz, 1.56 W, 52, 0x0000000000000001
2026/10/07 02:08:14.452, 0 %, 57 MiB, 4096 MiB, 300 MHz, 2.08 W, 52, 0x0000000000000001
2026/10/07 02:08:16.477, 0 %, 57 MiB, 4096 MiB, 300 MHz, 1.61 W, 52, 0x0000000000000001
2026/10/07 02:08:18.500, 0 %, 57 MiB, 4096 MiB, 300 MHz, 1.62 W, 52, 0x0000000000000001
2026/10/07 02:08:20.525, 0 %, 57 MiB, 4096 MiB, 300 MHz, 1.67 W, 52, 0x0000000000000001
2026/10/07 02:08:22.547, 0 %, 57 MiB, 4096 MiB, 300 MHz, 1.65 W, 52, 0x0000000000000001
2026/10/07 02:08:24.569, 0 %, 57 MiB, 4096 MiB, 300 MHz, 1.86 W, 52, 0x0000000000000001
2026/10/07 02:08:26.593, 0 %, 57 MiB, 4096 MiB, 300 MHz, 1.58 W, 52, 0x0000000000000001
2026/10/07 02:08:28.617, 0 %, 57 MiB, 4096 MiB, 300 MHz, 1.53 W, 52, 0x0000000000000001
2026/10/07 02:08:30.639, 0 %, 57 MiB, 4096 MiB, 300 MHz, 1.51 W, 52, 0x0000000000000001
2026/10/07 02:08:32.664, 0 %, 57 MiB, 4096 MiB, 300 MHz, 1.52 W, 52, 0x0000000000000001
2026/10/07 02:08:34.686, 0 %, 57 MiB, 4096 MiB, 300 MHz, 1.72 W, 52, 0x0000000000000001
2026/10/07 02:08:36.709, 0 %, 57 MiB, 4096 MiB, 300 MHz, 1.63 W, 52, 0x0000000000000001
2026/10/07 02:08:38.733, 0 %, 57 MiB, 4096 MiB, 300 MHz, 1.68 W, 52, 0x0000000000000001
2026/10/07 02:08:40.755, 0 %, 57 MiB, 4096 MiB, 300 MHz, 1.58 W, 52, 0x0000000000000001
2026/10/07 02:08:42.780, 0 %, 57 MiB, 4096 MiB, 300 MHz, 1.97 W, 52, 0x0000000000000001
2026/10/07 02:08:44.804, 0 %, 57 MiB, 4096 MiB, 300 MHz, 1.49 W, 52, 0x0000000000000001
2026/10/07 02:08:46.825, 0 %, 57 MiB, 4096 MiB, 300 MHz, 1.50 W, 52, 0x0000000000000001
2026/10/07 02:08:48.850, 0 %, 57 MiB, 4096 MiB, 300 MHz, 1.53 W, 52, 0x0000000000000001
2026/10/07 02:08:50.871, 0 %, 57 MiB, 4096 MiB, 300 MHz, 1.54 W, 52, 0x0000000000000001
2026/10/07 02:08:52.893, 0 %, 57 MiB, 4096 MiB, 300 MHz, 1.88 W, 52, 0x0000000000000001
2026/10/07 02:08:54.918, 0 %, 57 MiB, 4096 MiB, 300 MHz, 1.55 W, 52, 0x0000000000000001
2026/10/07 02:08:56.940, 0 %, 57 MiB, 4096 MiB, 300 MHz, 1.55 W, 52, 0x0000000000000001
2026/10/07 02:08:58.962, 0 %, 57 MiB, 4096 MiB, 300 MHz, 1.57 W, 52, 0x0000000000000001
2026/10/07 02:09:00.987, 0 %, 57 MiB, 4096 MiB, 300 MHz, 1.54 W, 52, 0x0000000000000001
2026/10/07 02:09:03.012, 0 %, 57 MiB, 4096 MiB, 300 MHz, 1.66 W, 52, 0x0000000000000001
2026/10/07 02:09:05.033, 0 %, 57 MiB, 4096 MiB, 300 MHz, 1.49 W, 52, 0x0000000000000001
2026/10/07 02:09:07.057, 0 %, 57 MiB, 4096 MiB, 300 MHz, 1.54 W, 52, 0x0000000000000001
2026/10/07 02:09:09.079, 0 %, 57 MiB, 4096 MiB, 300 MHz, 1.51 W, 52, 0x0000000000000001
2026/10/07 02:09:11.101, 0 %, 57 MiB, 4096 MiB, 300 MHz, 1.53 W, 52, 0x0000000000000001
2026/10/07 02:09:13.122, 0 %, 57 MiB, 4096 MiB, 300 MHz, 1.67 W, 52, 0x0000000000000001
2026/10/07 02:09:15.148, 0 %, 57 MiB, 4096 MiB, 300 MHz, 1.53 W, 52, 0x0000000000000001
2026/10/07 02:09:17.169, 0 %, 57 MiB, 4096 MiB, 300 MHz, 1.52 W, 52, 0x0000000000000001
2026/10/07 02:09:19.191, 0 %, 57 MiB, 4096 MiB, 300 MHz, 1.56 W, 52, 0x0000000000000001
2026/10/07 02:09:21.217, 0 %, 57 MiB, 4096 MiB, 300 MHz, 1.88 W, 52, 0x0000000000000001
2026/10/07 02:09:23.239, 0 %, 57 MiB, 4096 MiB, 300 MHz, 1.51 W, 52, 0x0000000000000001
2026/10/07 02:09:25.263, 0 %, 57 MiB, 4096 MiB, 300 MHz, 1.50 W, 52, 0x0000000000000001
2026/10/07 02:09:27.284, 0 %, 57 MiB, 4096 MiB, 300 MHz, 1.57 W, 52, 0x0000000000000001
2026/10/07 02:09:29.310, 0 %, 57 MiB, 4096 MiB, 300 MHz, 1.49 W, 52, 0x0000000000000001
2026/10/07 02:09:31.331, 0 %, 57 MiB, 4096 MiB, 300 MHz, 1.83 W, 52, 0x0000000000000001
2026/10/07 02:09:33.354, 0 %, 57 MiB, 4096 MiB, 300 MHz, 1.54 W, 52, 0x0000000000000001
2026/10/07 02:09:35.377, 0 %, 57 MiB, 4096 MiB, 300 MHz, 1.51 W, 52, 0x0000000000000001
2026/10/07 02:09:37.401, 0 %, 57 MiB, 4096 MiB, 300 MHz, 1.57 W, 52, 0x0000000000000001
2026/10/07 02:09:39.425, 0 %, 57 MiB, 4096 MiB, 300 MHz, 1.61 W, 52, 0x0000000000000001
2026/10/07 02:09:41.449, 0 %, 57 MiB, 4096 MiB, 300 MHz, 1.63 W, 52, 0x0000000000000001
2026/10/07 02:09:43.471, 0 %, 57 MiB, 4096 MiB, 300 MHz, 1.57 W, 52, 0x0000000000000001
2026/10/07 02:09:45.492, 0 %, 57 MiB, 4096 MiB, 300 MHz, 1.45 W, 52, 0x0000000000000001
2026/10/07 02:09:47.519, 0 %, 57 MiB, 4096 MiB, 300 MHz, 1.53 W, 52, 0x0000000000000001
2026/10/07 02:09:49.540, 0 %, 57 MiB, 4096 MiB, 300 MHz, 2.05 W, 52, 0x0000000000000001
2026/10/07 02:09:51.565, 0 %, 57 MiB, 4096 MiB, 300 MHz, 1.58 W, 52, 0x0000000000000001
2026/10/07 02:09:53.586, 1 %, 67 MiB, 4096 MiB, 300 MHz, 1.71 W, 52, 0x0000000000000001
2026/10/07 02:09:55.614, 0 %, 67 MiB, 4096 MiB, 300 MHz, 1.61 W, 52, 0x0000000000000001
2026/10/07 02:09:57.636, 0 %, 59 MiB, 4096 MiB, 300 MHz, 1.61 W, 52, 0x0000000000000001
2026/10/07 02:09:59.658, 0 %, 59 MiB, 4096 MiB, 300 MHz, 1.80 W, 52, 0x0000000000000001
2026/10/07 02:10:01.681, 0 %, 59 MiB, 4096 MiB, 300 MHz, 1.53 W, 52, 0x0000000000000001
2026/10/07 02:10:03.705, 0 %, 59 MiB, 4096 MiB, 300 MHz, 1.50 W, 51, 0x0000000000000001
2026/10/07 02:10:05.727, 0 %, 59 MiB, 4096 MiB, 300 MHz, 1.55 W, 52, 0x0000000000000001
2026/10/07 02:10:07.751, 0 %, 59 MiB, 4096 MiB, 300 MHz, 2.18 W, 52, 0x0000000000000001
2026/10/07 02:10:09.778, 0 %, 59 MiB, 4096 MiB, 300 MHz, 1.56 W, 52, 0x0000000000000001
2026/10/07 02:10:11.803, 0 %, 59 MiB, 4096 MiB, 300 MHz, 1.56 W, 52, 0x0000000000000001
2026/10/07 02:10:13.825, 0 %, 59 MiB, 4096 MiB, 300 MHz, 1.56 W, 52, 0x0000000000000001
2026/10/07 02:10:15.847, 0 %, 59 MiB, 4096 MiB, 300 MHz, 1.64 W, 52, 0x0000000000000001
2026/10/07 02:10:17.868, 0 %, 59 MiB, 4096 MiB, 300 MHz, 1.88 W, 52, 0x0000000000000001
2026/10/07 02:10:19.895, 0 %, 59 MiB, 4096 MiB, 300 MHz, 1.50 W, 52, 0x0000000000000001
2026/10/07 02:10:21.917, 0 %, 59 MiB, 4096 MiB, 300 MHz, 1.50 W, 52, 0x0000000000000001
2026/10/07 02:10:23.938, 0 %, 58 MiB, 4096 MiB, 300 MHz, 1.48 W, 52, 0x0000000000000001
2026/10/07 02:10:25.961, 0 %, 58 MiB, 4096 MiB, 300 MHz, 1.53 W, 52, 0x0000000000000001
2026/10/07 02:10:27.983, 0 %, 58 MiB, 4096 MiB, 300 MHz, 1.77 W, 52, 0x0000000000000001
2026/10/07 02:10:30.007, 0 %, 58 MiB, 4096 MiB, 300 MHz, 1.51 W, 52, 0x0000000000000001
2026/10/07 02:10:32.028, 0 %, 58 MiB, 4096 MiB, 300 MHz, 1.60 W, 52, 0x0000000000000001
2026/10/07 02:10:34.054, 0 %, 58 MiB, 4096 MiB, 300 MHz, 1.65 W, 52, 0x0000000000000001
2026/10/07 02:10:36.078, 0 %, 58 MiB, 4096 MiB, 300 MHz, 2.02 W, 52, 0x0000000000000001
2026/10/07 02:10:38.101, 0 %, 58 MiB, 4096 MiB, 300 MHz, 1.50 W, 52, 0x0000000000000001
2026/10/07 02:10:40.126, 0 %, 58 MiB, 4096 MiB, 300 MHz, 1.16 W, 52, 0x0000000000000001
2026/10/07 02:10:42.148, 0 %, 58 MiB, 4096 MiB, 300 MHz, 1.50 W, 52, 0x0000000000000001
2026/10/07 02:10:44.172, 0 %, 58 MiB, 4096 MiB, 300 MHz, 1.54 W, 52, 0x0000000000000001
2026/10/07 02:10:46.194, 0 %, 58 MiB, 4096 MiB, 300 MHz, 1.84 W, 52, 0x0000000000000001
2026/10/07 02:10:48.215, 0 %, 58 MiB, 4096 MiB, 300 MHz, 1.57 W, 52, 0x0000000000000001
2026/10/07 02:10:50.239, 0 %, 58 MiB, 4096 MiB, 300 MHz, 1.57 W, 52, 0x0000000000000001
2026/10/07 02:10:52.262, 0 %, 58 MiB, 4096 MiB, 300 MHz, 1.52 W, 52, 0x0000000000000001
2026/10/07 02:10:54.283, 0 %, 57 MiB, 4096 MiB, 300 MHz, 1.58 W, 52, 0x0000000000000001
2026/10/07 02:10:56.307, 0 %, 57 MiB, 4096 MiB, 300 MHz, 1.75 W, 52, 0x0000000000000001
2026/10/07 02:10:58.333, 0 %, 57 MiB, 4096 MiB, 300 MHz, 1.50 W, 52, 0x0000000000000001
2026/10/07 02:11:00.358, 0 %, 57 MiB, 4096 MiB, 300 MHz, 1.61 W, 52, 0x0000000000000001
2026/10/07 02:11:02.383, 0 %, 57 MiB, 4096 MiB, 300 MHz, 1.49 W, 52, 0x0000000000000001
2026/10/07 02:11:04.411, 0 %, 57 MiB, 4096 MiB, 300 MHz, 1.95 W, 52, 0x0000000000000001
2026/10/07 02:11:06.434, 0 %, 57 MiB, 4096 MiB, 300 MHz, 1.67 W, 52, 0x0000000000000001
2026/10/07 02:11:08.470, 0 %, 57 MiB, 4096 MiB, 300 MHz, 1.70 W, 52, 0x0000000000000001
2026/10/07 02:11:10.492, 0 %, 57 MiB, 4096 MiB, 300 MHz, 1.65 W, 52, 0x0000000000000001
2026/10/07 02:11:12.516, 0 %, 57 MiB, 4096 MiB, 300 MHz, 1.86 W, 52, 0x0000000000000001
2026/10/07 02:11:14.541, 0 %, 57 MiB, 4096 MiB, 300 MHz, 1.49 W, 52, 0x0000000000000001
2026/10/07 02:11:16.563, 0 %, 57 MiB, 4096 MiB, 300 MHz, 1.49 W, 52, 0x0000000000000001
2026/10/07 02:11:18.588, 0 %, 57 MiB, 4096 MiB, 300 MHz, 1.53 W, 52, 0x0000000000000001
2026/10/07 02:11:20.610, 0 %, 57 MiB, 4096 MiB, 300 MHz, 1.53 W, 52, 0x0000000000000001
2026/10/07 02:11:22.631, 0 %, 57 MiB, 4096 MiB, 300 MHz, 1.75 W, 52, 0x0000000000000001
2026/10/07 02:11:24.653, 0 %, 57 MiB, 4096 MiB, 300 MHz, 1.56 W, 52, 0x0000000000000001
2026/10/07 02:11:26.677, 0 %, 57 MiB, 4096 MiB, 300 MHz, 1.59 W, 52, 0x0000000000000001
2026/10/07 02:11:28.699, 0 %, 57 MiB, 4096 MiB, 300 MHz, 1.53 W, 52, 0x0000000000000001
2026/10/07 02:11:30.722, 0 %, 57 MiB, 4096 MiB, 300 MHz, 1.53 W, 52, 0x0000000000000001
2026/10/07 02:11:32.747, 0 %, 57 MiB, 4096 MiB, 300 MHz, 1.53 W, 52, 0x0000000000000001
2026/10/07 02:11:34.769, 0 %, 57 MiB, 4096 MiB, 300 MHz, 1.47 W, 52, 0x0000000000000001
2026/10/07 02:11:36.793, 0 %, 57 MiB, 4096 MiB, 300 MHz, 1.53 W, 52, 0x0000000000000001
2026/10/07 02:11:38.817, 0 %, 57 MiB, 4096 MiB, 300 MHz, 1.53 W, 52, 0x0000000000000001
2026/10/07 02:11:40.839, 0 %, 57 MiB, 4096 MiB, 300 MHz, 1.95 W, 52, 0x0000000000000001
2026/10/07 02:11:42.863, 0 %, 57 MiB, 4096 MiB, 300 MHz, 1.63 W, 52, 0x0000000000000001
2026/10/07 02:11:44.884, 0 %, 57 MiB, 4096 MiB, 300 MHz, 1.60 W, 52, 0x0000000000000001
2026/10/07 02:11:46.908, 0 %, 67 MiB, 4096 MiB, 300 MHz, 1.55 W, 52, 0x0000000000000001
2026/10/07 02:11:48.932, 0 %, 66 MiB, 4096 MiB, 300 MHz, 1.59 W, 52, 0x0000000000000001
2026/10/07 02:11:50.954, 0 %, 58 MiB, 4096 MiB, 300 MHz, 1.82 W, 52, 0x0000000000000001
2026/10/07 02:11:52.978, 0 %, 58 MiB, 4096 MiB, 300 MHz, 1.49 W, 52, 0x0000000000000001
2026/10/07 02:11:55.001, 0 %, 58 MiB, 4096 MiB, 300 MHz, 1.53 W, 52, 0x0000000000000001
2026/10/07 02:11:57.024, 0 %, 58 MiB, 4096 MiB, 300 MHz, 1.53 W, 52, 0x0000000000000001
2026/10/07 02:11:59.046, 0 %, 58 MiB, 4096 MiB, 300 MHz, 1.49 W, 51, 0x0000000000000001
2026/10/07 02:12:01.071, 0 %, 58 MiB, 4096 MiB, 300 MHz, 1.56 W, 52, 0x0000000000000001
2026/10/07 02:12:03.096, 0 %, 58 MiB, 4096 MiB, 300 MHz, 1.56 W, 52, 0x0000000000000001
2026/10/07 02:12:05.118, 0 %, 58 MiB, 4096 MiB, 300 MHz, 1.54 W, 52, 0x0000000000000001
2026/10/07 02:12:07.142, 0 %, 58 MiB, 4096 MiB, 300 MHz, 1.56 W, 52, 0x0000000000000001
2026/10/07 02:12:09.163, 0 %, 58 MiB, 4096 MiB, 300 MHz, 1.94 W, 52, 0x0000000000000001
2026/10/07 02:12:11.186, 0 %, 58 MiB, 4096 MiB, 300 MHz, 1.51 W, 52, 0x0000000000000001
2026/10/07 02:12:13.210, 0 %, 58 MiB, 4096 MiB, 300 MHz, 1.53 W, 52, 0x0000000000000001
2026/10/07 02:12:15.232, 0 %, 58 MiB, 4096 MiB, 300 MHz, 1.62 W, 52, 0x0000000000000001
2026/10/07 02:12:17.256, 0 %, 57 MiB, 4096 MiB, 300 MHz, 1.46 W, 52, 0x0000000000000001
2026/10/07 02:12:19.277, 0 %, 57 MiB, 4096 MiB, 300 MHz, 1.85 W, 52, 0x0000000000000001
2026/10/07 02:12:21.300, 0 %, 57 MiB, 4096 MiB, 300 MHz, 1.53 W, 52, 0x0000000000000001
2026/10/07 02:12:23.324, 0 %, 57 MiB, 4096 MiB, 300 MHz, 1.53 W, 52, 0x0000000000000001
2026/10/07 02:12:25.348, 0 %, 57 MiB, 4096 MiB, 300 MHz, 1.61 W, 52, 0x0000000000000001
2026/10/07 02:12:27.370, 0 %, 57 MiB, 4096 MiB, 300 MHz, 1.60 W, 52, 0x0000000000000001
2026/10/07 02:12:29.394, 0 %, 57 MiB, 4096 MiB, 300 MHz, 1.65 W, 52, 0x0000000000000001
2026/10/07 02:12:31.415, 0 %, 57 MiB, 4096 MiB, 300 MHz, 1.52 W, 52, 0x0000000000000001
2026/10/07 02:12:33.438, 0 %, 57 MiB, 4096 MiB, 300 MHz, 1.50 W, 52, 0x0000000000000001
2026/10/07 02:12:35.463, 0 %, 57 MiB, 4096 MiB, 300 MHz, 1.50 W, 52, 0x0000000000000001
2026/10/07 02:12:37.485, 0 %, 57 MiB, 4096 MiB, 300 MHz, 1.96 W, 52, 0x0000000000000001
2026/10/07 02:12:39.510, 0 %, 57 MiB, 4096 MiB, 300 MHz, 1.57 W, 52, 0x0000000000000001
2026/10/07 02:12:41.532, 0 %, 57 MiB, 4096 MiB, 300 MHz, 1.60 W, 52, 0x0000000000000001
2026/10/07 02:12:43.557, 0 %, 57 MiB, 4096 MiB, 300 MHz, 1.58 W, 52, 0x0000000000000001
2026/10/07 02:12:45.579, 0 %, 57 MiB, 4096 MiB, 300 MHz, 1.58 W, 52, 0x0000000000000001
2026/10/07 02:12:47.601, 0 %, 57 MiB, 4096 MiB, 300 MHz, 1.95 W, 52, 0x0000000000000001
2026/10/07 02:12:49.625, 0 %, 57 MiB, 4096 MiB, 300 MHz, 1.59 W, 52, 0x0000000000000001
2026/10/07 02:12:51.646, 0 %, 57 MiB, 4096 MiB, 300 MHz, 1.65 W, 52, 0x0000000000000001
2026/10/07 02:12:53.671, 0 %, 57 MiB, 4096 MiB, 300 MHz, 1.57 W, 52, 0x0000000000000001
2026/10/07 02:12:55.693, 0 %, 57 MiB, 4096 MiB, 300 MHz, 1.63 W, 52, 0x0000000000000001
2026/10/07 02:12:57.717, 0 %, 57 MiB, 4096 MiB, 300 MHz, 1.64 W, 52, 0x0000000000000001
2026/10/07 02:12:59.738, 0 %, 57 MiB, 4096 MiB, 300 MHz, 1.49 W, 52, 0x0000000000000001
2026/10/07 02:13:01.763, 0 %, 57 MiB, 4096 MiB, 300 MHz, 1.57 W, 52, 0x0000000000000001
2026/10/07 02:13:03.785, 0 %, 57 MiB, 4096 MiB, 300 MHz, 1.58 W, 52, 0x0000000000000001
2026/10/07 02:13:05.807, 0 %, 57 MiB, 4096 MiB, 300 MHz, 1.55 W, 52, 0x0000000000000001
2026/10/07 02:13:07.832, 0 %, 57 MiB, 4096 MiB, 300 MHz, 1.57 W, 52, 0x0000000000000001
2026/10/07 02:13:09.857, 0 %, 57 MiB, 4096 MiB, 300 MHz, 1.52 W, 52, 0x0000000000000001
2026/10/07 02:13:11.879, 0 %, 57 MiB, 4096 MiB, 300 MHz, 1.49 W, 52, 0x0000000000000001
2026/10/07 02:13:13.901, 0 %, 57 MiB, 4096 MiB, 300 MHz, 1.57 W, 52, 0x0000000000000001
2026/10/07 02:13:15.929, 0 %, 57 MiB, 4096 MiB, 300 MHz, 1.84 W, 51, 0x0000000000000001
2026/10/07 02:13:17.953, 0 %, 57 MiB, 4096 MiB, 300 MHz, 1.56 W, 52, 0x0000000000000001
2026/10/07 02:13:19.975, 0 %, 57 MiB, 4096 MiB, 300 MHz, 1.60 W, 52, 0x0000000000000001
2026/10/07 02:13:22.001, 0 %, 57 MiB, 4096 MiB, 300 MHz, 1.60 W, 52, 0x0000000000000001
2026/10/07 02:13:24.023, 0 %, 57 MiB, 4096 MiB, 300 MHz, 1.59 W, 51, 0x0000000000000001
2026/10/07 02:13:26.047, 0 %, 57 MiB, 4096 MiB, 300 MHz, 1.58 W, 52, 0x0000000000000001
2026/10/07 02:13:28.069, 0 %, 57 MiB, 4096 MiB, 300 MHz, 1.48 W, 52, 0x0000000000000001
2026/10/07 02:13:30.095, 0 %, 57 MiB, 4096 MiB, 300 MHz, 1.47 W, 52, 0x0000000000000001
2026/10/07 02:13:32.117, 0 %, 57 MiB, 4096 MiB, 300 MHz, 1.49 W, 52, 0x0000000000000001
2026/10/07 02:13:34.141, 0 %, 57 MiB, 4096 MiB, 300 MHz, 1.90 W, 52, 0x0000000000000001
2026/10/07 02:13:36.163, 0 %, 57 MiB, 4096 MiB, 300 MHz, 1.53 W, 52, 0x0000000000000001
2026/10/07 02:13:38.187, 0 %, 57 MiB, 4096 MiB, 300 MHz, 1.55 W, 52, 0x0000000000000001
2026/10/07 02:13:40.211, 0 %, 57 MiB, 4096 MiB, 300 MHz, 1.61 W, 51, 0x0000000000000001
2026/10/07 02:13:42.234, 0 %, 57 MiB, 4096 MiB, 300 MHz, 1.51 W, 52, 0x0000000000000001
2026/10/07 02:13:44.256, 0 %, 57 MiB, 4096 MiB, 300 MHz, 1.73 W, 52, 0x0000000000000001
2026/10/07 02:13:46.278, 0 %, 57 MiB, 4096 MiB, 300 MHz, 1.47 W, 51, 0x0000000000000001
2026/10/07 02:13:48.300, 0 %, 57 MiB, 4096 MiB, 300 MHz, 1.49 W, 51, 0x0000000000000001
2026/10/07 02:13:50.323, 0 %, 57 MiB, 4096 MiB, 300 MHz, 1.50 W, 51, 0x0000000000000001
2026/10/07 02:13:52.347, 0 %, 57 MiB, 4096 MiB, 300 MHz, 1.54 W, 52, 0x0000000000000001
2026/10/07 02:13:54.370, 0 %, 57 MiB, 4096 MiB, 300 MHz, 1.71 W, 51, 0x0000000000000001
2026/10/07 02:13:56.395, 0 %, 57 MiB, 4096 MiB, 300 MHz, 1.58 W, 51, 0x0000000000000001
2026/10/07 02:13:58.420, 0 %, 57 MiB, 4096 MiB, 300 MHz, 1.59 W, 52, 0x0000000000000001
2026/10/07 02:14:00.442, 0 %, 57 MiB, 4096 MiB, 300 MHz, 1.54 W, 52, 0x0000000000000001
2026/10/07 02:14:02.463, 0 %, 57 MiB, 4096 MiB, 300 MHz, 1.85 W, 51, 0x0000000000000001
2026/10/07 02:14:04.488, 0 %, 57 MiB, 4096 MiB, 300 MHz, 1.41 W, 52, 0x0000000000000001
2026/10/07 02:14:06.514, 0 %, 57 MiB, 4096 MiB, 300 MHz, 1.50 W, 52, 0x0000000000000001
2026/10/07 02:14:08.535, 0 %, 57 MiB, 4096 MiB, 300 MHz, 1.52 W, 51, 0x0000000000000001
2026/10/07 02:14:10.557, 0 %, 57 MiB, 4096 MiB, 300 MHz, 1.48 W, 51, 0x0000000000000001
2026/10/07 02:14:12.582, 0 %, 57 MiB, 4096 MiB, 300 MHz, 1.81 W, 52, 0x0000000000000001
2026/10/07 02:14:14.605, 0 %, 57 MiB, 4096 MiB, 300 MHz, 1.61 W, 52, 0x0000000000000001
2026/10/07 02:14:16.627, 0 %, 57 MiB, 4096 MiB, 300 MHz, 1.66 W, 51, 0x0000000000000001
2026/10/07 02:14:18.652, 0 %, 57 MiB, 4096 MiB, 300 MHz, 1.64 W, 52, 0x0000000000000001
2026/10/07 02:14:20.676, 0 %, 57 MiB, 4096 MiB, 300 MHz, 1.60 W, 52, 0x0000000000000001
2026/10/07 02:14:22.697, 0 %, 57 MiB, 4096 MiB, 300 MHz, 1.65 W, 51, 0x0000000000000001
2026/10/07 02:14:24.721, 0 %, 57 MiB, 4096 MiB, 300 MHz, 1.59 W, 51, 0x0000000000000001
2026/10/07 02:14:26.744, 0 %, 57 MiB, 4096 MiB, 300 MHz, 1.56 W, 52, 0x0000000000000001
2026/10/07 02:14:28.766, 0 %, 57 MiB, 4096 MiB, 300 MHz, 1.58 W, 51, 0x0000000000000001
2026/10/07 02:14:30.787, 0 %, 57 MiB, 4096 MiB, 300 MHz, 1.55 W, 52, 0x0000000000000001
2026/10/07 02:14:32.811, 0 %, 57 MiB, 4096 MiB, 300 MHz, 1.46 W, 52, 0x0000000000000001
2026/10/07 02:14:34.832, 0 %, 57 MiB, 4096 MiB, 300 MHz, 1.54 W, 51, 0x0000000000000001
2026/10/07 02:14:36.856, 0 %, 57 MiB, 4096 MiB, 300 MHz, 1.56 W, 51, 0x0000000000000001
2026/10/07 02:14:38.880, 0 %, 57 MiB, 4096 MiB, 300 MHz, 1.58 W, 52, 0x0000000000000001
2026/10/07 02:14:40.904, 0 %, 57 MiB, 4096 MiB, 300 MHz, 1.77 W, 51, 0x0000000000000001
2026/10/07 02:14:42.926, 0 %, 57 MiB, 4096 MiB, 300 MHz, 1.50 W, 51, 0x0000000000000001
2026/10/07 02:14:44.949, 0 %, 57 MiB, 4096 MiB, 300 MHz, 1.57 W, 51, 0x0000000000000001
2026/10/07 02:14:46.970, 0 %, 57 MiB, 4096 MiB, 300 MHz, 1.57 W, 52, 0x0000000000000001
2026/10/07 02:14:48.993, 0 %, 57 MiB, 4096 MiB, 300 MHz, 1.53 W, 51, 0x0000000000000001
2026/10/07 02:14:51.017, 0 %, 57 MiB, 4096 MiB, 300 MHz, 1.78 W, 52, 0x0000000000000001
2026/10/07 02:14:53.039, 0 %, 57 MiB, 4096 MiB, 300 MHz, 1.53 W, 52, 0x0000000000000001
2026/10/07 02:14:55.061, 0 %, 57 MiB, 4096 MiB, 300 MHz, 1.54 W, 51, 0x0000000000000001
2026/10/07 02:14:57.084, 0 %, 57 MiB, 4096 MiB, 300 MHz, 1.64 W, 52, 0x0000000000000001
2026/10/07 02:14:59.105, 0 %, 57 MiB, 4096 MiB, 300 MHz, 1.56 W, 51, 0x0000000000000001
2026/10/07 02:15:01.130, 0 %, 57 MiB, 4096 MiB, 300 MHz, 1.71 W, 52, 0x0000000000000001
2026/10/07 02:15:03.156, 0 %, 57 MiB, 4096 MiB, 300 MHz, 1.50 W, 52, 0x0000000000000001
2026/10/07 02:15:05.177, 0 %, 57 MiB, 4096 MiB, 300 MHz, 1.51 W, 51, 0x0000000000000001
2026/10/07 02:15:07.199, 0 %, 57 MiB, 4096 MiB, 300 MHz, 1.46 W, 52, 0x0000000000000001
2026/10/07 02:15:09.223, 0 %, 57 MiB, 4096 MiB, 300 MHz, 1.49 W, 51, 0x0000000000000001
2026/10/07 02:15:11.244, 0 %, 57 MiB, 4096 MiB, 300 MHz, 1.58 W, 52, 0x0000000000000001
2026/10/07 02:15:13.269, 0 %, 57 MiB, 4096 MiB, 300 MHz, 1.50 W, 52, 0x0000000000000001
2026/10/07 02:15:15.290, 0 %, 57 MiB, 4096 MiB, 300 MHz, 1.54 W, 52, 0x0000000000000001
2026/10/07 02:15:17.312, 0 %, 57 MiB, 4096 MiB, 300 MHz, 1.42 W, 52, 0x0000000000000001
2026/10/07 02:15:19.336, 0 %, 57 MiB, 4096 MiB, 300 MHz, 1.87 W, 52, 0x0000000000000001
2026/10/07 02:15:21.361, 0 %, 57 MiB, 4096 MiB, 300 MHz, 1.47 W, 52, 0x0000000000000001
2026/10/07 02:15:23.385, 0 %, 57 MiB, 4096 MiB, 300 MHz, 1.45 W, 52, 0x0000000000000001
2026/10/07 02:15:25.409, 0 %, 57 MiB, 4096 MiB, 300 MHz, 1.53 W, 52, 0x0000000000000001
2026/10/07 02:15:27.432, 0 %, 57 MiB, 4096 MiB, 300 MHz, 1.47 W, 52, 0x0000000000000001
2026/10/07 02:15:29.455, 0 %, 57 MiB, 4096 MiB, 300 MHz, 1.73 W, 52, 0x0000000000000001
2026/10/07 02:15:31.477, 0 %, 57 MiB, 4096 MiB, 300 MHz, 1.53 W, 52, 0x0000000000000001
2026/10/07 02:15:33.501, 0 %, 57 MiB, 4096 MiB, 300 MHz, 1.53 W, 51, 0x0000000000000001
2026/10/07 02:15:35.523, 0 %, 57 MiB, 4096 MiB, 300 MHz, 1.55 W, 52, 0x0000000000000001
2026/10/07 02:15:37.545, 0 %, 57 MiB, 4096 MiB, 300 MHz, 1.60 W, 51, 0x0000000000000001
2026/10/07 02:15:39.568, 0 %, 57 MiB, 4096 MiB, 300 MHz, 1.63 W, 52, 0x0000000000000001
2026/10/07 02:15:41.593, 0 %, 57 MiB, 4096 MiB, 300 MHz, 1.47 W, 52, 0x0000000000000001
2026/10/07 02:15:43.616, 0 %, 57 MiB, 4096 MiB, 300 MHz, 1.61 W, 51, 0x0000000000000001
2026/10/07 02:15:45.638, 0 %, 57 MiB, 4096 MiB, 300 MHz, 1.52 W, 51, 0x0000000000000001
2026/10/07 02:15:47.662, 0 %, 67 MiB, 4096 MiB, 300 MHz, 1.97 W, 52, 0x0000000000000001
2026/10/07 02:15:49.688, 0 %, 58 MiB, 4096 MiB, 300 MHz, 1.65 W, 51, 0x0000000000000001
2026/10/07 02:15:51.714, 0 %, 58 MiB, 4096 MiB, 300 MHz, 1.56 W, 51, 0x0000000000000001
2026/10/07 02:15:53.737, 0 %, 58 MiB, 4096 MiB, 300 MHz, 1.59 W, 51, 0x0000000000000001
2026/10/07 02:15:55.759, 0 %, 58 MiB, 4096 MiB, 300 MHz, 1.56 W, 51, 0x0000000000000001
2026/10/07 02:15:57.783, 0 %, 58 MiB, 4096 MiB, 300 MHz, 1.67 W, 52, 0x0000000000000001
2026/10/07 02:15:59.805, 0 %, 58 MiB, 4096 MiB, 300 MHz, 1.49 W, 51, 0x0000000000000001
2026/10/07 02:16:01.830, 0 %, 58 MiB, 4096 MiB, 300 MHz, 1.47 W, 51, 0x0000000000000001
2026/10/07 02:16:03.851, 0 %, 58 MiB, 4096 MiB, 300 MHz, 1.50 W, 51, 0x0000000000000001
2026/10/07 02:16:05.874, 0 %, 58 MiB, 4096 MiB, 300 MHz, 1.49 W, 51, 0x0000000000000001
2026/10/07 02:16:07.897, 0 %, 58 MiB, 4096 MiB, 300 MHz, 1.74 W, 51, 0x0000000000000001
2026/10/07 02:16:09.921, 0 %, 58 MiB, 4096 MiB, 300 MHz, 1.68 W, 51, 0x0000000000000001
2026/10/07 02:16:11.943, 0 %, 58 MiB, 4096 MiB, 300 MHz, 1.62 W, 51, 0x0000000000000001
2026/10/07 02:16:13.967, 0 %, 58 MiB, 4096 MiB, 300 MHz, 1.61 W, 51, 0x0000000000000001
2026/10/07 02:16:15.992, 0 %, 58 MiB, 4096 MiB, 300 MHz, 1.88 W, 51, 0x0000000000000001
2026/10/07 02:16:18.013, 0 %, 58 MiB, 4096 MiB, 300 MHz, 1.50 W, 51, 0x0000000000000001
2026/10/07 02:16:20.038, 0 %, 57 MiB, 4096 MiB, 300 MHz, 1.54 W, 51, 0x0000000000000001
2026/10/07 02:16:22.060, 0 %, 57 MiB, 4096 MiB, 300 MHz, 1.55 W, 51, 0x0000000000000001
2026/10/07 02:16:24.081, 0 %, 57 MiB, 4096 MiB, 300 MHz, 1.55 W, 51, 0x0000000000000001
2026/10/07 02:16:26.105, 0 %, 57 MiB, 4096 MiB, 300 MHz, 1.95 W, 52, 0x0000000000000001
2026/10/07 02:16:28.126, 0 %, 57 MiB, 4096 MiB, 300 MHz, 1.60 W, 52, 0x0000000000000001
2026/10/07 02:16:30.153, 0 %, 57 MiB, 4096 MiB, 300 MHz, 1.51 W, 51, 0x0000000000000001
2026/10/07 02:16:32.177, 0 %, 57 MiB, 4096 MiB, 300 MHz, 1.56 W, 51, 0x0000000000000001
2026/10/07 02:16:34.201, 0 %, 57 MiB, 4096 MiB, 300 MHz, 1.58 W, 51, 0x0000000000000001
2026/10/07 02:16:36.223, 0 %, 57 MiB, 4096 MiB, 300 MHz, 1.62 W, 51, 0x0000000000000001
2026/10/07 02:16:38.244, 0 %, 57 MiB, 4096 MiB, 300 MHz, 1.36 W, 52, 0x0000000000000001
2026/10/07 02:16:40.276, 0 %, 57 MiB, 4096 MiB, 300 MHz, 1.51 W, 52, 0x0000000000000001
2026/10/07 02:16:42.299, 0 %, 57 MiB, 4096 MiB, 300 MHz, 1.57 W, 51, 0x0000000000000001
2026/10/07 02:16:44.323, 0 %, 57 MiB, 4096 MiB, 300 MHz, 1.85 W, 51, 0x0000000000000001
2026/10/07 02:16:46.345, 0 %, 57 MiB, 4096 MiB, 300 MHz, 1.59 W, 51, 0x0000000000000001
2026/10/07 02:16:48.370, 0 %, 57 MiB, 4096 MiB, 300 MHz, 1.54 W, 52, 0x0000000000000001
2026/10/07 02:16:50.392, 0 %, 57 MiB, 4096 MiB, 300 MHz, 1.70 W, 52, 0x0000000000000001
2026/10/07 02:16:52.421, 0 %, 57 MiB, 4096 MiB, 300 MHz, 1.56 W, 51, 0x0000000000000001
2026/10/07 02:16:54.443, 0 %, 57 MiB, 4096 MiB, 300 MHz, 1.55 W, 51, 0x0000000000000001
2026/10/07 02:16:56.467, 0 %, 57 MiB, 4096 MiB, 300 MHz, 1.46 W, 51, 0x0000000000000001
2026/10/07 02:16:58.488, 0 %, 57 MiB, 4096 MiB, 300 MHz, 1.53 W, 51, 0x0000000000000001
2026/10/07 02:17:00.510, 0 %, 57 MiB, 4096 MiB, 300 MHz, 1.51 W, 51, 0x0000000000000001
2026/10/07 02:17:02.533, 0 %, 57 MiB, 4096 MiB, 300 MHz, 2.04 W, 51, 0x0000000000000001
2026/10/07 02:17:04.557, 0 %, 57 MiB, 4096 MiB, 300 MHz, 1.60 W, 52, 0x0000000000000001
2026/10/07 02:17:06.579, 0 %, 57 MiB, 4096 MiB, 300 MHz, 1.54 W, 51, 0x0000000000000001
2026/10/07 02:17:08.602, 0 %, 57 MiB, 4096 MiB, 300 MHz, 1.55 W, 52, 0x0000000000000001
2026/10/07 02:17:10.627, 0 %, 57 MiB, 4096 MiB, 300 MHz, 1.57 W, 51, 0x0000000000000001
2026/10/07 02:17:12.649, 0 %, 57 MiB, 4096 MiB, 300 MHz, 1.83 W, 52, 0x0000000000000001
2026/10/07 02:17:14.671, 0 %, 57 MiB, 4096 MiB, 300 MHz, 1.49 W, 52, 0x0000000000000001
2026/10/07 02:17:16.696, 0 %, 57 MiB, 4096 MiB, 300 MHz, 1.49 W, 52, 0x0000000000000001
2026/10/07 02:17:18.717, 0 %, 57 MiB, 4096 MiB, 300 MHz, 1.45 W, 51, 0x0000000000000001
2026/10/07 02:17:20.741, 0 %, 57 MiB, 4096 MiB, 300 MHz, 1.47 W, 52, 0x0000000000000001
2026/10/07 02:17:22.763, 0 %, 57 MiB, 4096 MiB, 300 MHz, 1.74 W, 52, 0x0000000000000001
2026/10/07 02:17:24.791, 0 %, 57 MiB, 4096 MiB, 300 MHz, 1.58 W, 51, 0x0000000000000001
2026/10/07 02:17:26.812, 0 %, 57 MiB, 4096 MiB, 300 MHz, 1.60 W, 52, 0x0000000000000001
2026/10/07 02:17:28.835, 0 %, 57 MiB, 4096 MiB, 300 MHz, 1.58 W, 52, 0x0000000000000001
2026/10/07 02:17:30.857, 0 %, 57 MiB, 4096 MiB, 300 MHz, 1.55 W, 52, 0x0000000000000001
2026/10/07 02:17:32.882, 0 %, 57 MiB, 4096 MiB, 300 MHz, 1.50 W, 51, 0x0000000000000001
2026/10/07 02:17:34.904, 0 %, 57 MiB, 4096 MiB, 300 MHz, 1.50 W, 51, 0x0000000000000001
2026/10/07 02:17:36.928, 0 %, 57 MiB, 4096 MiB, 300 MHz, 1.47 W, 51, 0x0000000000000001
2026/10/07 02:17:38.949, 0 %, 57 MiB, 4096 MiB, 300 MHz, 1.45 W, 52, 0x0000000000000001
2026/10/07 02:17:40.974, 0 %, 57 MiB, 4096 MiB, 300 MHz, 1.94 W, 52, 0x0000000000000001
2026/10/07 02:17:42.999, 0 %, 57 MiB, 4096 MiB, 300 MHz, 1.60 W, 51, 0x0000000000000001
2026/10/07 02:17:45.021, 0 %, 57 MiB, 4096 MiB, 300 MHz, 1.61 W, 52, 0x0000000000000001
2026/10/07 02:17:47.045, 0 %, 57 MiB, 4096 MiB, 300 MHz, 1.64 W, 52, 0x0000000000000001
2026/10/07 02:17:49.067, 0 %, 57 MiB, 4096 MiB, 300 MHz, 1.64 W, 51, 0x0000000000000001
2026/10/07 02:17:51.088, 0 %, 57 MiB, 4096 MiB, 300 MHz, 1.76 W, 52, 0x0000000000000001
2026/10/07 02:17:53.113, 0 %, 57 MiB, 4096 MiB, 300 MHz, 1.62 W, 52, 0x0000000000000001
2026/10/07 02:17:55.137, 0 %, 57 MiB, 4096 MiB, 300 MHz, 1.49 W, 52, 0x0000000000000001
2026/10/07 02:17:57.161, 0 %, 57 MiB, 4096 MiB, 300 MHz, 1.53 W, 52, 0x0000000000000001
2026/10/07 02:17:59.183, 0 %, 57 MiB, 4096 MiB, 300 MHz, 1.70 W, 52, 0x0000000000000001
2026/10/07 02:18:01.206, 0 %, 57 MiB, 4096 MiB, 300 MHz, 1.60 W, 52, 0x0000000000000001
2026/10/07 02:18:03.230, 0 %, 57 MiB, 4096 MiB, 300 MHz, 1.56 W, 52, 0x0000000000000001
2026/10/07 02:18:05.252, 0 %, 57 MiB, 4096 MiB, 300 MHz, 1.56 W, 52, 0x0000000000000001
2026/10/07 02:18:07.276, 0 %, 57 MiB, 4096 MiB, 300 MHz, 1.57 W, 52, 0x0000000000000001
2026/10/07 02:18:09.298, 0 %, 57 MiB, 4096 MiB, 300 MHz, 1.94 W, 51, 0x0000000000000001
2026/10/07 02:18:11.322, 0 %, 57 MiB, 4096 MiB, 300 MHz, 1.58 W, 51, 0x0000000000000001
2026/10/07 02:18:13.347, 0 %, 57 MiB, 4096 MiB, 300 MHz, 1.48 W, 51, 0x0000000000000001
2026/10/07 02:18:15.368, 0 %, 57 MiB, 4096 MiB, 300 MHz, 1.13 W, 52, 0x0000000000000001
2026/10/07 02:18:17.393, 0 %, 57 MiB, 4096 MiB, 300 MHz, 1.50 W, 52, 0x0000000000000001
2026/10/07 02:18:19.414, 0 %, 57 MiB, 4096 MiB, 300 MHz, 1.77 W, 51, 0x0000000000000001
2026/10/07 02:18:21.437, 0 %, 57 MiB, 4096 MiB, 300 MHz, 1.56 W, 52, 0x0000000000000001
2026/10/07 02:18:23.463, 0 %, 57 MiB, 4096 MiB, 300 MHz, 1.58 W, 51, 0x0000000000000001
2026/10/07 02:18:25.487, 0 %, 57 MiB, 4096 MiB, 300 MHz, 1.55 W, 52, 0x0000000000000001
2026/10/07 02:18:27.512, 0 %, 57 MiB, 4096 MiB, 300 MHz, 1.59 W, 52, 0x0000000000000001
2026/10/07 02:18:29.534, 0 %, 57 MiB, 4096 MiB, 300 MHz, 1.51 W, 52, 0x0000000000000001
2026/10/07 02:18:31.557, 0 %, 57 MiB, 4096 MiB, 300 MHz, 1.48 W, 52, 0x0000000000000001
2026/10/07 02:18:33.580, 0 %, 57 MiB, 4096 MiB, 300 MHz, 1.53 W, 51, 0x0000000000000001
2026/10/07 02:18:35.605, 0 %, 57 MiB, 4096 MiB, 300 MHz, 1.53 W, 52, 0x0000000000000001
2026/10/07 02:18:37.626, 0 %, 57 MiB, 4096 MiB, 300 MHz, 1.88 W, 51, 0x0000000000000001
2026/10/07 02:18:39.648, 0 %, 57 MiB, 4096 MiB, 300 MHz, 1.54 W, 51, 0x0000000000000001
2026/10/07 02:18:41.673, 0 %, 57 MiB, 4096 MiB, 300 MHz, 1.57 W, 52, 0x0000000000000001
2026/10/07 02:18:43.694, 0 %, 57 MiB, 4096 MiB, 300 MHz, 1.50 W, 52, 0x0000000000000001
2026/10/07 02:18:45.719, 0 %, 57 MiB, 4096 MiB, 300 MHz, 1.49 W, 51, 0x0000000000000001
2026/10/07 02:18:47.741, 0 %, 57 MiB, 4096 MiB, 300 MHz, 1.65 W, 52, 0x0000000000000001
2026/10/07 02:18:49.765, 0 %, 57 MiB, 4096 MiB, 300 MHz, 1.48 W, 51, 0x0000000000000001
2026/10/07 02:18:51.787, 0 %, 57 MiB, 4096 MiB, 300 MHz, 1.47 W, 51, 0x0000000000000001
2026/10/07 02:18:53.810, 0 %, 57 MiB, 4096 MiB, 300 MHz, 1.57 W, 51, 0x0000000000000001
2026/10/07 02:18:55.835, 0 %, 57 MiB, 4096 MiB, 300 MHz, 1.54 W, 52, 0x0000000000000001
2026/10/07 02:18:57.861, 0 %, 57 MiB, 4096 MiB, 300 MHz, 1.52 W, 51, 0x0000000000000001
2026/10/07 02:18:59.883, 0 %, 57 MiB, 4096 MiB, 300 MHz, 1.52 W, 51, 0x0000000000000001
2026/10/07 02:19:01.905, 0 %, 57 MiB, 4096 MiB, 300 MHz, 1.50 W, 51, 0x0000000000000001
2026/10/07 02:19:03.930, 0 %, 57 MiB, 4096 MiB, 300 MHz, 1.53 W, 51, 0x0000000000000001
2026/10/07 02:19:05.952, 0 %, 57 MiB, 4096 MiB, 300 MHz, 1.89 W, 52, 0x0000000000000001
2026/10/07 02:19:07.975, 0 %, 57 MiB, 4096 MiB, 300 MHz, 1.41 W, 51, 0x0000000000000001
2026/10/07 02:19:09.999, 0 %, 57 MiB, 4096 MiB, 300 MHz, 1.54 W, 51, 0x0000000000000001
2026/10/07 02:19:12.021, 0 %, 57 MiB, 4096 MiB, 300 MHz, 1.56 W, 51, 0x0000000000000001
2026/10/07 02:19:14.046, 0 %, 57 MiB, 4096 MiB, 300 MHz, 1.53 W, 51, 0x0000000000000001
2026/10/07 02:19:16.067, 0 %, 57 MiB, 4096 MiB, 300 MHz, 1.71 W, 52, 0x0000000000000001
2026/10/07 02:19:18.092, 0 %, 57 MiB, 4096 MiB, 300 MHz, 1.56 W, 51, 0x0000000000000001
2026/10/07 02:19:20.114, 0 %, 57 MiB, 4096 MiB, 300 MHz, 1.48 W, 51, 0x0000000000000001
2026/10/07 02:19:22.136, 0 %, 57 MiB, 4096 MiB, 300 MHz, 1.52 W, 52, 0x0000000000000001
2026/10/07 02:19:24.160, 0 %, 57 MiB, 4096 MiB, 300 MHz, 1.49 W, 52, 0x0000000000000001
2026/10/07 02:19:26.183, 0 %, 57 MiB, 4096 MiB, 300 MHz, 1.81 W, 52, 0x0000000000000001
2026/10/07 02:19:28.209, 0 %, 57 MiB, 4096 MiB, 300 MHz, 1.67 W, 51, 0x0000000000000001
2026/10/07 02:19:30.234, 0 %, 57 MiB, 4096 MiB, 300 MHz, 1.68 W, 51, 0x0000000000000001
2026/10/07 02:19:32.255, 0 %, 57 MiB, 4096 MiB, 300 MHz, 1.61 W, 51, 0x0000000000000001
2026/10/07 02:19:34.277, 0 %, 57 MiB, 4096 MiB, 300 MHz, 1.81 W, 51, 0x0000000000000001
2026/10/07 02:19:36.300, 0 %, 57 MiB, 4096 MiB, 300 MHz, 1.47 W, 51, 0x0000000000000001
2026/10/07 02:19:38.327, 0 %, 57 MiB, 4096 MiB, 300 MHz, 1.45 W, 51, 0x0000000000000001
2026/10/07 02:19:40.352, 0 %, 57 MiB, 4096 MiB, 300 MHz, 1.45 W, 51, 0x0000000000000001
2026/10/07 02:19:42.373, 0 %, 57 MiB, 4096 MiB, 300 MHz, 1.45 W, 52, 0x0000000000000001
2026/10/07 02:19:44.401, 0 %, 57 MiB, 4096 MiB, 300 MHz, 1.50 W, 51, 0x0000000000000001
2026/10/07 02:19:46.423, 0 %, 57 MiB, 4096 MiB, 300 MHz, 1.52 W, 51, 0x0000000000000001
2026/10/07 02:19:48.444, 1 %, 67 MiB, 4096 MiB, 300 MHz, 1.75 W, 51, 0x0000000000000001
2026/10/07 02:19:50.467, 0 %, 67 MiB, 4096 MiB, 300 MHz, 1.51 W, 51, 0x0000000000000001
2026/10/07 02:19:52.491, 0 %, 67 MiB, 4096 MiB, 300 MHz, 1.91 W, 51, 0x0000000000000001
2026/10/07 02:19:54.513, 0 %, 59 MiB, 4096 MiB, 300 MHz, 1.42 W, 51, 0x0000000000000001
2026/10/07 02:19:56.535, 0 %, 59 MiB, 4096 MiB, 300 MHz, 1.47 W, 51, 0x0000000000000001
2026/10/07 02:19:58.559, 0 %, 59 MiB, 4096 MiB, 300 MHz, 1.45 W, 51, 0x0000000000000001
2026/10/07 02:20:00.583, 0 %, 59 MiB, 4096 MiB, 300 MHz, 1.50 W, 51, 0x0000000000000001
2026/10/07 02:20:02.605, 0 %, 59 MiB, 4096 MiB, 300 MHz, 1.76 W, 51, 0x0000000000000001
2026/10/07 02:20:04.627, 0 %, 59 MiB, 4096 MiB, 300 MHz, 1.55 W, 51, 0x0000000000000001
2026/10/07 02:20:06.650, 0 %, 59 MiB, 4096 MiB, 300 MHz, 1.53 W, 51, 0x0000000000000001
2026/10/07 02:20:08.674, 0 %, 59 MiB, 4096 MiB, 300 MHz, 1.47 W, 52, 0x0000000000000001
2026/10/07 02:20:10.696, 0 %, 59 MiB, 4096 MiB, 300 MHz, 1.51 W, 51, 0x0000000000000001
2026/10/07 02:20:12.719, 0 %, 59 MiB, 4096 MiB, 300 MHz, 1.66 W, 51, 0x0000000000000001
2026/10/07 02:20:14.743, 0 %, 59 MiB, 4096 MiB, 300 MHz, 1.34 W, 51, 0x0000000000000001
2026/10/07 02:20:16.765, 0 %, 59 MiB, 4096 MiB, 300 MHz, 1.50 W, 51, 0x0000000000000001
2026/10/07 02:20:18.789, 0 %, 59 MiB, 4096 MiB, 300 MHz, 1.52 W, 51, 0x0000000000000001
2026/10/07 02:20:20.811, 0 %, 58 MiB, 4096 MiB, 300 MHz, 1.52 W, 51, 0x0000000000000001
2026/10/07 02:20:22.832, 0 %, 58 MiB, 4096 MiB, 300 MHz, 1.66 W, 51, 0x0000000000000001
2026/10/07 02:20:24.858, 0 %, 58 MiB, 4096 MiB, 300 MHz, 1.58 W, 51, 0x0000000000000001
2026/10/07 02:20:26.880, 0 %, 58 MiB, 4096 MiB, 300 MHz, 1.53 W, 51, 0x0000000000000001
2026/10/07 02:20:28.905, 0 %, 58 MiB, 4096 MiB, 300 MHz, 1.51 W, 51, 0x0000000000000001
2026/10/07 02:20:30.926, 0 %, 58 MiB, 4096 MiB, 300 MHz, 1.88 W, 51, 0x0000000000000001
2026/10/07 02:20:32.951, 0 %, 58 MiB, 4096 MiB, 300 MHz, 1.49 W, 51, 0x0000000000000001
2026/10/07 02:20:34.973, 0 %, 58 MiB, 4096 MiB, 300 MHz, 1.55 W, 51, 0x0000000000000001
2026/10/07 02:20:36.997, 0 %, 58 MiB, 4096 MiB, 300 MHz, 1.56 W, 51, 0x0000000000000001
2026/10/07 02:20:39.019, 0 %, 58 MiB, 4096 MiB, 300 MHz, 1.54 W, 51, 0x0000000000000001
2026/10/07 02:20:41.044, 0 %, 58 MiB, 4096 MiB, 300 MHz, 1.82 W, 51, 0x0000000000000001
2026/10/07 02:20:43.065, 0 %, 58 MiB, 4096 MiB, 300 MHz, 1.60 W, 51, 0x0000000000000001
2026/10/07 02:20:45.087, 1 %, 67 MiB, 4096 MiB, 300 MHz, 1.52 W, 51, 0x0000000000000001
2026/10/07 02:20:47.112, 0 %, 67 MiB, 4096 MiB, 300 MHz, 1.52 W, 51, 0x0000000000000001
2026/10/07 02:20:49.133, 0 %, 58 MiB, 4096 MiB, 300 MHz, 1.58 W, 51, 0x0000000000000001
2026/10/07 02:20:51.154, 0 %, 58 MiB, 4096 MiB, 300 MHz, 1.65 W, 51, 0x0000000000000001
2026/10/07 02:20:53.178, 0 %, 58 MiB, 4096 MiB, 300 MHz, 1.48 W, 51, 0x0000000000000001
2026/10/07 02:20:55.199, 0 %, 58 MiB, 4096 MiB, 300 MHz, 1.50 W, 51, 0x0000000000000001
2026/10/07 02:20:57.222, 0 %, 58 MiB, 4096 MiB, 300 MHz, 1.47 W, 51, 0x0000000000000001
2026/10/07 02:20:59.244, 0 %, 58 MiB, 4096 MiB, 300 MHz, 1.50 W, 51, 0x0000000000000001
2026/10/07 02:21:01.266, 0 %, 58 MiB, 4096 MiB, 300 MHz, 1.67 W, 51, 0x0000000000000001
2026/10/07 02:21:03.289, 0 %, 58 MiB, 4096 MiB, 300 MHz, 1.52 W, 51, 0x0000000000000001
2026/10/07 02:21:05.313, 0 %, 58 MiB, 4096 MiB, 300 MHz, 1.60 W, 51, 0x0000000000000001
2026/10/07 02:21:07.335, 0 %, 58 MiB, 4096 MiB, 300 MHz, 1.60 W, 51, 0x0000000000000001
2026/10/07 02:21:09.358, 0 %, 58 MiB, 4096 MiB, 300 MHz, 1.54 W, 51, 0x0000000000000001
2026/10/07 02:21:11.380, 0 %, 58 MiB, 4096 MiB, 300 MHz, 1.55 W, 51, 0x0000000000000001
2026/10/07 02:21:13.404, 0 %, 58 MiB, 4096 MiB, 300 MHz, 1.56 W, 51, 0x0000000000000001
2026/10/07 02:21:15.425, 0 %, 58 MiB, 4096 MiB, 300 MHz, 1.47 W, 51, 0x0000000000000001
2026/10/07 02:21:17.449, 0 %, 58 MiB, 4096 MiB, 300 MHz, 1.48 W, 51, 0x0000000000000001
2026/10/07 02:21:19.473, 0 %, 57 MiB, 4096 MiB, 300 MHz, 1.80 W, 51, 0x0000000000000001
2026/10/07 02:21:21.495, 0 %, 57 MiB, 4096 MiB, 300 MHz, 1.52 W, 51, 0x0000000000000001
2026/10/07 02:21:23.516, 0 %, 57 MiB, 4096 MiB, 300 MHz, 1.55 W, 51, 0x0000000000000001
2026/10/07 02:21:25.539, 0 %, 57 MiB, 4096 MiB, 300 MHz, 1.57 W, 52, 0x0000000000000001
2026/10/07 02:21:27.565, 0 %, 57 MiB, 4096 MiB, 300 MHz, 1.54 W, 52, 0x0000000000000001
2026/10/07 02:21:29.586, 0 %, 57 MiB, 4096 MiB, 300 MHz, 1.73 W, 51, 0x0000000000000001
2026/10/07 02:21:31.610, 0 %, 57 MiB, 4096 MiB, 300 MHz, 1.50 W, 51, 0x0000000000000001
2026/10/07 02:21:33.632, 0 %, 57 MiB, 4096 MiB, 300 MHz, 1.37 W, 51, 0x0000000000000001
2026/10/07 02:21:35.655, 0 %, 57 MiB, 4096 MiB, 300 MHz, 1.47 W, 51, 0x0000000000000001
2026/10/07 02:21:37.676, 0 %, 57 MiB, 4096 MiB, 300 MHz, 1.64 W, 51, 0x0000000000000001
2026/10/07 02:21:39.700, 0 %, 57 MiB, 4096 MiB, 300 MHz, 1.64 W, 51, 0x0000000000000001
2026/10/07 02:21:41.724, 0 %, 57 MiB, 4096 MiB, 300 MHz, 1.53 W, 51, 0x0000000000000001
2026/10/07 02:21:43.748, 0 %, 57 MiB, 4096 MiB, 300 MHz, 1.57 W, 51, 0x0000000000000001
2026/10/07 02:21:45.771, 0 %, 57 MiB, 4096 MiB, 300 MHz, 1.56 W, 51, 0x0000000000000001
2026/10/07 02:21:47.792, 0 %, 57 MiB, 4096 MiB, 300 MHz, 1.92 W, 52, 0x0000000000000001
2026/10/07 02:21:49.818, 0 %, 57 MiB, 4096 MiB, 300 MHz, 1.58 W, 52, 0x0000000000000001
2026/10/07 02:21:51.842, 0 %, 57 MiB, 4096 MiB, 300 MHz, 1.58 W, 51, 0x0000000000000001
2026/10/07 02:21:53.864, 0 %, 57 MiB, 4096 MiB, 300 MHz, 1.60 W, 51, 0x0000000000000001
2026/10/07 02:21:55.887, 0 %, 57 MiB, 4096 MiB, 300 MHz, 1.63 W, 51, 0x0000000000000001
2026/10/07 02:21:57.910, 0 %, 57 MiB, 4096 MiB, 300 MHz, 1.78 W, 52, 0x0000000000000001
2026/10/07 02:21:59.934, 0 %, 57 MiB, 4096 MiB, 300 MHz, 1.56 W, 51, 0x0000000000000001
2026/10/07 02:22:01.956, 0 %, 57 MiB, 4096 MiB, 300 MHz, 1.54 W, 51, 0x0000000000000001
2026/10/07 02:22:03.978, 0 %, 57 MiB, 4096 MiB, 300 MHz, 1.49 W, 51, 0x0000000000000001
2026/10/07 02:22:06.002, 0 %, 57 MiB, 4096 MiB, 300 MHz, 1.50 W, 52, 0x0000000000000001
2026/10/07 02:22:08.024, 0 %, 57 MiB, 4096 MiB, 300 MHz, 1.60 W, 51, 0x0000000000000001
2026/10/07 02:22:10.046, 0 %, 57 MiB, 4096 MiB, 300 MHz, 1.49 W, 51, 0x0000000000000001
2026/10/07 02:22:12.070, 0 %, 57 MiB, 4096 MiB, 300 MHz, 1.51 W, 51, 0x0000000000000001
2026/10/07 02:22:14.092, 0 %, 57 MiB, 4096 MiB, 300 MHz, 1.54 W, 51, 0x0000000000000001
2026/10/07 02:22:16.115, 0 %, 57 MiB, 4096 MiB, 300 MHz, 1.48 W, 51, 0x0000000000000001
2026/10/07 02:22:18.137, 0 %, 57 MiB, 4096 MiB, 300 MHz, 1.60 W, 51, 0x0000000000000001
2026/10/07 02:22:20.162, 0 %, 57 MiB, 4096 MiB, 300 MHz, 1.52 W, 51, 0x0000000000000001
2026/10/07 02:22:22.184, 0 %, 57 MiB, 4096 MiB, 300 MHz, 1.50 W, 51, 0x0000000000000001
2026/10/07 02:22:24.209, 0 %, 57 MiB, 4096 MiB, 300 MHz, 1.55 W, 51, 0x0000000000000001
2026/10/07 02:22:26.231, 0 %, 57 MiB, 4096 MiB, 300 MHz, 1.85 W, 51, 0x0000000000000001
2026/10/07 02:22:28.253, 0 %, 57 MiB, 4096 MiB, 300 MHz, 1.50 W, 51, 0x0000000000000001
2026/10/07 02:22:30.277, 0 %, 57 MiB, 4096 MiB, 300 MHz, 1.51 W, 51, 0x0000000000000001
2026/10/07 02:22:32.299, 0 %, 57 MiB, 4096 MiB, 300 MHz, 1.55 W, 51, 0x0000000000000001
2026/10/07 02:22:34.322, 0 %, 57 MiB, 4096 MiB, 300 MHz, 1.59 W, 51, 0x0000000000000001
2026/10/07 02:22:36.343, 0 %, 57 MiB, 4096 MiB, 300 MHz, 1.71 W, 51, 0x0000000000000001
2026/10/07 02:22:38.366, 0 %, 57 MiB, 4096 MiB, 300 MHz, 1.58 W, 51, 0x0000000000000001
2026/10/07 02:22:40.388, 0 %, 57 MiB, 4096 MiB, 300 MHz, 1.54 W, 51, 0x0000000000000001
2026/10/07 02:22:42.410, 0 %, 57 MiB, 4096 MiB, 300 MHz, 1.53 W, 51, 0x0000000000000001
2026/10/07 02:22:44.432, 0 %, 57 MiB, 4096 MiB, 300 MHz, 1.60 W, 51, 0x0000000000000001
2026/10/07 02:22:46.454, 0 %, 57 MiB, 4096 MiB, 300 MHz, 1.73 W, 52, 0x0000000000000001
2026/10/07 02:22:48.475, 0 %, 57 MiB, 4096 MiB, 300 MHz, 1.49 W, 51, 0x0000000000000001
2026/10/07 02:22:50.500, 0 %, 57 MiB, 4096 MiB, 300 MHz, 1.65 W, 51, 0x0000000000000001
2026/10/07 02:22:52.524, 0 %, 57 MiB, 4096 MiB, 300 MHz, 1.48 W, 51, 0x0000000000000001
2026/10/07 02:22:54.545, 0 %, 57 MiB, 4096 MiB, 300 MHz, 1.48 W, 51, 0x0000000000000001
2026/10/07 02:22:56.567, 0 %, 57 MiB, 4096 MiB, 300 MHz, 1.67 W, 51, 0x0000000000000001
2026/10/07 02:22:58.589, 0 %, 57 MiB, 4096 MiB, 300 MHz, 1.51 W, 51, 0x0000000000000001
2026/10/07 02:23:00.612, 0 %, 57 MiB, 4096 MiB, 300 MHz, 1.56 W, 51, 0x0000000000000001
2026/10/07 02:23:02.634, 0 %, 57 MiB, 4096 MiB, 300 MHz, 1.54 W, 51, 0x0000000000000001
2026/10/07 02:23:04.656, 0 %, 57 MiB, 4096 MiB, 300 MHz, 1.52 W, 52, 0x0000000000000001
2026/10/07 02:23:06.677, 0 %, 57 MiB, 4096 MiB, 300 MHz, 1.61 W, 51, 0x0000000000000001
2026/10/07 02:23:08.700, 0 %, 57 MiB, 4096 MiB, 300 MHz, 1.53 W, 52, 0x0000000000000001
2026/10/07 02:23:10.722, 0 %, 57 MiB, 4096 MiB, 300 MHz, 1.49 W, 52, 0x0000000000000001
2026/10/07 02:23:12.745, 0 %, 57 MiB, 4096 MiB, 300 MHz, 1.49 W, 52, 0x0000000000000001
2026/10/07 02:23:14.771, 0 %, 57 MiB, 4096 MiB, 300 MHz, 1.90 W, 51, 0x0000000000000001
2026/10/07 02:23:16.793, 0 %, 57 MiB, 4096 MiB, 300 MHz, 1.49 W, 51, 0x0000000000000001
2026/10/07 02:23:18.818, 0 %, 57 MiB, 4096 MiB, 300 MHz, 1.56 W, 51, 0x0000000000000001
2026/10/07 02:23:20.845, 0 %, 57 MiB, 4096 MiB, 300 MHz, 1.59 W, 51, 0x0000000000000001
2026/10/07 02:23:22.867, 0 %, 57 MiB, 4096 MiB, 300 MHz, 1.53 W, 51, 0x0000000000000001
2026/10/07 02:23:24.888, 0 %, 57 MiB, 4096 MiB, 300 MHz, 1.78 W, 51, 0x0000000000000001
2026/10/07 02:23:26.910, 0 %, 57 MiB, 4096 MiB, 300 MHz, 1.49 W, 51, 0x0000000000000001
2026/10/07 02:23:28.934, 0 %, 57 MiB, 4096 MiB, 300 MHz, 1.52 W, 52, 0x0000000000000001
2026/10/07 02:23:30.956, 0 %, 57 MiB, 4096 MiB, 300 MHz, 1.50 W, 51, 0x0000000000000001
2026/10/07 02:23:32.978, 0 %, 57 MiB, 4096 MiB, 300 MHz, 1.55 W, 51, 0x0000000000000001
2026/10/07 02:23:35.001, 0 %, 57 MiB, 4096 MiB, 300 MHz, 1.78 W, 51, 0x0000000000000001
2026/10/07 02:23:37.025, 0 %, 57 MiB, 4096 MiB, 300 MHz, 1.62 W, 51, 0x0000000000000001
2026/10/07 02:23:39.049, 0 %, 57 MiB, 4096 MiB, 300 MHz, 1.66 W, 51, 0x0000000000000001
2026/10/07 02:23:41.070, 0 %, 57 MiB, 4096 MiB, 300 MHz, 1.62 W, 51, 0x0000000000000001
2026/10/07 02:23:43.094, 1 %, 67 MiB, 4096 MiB, 300 MHz, 2.00 W, 51, 0x0000000000000001
2026/10/07 02:23:45.119, 0 %, 66 MiB, 4096 MiB, 300 MHz, 1.47 W, 51, 0x0000000000000001
2026/10/07 02:23:47.140, 0 %, 58 MiB, 4096 MiB, 300 MHz, 1.34 W, 51, 0x0000000000000001
2026/10/07 02:23:49.163, 0 %, 58 MiB, 4096 MiB, 300 MHz, 1.52 W, 51, 0x0000000000000001
2026/10/07 02:23:51.188, 0 %, 58 MiB, 4096 MiB, 300 MHz, 1.52 W, 51, 0x0000000000000001
2026/10/07 02:23:53.209, 0 %, 58 MiB, 4096 MiB, 300 MHz, 1.88 W, 51, 0x0000000000000001
2026/10/07 02:23:55.235, 0 %, 58 MiB, 4096 MiB, 300 MHz, 1.54 W, 51, 0x0000000000000001
2026/10/07 02:23:57.256, 0 %, 58 MiB, 4096 MiB, 300 MHz, 1.57 W, 51, 0x0000000000000001
2026/10/07 02:23:59.278, 0 %, 58 MiB, 4096 MiB, 300 MHz, 1.49 W, 51, 0x0000000000000001
2026/10/07 02:24:01.300, 0 %, 58 MiB, 4096 MiB, 300 MHz, 1.62 W, 51, 0x0000000000000001
2026/10/07 02:24:03.323, 0 %, 58 MiB, 4096 MiB, 300 MHz, 1.71 W, 51, 0x0000000000000001
2026/10/07 02:24:05.347, 0 %, 58 MiB, 4096 MiB, 300 MHz, 1.55 W, 51, 0x0000000000000001
2026/10/07 02:24:07.368, 0 %, 58 MiB, 4096 MiB, 300 MHz, 1.55 W, 52, 0x0000000000000001
2026/10/07 02:24:09.396, 0 %, 58 MiB, 4096 MiB, 300 MHz, 1.46 W, 51, 0x0000000000000001
2026/10/07 02:24:11.420, 0 %, 58 MiB, 4096 MiB, 300 MHz, 1.55 W, 51, 0x0000000000000001
2026/10/07 02:24:13.441, 0 %, 57 MiB, 4096 MiB, 300 MHz, 1.79 W, 51, 0x0000000000000001
2026/10/07 02:24:15.466, 0 %, 57 MiB, 4096 MiB, 300 MHz, 1.68 W, 51, 0x0000000000000001
2026/10/07 02:24:17.488, 0 %, 57 MiB, 4096 MiB, 300 MHz, 1.63 W, 51, 0x0000000000000001
2026/10/07 02:24:19.510, 0 %, 57 MiB, 4096 MiB, 300 MHz, 1.69 W, 51, 0x0000000000000001
2026/10/07 02:24:21.535, 0 %, 57 MiB, 4096 MiB, 300 MHz, 1.88 W, 51, 0x0000000000000001
2026/10/07 02:24:23.559, 0 %, 57 MiB, 4096 MiB, 300 MHz, 1.50 W, 51, 0x0000000000000001
2026/10/07 02:24:25.581, 0 %, 57 MiB, 4096 MiB, 300 MHz, 1.50 W, 51, 0x0000000000000001
2026/10/07 02:24:27.604, 0 %, 57 MiB, 4096 MiB, 300 MHz, 1.55 W, 51, 0x0000000000000001
2026/10/07 02:24:29.627, 0 %, 57 MiB, 4096 MiB, 300 MHz, 1.48 W, 51, 0x0000000000000001
2026/10/07 02:24:31.655, 0 %, 57 MiB, 4096 MiB, 300 MHz, 1.75 W, 51, 0x0000000000000001
2026/10/07 02:24:33.676, 0 %, 57 MiB, 4096 MiB, 300 MHz, 1.52 W, 51, 0x0000000000000001
2026/10/07 02:24:35.702, 0 %, 57 MiB, 4096 MiB, 300 MHz, 1.55 W, 51, 0x0000000000000001
2026/10/07 02:24:37.724, 0 %, 57 MiB, 4096 MiB, 300 MHz, 1.51 W, 51, 0x0000000000000001
2026/10/07 02:24:39.750, 0 %, 57 MiB, 4096 MiB, 300 MHz, 1.94 W, 51, 0x0000000000000001
2026/10/07 02:24:41.774, 0 %, 57 MiB, 4096 MiB, 300 MHz, 1.49 W, 51, 0x0000000000000001
2026/10/07 02:24:43.798, 0 %, 57 MiB, 4096 MiB, 300 MHz, 1.52 W, 51, 0x0000000000000001
2026/10/07 02:24:45.819, 0 %, 57 MiB, 4096 MiB, 300 MHz, 1.50 W, 51, 0x0000000000000001
2026/10/07 02:24:47.846, 0 %, 57 MiB, 4096 MiB, 300 MHz, 1.53 W, 51, 0x0000000000000001
2026/10/07 02:24:49.870, 0 %, 57 MiB, 4096 MiB, 300 MHz, 1.89 W, 51, 0x0000000000000001
2026/10/07 02:24:51.895, 0 %, 57 MiB, 4096 MiB, 300 MHz, 1.53 W, 51, 0x0000000000000001
2026/10/07 02:24:53.917, 0 %, 57 MiB, 4096 MiB, 300 MHz, 1.68 W, 51, 0x0000000000000001
2026/10/07 02:24:55.939, 0 %, 57 MiB, 4096 MiB, 300 MHz, 1.57 W, 51, 0x0000000000000001
2026/10/07 02:24:57.962, 0 %, 57 MiB, 4096 MiB, 300 MHz, 1.59 W, 51, 0x0000000000000001
2026/10/07 02:24:59.986, 0 %, 57 MiB, 4096 MiB, 300 MHz, 1.27 W, 51, 0x0000000000000001
2026/10/07 02:25:02.011, 0 %, 57 MiB, 4096 MiB, 300 MHz, 1.52 W, 51, 0x0000000000000001
2026/10/07 02:25:04.033, 0 %, 57 MiB, 4096 MiB, 300 MHz, 1.52 W, 51, 0x0000000000000001
2026/10/07 02:25:06.055, 0 %, 57 MiB, 4096 MiB, 300 MHz, 1.48 W, 51, 0x0000000000000001
2026/10/07 02:25:08.076, 0 %, 57 MiB, 4096 MiB, 300 MHz, 2.04 W, 51, 0x0000000000000001
2026/10/07 02:25:10.101, 0 %, 57 MiB, 4096 MiB, 300 MHz, 1.53 W, 51, 0x0000000000000001
2026/10/07 02:25:12.125, 0 %, 57 MiB, 4096 MiB, 300 MHz, 1.50 W, 51, 0x0000000000000001
2026/10/07 02:25:14.147, 0 %, 57 MiB, 4096 MiB, 300 MHz, 1.57 W, 51, 0x0000000000000001
2026/10/07 02:25:16.171, 0 %, 57 MiB, 4096 MiB, 300 MHz, 1.55 W, 51, 0x0000000000000001
2026/10/07 02:25:18.193, 0 %, 57 MiB, 4096 MiB, 300 MHz, 1.80 W, 51, 0x0000000000000001
2026/10/07 02:25:20.215, 0 %, 57 MiB, 4096 MiB, 300 MHz, 1.53 W, 51, 0x0000000000000001
2026/10/07 02:25:22.240, 0 %, 57 MiB, 4096 MiB, 300 MHz, 1.51 W, 52, 0x0000000000000001
2026/10/07 02:25:24.262, 0 %, 57 MiB, 4096 MiB, 300 MHz, 1.57 W, 51, 0x0000000000000001
2026/10/07 02:25:26.288, 0 %, 57 MiB, 4096 MiB, 300 MHz, 1.58 W, 51, 0x0000000000000001
2026/10/07 02:25:28.309, 0 %, 57 MiB, 4096 MiB, 300 MHz, 1.70 W, 51, 0x0000000000000001
2026/10/07 02:25:30.331, 0 %, 57 MiB, 4096 MiB, 300 MHz, 1.56 W, 51, 0x0000000000000001
2026/10/07 02:25:32.360, 0 %, 57 MiB, 4096 MiB, 300 MHz, 1.59 W, 51, 0x0000000000000001
2026/10/07 02:25:34.381, 0 %, 57 MiB, 4096 MiB, 300 MHz, 1.57 W, 51, 0x0000000000000001
2026/10/07 02:25:36.404, 0 %, 57 MiB, 4096 MiB, 300 MHz, 1.96 W, 51, 0x0000000000000001
2026/10/07 02:25:38.429, 0 %, 57 MiB, 4096 MiB, 300 MHz, 1.53 W, 51, 0x0000000000000001
2026/10/07 02:25:40.451, 0 %, 57 MiB, 4096 MiB, 300 MHz, 1.44 W, 51, 0x0000000000000001
2026/10/07 02:25:42.476, 0 %, 57 MiB, 4096 MiB, 300 MHz, 1.48 W, 51, 0x0000000000000001
2026/10/07 02:25:44.498, 0 %, 57 MiB, 4096 MiB, 300 MHz, 1.48 W, 51, 0x0000000000000001
2026/10/07 02:25:46.524, 0 %, 57 MiB, 4096 MiB, 300 MHz, 1.88 W, 51, 0x0000000000000001
2026/10/07 02:25:48.546, 0 %, 57 MiB, 4096 MiB, 300 MHz, 1.69 W, 52, 0x0000000000000001
2026/10/07 02:25:50.572, 0 %, 57 MiB, 4096 MiB, 300 MHz, 1.66 W, 51, 0x0000000000000001
2026/10/07 02:25:52.594, 0 %, 57 MiB, 4096 MiB, 300 MHz, 1.68 W, 52, 0x0000000000000001
2026/10/07 02:25:54.617, 0 %, 57 MiB, 4096 MiB, 300 MHz, 1.62 W, 51, 0x0000000000000001
2026/10/07 02:25:56.638, 0 %, 57 MiB, 4096 MiB, 300 MHz, 1.63 W, 52, 0x0000000000000001
2026/10/07 02:25:58.661, 0 %, 57 MiB, 4096 MiB, 300 MHz, 1.45 W, 51, 0x0000000000000001
2026/10/07 02:26:00.683, 0 %, 57 MiB, 4096 MiB, 300 MHz, 1.48 W, 52, 0x0000000000000001
2026/10/07 02:26:02.705, 0 %, 57 MiB, 4096 MiB, 300 MHz, 1.48 W, 52, 0x0000000000000001
2026/10/07 02:26:04.726, 0 %, 57 MiB, 4096 MiB, 300 MHz, 1.48 W, 51, 0x0000000000000001
2026/10/07 02:26:06.747, 0 %, 57 MiB, 4096 MiB, 300 MHz, 1.64 W, 51, 0x0000000000000001
2026/10/07 02:26:08.771, 0 %, 57 MiB, 4096 MiB, 300 MHz, 1.56 W, 51, 0x0000000000000001
2026/10/07 02:26:10.793, 0 %, 57 MiB, 4096 MiB, 300 MHz, 1.54 W, 52, 0x0000000000000001
2026/10/07 02:26:12.815, 0 %, 57 MiB, 4096 MiB, 300 MHz, 1.49 W, 51, 0x0000000000000001
2026/10/07 02:26:14.838, 0 %, 57 MiB, 4096 MiB, 300 MHz, 1.55 W, 51, 0x0000000000000001
2026/10/07 02:26:16.862, 0 %, 57 MiB, 4096 MiB, 300 MHz, 1.52 W, 52, 0x0000000000000001
2026/10/07 02:26:18.884, 0 %, 57 MiB, 4096 MiB, 300 MHz, 1.48 W, 51, 0x0000000000000001
2026/10/07 02:26:20.908, 0 %, 57 MiB, 4096 MiB, 300 MHz, 1.52 W, 52, 0x0000000000000001
2026/10/07 02:26:22.930, 0 %, 57 MiB, 4096 MiB, 300 MHz, 1.53 W, 51, 0x0000000000000001
2026/10/07 02:26:24.954, 0 %, 57 MiB, 4096 MiB, 300 MHz, 1.96 W, 51, 0x0000000000000001
2026/10/07 02:26:26.975, 0 %, 57 MiB, 4096 MiB, 300 MHz, 1.55 W, 51, 0x0000000000000001
2026/10/07 02:26:28.998, 0 %, 57 MiB, 4096 MiB, 300 MHz, 1.57 W, 51, 0x0000000000000001
2026/10/07 02:26:31.024, 0 %, 57 MiB, 4096 MiB, 300 MHz, 1.53 W, 51, 0x0000000000000001
2026/10/07 02:26:33.046, 0 %, 57 MiB, 4096 MiB, 300 MHz, 1.54 W, 51, 0x0000000000000001
2026/10/07 02:26:35.068, 0 %, 57 MiB, 4096 MiB, 300 MHz, 1.79 W, 51, 0x0000000000000001
2026/10/07 02:26:37.090, 0 %, 57 MiB, 4096 MiB, 300 MHz, 1.50 W, 51, 0x0000000000000001
2026/10/07 02:26:39.116, 0 %, 57 MiB, 4096 MiB, 300 MHz, 1.51 W, 51, 0x0000000000000001
2026/10/07 02:26:41.139, 1 %, 67 MiB, 4096 MiB, 300 MHz, 1.62 W, 51, 0x0000000000000001
2026/10/07 02:26:43.160, 0 %, 67 MiB, 4096 MiB, 300 MHz, 1.48 W, 51, 0x0000000000000001
2026/10/07 02:26:45.185, 0 %, 59 MiB, 4096 MiB, 300 MHz, 1.72 W, 51, 0x0000000000000001
2026/10/07 02:26:47.206, 0 %, 59 MiB, 4096 MiB, 300 MHz, 1.57 W, 51, 0x0000000000000001
2026/10/07 02:26:49.228, 0 %, 59 MiB, 4096 MiB, 300 MHz, 1.66 W, 51, 0x0000000000000001
2026/10/07 02:26:51.253, 0 %, 59 MiB, 4096 MiB, 300 MHz, 1.55 W, 51, 0x0000000000000001
2026/10/07 02:26:53.274, 0 %, 59 MiB, 4096 MiB, 300 MHz, 1.58 W, 51, 0x0000000000000001
2026/10/07 02:26:55.299, 0 %, 59 MiB, 4096 MiB, 300 MHz, 1.64 W, 51, 0x0000000000000001
2026/10/07 02:26:57.321, 0 %, 59 MiB, 4096 MiB, 300 MHz, 1.56 W, 51, 0x0000000000000001
2026/10/07 02:26:59.347, 0 %, 59 MiB, 4096 MiB, 300 MHz, 1.51 W, 51, 0x0000000000000001
2026/10/07 02:27:01.368, 0 %, 59 MiB, 4096 MiB, 300 MHz, 1.54 W, 51, 0x0000000000000001
2026/10/07 02:27:03.391, 0 %, 59 MiB, 4096 MiB, 300 MHz, 2.01 W, 51, 0x0000000000000001
2026/10/07 02:27:05.416, 0 %, 59 MiB, 4096 MiB, 300 MHz, 1.59 W, 51, 0x0000000000000001
2026/10/07 02:27:07.438, 0 %, 59 MiB, 4096 MiB, 300 MHz, 1.61 W, 51, 0x0000000000000001
2026/10/07 02:27:09.461, 0 %, 59 MiB, 4096 MiB, 300 MHz, 1.61 W, 51, 0x0000000000000001
2026/10/07 02:27:11.485, 0 %, 58 MiB, 4096 MiB, 300 MHz, 1.62 W, 51, 0x0000000000000001
2026/10/07 02:27:13.510, 0 %, 58 MiB, 4096 MiB, 300 MHz, 1.64 W, 51, 0x0000000000000001
2026/10/07 02:27:15.532, 0 %, 58 MiB, 4096 MiB, 300 MHz, 1.55 W, 51, 0x0000000000000001
2026/10/07 02:27:17.554, 0 %, 58 MiB, 4096 MiB, 300 MHz, 1.57 W, 51, 0x0000000000000001
2026/10/07 02:27:19.575, 0 %, 58 MiB, 4096 MiB, 300 MHz, 1.52 W, 51, 0x0000000000000001
2026/10/07 02:27:21.600, 0 %, 58 MiB, 4096 MiB, 300 MHz, 1.53 W, 51, 0x0000000000000001
2026/10/07 02:27:23.625, 0 %, 58 MiB, 4096 MiB, 300 MHz, 1.52 W, 51, 0x0000000000000001
2026/10/07 02:27:25.650, 0 %, 58 MiB, 4096 MiB, 300 MHz, 1.53 W, 51, 0x0000000000000001
2026/10/07 02:27:27.672, 0 %, 58 MiB, 4096 MiB, 300 MHz, 1.54 W, 51, 0x0000000000000001
2026/10/07 02:27:29.693, 0 %, 58 MiB, 4096 MiB, 300 MHz, 1.55 W, 51, 0x0000000000000001
2026/10/07 02:27:31.716, 0 %, 58 MiB, 4096 MiB, 300 MHz, 1.84 W, 51, 0x0000000000000001
2026/10/07 02:27:33.741, 0 %, 58 MiB, 4096 MiB, 300 MHz, 1.53 W, 51, 0x0000000000000001
2026/10/07 02:27:35.766, 0 %, 68 MiB, 4096 MiB, 300 MHz, 1.67 W, 51, 0x0000000000000001
2026/10/07 02:27:37.787, 0 %, 60 MiB, 4096 MiB, 300 MHz, 1.51 W, 51, 0x0000000000000001
2026/10/07 02:27:39.810, 0 %, 60 MiB, 4096 MiB, 300 MHz, 1.44 W, 51, 0x0000000000000001
2026/10/07 02:27:41.836, 0 %, 59 MiB, 4096 MiB, 300 MHz, 1.66 W, 51, 0x0000000000000001
2026/10/07 02:27:43.862, 0 %, 59 MiB, 4096 MiB, 300 MHz, 1.52 W, 51, 0x0000000000000001
2026/10/07 02:27:45.883, 0 %, 59 MiB, 4096 MiB, 300 MHz, 1.57 W, 51, 0x0000000000000001
2026/10/07 02:27:47.906, 0 %, 59 MiB, 4096 MiB, 300 MHz, 1.55 W, 51, 0x0000000000000001
2026/10/07 02:27:49.927, 0 %, 59 MiB, 4096 MiB, 300 MHz, 1.22 W, 52, 0x0000000000000001
2026/10/07 02:27:51.950, 0 %, 59 MiB, 4096 MiB, 300 MHz, 1.54 W, 51, 0x0000000000000001
2026/10/07 02:27:53.975, 0 %, 59 MiB, 4096 MiB, 300 MHz, 1.50 W, 51, 0x0000000000000001
2026/10/07 02:27:55.999, 0 %, 59 MiB, 4096 MiB, 300 MHz, 1.50 W, 51, 0x0000000000000001
2026/10/07 02:27:58.024, 0 %, 59 MiB, 4096 MiB, 300 MHz, 1.50 W, 51, 0x0000000000000001
2026/10/07 02:28:00.046, 0 %, 59 MiB, 4096 MiB, 300 MHz, 1.85 W, 51, 0x0000000000000001
2026/10/07 02:28:02.068, 0 %, 59 MiB, 4096 MiB, 300 MHz, 1.55 W, 51, 0x0000000000000001
2026/10/07 02:28:04.090, 0 %, 59 MiB, 4096 MiB, 300 MHz, 1.61 W, 51, 0x0000000000000001
2026/10/07 02:28:06.112, 0 %, 59 MiB, 4096 MiB, 300 MHz, 1.55 W, 51, 0x0000000000000001
2026/10/07 02:28:08.138, 0 %, 59 MiB, 4096 MiB, 300 MHz, 1.51 W, 51, 0x0000000000000001
2026/10/07 02:28:10.160, 0 %, 59 MiB, 4096 MiB, 300 MHz, 1.73 W, 51, 0x0000000000000001
2026/10/07 02:28:12.182, 0 %, 58 MiB, 4096 MiB, 300 MHz, 1.45 W, 51, 0x0000000000000001
2026/10/07 02:28:14.207, 0 %, 58 MiB, 4096 MiB, 300 MHz, 1.63 W, 51, 0x0000000000000001
2026/10/07 02:28:16.232, 0 %, 58 MiB, 4096 MiB, 300 MHz, 1.52 W, 51, 0x0000000000000001
2026/10/07 02:28:18.254, 0 %, 58 MiB, 4096 MiB, 300 MHz, 1.51 W, 51, 0x0000000000000001
2026/10/07 02:28:20.275, 0 %, 58 MiB, 4096 MiB, 300 MHz, 1.60 W, 51, 0x0000000000000001
2026/10/07 02:28:22.300, 0 %, 58 MiB, 4096 MiB, 300 MHz, 1.57 W, 51, 0x0000000000000001
2026/10/07 02:28:24.322, 0 %, 58 MiB, 4096 MiB, 300 MHz, 1.56 W, 51, 0x0000000000000001
2026/10/07 02:28:26.346, 0 %, 58 MiB, 4096 MiB, 300 MHz, 1.55 W, 51, 0x0000000000000001
2026/10/07 02:28:28.369, 0 %, 58 MiB, 4096 MiB, 300 MHz, 1.89 W, 51, 0x0000000000000001
2026/10/07 02:28:30.392, 0 %, 58 MiB, 4096 MiB, 300 MHz, 1.51 W, 51, 0x0000000000000001
2026/10/07 02:28:32.416, 0 %, 58 MiB, 4096 MiB, 300 MHz, 1.49 W, 51, 0x0000000000000001
2026/10/07 02:28:34.437, 0 %, 58 MiB, 4096 MiB, 300 MHz, 1.52 W, 51, 0x0000000000000001
2026/10/07 02:28:36.463, 0 %, 58 MiB, 4096 MiB, 300 MHz, 1.55 W, 51, 0x0000000000000001
2026/10/07 02:28:38.486, 0 %, 58 MiB, 4096 MiB, 300 MHz, 1.72 W, 51, 0x0000000000000001
2026/10/07 02:28:40.512, 0 %, 58 MiB, 4096 MiB, 300 MHz, 1.57 W, 51, 0x0000000000000001
2026/10/07 02:28:42.534, 0 %, 58 MiB, 4096 MiB, 300 MHz, 1.57 W, 51, 0x0000000000000001
2026/10/07 02:28:44.558, 0 %, 58 MiB, 4096 MiB, 300 MHz, 1.58 W, 51, 0x0000000000000001
2026/10/07 02:28:46.580, 0 %, 58 MiB, 4096 MiB, 300 MHz, 2.07 W, 52, 0x0000000000000001
2026/10/07 02:28:48.605, 0 %, 58 MiB, 4096 MiB, 300 MHz, 1.59 W, 51, 0x0000000000000001
2026/10/07 02:28:50.629, 0 %, 58 MiB, 4096 MiB, 300 MHz, 1.58 W, 52, 0x0000000000000001
2026/10/07 02:28:52.650, 0 %, 58 MiB, 4096 MiB, 300 MHz, 1.67 W, 51, 0x0000000000000001
2026/10/07 02:28:54.672, 0 %, 58 MiB, 4096 MiB, 300 MHz, 1.61 W, 51, 0x0000000000000001
2026/10/07 02:28:56.698, 0 %, 58 MiB, 4096 MiB, 300 MHz, 1.91 W, 52, 0x0000000000000001
2026/10/07 02:28:58.719, 0 %, 58 MiB, 4096 MiB, 300 MHz, 1.63 W, 51, 0x0000000000000001
2026/10/07 02:29:00.742, 0 %, 58 MiB, 4096 MiB, 300 MHz, 1.59 W, 52, 0x0000000000000001
2026/10/07 02:29:02.766, 0 %, 58 MiB, 4096 MiB, 300 MHz, 1.63 W, 52, 0x0000000000000001
2026/10/07 02:29:04.788, 0 %, 58 MiB, 4096 MiB, 300 MHz, 1.57 W, 51, 0x0000000000000001
2026/10/07 02:29:06.812, 0 %, 58 MiB, 4096 MiB, 300 MHz, 1.72 W, 51, 0x0000000000000001
2026/10/07 02:29:08.836, 0 %, 58 MiB, 4096 MiB, 300 MHz, 1.45 W, 52, 0x0000000000000001
2026/10/07 02:29:10.858, 0 %, 58 MiB, 4096 MiB, 300 MHz, 1.52 W, 51, 0x0000000000000001
2026/10/07 02:29:12.881, 0 %, 58 MiB, 4096 MiB, 300 MHz, 1.51 W, 51, 0x0000000000000001
2026/10/07 02:29:14.905, 0 %, 58 MiB, 4096 MiB, 300 MHz, 1.50 W, 51, 0x0000000000000001
2026/10/07 02:29:16.926, 0 %, 58 MiB, 4096 MiB, 300 MHz, 1.67 W, 51, 0x0000000000000001
2026/10/07 02:29:18.951, 0 %, 58 MiB, 4096 MiB, 300 MHz, 1.59 W, 52, 0x0000000000000001
2026/10/07 02:29:20.973, 0 %, 58 MiB, 4096 MiB, 300 MHz, 1.53 W, 51, 0x0000000000000001
2026/10/07 02:29:22.994, 0 %, 58 MiB, 4096 MiB, 300 MHz, 1.53 W, 51, 0x0000000000000001
2026/10/07 02:29:25.018, 0 %, 58 MiB, 4096 MiB, 300 MHz, 1.94 W, 52, 0x0000000000000001
2026/10/07 02:29:27.043, 0 %, 58 MiB, 4096 MiB, 300 MHz, 1.52 W, 51, 0x0000000000000001
2026/10/07 02:29:29.066, 0 %, 58 MiB, 4096 MiB, 300 MHz, 1.53 W, 51, 0x0000000000000001
2026/10/07 02:29:31.089, 0 %, 58 MiB, 4096 MiB, 300 MHz, 1.60 W, 51, 0x0000000000000001
2026/10/07 02:29:33.113, 0 %, 58 MiB, 4096 MiB, 300 MHz, 1.51 W, 51, 0x0000000000000001
2026/10/07 02:29:35.134, 0 %, 58 MiB, 4096 MiB, 300 MHz, 1.91 W, 52, 0x0000000000000001
2026/10/07 02:29:37.156, 0 %, 58 MiB, 4096 MiB, 300 MHz, 1.52 W, 52, 0x0000000000000001
2026/10/07 02:29:39.180, 0 %, 58 MiB, 4096 MiB, 300 MHz, 1.54 W, 52, 0x0000000000000001
2026/10/07 02:29:41.205, 0 %, 58 MiB, 4096 MiB, 300 MHz, 1.48 W, 51, 0x0000000000000001
2026/10/07 02:29:43.226, 0 %, 58 MiB, 4096 MiB, 300 MHz, 1.53 W, 51, 0x0000000000000001
2026/10/07 02:29:45.248, 0 %, 58 MiB, 4096 MiB, 300 MHz, 1.71 W, 51, 0x0000000000000001
2026/10/07 02:29:47.273, 0 %, 58 MiB, 4096 MiB, 300 MHz, 1.52 W, 51, 0x0000000000000001
2026/10/07 02:29:49.294, 0 %, 58 MiB, 4096 MiB, 300 MHz, 1.51 W, 52, 0x0000000000000001
2026/10/07 02:29:51.319, 0 %, 58 MiB, 4096 MiB, 300 MHz, 1.49 W, 51, 0x0000000000000001
2026/10/07 02:29:53.341, 0 %, 58 MiB, 4096 MiB, 300 MHz, 1.35 W, 51, 0x0000000000000001
2026/10/07 02:29:55.374, 0 %, 58 MiB, 4096 MiB, 300 MHz, 1.47 W, 51, 0x0000000000000001
2026/10/07 02:29:57.398, 0 %, 58 MiB, 4096 MiB, 300 MHz, 1.47 W, 51, 0x0000000000000001
2026/10/07 02:29:59.420, 0 %, 58 MiB, 4096 MiB, 300 MHz, 1.48 W, 52, 0x0000000000000001
2026/10/07 02:30:01.442, 0 %, 58 MiB, 4096 MiB, 300 MHz, 1.51 W, 52, 0x0000000000000001
2026/10/07 02:30:03.467, 0 %, 58 MiB, 4096 MiB, 300 MHz, 1.69 W, 52, 0x0000000000000001
2026/10/07 02:30:05.489, 0 %, 58 MiB, 4096 MiB, 300 MHz, 1.52 W, 51, 0x0000000000000001
2026/10/07 02:30:07.510, 0 %, 58 MiB, 4096 MiB, 300 MHz, 1.50 W, 51, 0x0000000000000001
2026/10/07 02:30:09.535, 0 %, 58 MiB, 4096 MiB, 300 MHz, 1.51 W, 51, 0x0000000000000001
2026/10/07 02:30:11.558, 0 %, 58 MiB, 4096 MiB, 300 MHz, 1.49 W, 51, 0x0000000000000001
2026/10/07 02:30:13.582, 0 %, 58 MiB, 4096 MiB, 300 MHz, 1.56 W, 51, 0x0000000000000001
2026/10/07 02:30:15.604, 0 %, 58 MiB, 4096 MiB, 300 MHz, 1.56 W, 52, 0x0000000000000001
2026/10/07 02:30:17.628, 0 %, 58 MiB, 4096 MiB, 300 MHz, 1.51 W, 52, 0x0000000000000001
2026/10/07 02:30:19.652, 0 %, 58 MiB, 4096 MiB, 300 MHz, 1.56 W, 52, 0x0000000000000001
2026/10/07 02:30:21.674, 0 %, 58 MiB, 4096 MiB, 300 MHz, 2.03 W, 52, 0x0000000000000001
2026/10/07 02:30:23.700, 0 %, 58 MiB, 4096 MiB, 300 MHz, 1.59 W, 51, 0x0000000000000001
2026/10/07 02:30:25.722, 0 %, 58 MiB, 4096 MiB, 300 MHz, 1.60 W, 51, 0x0000000000000001
2026/10/07 02:30:27.749, 0 %, 58 MiB, 4096 MiB, 300 MHz, 1.59 W, 52, 0x0000000000000001
2026/10/07 02:30:29.771, 0 %, 58 MiB, 4096 MiB, 300 MHz, 1.64 W, 52, 0x0000000000000001
2026/10/07 02:30:31.793, 0 %, 60 MiB, 4096 MiB, 300 MHz, 1.62 W, 52, 0x0000000000000001
2026/10/07 02:30:33.817, 0 %, 67 MiB, 4096 MiB, 300 MHz, 1.54 W, 52, 0x0000000000000001
2026/10/07 02:30:35.846, 0 %, 59 MiB, 4096 MiB, 300 MHz, 1.53 W, 51, 0x0000000000000001
2026/10/07 02:30:37.868, 0 %, 59 MiB, 4096 MiB, 300 MHz, 1.54 W, 51, 0x0000000000000001
2026/10/07 02:30:39.893, 0 %, 59 MiB, 4096 MiB, 300 MHz, 1.88 W, 51, 0x0000000000000001
2026/10/07 02:30:41.914, 0 %, 59 MiB, 4096 MiB, 300 MHz, 1.60 W, 51, 0x0000000000000001
2026/10/07 02:30:43.936, 0 %, 59 MiB, 4096 MiB, 300 MHz, 1.51 W, 51, 0x0000000000000001
2026/10/07 02:30:45.961, 0 %, 59 MiB, 4096 MiB, 300 MHz, 1.54 W, 51, 0x0000000000000001
2026/10/07 02:30:47.983, 0 %, 59 MiB, 4096 MiB, 300 MHz, 1.56 W, 51, 0x0000000000000001
2026/10/07 02:30:50.007, 0 %, 59 MiB, 4096 MiB, 300 MHz, 1.64 W, 52, 0x0000000000000001
2026/10/07 02:30:52.029, 0 %, 59 MiB, 4096 MiB, 300 MHz, 1.50 W, 51, 0x0000000000000001
2026/10/07 02:30:54.053, 0 %, 59 MiB, 4096 MiB, 300 MHz, 1.48 W, 51, 0x0000000000000001
2026/10/07 02:30:56.077, 0 %, 59 MiB, 4096 MiB, 300 MHz, 1.49 W, 51, 0x0000000000000001
2026/10/07 02:30:58.098, 0 %, 59 MiB, 4096 MiB, 300 MHz, 1.47 W, 51, 0x0000000000000001
2026/10/07 02:31:00.121, 0 %, 59 MiB, 4096 MiB, 300 MHz, 1.59 W, 51, 0x0000000000000001
2026/10/07 02:31:02.146, 0 %, 59 MiB, 4096 MiB, 300 MHz, 1.59 W, 51, 0x0000000000000001
2026/10/07 02:31:04.168, 0 %, 58 MiB, 4096 MiB, 300 MHz, 1.53 W, 51, 0x0000000000000001
2026/10/07 02:31:06.191, 0 %, 58 MiB, 4096 MiB, 300 MHz, 1.54 W, 51, 0x0000000000000001
2026/10/07 02:31:08.213, 0 %, 58 MiB, 4096 MiB, 300 MHz, 1.96 W, 51, 0x0000000000000001
2026/10/07 02:31:10.235, 0 %, 58 MiB, 4096 MiB, 300 MHz, 1.49 W, 51, 0x0000000000000001
2026/10/07 02:31:12.263, 0 %, 58 MiB, 4096 MiB, 300 MHz, 1.49 W, 51, 0x0000000000000001
2026/10/07 02:31:14.284, 0 %, 58 MiB, 4096 MiB, 300 MHz, 1.50 W, 51, 0x0000000000000001
2026/10/07 02:31:16.306, 0 %, 58 MiB, 4096 MiB, 300 MHz, 1.48 W, 51, 0x0000000000000001
2026/10/07 02:31:18.329, 0 %, 58 MiB, 4096 MiB, 300 MHz, 1.75 W, 51, 0x0000000000000001
2026/10/07 02:31:20.350, 0 %, 58 MiB, 4096 MiB, 300 MHz, 1.51 W, 51, 0x0000000000000001
2026/10/07 02:31:22.374, 0 %, 58 MiB, 4096 MiB, 300 MHz, 1.61 W, 51, 0x0000000000000001
2026/10/07 02:31:24.399, 0 %, 58 MiB, 4096 MiB, 300 MHz, 1.52 W, 51, 0x0000000000000001
2026/10/07 02:31:26.421, 0 %, 58 MiB, 4096 MiB, 300 MHz, 1.60 W, 51, 0x0000000000000001
2026/10/07 02:31:28.442, 0 %, 58 MiB, 4096 MiB, 300 MHz, 1.60 W, 51, 0x0000000000000001
2026/10/07 02:31:30.467, 0 %, 58 MiB, 4096 MiB, 300 MHz, 1.52 W, 51, 0x0000000000000001
2026/10/07 02:31:32.491, 0 %, 58 MiB, 4096 MiB, 300 MHz, 1.48 W, 51, 0x0000000000000001
2026/10/07 02:31:34.515, 0 %, 58 MiB, 4096 MiB, 300 MHz, 1.48 W, 51, 0x0000000000000001
2026/10/07 02:31:36.540, 0 %, 58 MiB, 4096 MiB, 300 MHz, 1.82 W, 51, 0x0000000000000001
2026/10/07 02:31:38.565, 0 %, 58 MiB, 4096 MiB, 300 MHz, 1.51 W, 51, 0x0000000000000001
2026/10/07 02:31:40.588, 0 %, 58 MiB, 4096 MiB, 300 MHz, 1.55 W, 51, 0x0000000000000001
2026/10/07 02:31:42.610, 0 %, 58 MiB, 4096 MiB, 300 MHz, 1.62 W, 51, 0x0000000000000001
2026/10/07 02:31:44.632, 0 %, 58 MiB, 4096 MiB, 300 MHz, 1.75 W, 51, 0x0000000000000001
2026/10/07 02:31:46.656, 0 %, 58 MiB, 4096 MiB, 300 MHz, 1.72 W, 51, 0x0000000000000001
2026/10/07 02:31:48.682, 0 %, 58 MiB, 4096 MiB, 300 MHz, 1.63 W, 51, 0x0000000000000001
2026/10/07 02:31:50.706, 0 %, 58 MiB, 4096 MiB, 300 MHz, 1.56 W, 51, 0x0000000000000001
2026/10/07 02:31:52.730, 0 %, 58 MiB, 4096 MiB, 300 MHz, 1.61 W, 51, 0x0000000000000001
2026/10/07 02:31:54.755, 0 %, 58 MiB, 4096 MiB, 300 MHz, 1.82 W, 52, 0x0000000000000001
2026/10/07 02:31:56.777, 0 %, 58 MiB, 4096 MiB, 300 MHz, 1.58 W, 51, 0x0000000000000001
2026/10/07 02:31:58.798, 0 %, 58 MiB, 4096 MiB, 300 MHz, 1.61 W, 51, 0x0000000000000001
2026/10/07 02:32:00.822, 0 %, 58 MiB, 4096 MiB, 300 MHz, 1.63 W, 52, 0x0000000000000001
2026/10/07 02:32:02.843, 0 %, 58 MiB, 4096 MiB, 300 MHz, 1.56 W, 51, 0x0000000000000001
2026/10/07 02:32:04.865, 0 %, 58 MiB, 4096 MiB, 300 MHz, 1.80 W, 51, 0x0000000000000001
2026/10/07 02:32:06.887, 0 %, 58 MiB, 4096 MiB, 300 MHz, 1.56 W, 51, 0x0000000000000001
2026/10/07 02:32:08.912, 0 %, 58 MiB, 4096 MiB, 300 MHz, 1.47 W, 51, 0x0000000000000001
2026/10/07 02:32:10.935, 0 %, 58 MiB, 4096 MiB, 300 MHz, 1.50 W, 51, 0x0000000000000001
2026/10/07 02:32:12.958, 0 %, 58 MiB, 4096 MiB, 300 MHz, 1.52 W, 52, 0x0000000000000001
2026/10/07 02:32:14.982, 0 %, 58 MiB, 4096 MiB, 300 MHz, 1.58 W, 51, 0x0000000000000001
2026/10/07 02:32:17.004, 0 %, 58 MiB, 4096 MiB, 300 MHz, 1.58 W, 52, 0x0000000000000001
2026/10/07 02:32:19.029, 0 %, 58 MiB, 4096 MiB, 300 MHz, 1.56 W, 51, 0x0000000000000001
2026/10/07 02:32:21.052, 0 %, 58 MiB, 4096 MiB, 300 MHz, 1.50 W, 51, 0x0000000000000001
2026/10/07 02:32:23.078, 0 %, 58 MiB, 4096 MiB, 300 MHz, 1.80 W, 51, 0x0000000000000001
2026/10/07 02:32:25.101, 0 %, 58 MiB, 4096 MiB, 300 MHz, 1.51 W, 51, 0x0000000000000001
2026/10/07 02:32:27.122, 0 %, 58 MiB, 4096 MiB, 300 MHz, 1.47 W, 51, 0x0000000000000001
2026/10/07 02:32:29.146, 0 %, 58 MiB, 4096 MiB, 300 MHz, 1.50 W, 52, 0x0000000000000001
2026/10/07 02:32:31.170, 0 %, 58 MiB, 4096 MiB, 300 MHz, 1.55 W, 52, 0x0000000000000001
2026/10/07 02:32:33.192, 0 %, 58 MiB, 4096 MiB, 300 MHz, 1.75 W, 51, 0x0000000000000001
2026/10/07 02:32:35.217, 0 %, 58 MiB, 4096 MiB, 300 MHz, 1.56 W, 51, 0x0000000000000001
2026/10/07 02:32:37.240, 0 %, 58 MiB, 4096 MiB, 300 MHz, 1.58 W, 52, 0x0000000000000001
2026/10/07 02:32:39.261, 0 %, 58 MiB, 4096 MiB, 300 MHz, 1.52 W, 51, 0x0000000000000001
2026/10/07 02:32:41.285, 0 %, 58 MiB, 4096 MiB, 300 MHz, 1.90 W, 51, 0x0000000000000001
2026/10/07 02:32:43.308, 0 %, 58 MiB, 4096 MiB, 300 MHz, 1.48 W, 52, 0x0000000000000001
2026/10/07 02:32:45.330, 0 %, 58 MiB, 4096 MiB, 300 MHz, 1.45 W, 52, 0x0000000000000001
2026/10/07 02:32:47.354, 0 %, 58 MiB, 4096 MiB, 300 MHz, 1.49 W, 52, 0x0000000000000001
2026/10/07 02:32:49.377, 0 %, 58 MiB, 4096 MiB, 300 MHz, 1.43 W, 51, 0x0000000000000001
2026/10/07 02:32:51.398, 0 %, 58 MiB, 4096 MiB, 300 MHz, 1.81 W, 51, 0x0000000000000001
2026/10/07 02:32:53.422, 0 %, 58 MiB, 4096 MiB, 300 MHz, 1.52 W, 52, 0x0000000000000001
2026/10/07 02:32:55.446, 0 %, 58 MiB, 4096 MiB, 300 MHz, 1.54 W, 51, 0x0000000000000001
2026/10/07 02:32:57.468, 0 %, 58 MiB, 4096 MiB, 300 MHz, 1.54 W, 51, 0x0000000000000001
2026/10/07 02:32:59.492, 0 %, 58 MiB, 4096 MiB, 300 MHz, 1.60 W, 51, 0x0000000000000001
2026/10/07 02:33:01.516, 0 %, 58 MiB, 4096 MiB, 300 MHz, 1.61 W, 51, 0x0000000000000001
2026/10/07 02:33:03.538, 0 %, 58 MiB, 4096 MiB, 300 MHz, 1.50 W, 51, 0x0000000000000001
2026/10/07 02:33:05.562, 0 %, 58 MiB, 4096 MiB, 300 MHz, 1.56 W, 51, 0x0000000000000001
2026/10/07 02:33:07.585, 0 %, 58 MiB, 4096 MiB, 300 MHz, 1.67 W, 52, 0x0000000000000001
2026/10/07 02:33:09.610, 0 %, 58 MiB, 4096 MiB, 300 MHz, 2.02 W, 51, 0x0000000000000001
2026/10/07 02:33:11.631, 0 %, 58 MiB, 4096 MiB, 300 MHz, 1.54 W, 51, 0x0000000000000001
2026/10/07 02:33:13.657, 0 %, 58 MiB, 4096 MiB, 300 MHz, 1.53 W, 51, 0x0000000000000001
2026/10/07 02:33:15.679, 0 %, 58 MiB, 4096 MiB, 300 MHz, 1.54 W, 52, 0x0000000000000001
2026/10/07 02:33:17.704, 0 %, 58 MiB, 4096 MiB, 300 MHz, 1.57 W, 52, 0x0000000000000001
2026/10/07 02:33:19.726, 0 %, 58 MiB, 4096 MiB, 300 MHz, 1.89 W, 51, 0x0000000000000001
2026/10/07 02:33:21.748, 0 %, 58 MiB, 4096 MiB, 300 MHz, 1.56 W, 51, 0x0000000000000001
2026/10/07 02:33:23.772, 0 %, 58 MiB, 4096 MiB, 300 MHz, 1.61 W, 51, 0x0000000000000001
2026/10/07 02:33:25.797, 0 %, 58 MiB, 4096 MiB, 300 MHz, 1.60 W, 51, 0x0000000000000001
2026/10/07 02:33:27.819, 0 %, 58 MiB, 4096 MiB, 300 MHz, 2.12 W, 52, 0x0000000000000001
2026/10/07 02:33:29.854, 1 %, 69 MiB, 4096 MiB, 300 MHz, 1.62 W, 51, 0x0000000000000001
2026/10/07 02:33:31.879, 0 %, 69 MiB, 4096 MiB, 300 MHz, 1.61 W, 51, 0x0000000000000001
2026/10/07 02:33:33.902, 0 %, 61 MiB, 4096 MiB, 300 MHz, 1.59 W, 51, 0x0000000000000001
2026/10/07 02:33:35.924, 0 %, 61 MiB, 4096 MiB, 300 MHz, 1.66 W, 51, 0x0000000000000001
2026/10/07 02:33:37.947, 0 %, 61 MiB, 4096 MiB, 300 MHz, 1.74 W, 51, 0x0000000000000001
2026/10/07 02:33:39.971, 0 %, 61 MiB, 4096 MiB, 300 MHz, 1.59 W, 51, 0x0000000000000001
2026/10/07 02:33:41.996, 0 %, 61 MiB, 4096 MiB, 300 MHz, 1.57 W, 51, 0x0000000000000001
2026/10/07 02:33:44.017, 0 %, 61 MiB, 4096 MiB, 300 MHz, 1.54 W, 51, 0x0000000000000001
2026/10/07 02:33:46.041, 0 %, 61 MiB, 4096 MiB, 300 MHz, 1.58 W, 51, 0x0000000000000001
2026/10/07 02:33:48.062, 0 %, 61 MiB, 4096 MiB, 300 MHz, 1.61 W, 51, 0x0000000000000001
2026/10/07 02:33:50.087, 0 %, 61 MiB, 4096 MiB, 300 MHz, 1.39 W, 51, 0x0000000000000001
2026/10/07 02:33:52.112, 0 %, 61 MiB, 4096 MiB, 300 MHz, 1.56 W, 51, 0x0000000000000001
2026/10/07 02:33:54.146, 0 %, 61 MiB, 4096 MiB, 300 MHz, 1.99 W, 51, 0x0000000000000001
2026/10/07 02:33:56.170, 0 %, 61 MiB, 4096 MiB, 300 MHz, 1.46 W, 51, 0x0000000000000001
2026/10/07 02:33:58.192, 0 %, 61 MiB, 4096 MiB, 300 MHz, 1.50 W, 51, 0x0000000000000001
2026/10/07 02:34:00.217, 0 %, 60 MiB, 4096 MiB, 300 MHz, 1.55 W, 51, 0x0000000000000001
2026/10/07 02:34:02.239, 0 %, 60 MiB, 4096 MiB, 300 MHz, 1.49 W, 51, 0x0000000000000001
2026/10/07 02:34:04.261, 0 %, 60 MiB, 4096 MiB, 300 MHz, 1.92 W, 51, 0x0000000000000001
2026/10/07 02:34:06.283, 0 %, 60 MiB, 4096 MiB, 300 MHz, 1.54 W, 51, 0x0000000000000001
2026/10/07 02:34:08.306, 0 %, 60 MiB, 4096 MiB, 300 MHz, 1.52 W, 52, 0x0000000000000001
2026/10/07 02:34:10.328, 0 %, 60 MiB, 4096 MiB, 300 MHz, 1.48 W, 52, 0x0000000000000001
2026/10/07 02:34:12.351, 0 %, 60 MiB, 4096 MiB, 300 MHz, 1.59 W, 52, 0x0000000000000001
2026/10/07 02:34:14.375, 0 %, 60 MiB, 4096 MiB, 300 MHz, 1.69 W, 51, 0x0000000000000001
2026/10/07 02:34:16.397, 0 %, 60 MiB, 4096 MiB, 300 MHz, 1.51 W, 51, 0x0000000000000001
2026/10/07 02:34:18.422, 0 %, 60 MiB, 4096 MiB, 300 MHz, 1.42 W, 51, 0x0000000000000001
2026/10/07 02:34:20.444, 0 %, 60 MiB, 4096 MiB, 300 MHz, 1.46 W, 51, 0x0000000000000001
2026/10/07 02:34:22.466, 0 %, 60 MiB, 4096 MiB, 300 MHz, 1.48 W, 51, 0x0000000000000001
2026/10/07 02:34:24.487, 0 %, 60 MiB, 4096 MiB, 300 MHz, 1.63 W, 51, 0x0000000000000001
2026/10/07 02:34:26.511, 0 %, 60 MiB, 4096 MiB, 300 MHz, 1.54 W, 51, 0x0000000000000001
2026/10/07 02:34:28.533, 0 %, 60 MiB, 4096 MiB, 300 MHz, 1.65 W, 51, 0x0000000000000001
2026/10/07 02:34:30.557, 0 %, 59 MiB, 4096 MiB, 300 MHz, 1.53 W, 51, 0x0000000000000001
2026/10/07 02:34:32.581, 0 %, 59 MiB, 4096 MiB, 300 MHz, 1.87 W, 51, 0x0000000000000001
2026/10/07 02:34:34.608, 0 %, 59 MiB, 4096 MiB, 300 MHz, 1.62 W, 51, 0x0000000000000001
2026/10/07 02:34:36.630, 0 %, 59 MiB, 4096 MiB, 300 MHz, 1.53 W, 51, 0x0000000000000001
2026/10/07 02:34:38.653, 0 %, 59 MiB, 4096 MiB, 300 MHz, 1.48 W, 51, 0x0000000000000001
2026/10/07 02:34:40.677, 0 %, 59 MiB, 4096 MiB, 300 MHz, 1.50 W, 51, 0x0000000000000001
2026/10/07 02:34:42.699, 0 %, 59 MiB, 4096 MiB, 300 MHz, 1.74 W, 51, 0x0000000000000001
2026/10/07 02:34:44.720, 0 %, 59 MiB, 4096 MiB, 300 MHz, 1.51 W, 51, 0x0000000000000001
2026/10/07 02:34:46.744, 0 %, 59 MiB, 4096 MiB, 300 MHz, 1.54 W, 51, 0x0000000000000001
2026/10/07 02:34:48.766, 0 %, 59 MiB, 4096 MiB, 300 MHz, 1.58 W, 51, 0x0000000000000001
2026/10/07 02:34:50.789, 0 %, 59 MiB, 4096 MiB, 300 MHz, 1.57 W, 51, 0x0000000000000001
2026/10/07 02:34:52.811, 0 %, 59 MiB, 4096 MiB, 300 MHz, 1.66 W, 51, 0x0000000000000001
2026/10/07 02:34:54.833, 0 %, 59 MiB, 4096 MiB, 300 MHz, 1.52 W, 51, 0x0000000000000001
2026/10/07 02:34:56.857, 0 %, 59 MiB, 4096 MiB, 300 MHz, 1.53 W, 51, 0x0000000000000001
2026/10/07 02:34:58.879, 0 %, 59 MiB, 4096 MiB, 300 MHz, 1.53 W, 51, 0x0000000000000001
2026/10/07 02:35:00.902, 0 %, 59 MiB, 4096 MiB, 300 MHz, 1.50 W, 51, 0x0000000000000001
2026/10/07 02:35:02.924, 0 %, 59 MiB, 4096 MiB, 300 MHz, 1.57 W, 51, 0x0000000000000001
2026/10/07 02:35:04.947, 0 %, 59 MiB, 4096 MiB, 300 MHz, 1.59 W, 51, 0x0000000000000001
2026/10/07 02:35:06.971, 0 %, 59 MiB, 4096 MiB, 300 MHz, 1.62 W, 51, 0x0000000000000001
2026/10/07 02:35:08.993, 0 %, 59 MiB, 4096 MiB, 300 MHz, 1.56 W, 51, 0x0000000000000001
2026/10/07 02:35:11.016, 0 %, 59 MiB, 4096 MiB, 300 MHz, 1.97 W, 51, 0x0000000000000001
2026/10/07 02:35:13.039, 0 %, 59 MiB, 4096 MiB, 300 MHz, 1.58 W, 51, 0x0000000000000001
2026/10/07 02:35:15.063, 0 %, 59 MiB, 4096 MiB, 300 MHz, 1.58 W, 51, 0x0000000000000001
2026/10/07 02:35:17.085, 0 %, 59 MiB, 4096 MiB, 300 MHz, 1.63 W, 51, 0x0000000000000001
2026/10/07 02:35:19.109, 0 %, 59 MiB, 4096 MiB, 300 MHz, 1.62 W, 51, 0x0000000000000001
2026/10/07 02:35:21.132, 0 %, 59 MiB, 4096 MiB, 300 MHz, 1.73 W, 51, 0x0000000000000001
2026/10/07 02:35:23.157, 1 %, 68 MiB, 4096 MiB, 300 MHz, 1.64 W, 51, 0x0000000000000001
2026/10/07 02:35:25.182, 0 %, 59 MiB, 4096 MiB, 300 MHz, 1.59 W, 51, 0x0000000000000001
2026/10/07 02:35:27.204, 0 %, 59 MiB, 4096 MiB, 300 MHz, 1.56 W, 51, 0x0000000000000001
2026/10/07 02:35:29.226, 0 %, 59 MiB, 4096 MiB, 300 MHz, 1.45 W, 51, 0x0000000000000001
2026/10/07 02:35:31.248, 0 %, 59 MiB, 4096 MiB, 300 MHz, 1.53 W, 51, 0x0000000000000001
2026/10/07 02:35:33.273, 0 %, 59 MiB, 4096 MiB, 300 MHz, 1.50 W, 51, 0x0000000000000001
2026/10/07 02:35:35.296, 0 %, 59 MiB, 4096 MiB, 300 MHz, 1.50 W, 51, 0x0000000000000001
2026/10/07 02:35:37.322, 0 %, 59 MiB, 4096 MiB, 300 MHz, 1.51 W, 51, 0x0000000000000001
2026/10/07 02:35:39.348, 0 %, 59 MiB, 4096 MiB, 300 MHz, 1.77 W, 51, 0x0000000000000001
2026/10/07 02:35:41.369, 0 %, 59 MiB, 4096 MiB, 300 MHz, 1.55 W, 51, 0x0000000000000001
2026/10/07 02:35:43.391, 0 %, 59 MiB, 4096 MiB, 300 MHz, 1.55 W, 51, 0x0000000000000001
2026/10/07 02:35:45.414, 0 %, 59 MiB, 4096 MiB, 300 MHz, 1.52 W, 51, 0x0000000000000001
2026/10/07 02:35:47.439, 0 %, 59 MiB, 4096 MiB, 300 MHz, 1.58 W, 51, 0x0000000000000001
2026/10/07 02:35:49.461, 0 %, 59 MiB, 4096 MiB, 300 MHz, 1.60 W, 51, 0x0000000000000001
2026/10/07 02:35:51.486, 0 %, 59 MiB, 4096 MiB, 300 MHz, 1.50 W, 51, 0x0000000000000001
2026/10/07 02:35:53.510, 0 %, 58 MiB, 4096 MiB, 300 MHz, 1.35 W, 51, 0x0000000000000001
2026/10/07 02:35:55.532, 0 %, 58 MiB, 4096 MiB, 300 MHz, 1.55 W, 51, 0x0000000000000001
2026/10/07 02:35:57.557, 0 %, 58 MiB, 4096 MiB, 300 MHz, 2.05 W, 51, 0x0000000000000001
2026/10/07 02:35:59.578, 0 %, 58 MiB, 4096 MiB, 300 MHz, 1.58 W, 51, 0x0000000000000001
2026/10/07 02:36:01.603, 0 %, 58 MiB, 4096 MiB, 300 MHz, 1.52 W, 51, 0x0000000000000001
2026/10/07 02:36:03.625, 0 %, 58 MiB, 4096 MiB, 300 MHz, 1.53 W, 51, 0x0000000000000001
2026/10/07 02:36:05.648, 0 %, 58 MiB, 4096 MiB, 300 MHz, 1.58 W, 51, 0x0000000000000001
2026/10/07 02:36:07.671, 0 %, 58 MiB, 4096 MiB, 300 MHz, 1.74 W, 51, 0x0000000000000001
2026/10/07 02:36:09.695, 0 %, 58 MiB, 4096 MiB, 300 MHz, 1.50 W, 51, 0x0000000000000001
2026/10/07 02:36:11.717, 0 %, 58 MiB, 4096 MiB, 300 MHz, 1.51 W, 51, 0x0000000000000001
2026/10/07 02:36:13.741, 0 %, 58 MiB, 4096 MiB, 300 MHz, 1.50 W, 51, 0x0000000000000001
2026/10/07 02:36:15.762, 0 %, 58 MiB, 4096 MiB, 300 MHz, 1.48 W, 51, 0x0000000000000001
2026/10/07 02:36:17.786, 0 %, 58 MiB, 4096 MiB, 300 MHz, 1.65 W, 51, 0x0000000000000001
2026/10/07 02:36:19.809, 0 %, 58 MiB, 4096 MiB, 300 MHz, 1.51 W, 51, 0x0000000000000001
2026/10/07 02:36:21.834, 0 %, 58 MiB, 4096 MiB, 300 MHz, 1.53 W, 51, 0x0000000000000001
2026/10/07 02:36:23.855, 0 %, 58 MiB, 4096 MiB, 300 MHz, 1.57 W, 51, 0x0000000000000001
2026/10/07 02:36:25.878, 0 %, 58 MiB, 4096 MiB, 300 MHz, 1.97 W, 51, 0x0000000000000001
2026/10/07 02:36:27.903, 0 %, 58 MiB, 4096 MiB, 300 MHz, 1.56 W, 51, 0x0000000000000001
2026/10/07 02:36:29.925, 0 %, 58 MiB, 4096 MiB, 300 MHz, 1.47 W, 51, 0x0000000000000001
2026/10/07 02:36:31.948, 0 %, 58 MiB, 4096 MiB, 300 MHz, 1.57 W, 51, 0x0000000000000001
2026/10/07 02:36:33.970, 0 %, 58 MiB, 4096 MiB, 300 MHz, 1.52 W, 51, 0x0000000000000001
2026/10/07 02:36:35.993, 0 %, 58 MiB, 4096 MiB, 300 MHz, 1.92 W, 51, 0x0000000000000001
2026/10/07 02:36:38.019, 0 %, 58 MiB, 4096 MiB, 300 MHz, 1.59 W, 51, 0x0000000000000001
2026/10/07 02:36:40.041, 0 %, 58 MiB, 4096 MiB, 300 MHz, 1.68 W, 51, 0x0000000000000001
2026/10/07 02:36:42.062, 0 %, 58 MiB, 4096 MiB, 300 MHz, 1.65 W, 51, 0x0000000000000001
2026/10/07 02:36:44.084, 0 %, 58 MiB, 4096 MiB, 300 MHz, 1.67 W, 51, 0x0000000000000001
2026/10/07 02:36:46.108, 0 %, 58 MiB, 4096 MiB, 300 MHz, 1.70 W, 51, 0x0000000000000001
2026/10/07 02:36:48.131, 0 %, 58 MiB, 4096 MiB, 300 MHz, 1.51 W, 51, 0x0000000000000001
2026/10/07 02:36:50.155, 0 %, 58 MiB, 4096 MiB, 300 MHz, 1.46 W, 51, 0x0000000000000001
2026/10/07 02:36:52.179, 0 %, 58 MiB, 4096 MiB, 300 MHz, 1.47 W, 51, 0x0000000000000001
2026/10/07 02:36:54.206, 0 %, 58 MiB, 4096 MiB, 300 MHz, 1.91 W, 51, 0x0000000000000001
2026/10/07 02:36:56.227, 0 %, 58 MiB, 4096 MiB, 300 MHz, 1.50 W, 51, 0x0000000000000001
2026/10/07 02:36:58.251, 0 %, 58 MiB, 4096 MiB, 300 MHz, 1.50 W, 51, 0x0000000000000001
2026/10/07 02:37:00.274, 0 %, 58 MiB, 4096 MiB, 300 MHz, 1.54 W, 51, 0x0000000000000001
2026/10/07 02:37:02.296, 0 %, 58 MiB, 4096 MiB, 300 MHz, 1.54 W, 51, 0x0000000000000001
2026/10/07 02:37:04.320, 0 %, 58 MiB, 4096 MiB, 300 MHz, 1.73 W, 51, 0x0000000000000001
2026/10/07 02:37:06.345, 0 %, 58 MiB, 4096 MiB, 300 MHz, 1.53 W, 51, 0x0000000000000001
2026/10/07 02:37:08.367, 0 %, 58 MiB, 4096 MiB, 300 MHz, 1.46 W, 51, 0x0000000000000001
2026/10/07 02:37:10.390, 0 %, 58 MiB, 4096 MiB, 300 MHz, 1.49 W, 51, 0x0000000000000001
2026/10/07 02:37:12.414, 0 %, 58 MiB, 4096 MiB, 300 MHz, 1.52 W, 51, 0x0000000000000001
2026/10/07 02:37:14.435, 0 %, 58 MiB, 4096 MiB, 300 MHz, 1.65 W, 51, 0x0000000000000001
2026/10/07 02:37:16.459, 0 %, 58 MiB, 4096 MiB, 300 MHz, 1.59 W, 51, 0x0000000000000001
2026/10/07 02:37:18.483, 0 %, 58 MiB, 4096 MiB, 300 MHz, 1.57 W, 51, 0x0000000000000001
2026/10/07 02:37:20.506, 0 %, 58 MiB, 4096 MiB, 300 MHz, 1.55 W, 51, 0x0000000000000001
2026/10/07 02:37:22.528, 0 %, 58 MiB, 4096 MiB, 300 MHz, 2.00 W, 51, 0x0000000000000001
2026/10/07 02:37:24.552, 0 %, 58 MiB, 4096 MiB, 300 MHz, 1.54 W, 51, 0x0000000000000001
2026/10/07 02:37:26.573, 0 %, 58 MiB, 4096 MiB, 300 MHz, 1.49 W, 51, 0x0000000000000001
2026/10/07 02:37:28.598, 0 %, 58 MiB, 4096 MiB, 300 MHz, 1.49 W, 51, 0x0000000000000001
2026/10/07 02:37:30.619, 0 %, 58 MiB, 4096 MiB, 300 MHz, 1.56 W, 51, 0x0000000000000001
2026/10/07 02:37:32.645, 0 %, 58 MiB, 4096 MiB, 300 MHz, 1.83 W, 51, 0x0000000000000001
2026/10/07 02:37:34.667, 0 %, 58 MiB, 4096 MiB, 300 MHz, 1.54 W, 51, 0x0000000000000001
2026/10/07 02:37:36.688, 0 %, 58 MiB, 4096 MiB, 300 MHz, 1.51 W, 51, 0x0000000000000001
2026/10/07 02:37:38.712, 0 %, 58 MiB, 4096 MiB, 300 MHz, 1.56 W, 51, 0x0000000000000001
2026/10/07 02:37:40.736, 0 %, 58 MiB, 4096 MiB, 300 MHz, 1.54 W, 51, 0x0000000000000001
2026/10/07 02:37:42.758, 0 %, 58 MiB, 4096 MiB, 300 MHz, 1.70 W, 51, 0x0000000000000001
2026/10/07 02:37:44.785, 0 %, 58 MiB, 4096 MiB, 300 MHz, 1.47 W, 51, 0x0000000000000001
2026/10/07 02:37:46.809, 0 %, 58 MiB, 4096 MiB, 300 MHz, 1.50 W, 51, 0x0000000000000001
2026/10/07 02:37:48.831, 0 %, 58 MiB, 4096 MiB, 300 MHz, 1.68 W, 51, 0x0000000000000001
2026/10/07 02:37:50.858, 0 %, 58 MiB, 4096 MiB, 300 MHz, 1.94 W, 51, 0x0000000000000001
2026/10/07 02:37:52.882, 0 %, 58 MiB, 4096 MiB, 300 MHz, 1.55 W, 51, 0x0000000000000001
2026/10/07 02:37:54.906, 0 %, 58 MiB, 4096 MiB, 300 MHz, 1.58 W, 51, 0x0000000000000001
2026/10/07 02:37:56.927, 0 %, 58 MiB, 4096 MiB, 300 MHz, 1.53 W, 51, 0x0000000000000001
2026/10/07 02:37:58.949, 0 %, 58 MiB, 4096 MiB, 300 MHz, 1.55 W, 51, 0x0000000000000001
2026/10/07 02:38:00.973, 0 %, 58 MiB, 4096 MiB, 300 MHz, 1.69 W, 51, 0x0000000000000001
2026/10/07 02:38:02.997, 0 %, 58 MiB, 4096 MiB, 300 MHz, 1.52 W, 51, 0x0000000000000001
2026/10/07 02:38:05.018, 0 %, 58 MiB, 4096 MiB, 300 MHz, 1.73 W, 51, 0x0000000000000001
2026/10/07 02:38:07.040, 0 %, 58 MiB, 4096 MiB, 300 MHz, 1.72 W, 51, 0x0000000000000001
2026/10/07 02:38:09.064, 0 %, 58 MiB, 4096 MiB, 300 MHz, 1.61 W, 51, 0x0000000000000001
2026/10/07 02:38:11.087, 0 %, 58 MiB, 4096 MiB, 300 MHz, 1.83 W, 51, 0x0000000000000001
2026/10/07 02:38:13.111, 0 %, 58 MiB, 4096 MiB, 300 MHz, 1.61 W, 51, 0x0000000000000001
2026/10/07 02:38:15.132, 0 %, 58 MiB, 4096 MiB, 300 MHz, 1.56 W, 51, 0x0000000000000001
2026/10/07 02:38:17.154, 0 %, 58 MiB, 4096 MiB, 300 MHz, 1.60 W, 51, 0x0000000000000001
2026/10/07 02:38:19.176, 0 %, 58 MiB, 4096 MiB, 300 MHz, 1.64 W, 51, 0x0000000000000001
2026/10/07 02:38:21.201, 0 %, 58 MiB, 4096 MiB, 300 MHz, 1.41 W, 51, 0x0000000000000001
2026/10/07 02:38:23.223, 0 %, 58 MiB, 4096 MiB, 300 MHz, 1.48 W, 51, 0x0000000000000001
2026/10/07 02:38:25.246, 0 %, 58 MiB, 4096 MiB, 300 MHz, 1.55 W, 51, 0x0000000000000001
2026/10/07 02:38:27.269, 0 %, 58 MiB, 4096 MiB, 300 MHz, 1.58 W, 51, 0x0000000000000001
2026/10/07 02:38:29.292, 0 %, 58 MiB, 4096 MiB, 300 MHz, 2.06 W, 51, 0x0000000000000001
2026/10/07 02:38:31.317, 0 %, 58 MiB, 4096 MiB, 300 MHz, 1.55 W, 51, 0x0000000000000001
2026/10/07 02:38:33.338, 0 %, 58 MiB, 4096 MiB, 300 MHz, 1.53 W, 51, 0x0000000000000001
2026/10/07 02:38:35.362, 0 %, 58 MiB, 4096 MiB, 300 MHz, 1.54 W, 51, 0x0000000000000001
2026/10/07 02:38:37.383, 0 %, 58 MiB, 4096 MiB, 300 MHz, 1.68 W, 51, 0x0000000000000001
2026/10/07 02:38:39.407, 0 %, 58 MiB, 4096 MiB, 300 MHz, 1.80 W, 51, 0x0000000000000001
2026/10/07 02:38:41.428, 0 %, 58 MiB, 4096 MiB, 300 MHz, 1.55 W, 51, 0x0000000000000001
2026/10/07 02:38:43.452, 0 %, 58 MiB, 4096 MiB, 300 MHz, 1.64 W, 51, 0x0000000000000001
2026/10/07 02:38:45.477, 0 %, 58 MiB, 4096 MiB, 300 MHz, 1.53 W, 51, 0x0000000000000001
2026/10/07 02:38:47.500, 0 %, 58 MiB, 4096 MiB, 300 MHz, 1.49 W, 51, 0x0000000000000001
2026/10/07 02:38:49.524, 0 %, 58 MiB, 4096 MiB, 300 MHz, 1.68 W, 51, 0x0000000000000001
2026/10/07 02:38:51.548, 0 %, 58 MiB, 4096 MiB, 300 MHz, 1.55 W, 51, 0x0000000000000001
2026/10/07 02:38:53.573, 0 %, 58 MiB, 4096 MiB, 300 MHz, 1.50 W, 51, 0x0000000000000001
2026/10/07 02:38:55.594, 0 %, 58 MiB, 4096 MiB, 300 MHz, 1.57 W, 51, 0x0000000000000001
2026/10/07 02:38:57.619, 0 %, 58 MiB, 4096 MiB, 300 MHz, 1.91 W, 51, 0x0000000000000001
2026/10/07 02:38:59.641, 0 %, 58 MiB, 4096 MiB, 300 MHz, 1.62 W, 51, 0x0000000000000001
2026/10/07 02:39:01.665, 0 %, 58 MiB, 4096 MiB, 300 MHz, 1.57 W, 51, 0x0000000000000001
2026/10/07 02:39:03.686, 0 %, 58 MiB, 4096 MiB, 300 MHz, 1.51 W, 51, 0x0000000000000001
2026/10/07 02:39:05.711, 0 %, 58 MiB, 4096 MiB, 300 MHz, 1.49 W, 51, 0x0000000000000001
2026/10/07 02:39:07.733, 0 %, 58 MiB, 4096 MiB, 300 MHz, 1.87 W, 51, 0x0000000000000001
2026/10/07 02:39:09.758, 0 %, 58 MiB, 4096 MiB, 300 MHz, 1.55 W, 51, 0x0000000000000001
2026/10/07 02:39:11.779, 0 %, 58 MiB, 4096 MiB, 300 MHz, 1.54 W, 51, 0x0000000000000001
2026/10/07 02:39:13.803, 0 %, 58 MiB, 4096 MiB, 300 MHz, 1.58 W, 51, 0x0000000000000001
2026/10/07 02:39:15.825, 0 %, 58 MiB, 4096 MiB, 300 MHz, 1.63 W, 51, 0x0000000000000001
2026/10/07 02:39:17.849, 0 %, 58 MiB, 4096 MiB, 300 MHz, 1.73 W, 51, 0x0000000000000001
2026/10/07 02:39:19.871, 0 %, 58 MiB, 4096 MiB, 300 MHz, 1.54 W, 51, 0x0000000000000001
2026/10/07 02:39:21.895, 0 %, 58 MiB, 4096 MiB, 300 MHz, 1.53 W, 51, 0x0000000000000001
2026/10/07 02:39:23.917, 0 %, 58 MiB, 4096 MiB, 300 MHz, 1.58 W, 51, 0x0000000000000001
2026/10/07 02:39:25.938, 0 %, 58 MiB, 4096 MiB, 300 MHz, 1.56 W, 51, 0x0000000000000001
2026/10/07 02:39:27.962, 0 %, 58 MiB, 4096 MiB, 300 MHz, 1.74 W, 51, 0x0000000000000001
2026/10/07 02:39:29.984, 0 %, 58 MiB, 4096 MiB, 300 MHz, 1.80 W, 51, 0x0000000000000001
2026/10/07 02:39:32.006, 0 %, 58 MiB, 4096 MiB, 300 MHz, 1.82 W, 51, 0x0000000000000001
2026/10/07 02:39:34.031, 0 %, 58 MiB, 4096 MiB, 300 MHz, 1.61 W, 52, 0x0000000000000001
2026/10/07 02:39:36.053, 0 %, 58 MiB, 4096 MiB, 300 MHz, 1.58 W, 51, 0x0000000000000001
2026/10/07 02:39:38.075, 0 %, 58 MiB, 4096 MiB, 300 MHz, 1.60 W, 51, 0x0000000000000001
2026/10/07 02:39:40.101, 0 %, 58 MiB, 4096 MiB, 300 MHz, 1.56 W, 51, 0x0000000000000001
2026/10/07 02:39:42.125, 0 %, 58 MiB, 4096 MiB, 300 MHz, 1.52 W, 51, 0x0000000000000001
2026/10/07 02:39:44.148, 0 %, 58 MiB, 4096 MiB, 300 MHz, 1.64 W, 51, 0x0000000000000001
2026/10/07 02:39:46.171, 0 %, 58 MiB, 4096 MiB, 300 MHz, 1.79 W, 52, 0x0000000000000001
2026/10/07 02:39:48.196, 0 %, 58 MiB, 4096 MiB, 300 MHz, 1.45 W, 51, 0x0000000000000001
2026/10/07 02:39:50.223, 0 %, 58 MiB, 4096 MiB, 300 MHz, 1.62 W, 52, 0x0000000000000001
2026/10/07 02:39:52.244, 0 %, 58 MiB, 4096 MiB, 300 MHz, 1.62 W, 52, 0x0000000000000001
2026/10/07 02:39:54.267, 0 %, 58 MiB, 4096 MiB, 300 MHz, 2.04 W, 52, 0x0000000000000001
2026/10/07 02:39:56.295, 0 %, 58 MiB, 4096 MiB, 300 MHz, 1.57 W, 52, 0x0000000000000001
2026/10/07 02:39:58.317, 0 %, 58 MiB, 4096 MiB, 300 MHz, 1.53 W, 52, 0x0000000000000001
2026/10/07 02:40:00.341, 0 %, 58 MiB, 4096 MiB, 300 MHz, 1.63 W, 52, 0x0000000000000001
2026/10/07 02:40:02.365, 0 %, 58 MiB, 4096 MiB, 300 MHz, 1.62 W, 52, 0x0000000000000001
2026/10/07 02:40:04.387, 0 %, 58 MiB, 4096 MiB, 300 MHz, 1.82 W, 52, 0x0000000000000001
2026/10/07 02:40:06.410, 0 %, 58 MiB, 4096 MiB, 300 MHz, 1.59 W, 52, 0x0000000000000001
2026/10/07 02:40:08.432, 0 %, 58 MiB, 4096 MiB, 300 MHz, 1.56 W, 52, 0x0000000000000001
2026/10/07 02:40:10.453, 0 %, 58 MiB, 4096 MiB, 300 MHz, 1.54 W, 52, 0x0000000000000001
2026/10/07 02:40:12.477, 0 %, 58 MiB, 4096 MiB, 300 MHz, 1.54 W, 52, 0x0000000000000001
2026/10/07 02:40:14.499, 0 %, 58 MiB, 4096 MiB, 300 MHz, 1.74 W, 51, 0x0000000000000001
2026/10/07 02:40:16.523, 0 %, 58 MiB, 4096 MiB, 300 MHz, 1.51 W, 52, 0x0000000000000001
2026/10/07 02:40:18.548, 0 %, 58 MiB, 4096 MiB, 300 MHz, 1.51 W, 52, 0x0000000000000001
2026/10/07 02:40:20.571, 0 %, 58 MiB, 4096 MiB, 300 MHz, 1.54 W, 51, 0x0000000000000001
2026/10/07 02:40:22.596, 0 %, 58 MiB, 4096 MiB, 300 MHz, 1.50 W, 52, 0x0000000000000001
2026/10/07 02:40:24.619, 0 %, 58 MiB, 4096 MiB, 300 MHz, 1.60 W, 52, 0x0000000000000001
2026/10/07 02:40:26.641, 0 %, 58 MiB, 4096 MiB, 300 MHz, 1.59 W, 51, 0x0000000000000001
2026/10/07 02:40:28.664, 0 %, 58 MiB, 4096 MiB, 300 MHz, 1.55 W, 51, 0x0000000000000001
2026/10/07 02:40:30.688, 0 %, 58 MiB, 4096 MiB, 300 MHz, 1.51 W, 52, 0x0000000000000001
2026/10/07 02:40:32.710, 0 %, 58 MiB, 4096 MiB, 300 MHz, 1.90 W, 51, 0x0000000000000001
2026/10/07 02:40:34.732, 0 %, 58 MiB, 4096 MiB, 300 MHz, 1.49 W, 52, 0x0000000000000001
2026/10/07 02:40:36.756, 0 %, 58 MiB, 4096 MiB, 300 MHz, 1.49 W, 51, 0x0000000000000001
2026/10/07 02:40:38.778, 0 %, 58 MiB, 4096 MiB, 300 MHz, 1.34 W, 51, 0x0000000000000001
2026/10/07 02:40:40.802, 0 %, 58 MiB, 4096 MiB, 300 MHz, 1.54 W, 52, 0x0000000000000001
2026/10/07 02:40:42.823, 0 %, 58 MiB, 4096 MiB, 300 MHz, 1.67 W, 52, 0x0000000000000001
2026/10/07 02:40:44.847, 0 %, 58 MiB, 4096 MiB, 300 MHz, 1.54 W, 52, 0x0000000000000001
2026/10/07 02:40:46.869, 0 %, 58 MiB, 4096 MiB, 300 MHz, 1.50 W, 52, 0x0000000000000001
2026/10/07 02:40:48.893, 0 %, 58 MiB, 4096 MiB, 300 MHz, 1.49 W, 52, 0x0000000000000001
2026/10/07 02:40:50.915, 0 %, 58 MiB, 4096 MiB, 300 MHz, 1.56 W, 52, 0x0000000000000001
2026/10/07 02:40:52.942, 0 %, 58 MiB, 4096 MiB, 300 MHz, 1.57 W, 52, 0x0000000000000001
2026/10/07 02:40:54.964, 0 %, 58 MiB, 4096 MiB, 300 MHz, 1.54 W, 52, 0x0000000000000001
2026/10/07 02:40:56.988, 0 %, 58 MiB, 4096 MiB, 300 MHz, 1.54 W, 51, 0x0000000000000001
2026/10/07 02:40:59.010, 0 %, 58 MiB, 4096 MiB, 300 MHz, 1.49 W, 52, 0x0000000000000001
2026/10/07 02:41:01.035, 0 %, 58 MiB, 4096 MiB, 300 MHz, 1.98 W, 52, 0x0000000000000001
2026/10/07 02:41:03.056, 0 %, 58 MiB, 4096 MiB, 300 MHz, 1.55 W, 52, 0x0000000000000001
2026/10/07 02:41:05.082, 0 %, 58 MiB, 4096 MiB, 300 MHz, 1.50 W, 52, 0x0000000000000001
2026/10/07 02:41:07.105, 0 %, 58 MiB, 4096 MiB, 300 MHz, 1.53 W, 52, 0x0000000000000001
2026/10/07 02:41:09.126, 0 %, 58 MiB, 4096 MiB, 300 MHz, 1.62 W, 52, 0x0000000000000001
2026/10/07 02:41:11.153, 0 %, 58 MiB, 4096 MiB, 300 MHz, 1.76 W, 51, 0x0000000000000001
2026/10/07 02:41:13.175, 0 %, 58 MiB, 4096 MiB, 300 MHz, 1.63 W, 52, 0x0000000000000001
2026/10/07 02:41:15.196, 0 %, 58 MiB, 4096 MiB, 300 MHz, 1.64 W, 52, 0x0000000000000001
2026/10/07 02:41:17.222, 0 %, 58 MiB, 4096 MiB, 300 MHz, 1.62 W, 51, 0x0000000000000001
2026/10/07 02:41:19.246, 0 %, 58 MiB, 4096 MiB, 300 MHz, 1.61 W, 52, 0x0000000000000001
2026/10/07 02:41:21.268, 0 %, 58 MiB, 4096 MiB, 300 MHz, 1.57 W, 51, 0x0000000000000001
2026/10/07 02:41:23.292, 0 %, 58 MiB, 4096 MiB, 300 MHz, 1.38 W, 52, 0x0000000000000001
2026/10/07 02:41:25.314, 0 %, 58 MiB, 4096 MiB, 300 MHz, 1.48 W, 52, 0x0000000000000001
2026/10/07 02:41:27.337, 0 %, 58 MiB, 4096 MiB, 300 MHz, 1.53 W, 51, 0x0000000000000001
2026/10/07 02:41:29.362, 0 %, 58 MiB, 4096 MiB, 300 MHz, 1.96 W, 51, 0x0000000000000001
2026/10/07 02:41:31.386, 0 %, 58 MiB, 4096 MiB, 300 MHz, 1.67 W, 51, 0x0000000000000001
2026/10/07 02:41:33.412, 0 %, 58 MiB, 4096 MiB, 300 MHz, 1.65 W, 52, 0x0000000000000001
2026/10/07 02:41:35.434, 0 %, 58 MiB, 4096 MiB, 300 MHz, 1.47 W, 52, 0x0000000000000001
2026/10/07 02:41:37.456, 0 %, 58 MiB, 4096 MiB, 300 MHz, 1.62 W, 52, 0x0000000000000001
2026/10/07 02:41:39.481, 0 %, 58 MiB, 4096 MiB, 300 MHz, 1.60 W, 52, 0x0000000000000001
2026/10/07 02:41:41.505, 0 %, 58 MiB, 4096 MiB, 300 MHz, 1.50 W, 52, 0x0000000000000001
2026/10/07 02:41:43.529, 0 %, 58 MiB, 4096 MiB, 300 MHz, 1.53 W, 52, 0x0000000000000001
2026/10/07 02:41:45.552, 0 %, 58 MiB, 4096 MiB, 300 MHz, 1.55 W, 52, 0x0000000000000001
2026/10/07 02:41:47.580, 0 %, 58 MiB, 4096 MiB, 300 MHz, 1.88 W, 52, 0x0000000000000001
2026/10/07 02:41:49.604, 0 %, 58 MiB, 4096 MiB, 300 MHz, 1.58 W, 52, 0x0000000000000001
2026/10/07 02:41:51.630, 0 %, 58 MiB, 4096 MiB, 300 MHz, 1.60 W, 52, 0x0000000000000001
2026/10/07 02:41:53.652, 0 %, 58 MiB, 4096 MiB, 300 MHz, 1.46 W, 52, 0x0000000000000001
2026/10/07 02:41:55.676, 0 %, 58 MiB, 4096 MiB, 300 MHz, 1.55 W, 52, 0x0000000000000001
2026/10/07 02:41:57.700, 0 %, 58 MiB, 4096 MiB, 300 MHz, 1.41 W, 52, 0x0000000000000001
2026/10/07 02:41:59.722, 0 %, 58 MiB, 4096 MiB, 300 MHz, 1.48 W, 52, 0x0000000000000001
2026/10/07 02:42:01.746, 0 %, 58 MiB, 4096 MiB, 300 MHz, 1.53 W, 52, 0x0000000000000001
2026/10/07 02:42:03.771, 0 %, 58 MiB, 4096 MiB, 300 MHz, 1.55 W, 52, 0x0000000000000001
2026/10/07 02:42:05.792, 0 %, 58 MiB, 4096 MiB, 300 MHz, 1.87 W, 52, 0x0000000000000001
2026/10/07 02:42:07.815, 0 %, 58 MiB, 4096 MiB, 300 MHz, 1.55 W, 51, 0x0000000000000001
2026/10/07 02:42:09.839, 0 %, 58 MiB, 4096 MiB, 300 MHz, 1.27 W, 51, 0x0000000000000001
2026/10/07 02:42:11.862, 0 %, 58 MiB, 4096 MiB, 300 MHz, 1.59 W, 52, 0x0000000000000001
2026/10/07 02:42:13.887, 0 %, 58 MiB, 4096 MiB, 300 MHz, 1.53 W, 52, 0x0000000000000001
2026/10/07 02:42:15.914, 0 %, 58 MiB, 4096 MiB, 300 MHz, 1.59 W, 52, 0x0000000000000001
2026/10/07 02:42:17.936, 0 %, 58 MiB, 4096 MiB, 300 MHz, 1.54 W, 52, 0x0000000000000001
2026/10/07 02:42:19.963, 0 %, 58 MiB, 4096 MiB, 300 MHz, 1.64 W, 51, 0x0000000000000001
2026/10/07 02:42:21.987, 0 %, 58 MiB, 4096 MiB, 300 MHz, 1.54 W, 52, 0x0000000000000001
2026/10/07 02:42:24.009, 0 %, 58 MiB, 4096 MiB, 300 MHz, 1.91 W, 51, 0x0000000000000001
2026/10/07 02:42:26.032, 0 %, 58 MiB, 4096 MiB, 300 MHz, 1.40 W, 52, 0x0000000000000001
2026/10/07 02:42:28.054, 0 %, 58 MiB, 4096 MiB, 300 MHz, 1.57 W, 51, 0x0000000000000001
2026/10/07 02:42:30.076, 0 %, 58 MiB, 4096 MiB, 300 MHz, 1.54 W, 52, 0x0000000000000001
2026/10/07 02:42:32.100, 0 %, 58 MiB, 4096 MiB, 300 MHz, 1.57 W, 52, 0x0000000000000001
2026/10/07 02:42:34.122, 0 %, 58 MiB, 4096 MiB, 300 MHz, 1.72 W, 52, 0x0000000000000001
2026/10/07 02:42:36.146, 0 %, 58 MiB, 4096 MiB, 300 MHz, 1.54 W, 52, 0x0000000000000001
2026/10/07 02:42:38.168, 0 %, 58 MiB, 4096 MiB, 300 MHz, 1.58 W, 52, 0x0000000000000001
2026/10/07 02:42:40.192, 0 %, 58 MiB, 4096 MiB, 300 MHz, 1.57 W, 52, 0x0000000000000001
2026/10/07 02:42:42.215, 0 %, 58 MiB, 4096 MiB, 300 MHz, 1.55 W, 51, 0x0000000000000001
2026/10/07 02:42:44.238, 0 %, 58 MiB, 4096 MiB, 300 MHz, 1.62 W, 52, 0x0000000000000001
2026/10/07 02:42:46.260, 0 %, 58 MiB, 4096 MiB, 300 MHz, 1.59 W, 52, 0x0000000000000001
2026/10/07 02:42:48.284, 0 %, 58 MiB, 4096 MiB, 300 MHz, 1.58 W, 52, 0x0000000000000001
2026/10/07 02:42:50.308, 0 %, 58 MiB, 4096 MiB, 300 MHz, 1.68 W, 51, 0x0000000000000001
2026/10/07 02:42:52.332, 0 %, 58 MiB, 4096 MiB, 300 MHz, 1.77 W, 51, 0x0000000000000001
2026/10/07 02:42:54.355, 0 %, 58 MiB, 4096 MiB, 300 MHz, 1.59 W, 52, 0x0000000000000001
2026/10/07 02:42:56.379, 0 %, 58 MiB, 4096 MiB, 300 MHz, 1.61 W, 52, 0x0000000000000001
2026/10/07 02:42:58.401, 0 %, 58 MiB, 4096 MiB, 300 MHz, 1.41 W, 51, 0x0000000000000001
2026/10/07 02:43:00.426, 0 %, 58 MiB, 4096 MiB, 300 MHz, 1.52 W, 51, 0x0000000000000001
2026/10/07 02:43:02.447, 0 %, 58 MiB, 4096 MiB, 300 MHz, 1.74 W, 52, 0x0000000000000001
2026/10/07 02:43:04.473, 0 %, 58 MiB, 4096 MiB, 300 MHz, 1.62 W, 52, 0x0000000000000001
2026/10/07 02:43:06.497, 0 %, 58 MiB, 4096 MiB, 300 MHz, 1.43 W, 52, 0x0000000000000001
2026/10/07 02:43:08.522, 0 %, 58 MiB, 4096 MiB, 300 MHz, 1.65 W, 52, 0x0000000000000001
2026/10/07 02:43:10.546, 0 %, 58 MiB, 4096 MiB, 300 MHz, 1.82 W, 51, 0x0000000000000001
2026/10/07 02:43:12.568, 0 %, 58 MiB, 4096 MiB, 300 MHz, 1.53 W, 51, 0x0000000000000001
2026/10/07 02:43:14.591, 0 %, 58 MiB, 4096 MiB, 300 MHz, 1.55 W, 51, 0x0000000000000001
2026/10/07 02:43:16.612, 0 %, 58 MiB, 4096 MiB, 300 MHz, 1.49 W, 51, 0x0000000000000001
2026/10/07 02:43:18.636, 0 %, 58 MiB, 4096 MiB, 300 MHz, 1.54 W, 51, 0x0000000000000001
2026/10/07 02:43:20.660, 0 %, 58 MiB, 4096 MiB, 300 MHz, 1.68 W, 51, 0x0000000000000001
2026/10/07 02:43:22.682, 0 %, 58 MiB, 4096 MiB, 300 MHz, 1.60 W, 51, 0x0000000000000001
2026/10/07 02:43:24.707, 0 %, 58 MiB, 4096 MiB, 300 MHz, 1.57 W, 52, 0x0000000000000001
2026/10/07 02:43:26.729, 0 %, 58 MiB, 4096 MiB, 300 MHz, 1.62 W, 52, 0x0000000000000001
2026/10/07 02:43:28.750, 0 %, 58 MiB, 4096 MiB, 300 MHz, 1.62 W, 52, 0x0000000000000001
2026/10/07 02:43:30.775, 0 %, 58 MiB, 4096 MiB, 300 MHz, 1.53 W, 51, 0x0000000000000001
2026/10/07 02:43:32.797, 0 %, 58 MiB, 4096 MiB, 300 MHz, 1.51 W, 52, 0x0000000000000001
2026/10/07 02:43:34.819, 0 %, 58 MiB, 4096 MiB, 300 MHz, 1.47 W, 52, 0x0000000000000001
2026/10/07 02:43:36.844, 0 %, 58 MiB, 4096 MiB, 300 MHz, 1.48 W, 51, 0x0000000000000001
2026/10/07 02:43:38.865, 0 %, 58 MiB, 4096 MiB, 300 MHz, 1.96 W, 52, 0x0000000000000001
2026/10/07 02:43:40.889, 0 %, 58 MiB, 4096 MiB, 300 MHz, 1.50 W, 51, 0x0000000000000001
2026/10/07 02:43:42.913, 0 %, 58 MiB, 4096 MiB, 300 MHz, 1.57 W, 51, 0x0000000000000001
2026/10/07 02:43:44.936, 0 %, 58 MiB, 4096 MiB, 300 MHz, 1.61 W, 51, 0x0000000000000001
2026/10/07 02:43:46.958, 0 %, 58 MiB, 4096 MiB, 300 MHz, 1.54 W, 51, 0x0000000000000001
2026/10/07 02:43:48.984, 0 %, 58 MiB, 4096 MiB, 300 MHz, 1.64 W, 51, 0x0000000000000001
2026/10/07 02:43:51.006, 0 %, 58 MiB, 4096 MiB, 300 MHz, 1.54 W, 51, 0x0000000000000001
2026/10/07 02:43:53.031, 0 %, 58 MiB, 4096 MiB, 300 MHz, 1.49 W, 52, 0x0000000000000001
2026/10/07 02:43:55.053, 0 %, 58 MiB, 4096 MiB, 300 MHz, 1.49 W, 51, 0x0000000000000001
2026/10/07 02:43:57.077, 0 %, 58 MiB, 4096 MiB, 300 MHz, 2.00 W, 51, 0x0000000000000001
2026/10/07 02:43:59.099, 0 %, 58 MiB, 4096 MiB, 300 MHz, 1.55 W, 51, 0x0000000000000001
2026/10/07 02:44:01.122, 0 %, 58 MiB, 4096 MiB, 300 MHz, 1.53 W, 51, 0x0000000000000001
2026/10/07 02:44:03.146, 0 %, 58 MiB, 4096 MiB, 300 MHz, 1.58 W, 51, 0x0000000000000001
2026/10/07 02:44:05.168, 0 %, 58 MiB, 4096 MiB, 300 MHz, 1.58 W, 51, 0x0000000000000001
2026/10/07 02:44:07.191, 0 %, 58 MiB, 4096 MiB, 300 MHz, 1.95 W, 51, 0x0000000000000001
2026/10/07 02:44:09.212, 0 %, 58 MiB, 4096 MiB, 300 MHz, 1.59 W, 52, 0x0000000000000001
2026/10/07 02:44:11.239, 0 %, 58 MiB, 4096 MiB, 300 MHz, 1.54 W, 51, 0x0000000000000001
2026/10/07 02:44:13.263, 0 %, 58 MiB, 4096 MiB, 300 MHz, 1.56 W, 51, 0x0000000000000001
2026/10/07 02:44:15.285, 0 %, 58 MiB, 4096 MiB, 300 MHz, 1.56 W, 51, 0x0000000000000001
2026/10/07 02:44:17.308, 0 %, 58 MiB, 4096 MiB, 300 MHz, 1.81 W, 51, 0x0000000000000001
2026/10/07 02:44:19.332, 0 %, 58 MiB, 4096 MiB, 300 MHz, 1.59 W, 51, 0x0000000000000001
2026/10/07 02:44:21.354, 0 %, 58 MiB, 4096 MiB, 300 MHz, 1.61 W, 51, 0x0000000000000001
2026/10/07 02:44:23.378, 0 %, 58 MiB, 4096 MiB, 300 MHz, 1.56 W, 51, 0x0000000000000001
2026/10/07 02:44:25.399, 0 %, 58 MiB, 4096 MiB, 300 MHz, 1.97 W, 51, 0x0000000000000001
2026/10/07 02:44:27.424, 1 %, 68 MiB, 4096 MiB, 300 MHz, 1.48 W, 51, 0x0000000000000001
2026/10/07 02:44:29.446, 0 %, 59 MiB, 4096 MiB, 300 MHz, 1.58 W, 51, 0x0000000000000001
2026/10/07 02:44:31.470, 0 %, 59 MiB, 4096 MiB, 300 MHz, 1.49 W, 51, 0x0000000000000001
2026/10/07 02:44:33.494, 0 %, 59 MiB, 4096 MiB, 300 MHz, 1.49 W, 51, 0x0000000000000001
2026/10/07 02:44:35.518, 0 %, 59 MiB, 4096 MiB, 300 MHz, 1.87 W, 51, 0x0000000000000001
2026/10/07 02:44:37.540, 0 %, 59 MiB, 4096 MiB, 300 MHz, 1.58 W, 51, 0x0000000000000001
2026/10/07 02:44:39.564, 0 %, 59 MiB, 4096 MiB, 300 MHz, 1.58 W, 51, 0x0000000000000001
2026/10/07 02:44:41.588, 0 %, 59 MiB, 4096 MiB, 300 MHz, 1.55 W, 51, 0x0000000000000001
2026/10/07 02:44:43.609, 0 %, 59 MiB, 4096 MiB, 300 MHz, 1.55 W, 51, 0x0000000000000001
2026/10/07 02:44:45.631, 0 %, 59 MiB, 4096 MiB, 300 MHz, 1.78 W, 51, 0x0000000000000001
2026/10/07 02:44:47.653, 0 %, 59 MiB, 4096 MiB, 300 MHz, 1.61 W, 51, 0x0000000000000001
2026/10/07 02:44:49.677, 0 %, 59 MiB, 4096 MiB, 300 MHz, 1.59 W, 51, 0x0000000000000001
2026/10/07 02:44:51.699, 0 %, 59 MiB, 4096 MiB, 300 MHz, 1.60 W, 51, 0x0000000000000001
2026/10/07 02:44:53.723, 0 %, 59 MiB, 4096 MiB, 300 MHz, 1.56 W, 51, 0x0000000000000001
2026/10/07 02:44:55.745, 0 %, 59 MiB, 4096 MiB, 300 MHz, 1.65 W, 51, 0x0000000000000001
2026/10/07 02:44:57.769, 0 %, 59 MiB, 4096 MiB, 300 MHz, 1.54 W, 51, 0x0000000000000001
2026/10/07 02:44:59.794, 0 %, 58 MiB, 4096 MiB, 300 MHz, 1.54 W, 51, 0x0000000000000001
2026/10/07 02:45:01.816, 0 %, 58 MiB, 4096 MiB, 300 MHz, 1.54 W, 51, 0x0000000000000001
2026/10/07 02:45:03.837, 0 %, 58 MiB, 4096 MiB, 300 MHz, 1.91 W, 51, 0x0000000000000001
2026/10/07 02:45:05.860, 0 %, 58 MiB, 4096 MiB, 300 MHz, 1.49 W, 51, 0x0000000000000001
2026/10/07 02:45:07.883, 0 %, 58 MiB, 4096 MiB, 300 MHz, 1.56 W, 51, 0x0000000000000001
2026/10/07 02:45:09.905, 0 %, 58 MiB, 4096 MiB, 300 MHz, 1.51 W, 51, 0x0000000000000001
2026/10/07 02:45:11.926, 0 %, 58 MiB, 4096 MiB, 300 MHz, 1.54 W, 51, 0x0000000000000001
2026/10/07 02:45:13.948, 0 %, 58 MiB, 4096 MiB, 300 MHz, 1.72 W, 51, 0x0000000000000001
2026/10/07 02:45:15.971, 0 %, 58 MiB, 4096 MiB, 300 MHz, 1.55 W, 51, 0x0000000000000001
2026/10/07 02:45:17.992, 0 %, 58 MiB, 4096 MiB, 300 MHz, 1.56 W, 51, 0x0000000000000001
2026/10/07 02:45:20.016, 0 %, 58 MiB, 4096 MiB, 300 MHz, 1.61 W, 51, 0x0000000000000001
2026/10/07 02:45:22.046, 0 %, 58 MiB, 4096 MiB, 300 MHz, 1.61 W, 51, 0x0000000000000001
2026/10/07 02:45:24.070, 0 %, 58 MiB, 4096 MiB, 300 MHz, 1.53 W, 51, 0x0000000000000001
2026/10/07 02:45:26.095, 0 %, 58 MiB, 4096 MiB, 300 MHz, 1.52 W, 51, 0x0000000000000001
2026/10/07 02:45:28.116, 0 %, 58 MiB, 4096 MiB, 300 MHz, 1.53 W, 51, 0x0000000000000001
2026/10/07 02:45:30.139, 0 %, 58 MiB, 4096 MiB, 300 MHz, 1.51 W, 51, 0x0000000000000001
2026/10/07 02:45:32.163, 0 %, 58 MiB, 4096 MiB, 300 MHz, 1.94 W, 51, 0x0000000000000001
2026/10/07 02:45:34.186, 0 %, 58 MiB, 4096 MiB, 300 MHz, 1.52 W, 51, 0x0000000000000001
2026/10/07 02:45:36.207, 0 %, 58 MiB, 4096 MiB, 300 MHz, 1.53 W, 51, 0x0000000000000001
2026/10/07 02:45:38.230, 0 %, 58 MiB, 4096 MiB, 300 MHz, 1.54 W, 51, 0x0000000000000001
2026/10/07 02:45:40.254, 0 %, 58 MiB, 4096 MiB, 300 MHz, 1.66 W, 51, 0x0000000000000001
2026/10/07 02:45:42.280, 0 %, 58 MiB, 4096 MiB, 300 MHz, 1.78 W, 51, 0x0000000000000001
2026/10/07 02:45:44.301, 0 %, 58 MiB, 4096 MiB, 300 MHz, 1.59 W, 51, 0x0000000000000001
2026/10/07 02:45:46.323, 0 %, 58 MiB, 4096 MiB, 300 MHz, 1.55 W, 51, 0x0000000000000001
2026/10/07 02:45:48.349, 0 %, 58 MiB, 4096 MiB, 300 MHz, 1.53 W, 51, 0x0000000000000001
2026/10/07 02:45:50.371, 0 %, 58 MiB, 4096 MiB, 300 MHz, 1.52 W, 51, 0x0000000000000001
2026/10/07 02:45:52.395, 0 %, 58 MiB, 4096 MiB, 300 MHz, 1.59 W, 51, 0x0000000000000001
2026/10/07 02:45:54.426, 0 %, 58 MiB, 4096 MiB, 300 MHz, 1.54 W, 51, 0x0000000000000001
2026/10/07 02:45:56.450, 0 %, 58 MiB, 4096 MiB, 300 MHz, 1.60 W, 51, 0x0000000000000001
2026/10/07 02:45:58.472, 0 %, 58 MiB, 4096 MiB, 300 MHz, 1.58 W, 51, 0x0000000000000001
2026/10/07 02:46:00.495, 0 %, 58 MiB, 4096 MiB, 300 MHz, 1.73 W, 52, 0x0000000000000001
2026/10/07 02:46:02.519, 0 %, 58 MiB, 4096 MiB, 300 MHz, 1.49 W, 51, 0x0000000000000001
2026/10/07 02:46:04.541, 0 %, 58 MiB, 4096 MiB, 300 MHz, 1.50 W, 52, 0x0000000000000001
2026/10/07 02:46:06.565, 0 %, 58 MiB, 4096 MiB, 300 MHz, 1.49 W, 51, 0x0000000000000001
2026/10/07 02:46:08.587, 0 %, 58 MiB, 4096 MiB, 300 MHz, 1.46 W, 51, 0x0000000000000001
2026/10/07 02:46:10.611, 0 %, 58 MiB, 4096 MiB, 300 MHz, 1.59 W, 51, 0x0000000000000001
2026/10/07 02:46:12.633, 0 %, 58 MiB, 4096 MiB, 300 MHz, 1.54 W, 51, 0x0000000000000001
2026/10/07 02:46:14.654, 0 %, 58 MiB, 4096 MiB, 300 MHz, 1.57 W, 51, 0x0000000000000001
2026/10/07 02:46:16.680, 0 %, 58 MiB, 4096 MiB, 300 MHz, 1.57 W, 51, 0x0000000000000001
2026/10/07 02:46:18.701, 0 %, 58 MiB, 4096 MiB, 300 MHz, 2.10 W, 51, 0x0000000000000001
2026/10/07 02:46:20.724, 0 %, 58 MiB, 4096 MiB, 300 MHz, 1.60 W, 51, 0x0000000000000001
2026/10/07 02:46:22.750, 0 %, 58 MiB, 4096 MiB, 300 MHz, 1.55 W, 52, 0x0000000000000001
2026/10/07 02:46:24.772, 0 %, 58 MiB, 4096 MiB, 300 MHz, 1.55 W, 52, 0x0000000000000001
2026/10/07 02:46:26.793, 0 %, 58 MiB, 4096 MiB, 300 MHz, 1.58 W, 51, 0x0000000000000001
2026/10/07 02:46:28.817, 0 %, 58 MiB, 4096 MiB, 300 MHz, 1.83 W, 51, 0x0000000000000001
2026/10/07 02:46:30.840, 0 %, 58 MiB, 4096 MiB, 300 MHz, 1.59 W, 51, 0x0000000000000001
2026/10/07 02:46:32.864, 0 %, 58 MiB, 4096 MiB, 300 MHz, 1.52 W, 51, 0x0000000000000001
2026/10/07 02:46:34.886, 0 %, 58 MiB, 4096 MiB, 300 MHz, 1.58 W, 51, 0x0000000000000001
2026/10/07 02:46:36.912, 0 %, 58 MiB, 4096 MiB, 300 MHz, 1.52 W, 51, 0x0000000000000001
2026/10/07 02:46:38.937, 0 %, 58 MiB, 4096 MiB, 300 MHz, 1.60 W, 51, 0x0000000000000001
2026/10/07 02:46:40.960, 0 %, 58 MiB, 4096 MiB, 300 MHz, 1.50 W, 51, 0x0000000000000001
2026/10/07 02:46:42.983, 0 %, 58 MiB, 4096 MiB, 300 MHz, 1.50 W, 52, 0x0000000000000001
2026/10/07 02:46:45.005, 0 %, 58 MiB, 4096 MiB, 300 MHz, 1.53 W, 52, 0x0000000000000001
2026/10/07 02:46:47.029, 0 %, 58 MiB, 4096 MiB, 300 MHz, 1.92 W, 52, 0x0000000000000001
2026/10/07 02:46:49.053, 0 %, 58 MiB, 4096 MiB, 300 MHz, 1.59 W, 51, 0x0000000000000001
2026/10/07 02:46:51.075, 0 %, 58 MiB, 4096 MiB, 300 MHz, 1.57 W, 51, 0x0000000000000001
2026/10/07 02:46:53.099, 0 %, 58 MiB, 4096 MiB, 300 MHz, 1.57 W, 51, 0x0000000000000001
2026/10/07 02:46:55.132, 0 %, 58 MiB, 4096 MiB, 300 MHz, 1.54 W, 52, 0x0000000000000001
2026/10/07 02:46:57.153, 0 %, 58 MiB, 4096 MiB, 300 MHz, 1.53 W, 51, 0x0000000000000001
2026/10/07 02:46:59.176, 0 %, 58 MiB, 4096 MiB, 300 MHz, 1.48 W, 51, 0x0000000000000001
2026/10/07 02:47:01.199, 0 %, 58 MiB, 4096 MiB, 300 MHz, 1.54 W, 51, 0x0000000000000001
2026/10/07 02:47:03.223, 0 %, 58 MiB, 4096 MiB, 300 MHz, 1.55 W, 52, 0x0000000000000001
2026/10/07 02:47:05.248, 0 %, 58 MiB, 4096 MiB, 300 MHz, 1.82 W, 51, 0x0000000000000001
2026/10/07 02:47:07.270, 0 %, 58 MiB, 4096 MiB, 300 MHz, 1.56 W, 51, 0x0000000000000001
2026/10/07 02:47:09.293, 0 %, 58 MiB, 4096 MiB, 300 MHz, 1.59 W, 51, 0x0000000000000001
2026/10/07 02:47:11.317, 0 %, 58 MiB, 4096 MiB, 300 MHz, 1.55 W, 52, 0x0000000000000001
2026/10/07 02:47:13.338, 0 %, 58 MiB, 4096 MiB, 300 MHz, 1.55 W, 51, 0x0000000000000001
2026/10/07 02:47:15.364, 0 %, 58 MiB, 4096 MiB, 300 MHz, 1.68 W, 51, 0x0000000000000001
2026/10/07 02:47:17.385, 0 %, 58 MiB, 4096 MiB, 300 MHz, 1.50 W, 51, 0x0000000000000001
2026/10/07 02:47:19.410, 0 %, 58 MiB, 4096 MiB, 300 MHz, 1.50 W, 51, 0x0000000000000001
2026/10/07 02:47:21.434, 0 %, 58 MiB, 4096 MiB, 300 MHz, 1.52 W, 51, 0x0000000000000001
2026/10/07 02:47:23.455, 0 %, 58 MiB, 4096 MiB, 300 MHz, 1.58 W, 51, 0x0000000000000001
2026/10/07 02:47:25.487, 0 %, 58 MiB, 4096 MiB, 300 MHz, 1.52 W, 51, 0x0000000000000001
2026/10/07 02:47:27.509, 0 %, 58 MiB, 4096 MiB, 300 MHz, 1.55 W, 51, 0x0000000000000001
2026/10/07 02:47:29.535, 0 %, 58 MiB, 4096 MiB, 300 MHz, 1.51 W, 51, 0x0000000000000001
2026/10/07 02:47:31.559, 0 %, 58 MiB, 4096 MiB, 300 MHz, 1.53 W, 52, 0x0000000000000001
2026/10/07 02:47:33.583, 0 %, 58 MiB, 4096 MiB, 300 MHz, 1.64 W, 51, 0x0000000000000001
2026/10/07 02:47:35.609, 0 %, 58 MiB, 4096 MiB, 300 MHz, 1.50 W, 52, 0x0000000000000001
2026/10/07 02:47:37.633, 0 %, 58 MiB, 4096 MiB, 300 MHz, 1.50 W, 51, 0x0000000000000001
2026/10/07 02:47:39.658, 0 %, 58 MiB, 4096 MiB, 300 MHz, 1.53 W, 51, 0x0000000000000001
2026/10/07 02:47:41.683, 0 %, 58 MiB, 4096 MiB, 300 MHz, 1.78 W, 51, 0x0000000000000001
2026/10/07 02:47:43.708, 0 %, 58 MiB, 4096 MiB, 300 MHz, 1.63 W, 51, 0x0000000000000001
2026/10/07 02:47:45.730, 0 %, 58 MiB, 4096 MiB, 300 MHz, 1.59 W, 51, 0x0000000000000001
2026/10/07 02:47:47.751, 0 %, 58 MiB, 4096 MiB, 300 MHz, 1.54 W, 51, 0x0000000000000001
2026/10/07 02:47:49.776, 0 %, 58 MiB, 4096 MiB, 300 MHz, 1.61 W, 51, 0x0000000000000001
2026/10/07 02:47:51.800, 0 %, 58 MiB, 4096 MiB, 300 MHz, 1.53 W, 51, 0x0000000000000001
2026/10/07 02:47:53.823, 0 %, 58 MiB, 4096 MiB, 300 MHz, 1.34 W, 51, 0x0000000000000001
2026/10/07 02:47:55.847, 0 %, 58 MiB, 4096 MiB, 300 MHz, 1.49 W, 51, 0x0000000000000001
2026/10/07 02:47:57.868, 0 %, 58 MiB, 4096 MiB, 300 MHz, 1.49 W, 52, 0x0000000000000001
2026/10/07 02:47:59.890, 0 %, 58 MiB, 4096 MiB, 300 MHz, 1.41 W, 52, 0x0000000000000001
2026/10/07 02:48:01.914, 0 %, 58 MiB, 4096 MiB, 300 MHz, 1.64 W, 51, 0x0000000000000001
2026/10/07 02:48:03.936, 0 %, 58 MiB, 4096 MiB, 300 MHz, 1.59 W, 51, 0x0000000000000001
2026/10/07 02:48:05.958, 0 %, 58 MiB, 4096 MiB, 300 MHz, 1.55 W, 51, 0x0000000000000001
2026/10/07 02:48:07.984, 0 %, 58 MiB, 4096 MiB, 300 MHz, 1.62 W, 51, 0x0000000000000001
2026/10/07 02:48:10.006, 0 %, 58 MiB, 4096 MiB, 300 MHz, 1.70 W, 51, 0x0000000000000001
2026/10/07 02:48:12.027, 0 %, 58 MiB, 4096 MiB, 300 MHz, 1.48 W, 51, 0x0000000000000001
2026/10/07 02:48:14.052, 0 %, 58 MiB, 4096 MiB, 300 MHz, 1.52 W, 51, 0x0000000000000001
2026/10/07 02:48:16.074, 0 %, 58 MiB, 4096 MiB, 300 MHz, 1.53 W, 51, 0x0000000000000001
2026/10/07 02:48:18.096, 0 %, 58 MiB, 4096 MiB, 300 MHz, 1.47 W, 52, 0x0000000000000001
2026/10/07 02:48:20.120, 0 %, 58 MiB, 4096 MiB, 300 MHz, 1.73 W, 51, 0x0000000000000001
2026/10/07 02:48:22.143, 0 %, 58 MiB, 4096 MiB, 300 MHz, 1.52 W, 52, 0x0000000000000001
2026/10/07 02:48:24.165, 0 %, 58 MiB, 4096 MiB, 300 MHz, 1.52 W, 51, 0x0000000000000001
2026/10/07 02:48:26.190, 0 %, 58 MiB, 4096 MiB, 300 MHz, 1.52 W, 51, 0x0000000000000001
2026/10/07 02:48:28.212, 0 %, 58 MiB, 4096 MiB, 300 MHz, 1.54 W, 51, 0x0000000000000001
2026/10/07 02:48:30.233, 0 %, 58 MiB, 4096 MiB, 300 MHz, 1.59 W, 51, 0x0000000000000001
2026/10/07 02:48:32.258, 0 %, 58 MiB, 4096 MiB, 300 MHz, 1.50 W, 51, 0x0000000000000001
2026/10/07 02:48:34.280, 0 %, 58 MiB, 4096 MiB, 300 MHz, 1.54 W, 51, 0x0000000000000001
2026/10/07 02:48:36.304, 0 %, 58 MiB, 4096 MiB, 300 MHz, 1.47 W, 51, 0x0000000000000001
2026/10/07 02:48:38.326, 0 %, 58 MiB, 4096 MiB, 300 MHz, 1.98 W, 51, 0x0000000000000001
2026/10/07 02:48:40.349, 0 %, 58 MiB, 4096 MiB, 300 MHz, 1.55 W, 51, 0x0000000000000001
2026/10/07 02:48:42.371, 0 %, 58 MiB, 4096 MiB, 300 MHz, 1.54 W, 51, 0x0000000000000001
2026/10/07 02:48:44.394, 0 %, 58 MiB, 4096 MiB, 300 MHz, 1.60 W, 51, 0x0000000000000001
2026/10/07 02:48:46.418, 0 %, 58 MiB, 4096 MiB, 300 MHz, 1.57 W, 51, 0x0000000000000001
2026/10/07 02:48:48.441, 0 %, 58 MiB, 4096 MiB, 300 MHz, 1.78 W, 51, 0x0000000000000001
2026/10/07 02:48:50.466, 0 %, 58 MiB, 4096 MiB, 300 MHz, 1.54 W, 51, 0x0000000000000001
2026/10/07 02:48:52.488, 0 %, 58 MiB, 4096 MiB, 300 MHz, 1.55 W, 51, 0x0000000000000001
2026/10/07 02:48:54.510, 0 %, 58 MiB, 4096 MiB, 300 MHz, 1.53 W, 51, 0x0000000000000001
2026/10/07 02:48:56.534, 0 %, 58 MiB, 4096 MiB, 300 MHz, 1.55 W, 51, 0x0000000000000001
2026/10/07 02:48:58.556, 0 %, 58 MiB, 4096 MiB, 300 MHz, 1.71 W, 52, 0x0000000000000001
2026/10/07 02:49:00.581, 0 %, 58 MiB, 4096 MiB, 300 MHz, 1.58 W, 51, 0x0000000000000001
2026/10/07 02:49:02.603, 0 %, 58 MiB, 4096 MiB, 300 MHz, 1.53 W, 51, 0x0000000000000001
2026/10/07 02:49:04.626, 0 %, 58 MiB, 4096 MiB, 300 MHz, 1.56 W, 51, 0x0000000000000001
2026/10/07 02:49:06.649, 0 %, 58 MiB, 4096 MiB, 300 MHz, 1.93 W, 51, 0x0000000000000001
2026/10/07 02:49:08.673, 0 %, 58 MiB, 4096 MiB, 300 MHz, 1.56 W, 52, 0x0000000000000001
2026/10/07 02:49:10.698, 0 %, 58 MiB, 4096 MiB, 300 MHz, 1.49 W, 51, 0x0000000000000001
2026/10/07 02:49:12.722, 0 %, 58 MiB, 4096 MiB, 300 MHz, 1.49 W, 51, 0x0000000000000001
2026/10/07 02:49:14.744, 0 %, 58 MiB, 4096 MiB, 300 MHz, 1.47 W, 51, 0x0000000000000001
2026/10/07 02:49:16.766, 0 %, 58 MiB, 4096 MiB, 300 MHz, 1.89 W, 51, 0x0000000000000001
2026/10/07 02:49:18.790, 0 %, 58 MiB, 4096 MiB, 300 MHz, 1.53 W, 51, 0x0000000000000001
2026/10/07 02:49:20.812, 0 %, 58 MiB, 4096 MiB, 300 MHz, 1.57 W, 51, 0x0000000000000001
2026/10/07 02:49:22.834, 0 %, 58 MiB, 4096 MiB, 300 MHz, 1.57 W, 51, 0x0000000000000001
2026/10/07 02:49:24.855, 0 %, 58 MiB, 4096 MiB, 300 MHz, 1.57 W, 51, 0x0000000000000001
2026/10/07 02:49:26.877, 0 %, 58 MiB, 4096 MiB, 300 MHz, 1.82 W, 51, 0x0000000000000001
2026/10/07 02:49:28.898, 0 %, 58 MiB, 4096 MiB, 300 MHz, 1.52 W, 51, 0x0000000000000001
2026/10/07 02:49:30.922, 0 %, 58 MiB, 4096 MiB, 300 MHz, 1.52 W, 51, 0x0000000000000001
2026/10/07 02:49:32.949, 0 %, 58 MiB, 4096 MiB, 300 MHz, 1.50 W, 51, 0x0000000000000001
2026/10/07 02:49:34.972, 0 %, 58 MiB, 4096 MiB, 300 MHz, 1.51 W, 51, 0x0000000000000001
2026/10/07 02:49:36.996, 0 %, 58 MiB, 4096 MiB, 300 MHz, 1.66 W, 51, 0x0000000000000001
2026/10/07 02:49:39.021, 0 %, 58 MiB, 4096 MiB, 300 MHz, 1.67 W, 51, 0x0000000000000001
2026/10/07 02:49:41.042, 0 %, 58 MiB, 4096 MiB, 300 MHz, 1.67 W, 51, 0x0000000000000001
2026/10/07 02:49:43.066, 0 %, 58 MiB, 4096 MiB, 300 MHz, 1.56 W, 51, 0x0000000000000001
2026/10/07 02:49:45.088, 0 %, 58 MiB, 4096 MiB, 300 MHz, 1.86 W, 51, 0x0000000000000001
2026/10/07 02:49:47.112, 0 %, 58 MiB, 4096 MiB, 300 MHz, 1.47 W, 51, 0x0000000000000001
2026/10/07 02:49:49.135, 0 %, 58 MiB, 4096 MiB, 300 MHz, 1.46 W, 51, 0x0000000000000001
2026/10/07 02:49:51.157, 0 %, 58 MiB, 4096 MiB, 300 MHz, 1.54 W, 51, 0x0000000000000001
2026/10/07 02:49:53.181, 0 %, 58 MiB, 4096 MiB, 300 MHz, 1.62 W, 51, 0x0000000000000001
2026/10/07 02:49:55.207, 0 %, 58 MiB, 4096 MiB, 300 MHz, 1.78 W, 51, 0x0000000000000001
2026/10/07 02:49:57.230, 0 %, 58 MiB, 4096 MiB, 300 MHz, 1.58 W, 51, 0x0000000000000001
2026/10/07 02:49:59.253, 0 %, 58 MiB, 4096 MiB, 300 MHz, 1.53 W, 51, 0x0000000000000001
2026/10/07 02:50:01.277, 0 %, 58 MiB, 4096 MiB, 300 MHz, 1.51 W, 51, 0x0000000000000001
2026/10/07 02:50:03.298, 0 %, 58 MiB, 4096 MiB, 300 MHz, 1.52 W, 51, 0x0000000000000001
2026/10/07 02:50:05.323, 0 %, 58 MiB, 4096 MiB, 300 MHz, 1.50 W, 51, 0x0000000000000001
2026/10/07 02:50:07.352, 0 %, 58 MiB, 4096 MiB, 300 MHz, 1.50 W, 51, 0x0000000000000001
2026/10/07 02:50:09.376, 0 %, 58 MiB, 4096 MiB, 300 MHz, 1.53 W, 51, 0x0000000000000001
2026/10/07 02:50:11.400, 0 %, 58 MiB, 4096 MiB, 300 MHz, 1.49 W, 51, 0x0000000000000001
2026/10/07 02:50:13.423, 0 %, 58 MiB, 4096 MiB, 300 MHz, 1.79 W, 51, 0x0000000000000001
2026/10/07 02:50:15.447, 0 %, 58 MiB, 4096 MiB, 300 MHz, 1.55 W, 51, 0x0000000000000001
2026/10/07 02:50:17.468, 0 %, 58 MiB, 4096 MiB, 300 MHz, 1.46 W, 51, 0x0000000000000001
2026/10/07 02:50:19.491, 0 %, 58 MiB, 4096 MiB, 300 MHz, 1.52 W, 51, 0x0000000000000001
2026/10/07 02:50:21.516, 0 %, 58 MiB, 4096 MiB, 300 MHz, 1.55 W, 51, 0x0000000000000001
2026/10/07 02:50:23.538, 0 %, 58 MiB, 4096 MiB, 300 MHz, 1.62 W, 51, 0x0000000000000001
2026/10/07 02:50:25.560, 0 %, 58 MiB, 4096 MiB, 300 MHz, 1.52 W, 51, 0x0000000000000001
2026/10/07 02:50:27.582, 0 %, 58 MiB, 4096 MiB, 300 MHz, 1.54 W, 51, 0x0000000000000001
2026/10/07 02:50:29.607, 0 %, 58 MiB, 4096 MiB, 300 MHz, 1.52 W, 51, 0x0000000000000001
2026/10/07 02:50:31.629, 0 %, 58 MiB, 4096 MiB, 300 MHz, 1.52 W, 51, 0x0000000000000001
2026/10/07 02:50:33.651, 0 %, 58 MiB, 4096 MiB, 300 MHz, 1.58 W, 51, 0x0000000000000001
2026/10/07 02:50:35.674, 0 %, 58 MiB, 4096 MiB, 300 MHz, 1.50 W, 51, 0x0000000000000001
2026/10/07 02:50:37.699, 0 %, 58 MiB, 4096 MiB, 300 MHz, 1.51 W, 51, 0x0000000000000001
2026/10/07 02:50:39.721, 0 %, 58 MiB, 4096 MiB, 300 MHz, 1.54 W, 51, 0x0000000000000001
2026/10/07 02:50:41.742, 0 %, 58 MiB, 4096 MiB, 300 MHz, 1.80 W, 51, 0x0000000000000001
2026/10/07 02:50:43.766, 0 %, 58 MiB, 4096 MiB, 300 MHz, 1.48 W, 51, 0x0000000000000001
2026/10/07 02:50:45.789, 0 %, 58 MiB, 4096 MiB, 300 MHz, 1.57 W, 51, 0x0000000000000001
2026/10/07 02:50:47.812, 0 %, 58 MiB, 4096 MiB, 300 MHz, 1.51 W, 51, 0x0000000000000001
2026/10/07 02:50:49.837, 0 %, 58 MiB, 4096 MiB, 300 MHz, 1.49 W, 51, 0x0000000000000001
2026/10/07 02:50:51.858, 0 %, 58 MiB, 4096 MiB, 300 MHz, 1.87 W, 51, 0x0000000000000001
2026/10/07 02:50:53.883, 0 %, 58 MiB, 4096 MiB, 300 MHz, 1.60 W, 51, 0x0000000000000001
2026/10/07 02:50:55.905, 0 %, 58 MiB, 4096 MiB, 300 MHz, 1.56 W, 51, 0x0000000000000001
2026/10/07 02:50:57.926, 0 %, 58 MiB, 4096 MiB, 300 MHz, 1.68 W, 51, 0x0000000000000001
2026/10/07 02:50:59.951, 0 %, 58 MiB, 4096 MiB, 300 MHz, 1.60 W, 51, 0x0000000000000001
2026/10/07 02:51:01.975, 0 %, 58 MiB, 4096 MiB, 300 MHz, 1.59 W, 51, 0x0000000000000001
2026/10/07 02:51:03.997, 0 %, 58 MiB, 4096 MiB, 300 MHz, 1.57 W, 51, 0x0000000000000001
2026/10/07 02:51:06.021, 0 %, 58 MiB, 4096 MiB, 300 MHz, 1.52 W, 51, 0x0000000000000001
2026/10/07 02:51:08.045, 0 %, 58 MiB, 4096 MiB, 300 MHz, 1.51 W, 51, 0x0000000000000001
2026/10/07 02:51:10.070, 0 %, 58 MiB, 4096 MiB, 300 MHz, 1.93 W, 51, 0x0000000000000001
2026/10/07 02:51:12.091, 0 %, 58 MiB, 4096 MiB, 300 MHz, 1.63 W, 51, 0x0000000000000001
2026/10/07 02:51:14.116, 0 %, 58 MiB, 4096 MiB, 300 MHz, 1.59 W, 51, 0x0000000000000001
2026/10/07 02:51:16.138, 0 %, 58 MiB, 4096 MiB, 300 MHz, 1.61 W, 51, 0x0000000000000001
2026/10/07 02:51:18.162, 0 %, 58 MiB, 4096 MiB, 300 MHz, 1.72 W, 51, 0x0000000000000001
2026/10/07 02:51:20.185, 0 %, 58 MiB, 4096 MiB, 300 MHz, 1.83 W, 51, 0x0000000000000001
2026/10/07 02:51:22.208, 0 %, 58 MiB, 4096 MiB, 300 MHz, 1.47 W, 51, 0x0000000000000001
2026/10/07 02:51:24.232, 0 %, 58 MiB, 4096 MiB, 300 MHz, 1.51 W, 51, 0x0000000000000001
2026/10/07 02:51:26.253, 0 %, 58 MiB, 4096 MiB, 300 MHz, 1.51 W, 51, 0x0000000000000001
2026/10/07 02:51:28.280, 0 %, 58 MiB, 4096 MiB, 300 MHz, 1.50 W, 51, 0x0000000000000001
2026/10/07 02:51:30.302, 0 %, 58 MiB, 4096 MiB, 300 MHz, 1.72 W, 51, 0x0000000000000001
2026/10/07 02:51:32.325, 0 %, 58 MiB, 4096 MiB, 300 MHz, 1.52 W, 51, 0x0000000000000001
2026/10/07 02:51:34.349, 0 %, 58 MiB, 4096 MiB, 300 MHz, 1.53 W, 51, 0x0000000000000001
2026/10/07 02:51:36.372, 0 %, 58 MiB, 4096 MiB, 300 MHz, 1.56 W, 51, 0x0000000000000001
2026/10/07 02:51:38.396, 0 %, 58 MiB, 4096 MiB, 300 MHz, 1.83 W, 51, 0x0000000000000001
2026/10/07 02:51:40.418, 0 %, 58 MiB, 4096 MiB, 300 MHz, 1.51 W, 51, 0x0000000000000001
2026/10/07 02:51:42.442, 0 %, 58 MiB, 4096 MiB, 300 MHz, 1.48 W, 51, 0x0000000000000001
2026/10/07 02:51:44.470, 0 %, 58 MiB, 4096 MiB, 300 MHz, 1.47 W, 51, 0x0000000000000001
2026/10/07 02:51:46.491, 0 %, 58 MiB, 4096 MiB, 300 MHz, 1.51 W, 51, 0x0000000000000001
2026/10/07 02:51:48.513, 0 %, 58 MiB, 4096 MiB, 300 MHz, 1.65 W, 51, 0x0000000000000001
2026/10/07 02:51:50.537, 0 %, 58 MiB, 4096 MiB, 300 MHz, 1.57 W, 51, 0x0000000000000001
2026/10/07 02:51:52.561, 0 %, 58 MiB, 4096 MiB, 300 MHz, 1.60 W, 51, 0x0000000000000001
2026/10/07 02:51:54.583, 0 %, 58 MiB, 4096 MiB, 300 MHz, 1.57 W, 51, 0x0000000000000001
2026/10/07 02:51:56.606, 0 %, 58 MiB, 4096 MiB, 300 MHz, 2.00 W, 51, 0x0000000000000001
2026/10/07 02:51:58.631, 0 %, 58 MiB, 4096 MiB, 300 MHz, 1.60 W, 51, 0x0000000000000001
2026/10/07 02:52:00.653, 0 %, 58 MiB, 4096 MiB, 300 MHz, 1.53 W, 51, 0x0000000000000001
2026/10/07 02:52:02.677, 0 %, 58 MiB, 4096 MiB, 300 MHz, 1.53 W, 51, 0x0000000000000001
2026/10/07 02:52:04.699, 0 %, 58 MiB, 4096 MiB, 300 MHz, 1.57 W, 51, 0x0000000000000001
2026/10/07 02:52:06.721, 0 %, 58 MiB, 4096 MiB, 300 MHz, 1.88 W, 51, 0x0000000000000001
2026/10/07 02:52:08.743, 0 %, 58 MiB, 4096 MiB, 300 MHz, 1.55 W, 51, 0x0000000000000001
2026/10/07 02:52:10.765, 0 %, 58 MiB, 4096 MiB, 300 MHz, 1.54 W, 51, 0x0000000000000001
2026/10/07 02:52:12.787, 0 %, 58 MiB, 4096 MiB, 300 MHz, 1.48 W, 51, 0x0000000000000001
2026/10/07 02:52:14.810, 0 %, 58 MiB, 4096 MiB, 300 MHz, 1.50 W, 51, 0x0000000000000001
2026/10/07 02:52:16.835, 0 %, 58 MiB, 4096 MiB, 300 MHz, 1.73 W, 51, 0x0000000000000001
2026/10/07 02:52:18.858, 0 %, 58 MiB, 4096 MiB, 300 MHz, 1.54 W, 51, 0x0000000000000001
2026/10/07 02:52:20.883, 0 %, 58 MiB, 4096 MiB, 300 MHz, 1.52 W, 51, 0x0000000000000001
2026/10/07 02:52:22.904, 0 %, 58 MiB, 4096 MiB, 300 MHz, 1.55 W, 51, 0x0000000000000001
2026/10/07 02:52:24.927, 0 %, 58 MiB, 4096 MiB, 300 MHz, 1.62 W, 51, 0x0000000000000001
2026/10/07 02:52:26.951, 0 %, 58 MiB, 4096 MiB, 300 MHz, 1.65 W, 51, 0x0000000000000001
2026/10/07 02:52:28.973, 0 %, 58 MiB, 4096 MiB, 300 MHz, 1.54 W, 51, 0x0000000000000001
2026/10/07 02:52:30.994, 0 %, 58 MiB, 4096 MiB, 300 MHz, 1.54 W, 51, 0x0000000000000001
2026/10/07 02:52:33.019, 0 %, 58 MiB, 4096 MiB, 300 MHz, 1.53 W, 51, 0x0000000000000001
2026/10/07 02:52:35.042, 0 %, 58 MiB, 4096 MiB, 300 MHz, 1.57 W, 51, 0x0000000000000001
2026/10/07 02:52:37.066, 0 %, 58 MiB, 4096 MiB, 300 MHz, 1.54 W, 51, 0x0000000000000001
2026/10/07 02:52:39.089, 0 %, 58 MiB, 4096 MiB, 300 MHz, 1.62 W, 51, 0x0000000000000001
2026/10/07 02:52:41.112, 0 %, 58 MiB, 4096 MiB, 300 MHz, 1.55 W, 52, 0x0000000000000001
2026/10/07 02:52:43.135, 0 %, 58 MiB, 4096 MiB, 300 MHz, 1.68 W, 51, 0x0000000000000001
2026/10/07 02:52:45.158, 0 %, 58 MiB, 4096 MiB, 300 MHz, 1.87 W, 51, 0x0000000000000001
2026/10/07 02:52:47.182, 0 %, 58 MiB, 4096 MiB, 300 MHz, 1.59 W, 51, 0x0000000000000001
2026/10/07 02:52:49.204, 0 %, 58 MiB, 4096 MiB, 300 MHz, 1.54 W, 51, 0x0000000000000001
2026/10/07 02:52:51.228, 0 %, 58 MiB, 4096 MiB, 300 MHz, 1.56 W, 51, 0x0000000000000001
2026/10/07 02:52:53.250, 0 %, 58 MiB, 4096 MiB, 300 MHz, 1.60 W, 51, 0x0000000000000001
2026/10/07 02:52:55.273, 0 %, 58 MiB, 4096 MiB, 300 MHz, 1.75 W, 51, 0x0000000000000001
2026/10/07 02:52:57.296, 0 %, 58 MiB, 4096 MiB, 300 MHz, 1.50 W, 52, 0x0000000000000001
2026/10/07 02:52:59.318, 0 %, 58 MiB, 4096 MiB, 300 MHz, 1.57 W, 51, 0x0000000000000001
2026/10/07 02:53:01.342, 0 %, 58 MiB, 4096 MiB, 300 MHz, 1.57 W, 51, 0x0000000000000001
2026/10/07 02:53:03.364, 0 %, 58 MiB, 4096 MiB, 300 MHz, 1.55 W, 51, 0x0000000000000001
2026/10/07 02:53:05.389, 0 %, 58 MiB, 4096 MiB, 300 MHz, 1.62 W, 51, 0x0000000000000001
2026/10/07 02:53:07.415, 0 %, 58 MiB, 4096 MiB, 300 MHz, 1.48 W, 51, 0x0000000000000001
2026/10/07 02:53:09.440, 0 %, 58 MiB, 4096 MiB, 300 MHz, 1.50 W, 51, 0x0000000000000001
2026/10/07 02:53:11.465, 0 %, 58 MiB, 4096 MiB, 300 MHz, 1.55 W, 51, 0x0000000000000001
2026/10/07 02:53:13.487, 0 %, 58 MiB, 4096 MiB, 300 MHz, 1.78 W, 51, 0x0000000000000001
2026/10/07 02:53:15.509, 0 %, 58 MiB, 4096 MiB, 300 MHz, 1.55 W, 51, 0x0000000000000001
2026/10/07 02:53:17.530, 0 %, 58 MiB, 4096 MiB, 300 MHz, 1.53 W, 51, 0x0000000000000001
2026/10/07 02:53:19.552, 0 %, 68 MiB, 4096 MiB, 300 MHz, 2.01 W, 51, 0x0000000000000001
2026/10/07 02:53:21.574, 0 %, 69 MiB, 4096 MiB, 300 MHz, 1.55 W, 51, 0x0000000000000001
2026/10/07 02:53:23.598, 0 %, 61 MiB, 4096 MiB, 300 MHz, 1.72 W, 51, 0x0000000000000001
2026/10/07 02:53:25.621, 0 %, 61 MiB, 4096 MiB, 300 MHz, 1.52 W, 51, 0x0000000000000001
2026/10/07 02:53:27.645, 0 %, 61 MiB, 4096 MiB, 300 MHz, 1.51 W, 51, 0x0000000000000001
2026/10/07 02:53:29.666, 0 %, 61 MiB, 4096 MiB, 300 MHz, 1.55 W, 51, 0x0000000000000001
2026/10/07 02:53:31.691, 0 %, 61 MiB, 4096 MiB, 300 MHz, 1.59 W, 51, 0x0000000000000001
2026/10/07 02:53:33.712, 0 %, 61 MiB, 4096 MiB, 300 MHz, 1.76 W, 51, 0x0000000000000001
2026/10/07 02:53:35.734, 0 %, 61 MiB, 4096 MiB, 300 MHz, 1.56 W, 51, 0x0000000000000001
2026/10/07 02:53:37.759, 0 %, 61 MiB, 4096 MiB, 300 MHz, 1.52 W, 51, 0x0000000000000001
2026/10/07 02:53:39.781, 0 %, 61 MiB, 4096 MiB, 300 MHz, 1.57 W, 51, 0x0000000000000001
2026/10/07 02:53:41.802, 0 %, 61 MiB, 4096 MiB, 300 MHz, 1.56 W, 51, 0x0000000000000001
2026/10/07 02:53:43.829, 0 %, 61 MiB, 4096 MiB, 300 MHz, 1.50 W, 51, 0x0000000000000001
2026/10/07 02:53:45.853, 0 %, 61 MiB, 4096 MiB, 300 MHz, 1.48 W, 51, 0x0000000000000001
2026/10/07 02:53:47.875, 0 %, 61 MiB, 4096 MiB, 300 MHz, 1.51 W, 51, 0x0000000000000001
2026/10/07 02:53:49.900, 0 %, 61 MiB, 4096 MiB, 300 MHz, 1.51 W, 51, 0x0000000000000001
2026/10/07 02:53:51.922, 0 %, 60 MiB, 4096 MiB, 300 MHz, 1.84 W, 51, 0x0000000000000001
2026/10/07 02:53:53.946, 0 %, 60 MiB, 4096 MiB, 300 MHz, 1.52 W, 51, 0x0000000000000001
2026/10/07 02:53:55.968, 0 %, 60 MiB, 4096 MiB, 300 MHz, 1.48 W, 51, 0x0000000000000001
2026/10/07 02:53:57.994, 0 %, 60 MiB, 4096 MiB, 300 MHz, 1.52 W, 51, 0x0000000000000001
2026/10/07 02:54:00.016, 0 %, 60 MiB, 4096 MiB, 300 MHz, 1.54 W, 51, 0x0000000000000001
2026/10/07 02:54:02.041, 0 %, 60 MiB, 4096 MiB, 300 MHz, 1.53 W, 51, 0x0000000000000001
2026/10/07 02:54:04.066, 0 %, 60 MiB, 4096 MiB, 300 MHz, 1.48 W, 51, 0x0000000000000001
2026/10/07 02:54:06.088, 0 %, 60 MiB, 4096 MiB, 300 MHz, 1.53 W, 51, 0x0000000000000001
2026/10/07 02:54:08.110, 0 %, 60 MiB, 4096 MiB, 300 MHz, 1.54 W, 51, 0x0000000000000001
2026/10/07 02:54:10.134, 0 %, 60 MiB, 4096 MiB, 300 MHz, 1.98 W, 51, 0x0000000000000001
2026/10/07 02:54:12.158, 0 %, 60 MiB, 4096 MiB, 300 MHz, 1.58 W, 51, 0x0000000000000001
2026/10/07 02:54:14.179, 0 %, 60 MiB, 4096 MiB, 300 MHz, 1.54 W, 51, 0x0000000000000001
2026/10/07 02:54:16.204, 0 %, 60 MiB, 4096 MiB, 300 MHz, 1.50 W, 51, 0x0000000000000001
2026/10/07 02:54:18.228, 0 %, 60 MiB, 4096 MiB, 300 MHz, 1.54 W, 51, 0x0000000000000001
2026/10/07 02:54:20.249, 0 %, 68 MiB, 4096 MiB, 300 MHz, 1.73 W, 51, 0x0000000000000001
2026/10/07 02:54:22.271, 0 %, 59 MiB, 4096 MiB, 300 MHz, 1.54 W, 51, 0x0000000000000001
2026/10/07 02:54:24.295, 0 %, 59 MiB, 4096 MiB, 300 MHz, 1.52 W, 51, 0x0000000000000001
2026/10/07 02:54:26.319, 0 %, 59 MiB, 4096 MiB, 300 MHz, 1.47 W, 51, 0x0000000000000001
2026/10/07 02:54:28.343, 0 %, 59 MiB, 4096 MiB, 300 MHz, 1.47 W, 51, 0x0000000000000001
2026/10/07 02:54:30.365, 0 %, 59 MiB, 4096 MiB, 300 MHz, 1.61 W, 51, 0x0000000000000001
2026/10/07 02:54:32.390, 0 %, 59 MiB, 4096 MiB, 300 MHz, 1.53 W, 51, 0x0000000000000001
2026/10/07 02:54:34.413, 0 %, 59 MiB, 4096 MiB, 300 MHz, 1.58 W, 51, 0x0000000000000001
2026/10/07 02:54:36.436, 0 %, 59 MiB, 4096 MiB, 300 MHz, 1.60 W, 51, 0x0000000000000001
2026/10/07 02:54:38.462, 0 %, 59 MiB, 4096 MiB, 300 MHz, 1.91 W, 51, 0x0000000000000001
2026/10/07 02:54:40.483, 0 %, 59 MiB, 4096 MiB, 300 MHz, 1.62 W, 51, 0x0000000000000001
2026/10/07 02:54:42.506, 0 %, 59 MiB, 4096 MiB, 300 MHz, 1.61 W, 51, 0x0000000000000001
2026/10/07 02:54:44.530, 0 %, 59 MiB, 4096 MiB, 300 MHz, 1.68 W, 51, 0x0000000000000001
2026/10/07 02:54:46.552, 0 %, 59 MiB, 4096 MiB, 300 MHz, 1.56 W, 51, 0x0000000000000001
2026/10/07 02:54:48.579, 0 %, 59 MiB, 4096 MiB, 300 MHz, 1.66 W, 51, 0x0000000000000001
2026/10/07 02:54:50.600, 0 %, 59 MiB, 4096 MiB, 300 MHz, 1.54 W, 51, 0x0000000000000001
2026/10/07 02:54:52.624, 0 %, 58 MiB, 4096 MiB, 300 MHz, 1.56 W, 51, 0x0000000000000001
2026/10/07 02:54:54.646, 0 %, 58 MiB, 4096 MiB, 300 MHz, 1.55 W, 51, 0x0000000000000001
2026/10/07 02:54:56.670, 0 %, 58 MiB, 4096 MiB, 300 MHz, 1.56 W, 51, 0x0000000000000001
2026/10/07 02:54:58.691, 0 %, 58 MiB, 4096 MiB, 300 MHz, 1.63 W, 51, 0x0000000000000001
2026/10/07 02:55:00.716, 0 %, 58 MiB, 4096 MiB, 300 MHz, 1.58 W, 51, 0x0000000000000001
2026/10/07 02:55:02.740, 0 %, 58 MiB, 4096 MiB, 300 MHz, 1.51 W, 51, 0x0000000000000001
2026/10/07 02:55:04.765, 0 %, 58 MiB, 4096 MiB, 300 MHz, 1.53 W, 51, 0x0000000000000001
2026/10/07 02:55:06.790, 0 %, 58 MiB, 4096 MiB, 300 MHz, 1.76 W, 51, 0x0000000000000001
2026/10/07 02:55:08.812, 0 %, 58 MiB, 4096 MiB, 300 MHz, 1.58 W, 51, 0x0000000000000001
2026/10/07 02:55:10.837, 0 %, 58 MiB, 4096 MiB, 300 MHz, 1.56 W, 51, 0x0000000000000001
2026/10/07 02:55:12.860, 0 %, 58 MiB, 4096 MiB, 300 MHz, 1.58 W, 51, 0x0000000000000001
2026/10/07 02:55:14.881, 0 %, 58 MiB, 4096 MiB, 300 MHz, 1.52 W, 51, 0x0000000000000001
2026/10/07 02:55:16.904, 0 %, 58 MiB, 4096 MiB, 300 MHz, 1.69 W, 51, 0x0000000000000001
2026/10/07 02:55:18.929, 0 %, 58 MiB, 4096 MiB, 300 MHz, 1.33 W, 51, 0x0000000000000001
2026/10/07 02:55:20.952, 0 %, 58 MiB, 4096 MiB, 300 MHz, 1.47 W, 51, 0x0000000000000001
2026/10/07 02:55:22.974, 0 %, 58 MiB, 4096 MiB, 300 MHz, 1.50 W, 51, 0x0000000000000001
2026/10/07 02:55:24.997, 0 %, 58 MiB, 4096 MiB, 300 MHz, 2.01 W, 51, 0x0000000000000001
2026/10/07 02:55:27.019, 0 %, 58 MiB, 4096 MiB, 300 MHz, 1.53 W, 51, 0x0000000000000001
2026/10/07 02:55:29.044, 0 %, 58 MiB, 4096 MiB, 300 MHz, 1.59 W, 51, 0x0000000000000001
2026/10/07 02:55:31.066, 0 %, 58 MiB, 4096 MiB, 300 MHz, 1.59 W, 51, 0x0000000000000001
2026/10/07 02:55:33.089, 0 %, 58 MiB, 4096 MiB, 300 MHz, 1.51 W, 51, 0x0000000000000001
2026/10/07 02:55:35.111, 0 %, 58 MiB, 4096 MiB, 300 MHz, 1.79 W, 51, 0x0000000000000001
2026/10/07 02:55:37.132, 0 %, 58 MiB, 4096 MiB, 300 MHz, 1.48 W, 51, 0x0000000000000001
2026/10/07 02:55:39.157, 0 %, 58 MiB, 4096 MiB, 300 MHz, 1.57 W, 51, 0x0000000000000001
2026/10/07 02:55:41.179, 0 %, 58 MiB, 4096 MiB, 300 MHz, 1.49 W, 51, 0x0000000000000001
2026/10/07 02:55:43.203, 0 %, 58 MiB, 4096 MiB, 300 MHz, 1.49 W, 51, 0x0000000000000001
2026/10/07 02:55:45.227, 0 %, 58 MiB, 4096 MiB, 300 MHz, 1.65 W, 51, 0x0000000000000001
2026/10/07 02:55:47.249, 0 %, 58 MiB, 4096 MiB, 300 MHz, 1.55 W, 51, 0x0000000000000001
2026/10/07 02:55:49.271, 0 %, 58 MiB, 4096 MiB, 300 MHz, 1.58 W, 51, 0x0000000000000001
2026/10/07 02:55:51.294, 0 %, 58 MiB, 4096 MiB, 300 MHz, 1.56 W, 51, 0x0000000000000001
2026/10/07 02:55:53.317, 0 %, 58 MiB, 4096 MiB, 300 MHz, 1.55 W, 51, 0x0000000000000001
2026/10/07 02:55:55.340, 0 %, 58 MiB, 4096 MiB, 300 MHz, 1.50 W, 51, 0x0000000000000001
2026/10/07 02:55:57.364, 0 %, 58 MiB, 4096 MiB, 300 MHz, 1.48 W, 51, 0x0000000000000001
2026/10/07 02:55:59.389, 0 %, 58 MiB, 4096 MiB, 300 MHz, 1.53 W, 51, 0x0000000000000001
2026/10/07 02:56:01.415, 0 %, 58 MiB, 4096 MiB, 300 MHz, 1.50 W, 51, 0x0000000000000001
2026/10/07 02:56:03.439, 0 %, 58 MiB, 4096 MiB, 300 MHz, 1.80 W, 51, 0x0000000000000001
2026/10/07 02:56:05.461, 0 %, 58 MiB, 4096 MiB, 300 MHz, 1.60 W, 51, 0x0000000000000001
2026/10/07 02:56:07.485, 0 %, 58 MiB, 4096 MiB, 300 MHz, 1.62 W, 51, 0x0000000000000001
2026/10/07 02:56:09.507, 0 %, 58 MiB, 4096 MiB, 300 MHz, 1.49 W, 51, 0x0000000000000001
2026/10/07 02:56:11.534, 0 %, 58 MiB, 4096 MiB, 300 MHz, 1.55 W, 51, 0x0000000000000001
2026/10/07 02:56:13.556, 0 %, 58 MiB, 4096 MiB, 300 MHz, 1.62 W, 51, 0x0000000000000001
2026/10/07 02:56:15.579, 0 %, 58 MiB, 4096 MiB, 300 MHz, 1.65 W, 51, 0x0000000000000001
2026/10/07 02:56:17.602, 0 %, 58 MiB, 4096 MiB, 300 MHz, 1.69 W, 51, 0x0000000000000001
2026/10/07 02:56:19.626, 0 %, 58 MiB, 4096 MiB, 300 MHz, 1.58 W, 51, 0x0000000000000001
2026/10/07 02:56:21.648, 0 %, 58 MiB, 4096 MiB, 300 MHz, 1.93 W, 51, 0x0000000000000001
2026/10/07 02:56:23.670, 0 %, 58 MiB, 4096 MiB, 300 MHz, 1.55 W, 51, 0x0000000000000001
2026/10/07 02:56:25.694, 0 %, 58 MiB, 4096 MiB, 300 MHz, 1.53 W, 51, 0x0000000000000001
2026/10/07 02:56:27.717, 0 %, 58 MiB, 4096 MiB, 300 MHz, 1.53 W, 51, 0x0000000000000001
2026/10/07 02:56:29.739, 0 %, 58 MiB, 4096 MiB, 300 MHz, 1.51 W, 51, 0x0000000000000001
2026/10/07 02:56:31.763, 0 %, 58 MiB, 4096 MiB, 300 MHz, 1.64 W, 51, 0x0000000000000001
2026/10/07 02:56:33.788, 0 %, 58 MiB, 4096 MiB, 300 MHz, 1.43 W, 51, 0x0000000000000001
2026/10/07 02:56:35.812, 0 %, 58 MiB, 4096 MiB, 300 MHz, 1.57 W, 51, 0x0000000000000001
2026/10/07 02:56:37.835, 0 %, 58 MiB, 4096 MiB, 300 MHz, 1.56 W, 51, 0x0000000000000001
2026/10/07 02:56:39.860, 0 %, 58 MiB, 4096 MiB, 300 MHz, 1.52 W, 51, 0x0000000000000001
2026/10/07 02:56:41.881, 0 %, 58 MiB, 4096 MiB, 300 MHz, 1.61 W, 51, 0x0000000000000001
2026/10/07 02:56:43.907, 0 %, 58 MiB, 4096 MiB, 300 MHz, 1.58 W, 51, 0x0000000000000001
2026/10/07 02:56:45.931, 0 %, 58 MiB, 4096 MiB, 300 MHz, 1.80 W, 51, 0x0000000000000001
2026/10/07 02:56:47.953, 0 %, 58 MiB, 4096 MiB, 300 MHz, 1.57 W, 51, 0x0000000000000001
2026/10/07 02:56:49.979, 0 %, 58 MiB, 4096 MiB, 300 MHz, 1.72 W, 51, 0x0000000000000001
2026/10/07 02:56:52.003, 0 %, 58 MiB, 4096 MiB, 300 MHz, 1.54 W, 51, 0x0000000000000001
2026/10/07 02:56:54.025, 0 %, 58 MiB, 4096 MiB, 300 MHz, 1.53 W, 51, 0x0000000000000001
2026/10/07 02:56:56.049, 0 %, 58 MiB, 4096 MiB, 300 MHz, 1.53 W, 51, 0x0000000000000001
2026/10/07 02:56:58.074, 0 %, 58 MiB, 4096 MiB, 300 MHz, 1.51 W, 51, 0x0000000000000001
2026/10/07 02:57:00.096, 0 %, 58 MiB, 4096 MiB, 300 MHz, 1.61 W, 51, 0x0000000000000001
2026/10/07 02:57:02.122, 0 %, 58 MiB, 4096 MiB, 300 MHz, 1.53 W, 51, 0x0000000000000001
2026/10/07 02:57:04.144, 0 %, 58 MiB, 4096 MiB, 300 MHz, 1.54 W, 51, 0x0000000000000001
2026/10/07 02:57:06.167, 0 %, 58 MiB, 4096 MiB, 300 MHz, 1.53 W, 51, 0x0000000000000001
2026/10/07 02:57:08.191, 0 %, 58 MiB, 4096 MiB, 300 MHz, 1.68 W, 51, 0x0000000000000001
2026/10/07 02:57:10.213, 0 %, 58 MiB, 4096 MiB, 300 MHz, 1.60 W, 51, 0x0000000000000001
2026/10/07 02:57:12.234, 0 %, 58 MiB, 4096 MiB, 300 MHz, 1.50 W, 51, 0x0000000000000001
2026/10/07 02:57:14.258, 0 %, 58 MiB, 4096 MiB, 300 MHz, 1.51 W, 51, 0x0000000000000001
2026/10/07 02:57:16.283, 0 %, 58 MiB, 4096 MiB, 300 MHz, 1.50 W, 51, 0x0000000000000001
2026/10/07 02:57:18.306, 0 %, 58 MiB, 4096 MiB, 300 MHz, 1.65 W, 51, 0x0000000000000001
2026/10/07 02:57:20.328, 0 %, 58 MiB, 4096 MiB, 300 MHz, 1.53 W, 51, 0x0000000000000001
2026/10/07 02:57:22.353, 0 %, 58 MiB, 4096 MiB, 300 MHz, 1.51 W, 51, 0x0000000000000001
2026/10/07 02:57:24.375, 0 %, 58 MiB, 4096 MiB, 300 MHz, 1.49 W, 51, 0x0000000000000001
2026/10/07 02:57:26.399, 0 %, 58 MiB, 4096 MiB, 300 MHz, 1.89 W, 52, 0x0000000000000001
2026/10/07 02:57:28.437, 0 %, 58 MiB, 4096 MiB, 300 MHz, 1.47 W, 51, 0x0000000000000001
2026/10/07 02:57:30.462, 0 %, 58 MiB, 4096 MiB, 300 MHz, 1.50 W, 51, 0x0000000000000001
2026/10/07 02:57:32.484, 0 %, 58 MiB, 4096 MiB, 300 MHz, 1.44 W, 51, 0x0000000000000001
2026/10/07 02:57:34.505, 0 %, 58 MiB, 4096 MiB, 300 MHz, 1.25 W, 51, 0x0000000000000001
2026/10/07 02:57:36.530, 0 %, 58 MiB, 4096 MiB, 300 MHz, 1.55 W, 51, 0x0000000000000001
2026/10/07 02:57:38.552, 0 %, 58 MiB, 4096 MiB, 300 MHz, 1.47 W, 51, 0x0000000000000001
2026/10/07 02:57:40.574, 0 %, 58 MiB, 4096 MiB, 300 MHz, 1.54 W, 51, 0x0000000000000001
2026/10/07 02:57:42.599, 0 %, 58 MiB, 4096 MiB, 300 MHz, 1.59 W, 51, 0x0000000000000001
2026/10/07 02:57:44.624, 0 %, 58 MiB, 4096 MiB, 300 MHz, 1.75 W, 51, 0x0000000000000001
2026/10/07 02:57:46.646, 0 %, 58 MiB, 4096 MiB, 300 MHz, 1.58 W, 51, 0x0000000000000001
2026/10/07 02:57:48.672, 0 %, 58 MiB, 4096 MiB, 300 MHz, 1.51 W, 52, 0x0000000000000001
2026/10/07 02:57:50.693, 0 %, 58 MiB, 4096 MiB, 300 MHz, 1.46 W, 51, 0x0000000000000001
2026/10/07 02:57:52.716, 0 %, 58 MiB, 4096 MiB, 300 MHz, 1.52 W, 51, 0x0000000000000001
2026/10/07 02:57:54.738, 0 %, 58 MiB, 4096 MiB, 300 MHz, 1.77 W, 52, 0x0000000000000001
2026/10/07 02:57:56.762, 0 %, 58 MiB, 4096 MiB, 300 MHz, 1.59 W, 51, 0x0000000000000001
2026/10/07 02:57:58.783, 0 %, 58 MiB, 4096 MiB, 300 MHz, 1.66 W, 51, 0x0000000000000001
2026/10/07 02:58:00.808, 0 %, 58 MiB, 4096 MiB, 300 MHz, 1.70 W, 52, 0x0000000000000001
2026/10/07 02:58:02.830, 0 %, 58 MiB, 4096 MiB, 300 MHz, 1.60 W, 52, 0x0000000000000001
2026/10/07 02:58:04.853, 0 %, 58 MiB, 4096 MiB, 300 MHz, 1.62 W, 51, 0x0000000000000001
2026/10/07 02:58:06.875, 0 %, 58 MiB, 4096 MiB, 300 MHz, 1.56 W, 52, 0x0000000000000001
2026/10/07 02:58:08.900, 0 %, 58 MiB, 4096 MiB, 300 MHz, 1.44 W, 52, 0x0000000000000001
2026/10/07 02:58:10.922, 0 %, 58 MiB, 4096 MiB, 300 MHz, 1.55 W, 52, 0x0000000000000001
2026/10/07 02:58:12.947, 0 %, 58 MiB, 4096 MiB, 300 MHz, 1.81 W, 51, 0x0000000000000001
2026/10/07 02:58:14.971, 0 %, 58 MiB, 4096 MiB, 300 MHz, 1.58 W, 52, 0x0000000000000001
2026/10/07 02:58:16.992, 0 %, 58 MiB, 4096 MiB, 300 MHz, 1.62 W, 51, 0x0000000000000001
2026/10/07 02:58:19.016, 0 %, 58 MiB, 4096 MiB, 300 MHz, 1.58 W, 51, 0x0000000000000001
2026/10/07 02:58:21.038, 0 %, 58 MiB, 4096 MiB, 300 MHz, 1.44 W, 51, 0x0000000000000001
2026/10/07 02:58:23.061, 0 %, 58 MiB, 4096 MiB, 300 MHz, 1.71 W, 51, 0x0000000000000001
2026/10/07 02:58:25.085, 0 %, 58 MiB, 4096 MiB, 300 MHz, 1.52 W, 52, 0x0000000000000001
2026/10/07 02:58:27.107, 0 %, 58 MiB, 4096 MiB, 300 MHz, 1.51 W, 52, 0x0000000000000001
2026/10/07 02:58:29.130, 0 %, 58 MiB, 4096 MiB, 300 MHz, 1.49 W, 52, 0x0000000000000001
2026/10/07 02:58:31.152, 0 %, 58 MiB, 4096 MiB, 300 MHz, 1.52 W, 51, 0x0000000000000001
2026/10/07 02:58:33.177, 0 %, 58 MiB, 4096 MiB, 300 MHz, 1.57 W, 52, 0x0000000000000001
2026/10/07 02:58:35.202, 0 %, 58 MiB, 4096 MiB, 300 MHz, 1.60 W, 52, 0x0000000000000001
2026/10/07 02:58:37.226, 0 %, 58 MiB, 4096 MiB, 300 MHz, 1.62 W, 51, 0x0000000000000001
2026/10/07 02:58:39.248, 0 %, 58 MiB, 4096 MiB, 300 MHz, 1.33 W, 52, 0x0000000000000001
2026/10/07 02:58:41.269, 0 %, 58 MiB, 4096 MiB, 300 MHz, 1.95 W, 52, 0x0000000000000001
2026/10/07 02:58:43.291, 0 %, 58 MiB, 4096 MiB, 300 MHz, 1.55 W, 52, 0x0000000000000001
2026/10/07 02:58:45.314, 0 %, 58 MiB, 4096 MiB, 300 MHz, 1.53 W, 52, 0x0000000000000001
2026/10/07 02:58:47.339, 0 %, 58 MiB, 4096 MiB, 300 MHz, 1.53 W, 52, 0x0000000000000001
2026/10/07 02:58:49.374, 0 %, 58 MiB, 4096 MiB, 300 MHz, 2.05 W, 52, 0x0000000000000001
2026/10/07 02:58:51.395, 0 %, 58 MiB, 4096 MiB, 300 MHz, 1.56 W, 52, 0x0000000000000001
2026/10/07 02:58:53.420, 0 %, 58 MiB, 4096 MiB, 300 MHz, 1.55 W, 52, 0x0000000000000001
2026/10/07 02:58:55.442, 0 %, 58 MiB, 4096 MiB, 300 MHz, 1.58 W, 52, 0x0000000000000001
2026/10/07 02:58:57.467, 0 %, 58 MiB, 4096 MiB, 300 MHz, 1.55 W, 51, 0x0000000000000001
2026/10/07 02:58:59.489, 0 %, 58 MiB, 4096 MiB, 300 MHz, 1.84 W, 52, 0x0000000000000001
2026/10/07 02:59:01.512, 0 %, 58 MiB, 4096 MiB, 300 MHz, 1.43 W, 52, 0x0000000000000001
2026/10/07 02:59:03.539, 0 %, 58 MiB, 4096 MiB, 300 MHz, 1.47 W, 51, 0x0000000000000001
2026/10/07 02:59:05.561, 0 %, 58 MiB, 4096 MiB, 300 MHz, 1.53 W, 52, 0x0000000000000001
2026/10/07 02:59:07.583, 0 %, 58 MiB, 4096 MiB, 300 MHz, 1.51 W, 52, 0x0000000000000001
2026/10/07 02:59:09.607, 0 %, 58 MiB, 4096 MiB, 300 MHz, 1.75 W, 51, 0x0000000000000001
2026/10/07 02:59:11.629, 0 %, 58 MiB, 4096 MiB, 300 MHz, 1.69 W, 51, 0x0000000000000001
2026/10/07 02:59:13.654, 0 %, 58 MiB, 4096 MiB, 300 MHz, 1.59 W, 52, 0x0000000000000001
2026/10/07 02:59:15.675, 0 %, 58 MiB, 4096 MiB, 300 MHz, 1.60 W, 52, 0x0000000000000001
2026/10/07 02:59:17.697, 0 %, 58 MiB, 4096 MiB, 300 MHz, 2.00 W, 52, 0x0000000000000001
2026/10/07 02:59:19.720, 0 %, 58 MiB, 4096 MiB, 300 MHz, 1.47 W, 52, 0x0000000000000001
2026/10/07 02:59:21.742, 0 %, 58 MiB, 4096 MiB, 300 MHz, 1.55 W, 52, 0x0000000000000001
2026/10/07 02:59:23.767, 0 %, 58 MiB, 4096 MiB, 300 MHz, 1.52 W, 51, 0x0000000000000001
2026/10/07 02:59:25.788, 0 %, 58 MiB, 4096 MiB, 300 MHz, 1.53 W, 52, 0x0000000000000001
2026/10/07 02:59:27.811, 0 %, 58 MiB, 4096 MiB, 300 MHz, 1.97 W, 52, 0x0000000000000001
2026/10/07 02:59:29.836, 0 %, 58 MiB, 4096 MiB, 300 MHz, 1.67 W, 52, 0x0000000000000001
2026/10/07 02:59:31.860, 0 %, 58 MiB, 4096 MiB, 300 MHz, 1.67 W, 52, 0x0000000000000001
2026/10/07 02:59:33.887, 0 %, 58 MiB, 4096 MiB, 300 MHz, 1.64 W, 52, 0x0000000000000001
2026/10/07 02:59:35.909, 0 %, 58 MiB, 4096 MiB, 300 MHz, 1.62 W, 52, 0x0000000000000001
2026/10/07 02:59:37.933, 0 %, 58 MiB, 4096 MiB, 300 MHz, 1.59 W, 52, 0x0000000000000001
2026/10/07 02:59:39.957, 0 %, 58 MiB, 4096 MiB, 300 MHz, 1.57 W, 52, 0x0000000000000001
2026/10/07 02:59:41.978, 0 %, 58 MiB, 4096 MiB, 300 MHz, 1.60 W, 52, 0x0000000000000001
2026/10/07 02:59:44.000, 0 %, 58 MiB, 4096 MiB, 300 MHz, 1.59 W, 52, 0x0000000000000001
2026/10/07 02:59:46.022, 0 %, 58 MiB, 4096 MiB, 300 MHz, 2.03 W, 52, 0x0000000000000001
2026/10/07 02:59:48.046, 0 %, 58 MiB, 4096 MiB, 300 MHz, 1.55 W, 51, 0x0000000000000001
2026/10/07 02:59:50.071, 0 %, 58 MiB, 4096 MiB, 300 MHz, 1.59 W, 52, 0x0000000000000001
2026/10/07 02:59:52.096, 0 %, 58 MiB, 4096 MiB, 300 MHz, 1.53 W, 52, 0x0000000000000001
2026/10/07 02:59:54.122, 0 %, 58 MiB, 4096 MiB, 300 MHz, 1.54 W, 52, 0x0000000000000001
2026/10/07 02:59:56.144, 0 %, 58 MiB, 4096 MiB, 300 MHz, 1.67 W, 52, 0x0000000000000001
2026/10/07 02:59:58.166, 0 %, 58 MiB, 4096 MiB, 300 MHz, 1.36 W, 52, 0x0000000000000001
2026/10/07 03:00:00.190, 0 %, 58 MiB, 4096 MiB, 300 MHz, 1.57 W, 52, 0x0000000000000001
2026/10/07 03:00:02.214, 0 %, 58 MiB, 4096 MiB, 300 MHz, 1.50 W, 52, 0x0000000000000001
2026/10/07 03:00:04.235, 0 %, 58 MiB, 4096 MiB, 300 MHz, 1.50 W, 52, 0x0000000000000001
2026/10/07 03:00:06.257, 0 %, 58 MiB, 4096 MiB, 300 MHz, 1.72 W, 52, 0x0000000000000001
2026/10/07 03:00:08.278, 0 %, 58 MiB, 4096 MiB, 300 MHz, 1.53 W, 52, 0x0000000000000001
2026/10/07 03:00:10.300, 0 %, 58 MiB, 4096 MiB, 300 MHz, 1.58 W, 51, 0x0000000000000001
2026/10/07 03:00:12.322, 0 %, 58 MiB, 4096 MiB, 300 MHz, 1.55 W, 52, 0x0000000000000001
2026/10/07 03:00:14.346, 0 %, 58 MiB, 4096 MiB, 300 MHz, 1.45 W, 52, 0x0000000000000001
2026/10/07 03:00:16.368, 0 %, 58 MiB, 4096 MiB, 300 MHz, 1.49 W, 52, 0x0000000000000001
2026/10/07 03:00:18.391, 0 %, 58 MiB, 4096 MiB, 300 MHz, 1.54 W, 52, 0x0000000000000001
2026/10/07 03:00:20.415, 0 %, 58 MiB, 4096 MiB, 300 MHz, 1.54 W, 51, 0x0000000000000001
2026/10/07 03:00:22.437, 0 %, 58 MiB, 4096 MiB, 300 MHz, 1.53 W, 51, 0x0000000000000001
2026/10/07 03:00:24.462, 0 %, 58 MiB, 4096 MiB, 300 MHz, 1.91 W, 52, 0x0000000000000001
2026/10/07 03:00:26.498, 0 %, 58 MiB, 4096 MiB, 300 MHz, 1.55 W, 51, 0x0000000000000001
2026/10/07 03:00:28.537, 0 %, 58 MiB, 4096 MiB, 300 MHz, 1.58 W, 52, 0x0000000000000001
2026/10/07 03:00:30.559, 0 %, 58 MiB, 4096 MiB, 300 MHz, 1.62 W, 52, 0x0000000000000001
2026/10/07 03:00:32.584, 0 %, 58 MiB, 4096 MiB, 300 MHz, 1.53 W, 51, 0x0000000000000001
2026/10/07 03:00:34.606, 0 %, 58 MiB, 4096 MiB, 300 MHz, 1.54 W, 52, 0x0000000000000001
2026/10/07 03:00:36.631, 0 %, 58 MiB, 4096 MiB, 300 MHz, 1.50 W, 51, 0x0000000000000001
2026/10/07 03:00:38.657, 0 %, 58 MiB, 4096 MiB, 300 MHz, 1.45 W, 52, 0x0000000000000001
2026/10/07 03:00:40.682, 0 %, 58 MiB, 4096 MiB, 300 MHz, 1.88 W, 52, 0x0000000000000001
2026/10/07 03:00:42.704, 0 %, 58 MiB, 4096 MiB, 300 MHz, 1.62 W, 52, 0x0000000000000001
2026/10/07 03:00:44.729, 0 %, 58 MiB, 4096 MiB, 300 MHz, 1.56 W, 52, 0x0000000000000001
2026/10/07 03:00:46.753, 0 %, 58 MiB, 4096 MiB, 300 MHz, 1.55 W, 51, 0x0000000000000001
2026/10/07 03:00:48.780, 0 %, 58 MiB, 4096 MiB, 300 MHz, 1.62 W, 51, 0x0000000000000001
2026/10/07 03:00:50.802, 0 %, 58 MiB, 4096 MiB, 300 MHz, 1.52 W, 52, 0x0000000000000001
2026/10/07 03:00:52.827, 0 %, 58 MiB, 4096 MiB, 300 MHz, 1.50 W, 52, 0x0000000000000001
2026/10/07 03:00:54.851, 0 %, 58 MiB, 4096 MiB, 300 MHz, 1.42 W, 51, 0x0000000000000001
2026/10/07 03:00:56.873, 0 %, 58 MiB, 4096 MiB, 300 MHz, 1.34 W, 52, 0x0000000000000001
2026/10/07 03:00:58.898, 0 %, 58 MiB, 4096 MiB, 300 MHz, 1.93 W, 52, 0x0000000000000001
2026/10/07 03:01:00.920, 0 %, 58 MiB, 4096 MiB, 300 MHz, 1.62 W, 51, 0x0000000000000001
2026/10/07 03:01:02.944, 0 %, 58 MiB, 4096 MiB, 300 MHz, 1.64 W, 52, 0x0000000000000001
2026/10/07 03:01:04.966, 0 %, 58 MiB, 4096 MiB, 300 MHz, 1.65 W, 52, 0x0000000000000001
2026/10/07 03:01:06.990, 0 %, 58 MiB, 4096 MiB, 300 MHz, 1.72 W, 51, 0x0000000000000001
2026/10/07 03:01:09.012, 0 %, 58 MiB, 4096 MiB, 300 MHz, 1.69 W, 52, 0x0000000000000001
2026/10/07 03:01:11.035, 0 %, 58 MiB, 4096 MiB, 300 MHz, 1.54 W, 52, 0x0000000000000001
2026/10/07 03:01:13.060, 0 %, 58 MiB, 4096 MiB, 300 MHz, 1.56 W, 51, 0x0000000000000001
2026/10/07 03:01:15.084, 0 %, 58 MiB, 4096 MiB, 300 MHz, 1.57 W, 52, 0x0000000000000001
2026/10/07 03:01:17.108, 0 %, 58 MiB, 4096 MiB, 300 MHz, 2.02 W, 52, 0x0000000000000001
2026/10/07 03:01:19.130, 0 %, 68 MiB, 4096 MiB, 300 MHz, 1.65 W, 52, 0x0000000000000001
2026/10/07 03:01:21.158, 1 %, 69 MiB, 4096 MiB, 300 MHz, 1.55 W, 52, 0x0000000000000001
2026/10/07 03:01:23.180, 0 %, 60 MiB, 4096 MiB, 300 MHz, 1.56 W, 52, 0x0000000000000001
2026/10/07 03:01:25.202, 0 %, 60 MiB, 4096 MiB, 300 MHz, 1.61 W, 52, 0x0000000000000001
2026/10/07 03:01:27.224, 0 %, 60 MiB, 4096 MiB, 300 MHz, 1.77 W, 51, 0x0000000000000001
2026/10/07 03:01:29.249, 0 %, 60 MiB, 4096 MiB, 300 MHz, 1.54 W, 51, 0x0000000000000001
2026/10/07 03:01:31.271, 0 %, 60 MiB, 4096 MiB, 300 MHz, 1.52 W, 51, 0x0000000000000001
2026/10/07 03:01:33.293, 0 %, 60 MiB, 4096 MiB, 300 MHz, 1.47 W, 51, 0x0000000000000001
2026/10/07 03:01:35.317, 0 %, 60 MiB, 4096 MiB, 300 MHz, 1.51 W, 52, 0x0000000000000001
2026/10/07 03:01:37.339, 0 %, 60 MiB, 4096 MiB, 300 MHz, 1.73 W, 52, 0x0000000000000001
2026/10/07 03:01:39.360, 0 %, 60 MiB, 4096 MiB, 300 MHz, 1.57 W, 51, 0x0000000000000001
2026/10/07 03:01:41.381, 0 %, 60 MiB, 4096 MiB, 300 MHz, 1.57 W, 51, 0x0000000000000001
2026/10/07 03:01:43.406, 0 %, 60 MiB, 4096 MiB, 300 MHz, 1.58 W, 51, 0x0000000000000001
2026/10/07 03:01:45.428, 0 %, 60 MiB, 4096 MiB, 300 MHz, 1.53 W, 52, 0x0000000000000001
2026/10/07 03:01:47.452, 0 %, 60 MiB, 4096 MiB, 300 MHz, 1.63 W, 51, 0x0000000000000001
2026/10/07 03:01:49.476, 0 %, 60 MiB, 4096 MiB, 300 MHz, 1.52 W, 51, 0x0000000000000001
2026/10/07 03:01:51.502, 0 %, 60 MiB, 4096 MiB, 300 MHz, 1.50 W, 52, 0x0000000000000001
2026/10/07 03:01:53.524, 0 %, 60 MiB, 4096 MiB, 300 MHz, 1.52 W, 52, 0x0000000000000001
2026/10/07 03:01:55.545, 0 %, 60 MiB, 4096 MiB, 300 MHz, 1.94 W, 52, 0x0000000000000001
2026/10/07 03:01:57.569, 0 %, 60 MiB, 4096 MiB, 300 MHz, 1.61 W, 52, 0x0000000000000001
2026/10/07 03:01:59.596, 0 %, 60 MiB, 4096 MiB, 300 MHz, 1.60 W, 51, 0x0000000000000001
2026/10/07 03:02:01.618, 0 %, 60 MiB, 4096 MiB, 300 MHz, 1.57 W, 51, 0x0000000000000001
2026/10/07 03:02:03.641, 0 %, 60 MiB, 4096 MiB, 300 MHz, 1.54 W, 51, 0x0000000000000001
2026/10/07 03:02:05.667, 0 %, 60 MiB, 4096 MiB, 300 MHz, 1.62 W, 52, 0x0000000000000001
2026/10/07 03:02:07.689, 0 %, 60 MiB, 4096 MiB, 300 MHz, 1.34 W, 51, 0x0000000000000001
2026/10/07 03:02:09.714, 0 %, 60 MiB, 4096 MiB, 300 MHz, 1.51 W, 52, 0x0000000000000001
2026/10/07 03:02:11.736, 0 %, 60 MiB, 4096 MiB, 300 MHz, 1.56 W, 51, 0x0000000000000001
2026/10/07 03:02:13.760, 0 %, 60 MiB, 4096 MiB, 300 MHz, 1.94 W, 51, 0x0000000000000001
2026/10/07 03:02:15.782, 0 %, 60 MiB, 4096 MiB, 300 MHz, 1.55 W, 51, 0x0000000000000001
2026/10/07 03:02:17.803, 0 %, 60 MiB, 4096 MiB, 300 MHz, 1.57 W, 51, 0x0000000000000001
2026/10/07 03:02:19.826, 0 %, 58 MiB, 4096 MiB, 300 MHz, 1.56 W, 51, 0x0000000000000001
2026/10/07 03:02:21.848, 0 %, 58 MiB, 4096 MiB, 300 MHz, 1.57 W, 51, 0x0000000000000001
2026/10/07 03:02:23.872, 0 %, 58 MiB, 4096 MiB, 300 MHz, 1.78 W, 51, 0x0000000000000001
2026/10/07 03:02:25.897, 0 %, 58 MiB, 4096 MiB, 300 MHz, 1.52 W, 51, 0x0000000000000001
2026/10/07 03:02:27.921, 0 %, 58 MiB, 4096 MiB, 300 MHz, 1.50 W, 51, 0x0000000000000001
2026/10/07 03:02:29.944, 0 %, 58 MiB, 4096 MiB, 300 MHz, 1.52 W, 51, 0x0000000000000001
2026/10/07 03:02:31.966, 0 %, 58 MiB, 4096 MiB, 300 MHz, 1.54 W, 51, 0x0000000000000001
2026/10/07 03:02:33.991, 0 %, 58 MiB, 4096 MiB, 300 MHz, 1.74 W, 51, 0x0000000000000001
2026/10/07 03:02:36.013, 0 %, 58 MiB, 4096 MiB, 300 MHz, 1.65 W, 51, 0x0000000000000001
2026/10/07 03:02:38.037, 0 %, 58 MiB, 4096 MiB, 300 MHz, 1.66 W, 51, 0x0000000000000001
2026/10/07 03:02:40.060, 0 %, 58 MiB, 4096 MiB, 300 MHz, 1.62 W, 51, 0x0000000000000001
2026/10/07 03:02:42.086, 0 %, 58 MiB, 4096 MiB, 300 MHz, 1.98 W, 51, 0x0000000000000001
2026/10/07 03:02:44.108, 0 %, 58 MiB, 4096 MiB, 300 MHz, 1.58 W, 51, 0x0000000000000001
2026/10/07 03:02:46.132, 0 %, 58 MiB, 4096 MiB, 300 MHz, 1.58 W, 51, 0x0000000000000001
2026/10/07 03:02:48.154, 0 %, 58 MiB, 4096 MiB, 300 MHz, 1.60 W, 51, 0x0000000000000001
2026/10/07 03:02:50.176, 0 %, 58 MiB, 4096 MiB, 300 MHz, 1.61 W, 51, 0x0000000000000001
2026/10/07 03:02:52.198, 0 %, 58 MiB, 4096 MiB, 300 MHz, 1.89 W, 51, 0x0000000000000001
2026/10/07 03:02:54.220, 0 %, 58 MiB, 4096 MiB, 300 MHz, 1.61 W, 51, 0x0000000000000001
2026/10/07 03:02:56.245, 0 %, 58 MiB, 4096 MiB, 300 MHz, 1.53 W, 51, 0x0000000000000001
2026/10/07 03:02:58.271, 0 %, 58 MiB, 4096 MiB, 300 MHz, 1.49 W, 51, 0x0000000000000001
2026/10/07 03:03:00.297, 0 %, 58 MiB, 4096 MiB, 300 MHz, 1.51 W, 51, 0x0000000000000001
2026/10/07 03:03:02.318, 0 %, 58 MiB, 4096 MiB, 300 MHz, 1.59 W, 51, 0x0000000000000001
2026/10/07 03:03:04.341, 0 %, 58 MiB, 4096 MiB, 300 MHz, 1.52 W, 51, 0x0000000000000001
2026/10/07 03:03:06.366, 0 %, 58 MiB, 4096 MiB, 300 MHz, 1.55 W, 51, 0x0000000000000001
2026/10/07 03:03:08.388, 0 %, 58 MiB, 4096 MiB, 300 MHz, 1.56 W, 51, 0x0000000000000001
2026/10/07 03:03:10.411, 0 %, 58 MiB, 4096 MiB, 300 MHz, 1.97 W, 51, 0x0000000000000001
2026/10/07 03:03:12.433, 0 %, 58 MiB, 4096 MiB, 300 MHz, 1.62 W, 51, 0x0000000000000001
2026/10/07 03:03:14.457, 0 %, 58 MiB, 4096 MiB, 300 MHz, 1.65 W, 51, 0x0000000000000001
2026/10/07 03:03:16.481, 0 %, 58 MiB, 4096 MiB, 300 MHz, 1.49 W, 51, 0x0000000000000001
2026/10/07 03:03:18.503, 0 %, 58 MiB, 4096 MiB, 300 MHz, 1.52 W, 51, 0x0000000000000001
2026/10/07 03:03:20.527, 0 %, 58 MiB, 4096 MiB, 300 MHz, 1.56 W, 51, 0x0000000000000001
2026/10/07 03:03:22.552, 0 %, 58 MiB, 4096 MiB, 300 MHz, 1.57 W, 51, 0x0000000000000001
2026/10/07 03:03:24.573, 0 %, 58 MiB, 4096 MiB, 300 MHz, 1.57 W, 51, 0x0000000000000001
2026/10/07 03:03:26.596, 0 %, 58 MiB, 4096 MiB, 300 MHz, 1.59 W, 51, 0x0000000000000001
2026/10/07 03:03:28.619, 0 %, 58 MiB, 4096 MiB, 300 MHz, 1.58 W, 51, 0x0000000000000001
2026/10/07 03:03:30.640, 0 %, 58 MiB, 4096 MiB, 300 MHz, 1.65 W, 51, 0x0000000000000001
2026/10/07 03:03:32.662, 0 %, 58 MiB, 4096 MiB, 300 MHz, 1.53 W, 51, 0x0000000000000001
2026/10/07 03:03:34.685, 0 %, 58 MiB, 4096 MiB, 300 MHz, 1.53 W, 51, 0x0000000000000001
2026/10/07 03:03:36.707, 0 %, 58 MiB, 4096 MiB, 300 MHz, 1.54 W, 51, 0x0000000000000001
2026/10/07 03:03:38.730, 0 %, 58 MiB, 4096 MiB, 300 MHz, 1.51 W, 51, 0x0000000000000001
2026/10/07 03:03:40.754, 0 %, 58 MiB, 4096 MiB, 300 MHz, 1.62 W, 51, 0x0000000000000001
2026/10/07 03:03:42.776, 0 %, 58 MiB, 4096 MiB, 300 MHz, 1.61 W, 51, 0x0000000000000001
2026/10/07 03:03:44.801, 0 %, 58 MiB, 4096 MiB, 300 MHz, 1.56 W, 51, 0x0000000000000001
2026/10/07 03:03:46.822, 0 %, 58 MiB, 4096 MiB, 300 MHz, 1.53 W, 51, 0x0000000000000001
2026/10/07 03:03:48.844, 0 %, 58 MiB, 4096 MiB, 300 MHz, 1.93 W, 51, 0x0000000000000001
2026/10/07 03:03:50.867, 0 %, 58 MiB, 4096 MiB, 300 MHz, 1.47 W, 51, 0x0000000000000001
2026/10/07 03:03:52.890, 0 %, 58 MiB, 4096 MiB, 300 MHz, 1.51 W, 51, 0x0000000000000001
2026/10/07 03:03:54.913, 0 %, 58 MiB, 4096 MiB, 300 MHz, 1.51 W, 51, 0x0000000000000001
2026/10/07 03:03:56.934, 0 %, 58 MiB, 4096 MiB, 300 MHz, 1.57 W, 51, 0x0000000000000001
2026/10/07 03:03:58.957, 0 %, 58 MiB, 4096 MiB, 300 MHz, 1.84 W, 51, 0x0000000000000001
2026/10/07 03:04:00.982, 0 %, 58 MiB, 4096 MiB, 300 MHz, 1.53 W, 51, 0x0000000000000001
2026/10/07 03:04:03.003, 0 %, 58 MiB, 4096 MiB, 300 MHz, 1.54 W, 51, 0x0000000000000001
2026/10/07 03:04:05.025, 0 %, 58 MiB, 4096 MiB, 300 MHz, 1.54 W, 51, 0x0000000000000001
2026/10/07 03:04:07.049, 0 %, 58 MiB, 4096 MiB, 300 MHz, 1.59 W, 51, 0x0000000000000001
2026/10/07 03:04:09.070, 0 %, 58 MiB, 4096 MiB, 300 MHz, 1.81 W, 51, 0x0000000000000001
2026/10/07 03:04:11.094, 0 %, 58 MiB, 4096 MiB, 300 MHz, 1.58 W, 51, 0x0000000000000001
2026/10/07 03:04:13.115, 0 %, 58 MiB, 4096 MiB, 300 MHz, 1.59 W, 51, 0x0000000000000001
2026/10/07 03:04:15.139, 0 %, 58 MiB, 4096 MiB, 300 MHz, 1.61 W, 51, 0x0000000000000001
2026/10/07 03:04:17.164, 0 %, 58 MiB, 4096 MiB, 300 MHz, 1.57 W, 51, 0x0000000000000001
2026/10/07 03:04:19.186, 0 %, 58 MiB, 4096 MiB, 300 MHz, 1.72 W, 51, 0x0000000000000001
2026/10/07 03:04:21.208, 0 %, 58 MiB, 4096 MiB, 300 MHz, 1.62 W, 51, 0x0000000000000001
2026/10/07 03:04:23.229, 0 %, 58 MiB, 4096 MiB, 300 MHz, 1.62 W, 51, 0x0000000000000001
2026/10/07 03:04:25.256, 0 %, 58 MiB, 4096 MiB, 300 MHz, 1.68 W, 51, 0x0000000000000001
2026/10/07 03:04:27.280, 0 %, 58 MiB, 4096 MiB, 300 MHz, 1.73 W, 51, 0x0000000000000001
2026/10/07 03:04:29.305, 0 %, 58 MiB, 4096 MiB, 300 MHz, 1.51 W, 51, 0x0000000000000001
2026/10/07 03:04:31.330, 0 %, 58 MiB, 4096 MiB, 300 MHz, 1.49 W, 51, 0x0000000000000001
2026/10/07 03:04:33.352, 0 %, 58 MiB, 4096 MiB, 300 MHz, 1.66 W, 51, 0x0000000000000001
2026/10/07 03:04:35.377, 0 %, 58 MiB, 4096 MiB, 300 MHz, 1.48 W, 51, 0x0000000000000001
2026/10/07 03:04:37.401, 0 %, 58 MiB, 4096 MiB, 300 MHz, 1.61 W, 51, 0x0000000000000001
2026/10/07 03:04:39.423, 0 %, 58 MiB, 4096 MiB, 300 MHz, 1.52 W, 51, 0x0000000000000001
2026/10/07 03:04:41.445, 0 %, 58 MiB, 4096 MiB, 300 MHz, 1.56 W, 51, 0x0000000000000001
2026/10/07 03:04:43.469, 0 %, 58 MiB, 4096 MiB, 300 MHz, 1.58 W, 51, 0x0000000000000001
2026/10/07 03:04:45.491, 0 %, 58 MiB, 4096 MiB, 300 MHz, 1.84 W, 51, 0x0000000000000001
2026/10/07 03:04:47.516, 0 %, 58 MiB, 4096 MiB, 300 MHz, 1.53 W, 51, 0x0000000000000001
2026/10/07 03:04:49.541, 0 %, 58 MiB, 4096 MiB, 300 MHz, 1.54 W, 51, 0x0000000000000001
2026/10/07 03:04:51.563, 0 %, 58 MiB, 4096 MiB, 300 MHz, 1.49 W, 51, 0x0000000000000001
2026/10/07 03:04:53.586, 0 %, 58 MiB, 4096 MiB, 300 MHz, 1.45 W, 51, 0x0000000000000001
2026/10/07 03:04:55.609, 0 %, 58 MiB, 4096 MiB, 300 MHz, 1.80 W, 51, 0x0000000000000001
2026/10/07 03:04:57.633, 0 %, 58 MiB, 4096 MiB, 300 MHz, 1.53 W, 51, 0x0000000000000001
2026/10/07 03:04:59.655, 0 %, 58 MiB, 4096 MiB, 300 MHz, 1.57 W, 51, 0x0000000000000001
2026/10/07 03:05:01.680, 0 %, 58 MiB, 4096 MiB, 300 MHz, 1.58 W, 51, 0x0000000000000001
2026/10/07 03:05:03.701, 0 %, 58 MiB, 4096 MiB, 300 MHz, 1.58 W, 51, 0x0000000000000001
2026/10/07 03:05:05.724, 0 %, 58 MiB, 4096 MiB, 300 MHz, 1.62 W, 51, 0x0000000000000001
2026/10/07 03:05:07.750, 0 %, 58 MiB, 4096 MiB, 300 MHz, 1.49 W, 51, 0x0000000000000001
2026/10/07 03:05:09.772, 0 %, 58 MiB, 4096 MiB, 300 MHz, 1.47 W, 51, 0x0000000000000001
2026/10/07 03:05:11.795, 0 %, 58 MiB, 4096 MiB, 300 MHz, 1.49 W, 51, 0x0000000000000001
2026/10/07 03:05:13.817, 0 %, 58 MiB, 4096 MiB, 300 MHz, 1.92 W, 51, 0x0000000000000001
2026/10/07 03:05:15.841, 0 %, 58 MiB, 4096 MiB, 300 MHz, 1.54 W, 51, 0x0000000000000001
2026/10/07 03:05:17.863, 0 %, 58 MiB, 4096 MiB, 300 MHz, 1.58 W, 51, 0x0000000000000001
2026/10/07 03:05:19.885, 0 %, 58 MiB, 4096 MiB, 300 MHz, 1.64 W, 51, 0x0000000000000001
2026/10/07 03:05:21.911, 0 %, 58 MiB, 4096 MiB, 300 MHz, 1.62 W, 51, 0x0000000000000001
2026/10/07 03:05:23.933, 0 %, 58 MiB, 4096 MiB, 300 MHz, 1.78 W, 51, 0x0000000000000001
2026/10/07 03:05:25.955, 0 %, 58 MiB, 4096 MiB, 300 MHz, 1.50 W, 51, 0x0000000000000001
2026/10/07 03:05:27.979, 0 %, 58 MiB, 4096 MiB, 300 MHz, 1.48 W, 51, 0x0000000000000001
2026/10/07 03:05:30.001, 0 %, 58 MiB, 4096 MiB, 300 MHz, 1.50 W, 51, 0x0000000000000001
2026/10/07 03:05:32.022, 0 %, 58 MiB, 4096 MiB, 300 MHz, 1.48 W, 51, 0x0000000000000001
2026/10/07 03:05:34.047, 0 %, 58 MiB, 4096 MiB, 300 MHz, 1.72 W, 51, 0x0000000000000001
2026/10/07 03:05:36.071, 0 %, 58 MiB, 4096 MiB, 300 MHz, 1.55 W, 51, 0x0000000000000001
2026/10/07 03:05:38.093, 0 %, 58 MiB, 4096 MiB, 300 MHz, 1.64 W, 51, 0x0000000000000001
2026/10/07 03:05:40.118, 0 %, 58 MiB, 4096 MiB, 300 MHz, 1.52 W, 51, 0x0000000000000001
2026/10/07 03:05:42.149, 0 %, 58 MiB, 4096 MiB, 300 MHz, 1.86 W, 51, 0x0000000000000001
2026/10/07 03:05:44.173, 0 %, 58 MiB, 4096 MiB, 300 MHz, 1.58 W, 51, 0x0000000000000001
2026/10/07 03:05:46.195, 0 %, 58 MiB, 4096 MiB, 300 MHz, 1.57 W, 51, 0x0000000000000001
2026/10/07 03:05:48.217, 0 %, 58 MiB, 4096 MiB, 300 MHz, 1.55 W, 51, 0x0000000000000001
2026/10/07 03:05:50.238, 0 %, 58 MiB, 4096 MiB, 300 MHz, 1.64 W, 51, 0x0000000000000001
2026/10/07 03:05:52.261, 0 %, 58 MiB, 4096 MiB, 300 MHz, 1.85 W, 51, 0x0000000000000001
2026/10/07 03:05:54.284, 0 %, 58 MiB, 4096 MiB, 300 MHz, 1.65 W, 51, 0x0000000000000001
2026/10/07 03:05:56.308, 0 %, 58 MiB, 4096 MiB, 300 MHz, 1.65 W, 51, 0x0000000000000001
2026/10/07 03:05:58.333, 0 %, 58 MiB, 4096 MiB, 300 MHz, 1.61 W, 51, 0x0000000000000001
2026/10/07 03:06:00.357, 0 %, 58 MiB, 4096 MiB, 300 MHz, 1.71 W, 51, 0x0000000000000001
2026/10/07 03:06:02.378, 0 %, 58 MiB, 4096 MiB, 300 MHz, 1.53 W, 51, 0x0000000000000001
2026/10/07 03:06:04.402, 0 %, 58 MiB, 4096 MiB, 300 MHz, 1.59 W, 51, 0x0000000000000001
2026/10/07 03:06:06.425, 0 %, 58 MiB, 4096 MiB, 300 MHz, 1.14 W, 51, 0x0000000000000001
2026/10/07 03:06:08.448, 0 %, 58 MiB, 4096 MiB, 300 MHz, 1.53 W, 51, 0x0000000000000001
2026/10/07 03:06:10.470, 0 %, 58 MiB, 4096 MiB, 300 MHz, 1.95 W, 51, 0x0000000000000001
2026/10/07 03:06:12.493, 0 %, 58 MiB, 4096 MiB, 300 MHz, 1.59 W, 51, 0x0000000000000001
2026/10/07 03:06:14.516, 0 %, 58 MiB, 4096 MiB, 300 MHz, 1.57 W, 51, 0x0000000000000001
2026/10/07 03:06:16.538, 0 %, 58 MiB, 4096 MiB, 300 MHz, 1.61 W, 51, 0x0000000000000001
2026/10/07 03:06:18.565, 0 %, 58 MiB, 4096 MiB, 300 MHz, 1.55 W, 51, 0x0000000000000001
2026/10/07 03:06:20.586, 0 %, 58 MiB, 4096 MiB, 300 MHz, 1.69 W, 51, 0x0000000000000001
2026/10/07 03:06:22.608, 0 %, 58 MiB, 4096 MiB, 300 MHz, 1.48 W, 51, 0x0000000000000001
2026/10/07 03:06:24.631, 0 %, 58 MiB, 4096 MiB, 300 MHz, 1.51 W, 51, 0x0000000000000001
2026/10/07 03:06:26.654, 0 %, 58 MiB, 4096 MiB, 300 MHz, 1.53 W, 51, 0x0000000000000001
2026/10/07 03:06:28.677, 0 %, 58 MiB, 4096 MiB, 300 MHz, 1.49 W, 51, 0x0000000000000001
2026/10/07 03:06:30.700, 0 %, 58 MiB, 4096 MiB, 300 MHz, 1.70 W, 51, 0x0000000000000001
2026/10/07 03:06:32.724, 0 %, 58 MiB, 4096 MiB, 300 MHz, 1.59 W, 51, 0x0000000000000001
2026/10/07 03:06:34.746, 0 %, 58 MiB, 4096 MiB, 300 MHz, 1.53 W, 51, 0x0000000000000001
2026/10/07 03:06:36.769, 0 %, 58 MiB, 4096 MiB, 300 MHz, 1.55 W, 51, 0x0000000000000001
2026/10/07 03:06:38.794, 0 %, 58 MiB, 4096 MiB, 300 MHz, 1.88 W, 51, 0x0000000000000001
2026/10/07 03:06:40.818, 0 %, 58 MiB, 4096 MiB, 300 MHz, 1.45 W, 51, 0x0000000000000001
2026/10/07 03:06:42.842, 0 %, 58 MiB, 4096 MiB, 300 MHz, 1.51 W, 51, 0x0000000000000001
2026/10/07 03:06:44.864, 0 %, 58 MiB, 4096 MiB, 300 MHz, 1.60 W, 51, 0x0000000000000001
2026/10/07 03:06:46.885, 0 %, 58 MiB, 4096 MiB, 300 MHz, 1.52 W, 51, 0x0000000000000001
2026/10/07 03:06:48.908, 0 %, 58 MiB, 4096 MiB, 300 MHz, 1.90 W, 51, 0x0000000000000001
2026/10/07 03:06:50.929, 0 %, 58 MiB, 4096 MiB, 300 MHz, 1.56 W, 51, 0x0000000000000001
2026/10/07 03:06:52.954, 0 %, 58 MiB, 4096 MiB, 300 MHz, 1.55 W, 51, 0x0000000000000001
2026/10/07 03:06:54.979, 0 %, 58 MiB, 4096 MiB, 300 MHz, 1.62 W, 51, 0x0000000000000001
2026/10/07 03:06:57.003, 0 %, 58 MiB, 4096 MiB, 300 MHz, 1.57 W, 51, 0x0000000000000001
2026/10/07 03:06:59.025, 0 %, 58 MiB, 4096 MiB, 300 MHz, 1.67 W, 51, 0x0000000000000001
2026/10/07 03:07:01.046, 0 %, 58 MiB, 4096 MiB, 300 MHz, 1.55 W, 51, 0x0000000000000001
2026/10/07 03:07:03.071, 0 %, 58 MiB, 4096 MiB, 300 MHz, 1.51 W, 51, 0x0000000000000001
2026/10/07 03:07:05.093, 0 %, 58 MiB, 4096 MiB, 300 MHz, 1.47 W, 51, 0x0000000000000001
2026/10/07 03:07:07.117, 0 %, 58 MiB, 4096 MiB, 300 MHz, 1.46 W, 51, 0x0000000000000001
2026/10/07 03:07:09.139, 0 %, 58 MiB, 4096 MiB, 300 MHz, 1.60 W, 51, 0x0000000000000001
2026/10/07 03:07:11.161, 0 %, 58 MiB, 4096 MiB, 300 MHz, 1.58 W, 51, 0x0000000000000001
2026/10/07 03:07:13.184, 0 %, 58 MiB, 4096 MiB, 300 MHz, 1.57 W, 51, 0x0000000000000001
2026/10/07 03:07:15.208, 0 %, 58 MiB, 4096 MiB, 300 MHz, 1.57 W, 51, 0x0000000000000001
2026/10/07 03:07:17.232, 0 %, 58 MiB, 4096 MiB, 300 MHz, 1.97 W, 51, 0x0000000000000001
2026/10/07 03:07:19.254, 0 %, 58 MiB, 4096 MiB, 300 MHz, 1.58 W, 51, 0x0000000000000001
2026/10/07 03:07:21.279, 0 %, 58 MiB, 4096 MiB, 300 MHz, 1.57 W, 51, 0x0000000000000001
2026/10/07 03:07:23.301, 0 %, 58 MiB, 4096 MiB, 300 MHz, 1.56 W, 51, 0x0000000000000001
2026/10/07 03:07:25.323, 0 %, 58 MiB, 4096 MiB, 300 MHz, 1.61 W, 51, 0x0000000000000001
2026/10/07 03:07:27.345, 0 %, 58 MiB, 4096 MiB, 300 MHz, 1.76 W, 51, 0x0000000000000001
2026/10/07 03:07:29.369, 0 %, 58 MiB, 4096 MiB, 300 MHz, 1.57 W, 51, 0x0000000000000001
2026/10/07 03:07:31.394, 0 %, 58 MiB, 4096 MiB, 300 MHz, 1.60 W, 51, 0x0000000000000001
2026/10/07 03:07:33.418, 0 %, 58 MiB, 4096 MiB, 300 MHz, 1.61 W, 51, 0x0000000000000001
2026/10/07 03:07:35.442, 0 %, 58 MiB, 4096 MiB, 300 MHz, 1.58 W, 51, 0x0000000000000001
2026/10/07 03:07:37.464, 0 %, 58 MiB, 4096 MiB, 300 MHz, 1.58 W, 51, 0x0000000000000001
2026/10/07 03:07:39.489, 0 %, 58 MiB, 4096 MiB, 300 MHz, 1.49 W, 51, 0x0000000000000001
2026/10/07 03:07:41.512, 0 %, 58 MiB, 4096 MiB, 300 MHz, 1.47 W, 51, 0x0000000000000001
2026/10/07 03:07:43.534, 0 %, 58 MiB, 4096 MiB, 300 MHz, 1.49 W, 51, 0x0000000000000001
2026/10/07 03:07:45.556, 0 %, 58 MiB, 4096 MiB, 300 MHz, 1.95 W, 51, 0x0000000000000001
2026/10/07 03:07:47.582, 0 %, 58 MiB, 4096 MiB, 300 MHz, 1.55 W, 51, 0x0000000000000001
2026/10/07 03:07:49.603, 0 %, 58 MiB, 4096 MiB, 300 MHz, 1.58 W, 51, 0x0000000000000001
2026/10/07 03:07:51.626, 0 %, 58 MiB, 4096 MiB, 300 MHz, 1.52 W, 51, 0x0000000000000001
2026/10/07 03:07:53.651, 0 %, 58 MiB, 4096 MiB, 300 MHz, 1.51 W, 51, 0x0000000000000001
2026/10/07 03:07:55.674, 0 %, 58 MiB, 4096 MiB, 300 MHz, 1.75 W, 51, 0x0000000000000001
2026/10/07 03:07:57.695, 0 %, 58 MiB, 4096 MiB, 300 MHz, 1.49 W, 51, 0x0000000000000001
2026/10/07 03:07:59.718, 0 %, 58 MiB, 4096 MiB, 300 MHz, 1.53 W, 51, 0x0000000000000001
2026/10/07 03:08:01.739, 1 %, 63 MiB, 4096 MiB, 300 MHz, 1.15 W, 51, 0x0000000000000001
2026/10/07 03:08:03.764, 0 %, 63 MiB, 4096 MiB, 300 MHz, 1.59 W, 51, 0x0000000000000001
2026/10/07 03:08:05.790, 0 %, 55 MiB, 4096 MiB, 300 MHz, 1.63 W, 51, 0x0000000000000001
2026/10/07 03:08:07.812, 0 %, 55 MiB, 4096 MiB, 300 MHz, 1.58 W, 51, 0x0000000000000001
2026/10/07 03:08:09.835, 0 %, 55 MiB, 4096 MiB, 300 MHz, 1.57 W, 51, 0x0000000000000001
2026/10/07 03:08:11.857, 0 %, 55 MiB, 4096 MiB, 300 MHz, 1.53 W, 51, 0x0000000000000001
2026/10/07 03:08:13.883, 0 %, 55 MiB, 4096 MiB, 300 MHz, 1.94 W, 51, 0x0000000000000001
2026/10/07 03:08:15.906, 0 %, 55 MiB, 4096 MiB, 300 MHz, 1.49 W, 51, 0x0000000000000001
2026/10/07 03:08:17.931, 0 %, 55 MiB, 4096 MiB, 300 MHz, 1.51 W, 51, 0x0000000000000001
2026/10/07 03:08:19.953, 0 %, 55 MiB, 4096 MiB, 300 MHz, 1.53 W, 51, 0x0000000000000001
2026/10/07 03:08:21.977, 0 %, 55 MiB, 4096 MiB, 300 MHz, 1.53 W, 51, 0x0000000000000001
2026/10/07 03:08:23.998, 0 %, 55 MiB, 4096 MiB, 300 MHz, 1.83 W, 51, 0x0000000000000001
2026/10/07 03:08:26.021, 0 %, 55 MiB, 4096 MiB, 300 MHz, 1.63 W, 51, 0x0000000000000001
2026/10/07 03:08:28.046, 0 %, 55 MiB, 4096 MiB, 300 MHz, 1.64 W, 51, 0x0000000000000001
2026/10/07 03:08:30.067, 0 %, 55 MiB, 4096 MiB, 300 MHz, 1.60 W, 51, 0x0000000000000001
2026/10/07 03:08:32.093, 0 %, 54 MiB, 4096 MiB, 300 MHz, 1.66 W, 51, 0x0000000000000001
2026/10/07 03:08:34.115, 0 %, 54 MiB, 4096 MiB, 300 MHz, 1.63 W, 51, 0x0000000000000001
2026/10/07 03:08:36.139, 0 %, 54 MiB, 4096 MiB, 300 MHz, 1.48 W, 51, 0x0000000000000001
2026/10/07 03:08:38.160, 0 %, 54 MiB, 4096 MiB, 300 MHz, 1.58 W, 51, 0x0000000000000001
2026/10/07 03:08:40.183, 0 %, 54 MiB, 4096 MiB, 300 MHz, 1.52 W, 51, 0x0000000000000001
2026/10/07 03:08:42.208, 0 %, 54 MiB, 4096 MiB, 300 MHz, 1.49 W, 51, 0x0000000000000001
2026/10/07 03:08:44.229, 0 %, 54 MiB, 4096 MiB, 300 MHz, 1.61 W, 51, 0x0000000000000001
2026/10/07 03:08:46.252, 0 %, 54 MiB, 4096 MiB, 300 MHz, 1.61 W, 51, 0x0000000000000001
2026/10/07 03:08:48.275, 0 %, 54 MiB, 4096 MiB, 300 MHz, 1.68 W, 51, 0x0000000000000001
2026/10/07 03:08:50.298, 0 %, 54 MiB, 4096 MiB, 300 MHz, 1.52 W, 51, 0x0000000000000001
2026/10/07 03:08:52.322, 0 %, 54 MiB, 4096 MiB, 300 MHz, 1.89 W, 51, 0x0000000000000001
2026/10/07 03:08:54.346, 0 %, 54 MiB, 4096 MiB, 300 MHz, 1.57 W, 51, 0x0000000000000001
2026/10/07 03:08:56.370, 0 %, 54 MiB, 4096 MiB, 300 MHz, 1.56 W, 51, 0x0000000000000001
2026/10/07 03:08:58.391, 0 %, 54 MiB, 4096 MiB, 300 MHz, 1.58 W, 51, 0x0000000000000001
2026/10/07 03:09:00.415, 0 %, 54 MiB, 4096 MiB, 300 MHz, 1.52 W, 51, 0x0000000000000001
2026/10/07 03:09:02.440, 0 %, 53 MiB, 4096 MiB, 300 MHz, 1.72 W, 51, 0x0000000000000001
2026/10/07 03:09:04.464, 0 %, 53 MiB, 4096 MiB, 300 MHz, 1.54 W, 51, 0x0000000000000001
2026/10/07 03:09:06.488, 0 %, 53 MiB, 4096 MiB, 300 MHz, 1.51 W, 51, 0x0000000000000001
2026/10/07 03:09:08.510, 0 %, 53 MiB, 4096 MiB, 300 MHz, 1.52 W, 51, 0x0000000000000001
2026/10/07 03:09:10.532, 0 %, 53 MiB, 4096 MiB, 300 MHz, 1.53 W, 51, 0x0000000000000001
2026/10/07 03:09:12.556, 0 %, 53 MiB, 4096 MiB, 300 MHz, 1.50 W, 51, 0x0000000000000001
2026/10/07 03:09:14.580, 0 %, 53 MiB, 4096 MiB, 300 MHz, 1.53 W, 51, 0x0000000000000001
2026/10/07 03:09:16.601, 0 %, 53 MiB, 4096 MiB, 300 MHz, 1.49 W, 51, 0x0000000000000001
2026/10/07 03:09:18.627, 0 %, 53 MiB, 4096 MiB, 300 MHz, 1.50 W, 51, 0x0000000000000001
2026/10/07 03:09:20.649, 0 %, 53 MiB, 4096 MiB, 300 MHz, 1.99 W, 51, 0x0000000000000001
2026/10/07 03:09:22.672, 0 %, 53 MiB, 4096 MiB, 300 MHz, 1.52 W, 51, 0x0000000000000001
2026/10/07 03:09:24.696, 0 %, 53 MiB, 4096 MiB, 300 MHz, 1.49 W, 51, 0x0000000000000001
2026/10/07 03:09:26.718, 0 %, 53 MiB, 4096 MiB, 300 MHz, 1.55 W, 51, 0x0000000000000001
2026/10/07 03:09:28.740, 0 %, 53 MiB, 4096 MiB, 300 MHz, 1.56 W, 51, 0x0000000000000001
2026/10/07 03:09:30.762, 0 %, 53 MiB, 4096 MiB, 300 MHz, 1.73 W, 51, 0x0000000000000001
2026/10/07 03:09:32.787, 0 %, 53 MiB, 4096 MiB, 300 MHz, 1.49 W, 51, 0x0000000000000001
2026/10/07 03:09:34.809, 0 %, 53 MiB, 4096 MiB, 300 MHz, 1.50 W, 51, 0x0000000000000001
2026/10/07 03:09:36.832, 0 %, 53 MiB, 4096 MiB, 300 MHz, 1.47 W, 51, 0x0000000000000001
2026/10/07 03:09:38.854, 0 %, 53 MiB, 4096 MiB, 300 MHz, 1.50 W, 51, 0x0000000000000001
2026/10/07 03:09:40.880, 0 %, 53 MiB, 4096 MiB, 300 MHz, 1.61 W, 51, 0x0000000000000001
2026/10/07 03:09:42.902, 0 %, 53 MiB, 4096 MiB, 300 MHz, 1.53 W, 51, 0x0000000000000001
2026/10/07 03:09:44.926, 0 %, 53 MiB, 4096 MiB, 300 MHz, 1.54 W, 51, 0x0000000000000001
2026/10/07 03:09:46.947, 0 %, 53 MiB, 4096 MiB, 300 MHz, 1.55 W, 51, 0x0000000000000001
2026/10/07 03:09:48.969, 0 %, 53 MiB, 4096 MiB, 300 MHz, 1.54 W, 51, 0x0000000000000001
2026/10/07 03:09:50.992, 0 %, 53 MiB, 4096 MiB, 300 MHz, 1.51 W, 51, 0x0000000000000001
2026/10/07 03:09:53.017, 0 %, 54 MiB, 4096 MiB, 300 MHz, 1.51 W, 51, 0x0000000000000001
2026/10/07 03:09:55.043, 0 %, 61 MiB, 4096 MiB, 300 MHz, 1.54 W, 51, 0x0000000000000001
2026/10/07 03:09:57.065, 0 %, 53 MiB, 4096 MiB, 300 MHz, 1.54 W, 51, 0x0000000000000001
2026/10/07 03:09:59.088, 0 %, 53 MiB, 4096 MiB, 300 MHz, 1.80 W, 51, 0x0000000000000001
2026/10/07 03:10:01.109, 0 %, 53 MiB, 4096 MiB, 300 MHz, 1.51 W, 51, 0x0000000000000001
2026/10/07 03:10:03.131, 0 %, 53 MiB, 4096 MiB, 300 MHz, 1.53 W, 51, 0x0000000000000001
2026/10/07 03:10:05.154, 0 %, 53 MiB, 4096 MiB, 300 MHz, 1.59 W, 51, 0x0000000000000001
2026/10/07 03:10:07.179, 0 %, 53 MiB, 4096 MiB, 300 MHz, 1.60 W, 51, 0x0000000000000001
2026/10/07 03:10:09.201, 0 %, 53 MiB, 4096 MiB, 300 MHz, 1.74 W, 51, 0x0000000000000001
2026/10/07 03:10:11.226, 0 %, 53 MiB, 4096 MiB, 300 MHz, 1.49 W, 51, 0x0000000000000001
2026/10/07 03:10:13.248, 0 %, 53 MiB, 4096 MiB, 300 MHz, 1.27 W, 51, 0x0000000000000001
2026/10/07 03:10:15.272, 0 %, 53 MiB, 4096 MiB, 300 MHz, 1.44 W, 51, 0x0000000000000001
2026/10/07 03:10:17.294, 0 %, 53 MiB, 4096 MiB, 300 MHz, 1.55 W, 51, 0x0000000000000001
2026/10/07 03:10:19.318, 0 %, 53 MiB, 4096 MiB, 300 MHz, 1.54 W, 51, 0x0000000000000001
2026/10/07 03:10:21.343, 0 %, 53 MiB, 4096 MiB, 300 MHz, 1.57 W, 51, 0x0000000000000001
2026/10/07 03:10:23.365, 0 %, 53 MiB, 4096 MiB, 300 MHz, 1.60 W, 51, 0x0000000000000001
2026/10/07 03:10:25.389, 0 %, 52 MiB, 4096 MiB, 300 MHz, 1.51 W, 51, 0x0000000000000001
2026/10/07 03:10:27.413, 0 %, 52 MiB, 4096 MiB, 300 MHz, 1.86 W, 51, 0x0000000000000001
2026/10/07 03:10:29.435, 0 %, 52 MiB, 4096 MiB, 300 MHz, 1.37 W, 51, 0x0000000000000001
2026/10/07 03:10:31.460, 0 %, 52 MiB, 4096 MiB, 300 MHz, 1.50 W, 51, 0x0000000000000001
2026/10/07 03:10:33.483, 0 %, 52 MiB, 4096 MiB, 300 MHz, 1.54 W, 51, 0x0000000000000001
2026/10/07 03:10:35.505, 0 %, 52 MiB, 4096 MiB, 300 MHz, 1.54 W, 51, 0x0000000000000001
2026/10/07 03:10:37.529, 0 %, 52 MiB, 4096 MiB, 300 MHz, 1.75 W, 51, 0x0000000000000001
2026/10/07 03:10:39.554, 0 %, 52 MiB, 4096 MiB, 300 MHz, 1.61 W, 51, 0x0000000000000001
2026/10/07 03:10:41.576, 0 %, 52 MiB, 4096 MiB, 300 MHz, 1.54 W, 51, 0x0000000000000001
2026/10/07 03:10:43.597, 0 %, 52 MiB, 4096 MiB, 300 MHz, 1.52 W, 51, 0x0000000000000001
2026/10/07 03:10:45.620, 0 %, 52 MiB, 4096 MiB, 300 MHz, 1.53 W, 51, 0x0000000000000001
2026/10/07 03:10:47.644, 0 %, 52 MiB, 4096 MiB, 300 MHz, 1.59 W, 51, 0x0000000000000001
2026/10/07 03:10:49.667, 0 %, 52 MiB, 4096 MiB, 300 MHz, 1.55 W, 51, 0x0000000000000001
2026/10/07 03:10:51.690, 0 %, 52 MiB, 4096 MiB, 300 MHz, 1.57 W, 51, 0x0000000000000001
2026/10/07 03:10:53.713, 0 %, 52 MiB, 4096 MiB, 300 MHz, 1.45 W, 51, 0x0000000000000001
2026/10/07 03:10:55.735, 0 %, 52 MiB, 4096 MiB, 300 MHz, 1.47 W, 51, 0x0000000000000001
2026/10/07 03:10:57.756, 0 %, 52 MiB, 4096 MiB, 300 MHz, 1.64 W, 51, 0x0000000000000001
2026/10/07 03:10:59.781, 0 %, 52 MiB, 4096 MiB, 300 MHz, 1.58 W, 51, 0x0000000000000001
2026/10/07 03:11:01.803, 0 %, 52 MiB, 4096 MiB, 300 MHz, 1.57 W, 51, 0x0000000000000001
2026/10/07 03:11:03.825, 0 %, 52 MiB, 4096 MiB, 300 MHz, 1.55 W, 51, 0x0000000000000001
2026/10/07 03:11:05.848, 0 %, 52 MiB, 4096 MiB, 300 MHz, 1.93 W, 51, 0x0000000000000001
2026/10/07 03:11:07.869, 0 %, 52 MiB, 4096 MiB, 300 MHz, 1.51 W, 51, 0x0000000000000001
2026/10/07 03:11:09.893, 0 %, 52 MiB, 4096 MiB, 300 MHz, 1.52 W, 51, 0x0000000000000001
2026/10/07 03:11:11.916, 0 %, 52 MiB, 4096 MiB, 300 MHz, 1.52 W, 51, 0x0000000000000001
2026/10/07 03:11:13.938, 0 %, 52 MiB, 4096 MiB, 300 MHz, 1.51 W, 51, 0x0000000000000001
2026/10/07 03:11:15.961, 0 %, 52 MiB, 4096 MiB, 300 MHz, 1.97 W, 51, 0x0000000000000001
2026/10/07 03:11:17.983, 0 %, 52 MiB, 4096 MiB, 300 MHz, 1.61 W, 51, 0x0000000000000001
2026/10/07 03:11:20.008, 0 %, 52 MiB, 4096 MiB, 300 MHz, 1.60 W, 51, 0x0000000000000001
2026/10/07 03:11:22.030, 0 %, 52 MiB, 4096 MiB, 300 MHz, 1.62 W, 51, 0x0000000000000001
2026/10/07 03:11:24.055, 0 %, 52 MiB, 4096 MiB, 300 MHz, 1.68 W, 51, 0x0000000000000001
2026/10/07 03:11:26.076, 0 %, 52 MiB, 4096 MiB, 300 MHz, 1.71 W, 51, 0x0000000000000001
2026/10/07 03:11:28.099, 0 %, 52 MiB, 4096 MiB, 300 MHz, 1.50 W, 51, 0x0000000000000001
2026/10/07 03:11:30.123, 0 %, 52 MiB, 4096 MiB, 300 MHz, 1.55 W, 51, 0x0000000000000001
2026/10/07 03:11:32.147, 0 %, 52 MiB, 4096 MiB, 300 MHz, 1.46 W, 51, 0x0000000000000001
2026/10/07 03:11:34.168, 0 %, 52 MiB, 4096 MiB, 300 MHz, 1.55 W, 51, 0x0000000000000001
2026/10/07 03:11:36.196, 0 %, 52 MiB, 4096 MiB, 300 MHz, 1.52 W, 51, 0x0000000000000001
2026/10/07 03:11:38.218, 0 %, 52 MiB, 4096 MiB, 300 MHz, 1.53 W, 51, 0x0000000000000001
2026/10/07 03:11:40.239, 0 %, 52 MiB, 4096 MiB, 300 MHz, 1.62 W, 51, 0x0000000000000001
2026/10/07 03:11:42.264, 0 %, 52 MiB, 4096 MiB, 300 MHz, 1.48 W, 51, 0x0000000000000001
2026/10/07 03:11:44.287, 0 %, 52 MiB, 4096 MiB, 300 MHz, 1.84 W, 51, 0x0000000000000001
2026/10/07 03:11:46.310, 0 %, 52 MiB, 4096 MiB, 300 MHz, 1.55 W, 51, 0x0000000000000001
2026/10/07 03:11:48.332, 0 %, 52 MiB, 4096 MiB, 300 MHz, 1.51 W, 51, 0x0000000000000001
2026/10/07 03:11:50.359, 0 %, 52 MiB, 4096 MiB, 300 MHz, 1.23 W, 51, 0x0000000000000001
2026/10/07 03:11:52.383, 0 %, 52 MiB, 4096 MiB, 300 MHz, 1.49 W, 51, 0x0000000000000001
2026/10/07 03:11:54.405, 0 %, 52 MiB, 4096 MiB, 300 MHz, 1.73 W, 51, 0x0000000000000001
2026/10/07 03:11:56.426, 0 %, 52 MiB, 4096 MiB, 300 MHz, 1.56 W, 51, 0x0000000000000001
2026/10/07 03:11:58.450, 0 %, 52 MiB, 4096 MiB, 300 MHz, 1.58 W, 51, 0x0000000000000001
2026/10/07 03:12:00.472, 0 %, 52 MiB, 4096 MiB, 300 MHz, 1.61 W, 51, 0x0000000000000001
2026/10/07 03:12:02.495, 0 %, 52 MiB, 4096 MiB, 300 MHz, 1.53 W, 51, 0x0000000000000001
2026/10/07 03:12:04.520, 0 %, 52 MiB, 4096 MiB, 300 MHz, 1.55 W, 51, 0x0000000000000001
2026/10/07 03:12:06.542, 0 %, 52 MiB, 4096 MiB, 300 MHz, 1.51 W, 51, 0x0000000000000001
2026/10/07 03:12:08.564, 0 %, 52 MiB, 4096 MiB, 300 MHz, 1.49 W, 51, 0x0000000000000001
2026/10/07 03:12:10.589, 0 %, 52 MiB, 4096 MiB, 300 MHz, 1.52 W, 51, 0x0000000000000001
2026/10/07 03:12:12.610, 0 %, 52 MiB, 4096 MiB, 300 MHz, 1.95 W, 51, 0x0000000000000001
2026/10/07 03:12:14.632, 0 %, 52 MiB, 4096 MiB, 300 MHz, 1.65 W, 51, 0x0000000000000001
2026/10/07 03:12:16.658, 0 %, 52 MiB, 4096 MiB, 300 MHz, 1.56 W, 51, 0x0000000000000001
2026/10/07 03:12:18.680, 0 %, 52 MiB, 4096 MiB, 300 MHz, 1.61 W, 51, 0x0000000000000001
2026/10/07 03:12:20.701, 0 %, 52 MiB, 4096 MiB, 300 MHz, 1.53 W, 51, 0x0000000000000001
2026/10/07 03:12:22.725, 0 %, 52 MiB, 4096 MiB, 300 MHz, 1.84 W, 51, 0x0000000000000001
2026/10/07 03:12:24.747, 0 %, 52 MiB, 4096 MiB, 300 MHz, 1.49 W, 51, 0x0000000000000001
2026/10/07 03:12:26.769, 0 %, 52 MiB, 4096 MiB, 300 MHz, 1.49 W, 51, 0x0000000000000001
2026/10/07 03:12:28.794, 0 %, 52 MiB, 4096 MiB, 300 MHz, 1.49 W, 51, 0x0000000000000001
2026/10/07 03:12:30.816, 0 %, 52 MiB, 4096 MiB, 300 MHz, 1.57 W, 51, 0x0000000000000001
2026/10/07 03:12:32.838, 0 %, 52 MiB, 4096 MiB, 300 MHz, 1.78 W, 51, 0x0000000000000001
2026/10/07 03:12:34.862, 0 %, 52 MiB, 4096 MiB, 300 MHz, 1.59 W, 51, 0x0000000000000001
2026/10/07 03:12:36.886, 0 %, 52 MiB, 4096 MiB, 300 MHz, 1.57 W, 51, 0x0000000000000001
2026/10/07 03:12:38.909, 0 %, 52 MiB, 4096 MiB, 300 MHz, 1.51 W, 51, 0x0000000000000001
2026/10/07 03:12:40.931, 0 %, 52 MiB, 4096 MiB, 300 MHz, 1.55 W, 51, 0x0000000000000001
2026/10/07 03:12:42.952, 0 %, 52 MiB, 4096 MiB, 300 MHz, 1.61 W, 51, 0x0000000000000001
2026/10/07 03:12:44.977, 0 %, 52 MiB, 4096 MiB, 300 MHz, 1.54 W, 51, 0x0000000000000001
2026/10/07 03:12:46.999, 0 %, 52 MiB, 4096 MiB, 300 MHz, 1.50 W, 51, 0x0000000000000001
2026/10/07 03:12:49.020, 0 %, 52 MiB, 4096 MiB, 300 MHz, 1.52 W, 51, 0x0000000000000001
2026/10/07 03:12:51.044, 0 %, 52 MiB, 4096 MiB, 300 MHz, 1.98 W, 51, 0x0000000000000001
2026/10/07 03:12:53.069, 0 %, 52 MiB, 4096 MiB, 300 MHz, 1.62 W, 51, 0x0000000000000001
2026/10/07 03:12:55.091, 0 %, 52 MiB, 4096 MiB, 300 MHz, 1.55 W, 51, 0x0000000000000001
2026/10/07 03:12:57.113, 0 %, 52 MiB, 4096 MiB, 300 MHz, 1.56 W, 51, 0x0000000000000001
2026/10/07 03:12:59.148, 0 %, 52 MiB, 4096 MiB, 300 MHz, 1.56 W, 51, 0x0000000000000001
2026/10/07 03:13:01.173, 0 %, 52 MiB, 4096 MiB, 300 MHz, 1.60 W, 51, 0x0000000000000001
2026/10/07 03:13:03.195, 0 %, 52 MiB, 4096 MiB, 300 MHz, 1.55 W, 51, 0x0000000000000001
2026/10/07 03:13:05.222, 0 %, 52 MiB, 4096 MiB, 300 MHz, 1.59 W, 51, 0x0000000000000001
2026/10/07 03:13:07.243, 0 %, 52 MiB, 4096 MiB, 300 MHz, 1.58 W, 51, 0x0000000000000001
2026/10/07 03:13:09.265, 0 %, 52 MiB, 4096 MiB, 300 MHz, 1.97 W, 51, 0x0000000000000001
2026/10/07 03:13:11.288, 0 %, 52 MiB, 4096 MiB, 300 MHz, 1.54 W, 51, 0x0000000000000001
2026/10/07 03:13:13.309, 0 %, 52 MiB, 4096 MiB, 300 MHz, 1.55 W, 51, 0x0000000000000001
2026/10/07 03:13:15.331, 0 %, 52 MiB, 4096 MiB, 300 MHz, 1.49 W, 51, 0x0000000000000001
2026/10/07 03:13:17.357, 0 %, 52 MiB, 4096 MiB, 300 MHz, 1.52 W, 51, 0x0000000000000001
2026/10/07 03:13:19.378, 0 %, 52 MiB, 4096 MiB, 300 MHz, 1.83 W, 51, 0x0000000000000001
2026/10/07 03:13:21.404, 0 %, 52 MiB, 4096 MiB, 300 MHz, 1.47 W, 51, 0x0000000000000001
2026/10/07 03:13:23.426, 0 %, 52 MiB, 4096 MiB, 300 MHz, 1.53 W, 51, 0x0000000000000001
2026/10/07 03:13:25.454, 0 %, 52 MiB, 4096 MiB, 300 MHz, 1.52 W, 51, 0x0000000000000001
2026/10/07 03:13:27.475, 0 %, 52 MiB, 4096 MiB, 300 MHz, 1.49 W, 51, 0x0000000000000001
2026/10/07 03:13:29.499, 0 %, 52 MiB, 4096 MiB, 300 MHz, 1.65 W, 51, 0x0000000000000001
2026/10/07 03:13:31.522, 0 %, 52 MiB, 4096 MiB, 300 MHz, 1.56 W, 51, 0x0000000000000001
2026/10/07 03:13:33.543, 0 %, 52 MiB, 4096 MiB, 300 MHz, 1.59 W, 51, 0x0000000000000001
2026/10/07 03:13:35.568, 0 %, 52 MiB, 4096 MiB, 300 MHz, 1.58 W, 51, 0x0000000000000001
2026/10/07 03:13:37.589, 0 %, 52 MiB, 4096 MiB, 300 MHz, 1.94 W, 51, 0x0000000000000001
2026/10/07 03:13:39.613, 0 %, 52 MiB, 4096 MiB, 300 MHz, 1.50 W, 51, 0x0000000000000001
2026/10/07 03:13:41.636, 0 %, 52 MiB, 4096 MiB, 300 MHz, 1.57 W, 51, 0x0000000000000001
2026/10/07 03:13:43.660, 0 %, 52 MiB, 4096 MiB, 300 MHz, 1.55 W, 51, 0x0000000000000001
2026/10/07 03:13:45.682, 0 %, 52 MiB, 4096 MiB, 300 MHz, 1.47 W, 51, 0x0000000000000001
2026/10/07 03:13:47.706, 0 %, 52 MiB, 4096 MiB, 300 MHz, 1.89 W, 51, 0x0000000000000001
2026/10/07 03:13:49.728, 0 %, 52 MiB, 4096 MiB, 300 MHz, 1.51 W, 51, 0x0000000000000001
2026/10/07 03:13:51.752, 0 %, 52 MiB, 4096 MiB, 300 MHz, 1.56 W, 51, 0x0000000000000001
2026/10/07 03:13:53.774, 0 %, 52 MiB, 4096 MiB, 300 MHz, 1.59 W, 51, 0x0000000000000001
2026/10/07 03:13:55.797, 0 %, 52 MiB, 4096 MiB, 300 MHz, 1.58 W, 51, 0x0000000000000001
2026/10/07 03:13:57.820, 0 %, 52 MiB, 4096 MiB, 300 MHz, 1.73 W, 51, 0x0000000000000001
2026/10/07 03:13:59.845, 0 %, 52 MiB, 4096 MiB, 300 MHz, 1.56 W, 51, 0x0000000000000001
2026/10/07 03:14:01.867, 0 %, 52 MiB, 4096 MiB, 300 MHz, 1.52 W, 51, 0x0000000000000001
2026/10/07 03:14:03.888, 0 %, 52 MiB, 4096 MiB, 300 MHz, 1.48 W, 51, 0x0000000000000001
2026/10/07 03:14:05.909, 0 %, 52 MiB, 4096 MiB, 300 MHz, 1.53 W, 51, 0x0000000000000001
2026/10/07 03:14:07.933, 0 %, 52 MiB, 4096 MiB, 300 MHz, 1.67 W, 51, 0x0000000000000001
2026/10/07 03:14:09.955, 0 %, 52 MiB, 4096 MiB, 300 MHz, 1.55 W, 51, 0x0000000000000001
2026/10/07 03:14:11.980, 0 %, 52 MiB, 4096 MiB, 300 MHz, 1.54 W, 51, 0x0000000000000001
2026/10/07 03:14:14.002, 0 %, 52 MiB, 4096 MiB, 300 MHz, 1.57 W, 51, 0x0000000000000001
2026/10/07 03:14:16.027, 0 %, 52 MiB, 4096 MiB, 300 MHz, 2.01 W, 51, 0x0000000000000001
2026/10/07 03:14:18.051, 0 %, 52 MiB, 4096 MiB, 300 MHz, 1.56 W, 51, 0x0000000000000001
2026/10/07 03:14:20.074, 0 %, 52 MiB, 4096 MiB, 300 MHz, 1.63 W, 51, 0x0000000000000001
2026/10/07 03:14:22.096, 0 %, 52 MiB, 4096 MiB, 300 MHz, 1.63 W, 51, 0x0000000000000001
2026/10/07 03:14:24.120, 0 %, 52 MiB, 4096 MiB, 300 MHz, 1.55 W, 51, 0x0000000000000001
2026/10/07 03:14:26.141, 0 %, 52 MiB, 4096 MiB, 300 MHz, 1.87 W, 51, 0x0000000000000001
2026/10/07 03:14:28.167, 0 %, 52 MiB, 4096 MiB, 300 MHz, 1.52 W, 51, 0x0000000000000001
2026/10/07 03:14:30.189, 0 %, 52 MiB, 4096 MiB, 300 MHz, 1.56 W, 51, 0x0000000000000001
2026/10/07 03:14:32.212, 0 %, 52 MiB, 4096 MiB, 300 MHz, 1.58 W, 51, 0x0000000000000001
2026/10/07 03:14:34.234, 0 %, 52 MiB, 4096 MiB, 300 MHz, 1.52 W, 51, 0x0000000000000001
2026/10/07 03:14:36.256, 0 %, 52 MiB, 4096 MiB, 300 MHz, 1.86 W, 51, 0x0000000000000001
2026/10/07 03:14:38.280, 0 %, 52 MiB, 4096 MiB, 300 MHz, 1.62 W, 51, 0x0000000000000001
2026/10/07 03:14:40.302, 0 %, 52 MiB, 4096 MiB, 300 MHz, 1.62 W, 51, 0x0000000000000001
2026/10/07 03:14:42.326, 0 %, 52 MiB, 4096 MiB, 300 MHz, 1.60 W, 51, 0x0000000000000001
2026/10/07 03:14:44.349, 0 %, 52 MiB, 4096 MiB, 300 MHz, 1.64 W, 51, 0x0000000000000001
2026/10/07 03:14:46.371, 0 %, 52 MiB, 4096 MiB, 300 MHz, 1.55 W, 51, 0x0000000000000001
2026/10/07 03:14:48.396, 0 %, 52 MiB, 4096 MiB, 300 MHz, 1.51 W, 51, 0x0000000000000001
2026/10/07 03:14:50.418, 0 %, 52 MiB, 4096 MiB, 300 MHz, 1.51 W, 51, 0x0000000000000001
2026/10/07 03:14:52.443, 0 %, 52 MiB, 4096 MiB, 300 MHz, 1.54 W, 51, 0x0000000000000001
2026/10/07 03:14:54.464, 0 %, 52 MiB, 4096 MiB, 300 MHz, 1.86 W, 51, 0x0000000000000001
2026/10/07 03:14:56.489, 0 %, 52 MiB, 4096 MiB, 300 MHz, 1.54 W, 51, 0x0000000000000001
2026/10/07 03:14:58.511, 0 %, 52 MiB, 4096 MiB, 300 MHz, 1.54 W, 51, 0x0000000000000001
2026/10/07 03:15:00.536, 0 %, 52 MiB, 4096 MiB, 300 MHz, 1.58 W, 51, 0x0000000000000001
2026/10/07 03:15:02.557, 0 %, 52 MiB, 4096 MiB, 300 MHz, 1.60 W, 51, 0x0000000000000001
2026/10/07 03:15:04.582, 0 %, 52 MiB, 4096 MiB, 300 MHz, 1.77 W, 51, 0x0000000000000001
2026/10/07 03:15:06.604, 0 %, 52 MiB, 4096 MiB, 300 MHz, 1.59 W, 51, 0x0000000000000001
2026/10/07 03:15:08.626, 0 %, 52 MiB, 4096 MiB, 300 MHz, 1.56 W, 51, 0x0000000000000001
2026/10/07 03:15:10.652, 0 %, 52 MiB, 4096 MiB, 300 MHz, 1.57 W, 51, 0x0000000000000001
2026/10/07 03:15:12.674, 0 %, 52 MiB, 4096 MiB, 300 MHz, 1.52 W, 51, 0x0000000000000001
2026/10/07 03:15:14.697, 0 %, 52 MiB, 4096 MiB, 300 MHz, 1.58 W, 51, 0x0000000000000001
2026/10/07 03:15:16.722, 0 %, 52 MiB, 4096 MiB, 300 MHz, 1.54 W, 51, 0x0000000000000001
2026/10/07 03:15:18.743, 0 %, 52 MiB, 4096 MiB, 300 MHz, 1.62 W, 51, 0x0000000000000001
2026/10/07 03:15:20.769, 0 %, 52 MiB, 4096 MiB, 300 MHz, 1.57 W, 51, 0x0000000000000001
2026/10/07 03:15:22.793, 0 %, 52 MiB, 4096 MiB, 300 MHz, 1.85 W, 51, 0x0000000000000001
2026/10/07 03:15:24.814, 0 %, 52 MiB, 4096 MiB, 300 MHz, 1.54 W, 51, 0x0000000000000001
2026/10/07 03:15:26.841, 0 %, 52 MiB, 4096 MiB, 300 MHz, 1.50 W, 51, 0x0000000000000001
2026/10/07 03:15:28.865, 0 %, 52 MiB, 4096 MiB, 300 MHz, 1.47 W, 51, 0x0000000000000001
2026/10/07 03:15:30.890, 0 %, 52 MiB, 4096 MiB, 300 MHz, 1.49 W, 51, 0x0000000000000001
2026/10/07 03:15:32.911, 0 %, 52 MiB, 4096 MiB, 300 MHz, 1.66 W, 51, 0x0000000000000001
2026/10/07 03:15:34.935, 0 %, 52 MiB, 4096 MiB, 300 MHz, 1.56 W, 51, 0x0000000000000001
2026/10/07 03:15:36.960, 0 %, 52 MiB, 4096 MiB, 300 MHz, 1.57 W, 51, 0x0000000000000001
2026/10/07 03:15:38.984, 0 %, 52 MiB, 4096 MiB, 300 MHz, 1.56 W, 51, 0x0000000000000001
2026/10/07 03:15:41.008, 0 %, 52 MiB, 4096 MiB, 300 MHz, 1.88 W, 51, 0x0000000000000001
2026/10/07 03:15:43.031, 0 %, 52 MiB, 4096 MiB, 300 MHz, 1.54 W, 51, 0x0000000000000001
2026/10/07 03:15:45.054, 0 %, 52 MiB, 4096 MiB, 300 MHz, 1.56 W, 51, 0x0000000000000001
2026/10/07 03:15:47.076, 0 %, 52 MiB, 4096 MiB, 300 MHz, 1.52 W, 51, 0x0000000000000001
2026/10/07 03:15:49.100, 0 %, 52 MiB, 4096 MiB, 300 MHz, 1.53 W, 51, 0x0000000000000001
2026/10/07 03:15:51.121, 0 %, 62 MiB, 4096 MiB, 300 MHz, 1.78 W, 51, 0x0000000000000001
2026/10/07 03:15:53.148, 0 %, 61 MiB, 4096 MiB, 300 MHz, 1.58 W, 51, 0x0000000000000001
2026/10/07 03:15:55.172, 0 %, 53 MiB, 4096 MiB, 300 MHz, 1.55 W, 51, 0x0000000000000001
2026/10/07 03:15:57.197, 0 %, 53 MiB, 4096 MiB, 300 MHz, 1.58 W, 51, 0x0000000000000001
2026/10/07 03:15:59.221, 0 %, 53 MiB, 4096 MiB, 300 MHz, 1.90 W, 51, 0x0000000000000001
2026/10/07 03:16:01.245, 0 %, 53 MiB, 4096 MiB, 300 MHz, 1.49 W, 51, 0x0000000000000001
2026/10/07 03:16:03.266, 0 %, 53 MiB, 4096 MiB, 300 MHz, 1.47 W, 51, 0x0000000000000001
2026/10/07 03:16:05.291, 0 %, 53 MiB, 4096 MiB, 300 MHz, 1.49 W, 51, 0x0000000000000001
2026/10/07 03:16:07.316, 0 %, 53 MiB, 4096 MiB, 300 MHz, 1.52 W, 51, 0x0000000000000001
2026/10/07 03:16:09.337, 0 %, 53 MiB, 4096 MiB, 300 MHz, 1.81 W, 51, 0x0000000000000001
2026/10/07 03:16:11.362, 0 %, 53 MiB, 4096 MiB, 300 MHz, 1.55 W, 51, 0x0000000000000001
2026/10/07 03:16:13.384, 0 %, 53 MiB, 4096 MiB, 300 MHz, 1.55 W, 51, 0x0000000000000001
2026/10/07 03:16:15.405, 0 %, 53 MiB, 4096 MiB, 300 MHz, 1.44 W, 51, 0x0000000000000001
2026/10/07 03:16:17.428, 0 %, 53 MiB, 4096 MiB, 300 MHz, 1.56 W, 51, 0x0000000000000001
2026/10/07 03:16:19.453, 0 %, 53 MiB, 4096 MiB, 300 MHz, 1.64 W, 51, 0x0000000000000001
2026/10/07 03:16:21.478, 0 %, 53 MiB, 4096 MiB, 300 MHz, 1.47 W, 51, 0x0000000000000001
2026/10/07 03:16:23.499, 0 %, 52 MiB, 4096 MiB, 300 MHz, 1.50 W, 51, 0x0000000000000001
2026/10/07 03:16:25.522, 0 %, 52 MiB, 4096 MiB, 300 MHz, 1.53 W, 51, 0x0000000000000001
2026/10/07 03:16:27.547, 0 %, 52 MiB, 4096 MiB, 300 MHz, 2.01 W, 51, 0x0000000000000001
2026/10/07 03:16:29.572, 0 %, 52 MiB, 4096 MiB, 300 MHz, 1.60 W, 51, 0x0000000000000001
2026/10/07 03:16:31.596, 0 %, 52 MiB, 4096 MiB, 300 MHz, 1.38 W, 51, 0x0000000000000001
2026/10/07 03:16:33.617, 0 %, 52 MiB, 4096 MiB, 300 MHz, 1.53 W, 51, 0x0000000000000001
2026/10/07 03:16:35.641, 0 %, 52 MiB, 4096 MiB, 300 MHz, 1.65 W, 51, 0x0000000000000001
2026/10/07 03:16:37.665, 0 %, 52 MiB, 4096 MiB, 300 MHz, 1.83 W, 51, 0x0000000000000001
2026/10/07 03:16:39.687, 0 %, 52 MiB, 4096 MiB, 300 MHz, 1.68 W, 51, 0x0000000000000001
2026/10/07 03:16:41.709, 0 %, 52 MiB, 4096 MiB, 300 MHz, 1.60 W, 51, 0x0000000000000001
2026/10/07 03:16:43.733, 0 %, 52 MiB, 4096 MiB, 300 MHz, 1.59 W, 51, 0x0000000000000001
2026/10/07 03:16:45.755, 0 %, 52 MiB, 4096 MiB, 300 MHz, 1.59 W, 51, 0x0000000000000001
2026/10/07 03:16:47.777, 0 %, 52 MiB, 4096 MiB, 300 MHz, 1.96 W, 51, 0x0000000000000001
2026/10/07 03:16:49.799, 0 %, 52 MiB, 4096 MiB, 300 MHz, 1.63 W, 51, 0x0000000000000001
2026/10/07 03:16:51.822, 0 %, 52 MiB, 4096 MiB, 300 MHz, 1.60 W, 51, 0x0000000000000001
2026/10/07 03:16:53.844, 0 %, 52 MiB, 4096 MiB, 300 MHz, 1.62 W, 51, 0x0000000000000001
2026/10/07 03:16:55.866, 0 %, 52 MiB, 4096 MiB, 300 MHz, 1.64 W, 51, 0x0000000000000001
2026/10/07 03:16:57.891, 0 %, 52 MiB, 4096 MiB, 300 MHz, 1.61 W, 51, 0x0000000000000001
2026/10/07 03:16:59.917, 0 %, 52 MiB, 4096 MiB, 300 MHz, 1.51 W, 51, 0x0000000000000001
2026/10/07 03:17:01.939, 0 %, 52 MiB, 4096 MiB, 300 MHz, 1.53 W, 51, 0x0000000000000001
2026/10/07 03:17:03.960, 0 %, 52 MiB, 4096 MiB, 300 MHz, 1.54 W, 51, 0x0000000000000001
2026/10/07 03:17:05.983, 0 %, 52 MiB, 4096 MiB, 300 MHz, 2.04 W, 51, 0x0000000000000001
2026/10/07 03:17:08.009, 0 %, 52 MiB, 4096 MiB, 300 MHz, 1.60 W, 51, 0x0000000000000001
2026/10/07 03:17:10.031, 0 %, 52 MiB, 4096 MiB, 300 MHz, 1.54 W, 51, 0x0000000000000001
2026/10/07 03:17:12.054, 0 %, 52 MiB, 4096 MiB, 300 MHz, 1.54 W, 51, 0x0000000000000001
2026/10/07 03:17:14.078, 0 %, 52 MiB, 4096 MiB, 300 MHz, 1.58 W, 51, 0x0000000000000001
2026/10/07 03:17:16.102, 0 %, 52 MiB, 4096 MiB, 300 MHz, 1.73 W, 51, 0x0000000000000001
2026/10/07 03:17:18.127, 0 %, 52 MiB, 4096 MiB, 300 MHz, 1.51 W, 51, 0x0000000000000001
2026/10/07 03:17:20.149, 0 %, 52 MiB, 4096 MiB, 300 MHz, 1.52 W, 51, 0x0000000000000001
2026/10/07 03:17:22.170, 0 %, 52 MiB, 4096 MiB, 300 MHz, 1.54 W, 51, 0x0000000000000001
2026/10/07 03:17:24.193, 0 %, 52 MiB, 4096 MiB, 300 MHz, 1.52 W, 51, 0x0000000000000001
2026/10/07 03:17:26.217, 0 %, 52 MiB, 4096 MiB, 300 MHz, 1.67 W, 51, 0x0000000000000001
2026/10/07 03:17:28.239, 0 %, 52 MiB, 4096 MiB, 300 MHz, 1.54 W, 51, 0x0000000000000001
2026/10/07 03:17:30.262, 0 %, 52 MiB, 4096 MiB, 300 MHz, 1.52 W, 51, 0x0000000000000001
2026/10/07 03:17:32.285, 0 %, 52 MiB, 4096 MiB, 300 MHz, 1.55 W, 51, 0x0000000000000001
2026/10/07 03:17:34.306, 0 %, 52 MiB, 4096 MiB, 300 MHz, 1.58 W, 51, 0x0000000000000001
2026/10/07 03:17:36.329, 0 %, 52 MiB, 4096 MiB, 300 MHz, 1.63 W, 51, 0x0000000000000001
2026/10/07 03:17:38.351, 0 %, 52 MiB, 4096 MiB, 300 MHz, 1.53 W, 51, 0x0000000000000001
2026/10/07 03:17:40.373, 0 %, 52 MiB, 4096 MiB, 300 MHz, 1.46 W, 51, 0x0000000000000001
2026/10/07 03:17:42.398, 0 %, 52 MiB, 4096 MiB, 300 MHz, 1.50 W, 51, 0x0000000000000001
2026/10/07 03:17:44.422, 0 %, 52 MiB, 4096 MiB, 300 MHz, 1.91 W, 51, 0x0000000000000001
2026/10/07 03:17:46.444, 0 %, 52 MiB, 4096 MiB, 300 MHz, 1.52 W, 51, 0x0000000000000001
2026/10/07 03:17:48.465, 0 %, 52 MiB, 4096 MiB, 300 MHz, 1.55 W, 51, 0x0000000000000001
2026/10/07 03:17:50.487, 0 %, 52 MiB, 4096 MiB, 300 MHz, 1.58 W, 51, 0x0000000000000001
2026/10/07 03:17:52.512, 0 %, 52 MiB, 4096 MiB, 300 MHz, 1.58 W, 51, 0x0000000000000001
2026/10/07 03:17:54.534, 0 %, 52 MiB, 4096 MiB, 300 MHz, 1.83 W, 51, 0x0000000000000001
2026/10/07 03:17:56.558, 0 %, 52 MiB, 4096 MiB, 300 MHz, 1.54 W, 51, 0x0000000000000001
2026/10/07 03:17:58.580, 0 %, 52 MiB, 4096 MiB, 300 MHz, 1.53 W, 51, 0x0000000000000001
2026/10/07 03:18:00.604, 0 %, 52 MiB, 4096 MiB, 300 MHz, 1.47 W, 51, 0x0000000000000001
2026/10/07 03:18:02.627, 0 %, 52 MiB, 4096 MiB, 300 MHz, 1.54 W, 51, 0x0000000000000001
2026/10/07 03:18:04.650, 0 %, 52 MiB, 4096 MiB, 300 MHz, 1.69 W, 51, 0x0000000000000001
2026/10/07 03:18:06.672, 0 %, 52 MiB, 4096 MiB, 300 MHz, 1.56 W, 51, 0x0000000000000001
2026/10/07 03:18:08.695, 0 %, 52 MiB, 4096 MiB, 300 MHz, 1.61 W, 51, 0x0000000000000001
2026/10/07 03:18:10.718, 0 %, 52 MiB, 4096 MiB, 300 MHz, 1.58 W, 51, 0x0000000000000001
2026/10/07 03:18:12.740, 0 %, 52 MiB, 4096 MiB, 300 MHz, 1.55 W, 51, 0x0000000000000001
2026/10/07 03:18:14.764, 0 %, 52 MiB, 4096 MiB, 300 MHz, 1.64 W, 51, 0x0000000000000001
2026/10/07 03:18:16.789, 0 %, 52 MiB, 4096 MiB, 300 MHz, 1.57 W, 51, 0x0000000000000001
2026/10/07 03:18:18.813, 0 %, 52 MiB, 4096 MiB, 300 MHz, 1.55 W, 51, 0x0000000000000001
2026/10/07 03:18:20.834, 0 %, 52 MiB, 4096 MiB, 300 MHz, 1.59 W, 51, 0x0000000000000001
2026/10/07 03:18:22.861, 0 %, 52 MiB, 4096 MiB, 300 MHz, 1.90 W, 51, 0x0000000000000001
2026/10/07 03:18:24.885, 0 %, 52 MiB, 4096 MiB, 300 MHz, 1.63 W, 51, 0x0000000000000001
2026/10/07 03:18:26.906, 0 %, 52 MiB, 4096 MiB, 300 MHz, 1.67 W, 51, 0x0000000000000001
2026/10/07 03:18:28.931, 0 %, 52 MiB, 4096 MiB, 300 MHz, 1.63 W, 51, 0x0000000000000001
2026/10/07 03:18:30.955, 0 %, 52 MiB, 4096 MiB, 300 MHz, 1.58 W, 51, 0x0000000000000001
2026/10/07 03:18:32.977, 0 %, 52 MiB, 4096 MiB, 300 MHz, 1.65 W, 51, 0x0000000000000001
2026/10/07 03:18:35.001, 0 %, 52 MiB, 4096 MiB, 300 MHz, 1.49 W, 51, 0x0000000000000001
2026/10/07 03:18:37.024, 0 %, 52 MiB, 4096 MiB, 300 MHz, 1.49 W, 51, 0x0000000000000001
2026/10/07 03:18:39.048, 0 %, 52 MiB, 4096 MiB, 300 MHz, 1.57 W, 51, 0x0000000000000001
2026/10/07 03:18:41.073, 0 %, 52 MiB, 4096 MiB, 300 MHz, 1.95 W, 51, 0x0000000000000001
2026/10/07 03:18:43.095, 0 %, 52 MiB, 4096 MiB, 300 MHz, 1.56 W, 51, 0x0000000000000001
2026/10/07 03:18:45.120, 0 %, 52 MiB, 4096 MiB, 300 MHz, 1.56 W, 51, 0x0000000000000001
2026/10/07 03:18:47.145, 0 %, 52 MiB, 4096 MiB, 300 MHz, 1.51 W, 51, 0x0000000000000001
2026/10/07 03:18:49.167, 0 %, 52 MiB, 4096 MiB, 300 MHz, 1.52 W, 51, 0x0000000000000001
2026/10/07 03:18:51.191, 0 %, 52 MiB, 4096 MiB, 300 MHz, 1.66 W, 51, 0x0000000000000001
2026/10/07 03:18:53.212, 0 %, 52 MiB, 4096 MiB, 300 MHz, 1.51 W, 51, 0x0000000000000001
2026/10/07 03:18:55.240, 0 %, 52 MiB, 4096 MiB, 300 MHz, 1.50 W, 51, 0x0000000000000001
2026/10/07 03:18:57.261, 0 %, 52 MiB, 4096 MiB, 300 MHz, 1.53 W, 51, 0x0000000000000001
2026/10/07 03:18:59.286, 0 %, 52 MiB, 4096 MiB, 300 MHz, 1.50 W, 51, 0x0000000000000001
2026/10/07 03:19:01.307, 0 %, 52 MiB, 4096 MiB, 300 MHz, 1.68 W, 51, 0x0000000000000001
2026/10/07 03:19:03.333, 0 %, 52 MiB, 4096 MiB, 300 MHz, 1.59 W, 51, 0x0000000000000001
2026/10/07 03:19:05.354, 0 %, 52 MiB, 4096 MiB, 300 MHz, 1.51 W, 51, 0x0000000000000001
2026/10/07 03:19:07.377, 0 %, 52 MiB, 4096 MiB, 300 MHz, 1.52 W, 51, 0x0000000000000001
2026/10/07 03:19:09.400, 0 %, 52 MiB, 4096 MiB, 300 MHz, 1.84 W, 51, 0x0000000000000001
2026/10/07 03:19:11.421, 0 %, 52 MiB, 4096 MiB, 300 MHz, 1.48 W, 51, 0x0000000000000001
2026/10/07 03:19:13.446, 0 %, 52 MiB, 4096 MiB, 300 MHz, 1.49 W, 51, 0x0000000000000001
2026/10/07 03:19:15.470, 0 %, 52 MiB, 4096 MiB, 300 MHz, 1.57 W, 51, 0x0000000000000001
2026/10/07 03:19:17.495, 0 %, 52 MiB, 4096 MiB, 300 MHz, 1.51 W, 51, 0x0000000000000001
2026/10/07 03:19:19.516, 0 %, 52 MiB, 4096 MiB, 300 MHz, 1.78 W, 51, 0x0000000000000001
2026/10/07 03:19:21.538, 0 %, 52 MiB, 4096 MiB, 300 MHz, 1.59 W, 51, 0x0000000000000001
2026/10/07 03:19:23.563, 0 %, 52 MiB, 4096 MiB, 300 MHz, 1.51 W, 51, 0x0000000000000001
2026/10/07 03:19:25.587, 0 %, 52 MiB, 4096 MiB, 300 MHz, 1.51 W, 51, 0x0000000000000001
2026/10/07 03:19:27.610, 0 %, 52 MiB, 4096 MiB, 300 MHz, 1.54 W, 51, 0x0000000000000001
2026/10/07 03:19:29.634, 0 %, 52 MiB, 4096 MiB, 300 MHz, 1.50 W, 51, 0x0000000000000001
2026/10/07 03:19:31.658, 0 %, 52 MiB, 4096 MiB, 300 MHz, 1.49 W, 51, 0x0000000000000001
2026/10/07 03:19:33.679, 0 %, 52 MiB, 4096 MiB, 300 MHz, 1.54 W, 51, 0x0000000000000001
2026/10/07 03:19:35.704, 0 %, 52 MiB, 4096 MiB, 300 MHz, 1.51 W, 51, 0x0000000000000001
2026/10/07 03:19:37.727, 0 %, 52 MiB, 4096 MiB, 300 MHz, 1.83 W, 51, 0x0000000000000001
2026/10/07 03:19:39.752, 0 %, 52 MiB, 4096 MiB, 300 MHz, 1.57 W, 51, 0x0000000000000001
2026/10/07 03:19:41.774, 0 %, 52 MiB, 4096 MiB, 300 MHz, 1.58 W, 51, 0x0000000000000001
2026/10/07 03:19:43.802, 0 %, 52 MiB, 4096 MiB, 300 MHz, 1.58 W, 51, 0x0000000000000001
2026/10/07 03:19:45.824, 0 %, 52 MiB, 4096 MiB, 300 MHz, 1.58 W, 51, 0x0000000000000001
2026/10/07 03:19:47.849, 0 %, 52 MiB, 4096 MiB, 300 MHz, 1.63 W, 51, 0x0000000000000001
2026/10/07 03:19:49.871, 0 %, 52 MiB, 4096 MiB, 300 MHz, 1.58 W, 51, 0x0000000000000001
2026/10/07 03:19:51.893, 0 %, 52 MiB, 4096 MiB, 300 MHz, 1.61 W, 51, 0x0000000000000001
2026/10/07 03:19:53.919, 0 %, 52 MiB, 4096 MiB, 300 MHz, 1.53 W, 51, 0x0000000000000001
2026/10/07 03:19:55.940, 0 %, 52 MiB, 4096 MiB, 300 MHz, 1.54 W, 51, 0x0000000000000001
2026/10/07 03:19:57.965, 0 %, 52 MiB, 4096 MiB, 300 MHz, 1.61 W, 51, 0x0000000000000001
2026/10/07 03:19:59.989, 0 %, 52 MiB, 4096 MiB, 300 MHz, 1.56 W, 51, 0x0000000000000001
2026/10/07 03:20:02.010, 0 %, 52 MiB, 4096 MiB, 300 MHz, 1.58 W, 51, 0x0000000000000001
2026/10/07 03:20:04.034, 0 %, 52 MiB, 4096 MiB, 300 MHz, 1.66 W, 51, 0x0000000000000001
2026/10/07 03:20:06.056, 0 %, 52 MiB, 4096 MiB, 300 MHz, 1.83 W, 51, 0x0000000000000001
2026/10/07 03:20:08.080, 0 %, 52 MiB, 4096 MiB, 300 MHz, 1.53 W, 51, 0x0000000000000001
2026/10/07 03:20:10.102, 0 %, 52 MiB, 4096 MiB, 300 MHz, 1.54 W, 51, 0x0000000000000001
2026/10/07 03:20:12.127, 0 %, 52 MiB, 4096 MiB, 300 MHz, 1.47 W, 51, 0x0000000000000001
2026/10/07 03:20:14.152, 0 %, 52 MiB, 4096 MiB, 300 MHz, 1.46 W, 51, 0x0000000000000001
2026/10/07 03:20:16.177, 0 %, 52 MiB, 4096 MiB, 300 MHz, 1.58 W, 51, 0x0000000000000001
2026/10/07 03:20:18.199, 0 %, 52 MiB, 4096 MiB, 300 MHz, 1.53 W, 51, 0x0000000000000001
2026/10/07 03:20:20.221, 0 %, 52 MiB, 4096 MiB, 300 MHz, 1.54 W, 51, 0x0000000000000001
2026/10/07 03:20:22.243, 0 %, 52 MiB, 4096 MiB, 300 MHz, 1.55 W, 51, 0x0000000000000001
2026/10/07 03:20:24.268, 0 %, 52 MiB, 4096 MiB, 300 MHz, 1.95 W, 51, 0x0000000000000001
2026/10/07 03:20:26.290, 0 %, 52 MiB, 4096 MiB, 300 MHz, 1.53 W, 51, 0x0000000000000001
2026/10/07 03:20:28.315, 0 %, 52 MiB, 4096 MiB, 300 MHz, 1.50 W, 51, 0x0000000000000001
2026/10/07 03:20:30.336, 0 %, 52 MiB, 4096 MiB, 300 MHz, 1.54 W, 51, 0x0000000000000001
2026/10/07 03:20:32.360, 0 %, 52 MiB, 4096 MiB, 300 MHz, 1.49 W, 51, 0x0000000000000001
2026/10/07 03:20:34.385, 0 %, 52 MiB, 4096 MiB, 300 MHz, 1.81 W, 51, 0x0000000000000001
2026/10/07 03:20:36.406, 0 %, 52 MiB, 4096 MiB, 300 MHz, 1.53 W, 51, 0x0000000000000001
2026/10/07 03:20:38.428, 0 %, 52 MiB, 4096 MiB, 300 MHz, 1.59 W, 51, 0x0000000000000001
2026/10/07 03:20:40.451, 0 %, 52 MiB, 4096 MiB, 300 MHz, 1.64 W, 51, 0x0000000000000001
2026/10/07 03:20:42.481, 0 %, 52 MiB, 4096 MiB, 300 MHz, 1.56 W, 51, 0x0000000000000001
2026/10/07 03:20:44.503, 0 %, 52 MiB, 4096 MiB, 300 MHz, 1.72 W, 51, 0x0000000000000001
2026/10/07 03:20:46.527, 0 %, 52 MiB, 4096 MiB, 300 MHz, 1.51 W, 51, 0x0000000000000001
2026/10/07 03:20:48.552, 0 %, 52 MiB, 4096 MiB, 300 MHz, 1.50 W, 51, 0x0000000000000001
2026/10/07 03:20:50.575, 0 %, 52 MiB, 4096 MiB, 300 MHz, 1.54 W, 51, 0x0000000000000001
2026/10/07 03:20:52.598, 0 %, 52 MiB, 4096 MiB, 300 MHz, 1.97 W, 51, 0x0000000000000001
2026/10/07 03:20:54.620, 0 %, 52 MiB, 4096 MiB, 300 MHz, 1.60 W, 51, 0x0000000000000001
2026/10/07 03:20:56.644, 0 %, 52 MiB, 4096 MiB, 300 MHz, 1.58 W, 51, 0x0000000000000001
2026/10/07 03:20:58.666, 0 %, 52 MiB, 4096 MiB, 300 MHz, 1.57 W, 51, 0x0000000000000001
2026/10/07 03:21:00.690, 0 %, 52 MiB, 4096 MiB, 300 MHz, 1.55 W, 51, 0x0000000000000001
2026/10/07 03:21:02.712, 0 %, 52 MiB, 4096 MiB, 300 MHz, 1.86 W, 51, 0x0000000000000001
2026/10/07 03:21:04.737, 0 %, 52 MiB, 4096 MiB, 300 MHz, 1.49 W, 51, 0x0000000000000001
2026/10/07 03:21:06.759, 0 %, 52 MiB, 4096 MiB, 300 MHz, 1.49 W, 51, 0x0000000000000001
2026/10/07 03:21:08.783, 0 %, 52 MiB, 4096 MiB, 300 MHz, 1.50 W, 51, 0x0000000000000001
2026/10/07 03:21:10.811, 0 %, 52 MiB, 4096 MiB, 300 MHz, 1.61 W, 51, 0x0000000000000001
2026/10/07 03:21:12.833, 0 %, 52 MiB, 4096 MiB, 300 MHz, 1.61 W, 51, 0x0000000000000001
2026/10/07 03:21:14.858, 0 %, 52 MiB, 4096 MiB, 300 MHz, 1.61 W, 51, 0x0000000000000001
2026/10/07 03:21:16.880, 0 %, 52 MiB, 4096 MiB, 300 MHz, 1.63 W, 51, 0x0000000000000001
2026/10/07 03:21:18.903, 0 %, 52 MiB, 4096 MiB, 300 MHz, 1.58 W, 51, 0x0000000000000001
2026/10/07 03:21:20.926, 0 %, 52 MiB, 4096 MiB, 300 MHz, 1.93 W, 51, 0x0000000000000001
2026/10/07 03:21:22.949, 0 %, 52 MiB, 4096 MiB, 300 MHz, 1.52 W, 51, 0x0000000000000001
2026/10/07 03:21:24.972, 0 %, 52 MiB, 4096 MiB, 300 MHz, 1.53 W, 51, 0x0000000000000001
2026/10/07 03:21:26.997, 0 %, 52 MiB, 4096 MiB, 300 MHz, 1.55 W, 51, 0x0000000000000001
2026/10/07 03:21:29.018, 0 %, 52 MiB, 4096 MiB, 300 MHz, 1.57 W, 51, 0x0000000000000001
2026/10/07 03:21:31.042, 0 %, 52 MiB, 4096 MiB, 300 MHz, 1.84 W, 51, 0x0000000000000001
2026/10/07 03:21:33.064, 0 %, 52 MiB, 4096 MiB, 300 MHz, 1.66 W, 51, 0x0000000000000001
2026/10/07 03:21:35.088, 0 %, 52 MiB, 4096 MiB, 300 MHz, 1.63 W, 51, 0x0000000000000001
2026/10/07 03:21:37.111, 0 %, 52 MiB, 4096 MiB, 300 MHz, 1.60 W, 51, 0x0000000000000001
2026/10/07 03:21:39.134, 0 %, 52 MiB, 4096 MiB, 300 MHz, 1.60 W, 51, 0x0000000000000001
2026/10/07 03:21:41.156, 0 %, 52 MiB, 4096 MiB, 300 MHz, 1.58 W, 51, 0x0000000000000001
2026/10/07 03:21:43.181, 0 %, 52 MiB, 4096 MiB, 300 MHz, 1.50 W, 51, 0x0000000000000001
2026/10/07 03:21:45.204, 0 %, 52 MiB, 4096 MiB, 300 MHz, 1.57 W, 51, 0x0000000000000001
2026/10/07 03:21:47.227, 0 %, 52 MiB, 4096 MiB, 300 MHz, 1.55 W, 51, 0x0000000000000001
2026/10/07 03:21:49.248, 0 %, 54 MiB, 4096 MiB, 300 MHz, 1.76 W, 51, 0x0000000000000001
2026/10/07 03:21:51.271, 0 %, 63 MiB, 4096 MiB, 300 MHz, 1.63 W, 51, 0x0000000000000001
2026/10/07 03:21:53.294, 0 %, 55 MiB, 4096 MiB, 300 MHz, 1.58 W, 51, 0x0000000000000001
2026/10/07 03:21:55.319, 0 %, 55 MiB, 4096 MiB, 300 MHz, 1.54 W, 51, 0x0000000000000001
2026/10/07 03:21:57.341, 0 %, 55 MiB, 4096 MiB, 300 MHz, 1.53 W, 51, 0x0000000000000001
2026/10/07 03:21:59.364, 0 %, 55 MiB, 4096 MiB, 300 MHz, 1.87 W, 51, 0x0000000000000001
2026/10/07 03:22:01.387, 0 %, 55 MiB, 4096 MiB, 300 MHz, 1.50 W, 51, 0x0000000000000001
2026/10/07 03:22:03.411, 0 %, 55 MiB, 4096 MiB, 300 MHz, 1.56 W, 51, 0x0000000000000001
2026/10/07 03:22:05.433, 0 %, 55 MiB, 4096 MiB, 300 MHz, 1.57 W, 51, 0x0000000000000001
2026/10/07 03:22:07.457, 0 %, 55 MiB, 4096 MiB, 300 MHz, 1.50 W, 51, 0x0000000000000001
2026/10/07 03:22:09.478, 0 %, 55 MiB, 4096 MiB, 300 MHz, 1.85 W, 51, 0x0000000000000001
2026/10/07 03:22:11.500, 0 %, 55 MiB, 4096 MiB, 300 MHz, 1.53 W, 51, 0x0000000000000001
2026/10/07 03:22:13.525, 0 %, 55 MiB, 4096 MiB, 300 MHz, 1.51 W, 51, 0x0000000000000001
2026/10/07 03:22:15.547, 0 %, 55 MiB, 4096 MiB, 300 MHz, 1.53 W, 51, 0x0000000000000001
2026/10/07 03:22:17.570, 0 %, 55 MiB, 4096 MiB, 300 MHz, 1.59 W, 51, 0x0000000000000001
2026/10/07 03:22:19.592, 0 %, 55 MiB, 4096 MiB, 300 MHz, 1.59 W, 51, 0x0000000000000001
2026/10/07 03:22:21.616, 0 %, 54 MiB, 4096 MiB, 300 MHz, 1.51 W, 51, 0x0000000000000001
2026/10/07 03:22:23.638, 0 %, 54 MiB, 4096 MiB, 300 MHz, 1.50 W, 51, 0x0000000000000001
2026/10/07 03:22:25.662, 0 %, 54 MiB, 4096 MiB, 300 MHz, 1.49 W, 51, 0x0000000000000001
2026/10/07 03:22:27.684, 0 %, 54 MiB, 4096 MiB, 300 MHz, 2.03 W, 51, 0x0000000000000001
2026/10/07 03:22:29.707, 0 %, 54 MiB, 4096 MiB, 300 MHz, 1.54 W, 51, 0x0000000000000001
2026/10/07 03:22:31.730, 0 %, 54 MiB, 4096 MiB, 300 MHz, 1.56 W, 51, 0x0000000000000001
2026/10/07 03:22:33.753, 0 %, 54 MiB, 4096 MiB, 300 MHz, 1.56 W, 51, 0x0000000000000001
2026/10/07 03:22:35.777, 0 %, 54 MiB, 4096 MiB, 300 MHz, 1.54 W, 51, 0x0000000000000001
2026/10/07 03:22:37.800, 0 %, 54 MiB, 4096 MiB, 300 MHz, 1.82 W, 51, 0x0000000000000001
2026/10/07 03:22:39.826, 0 %, 54 MiB, 4096 MiB, 300 MHz, 1.52 W, 51, 0x0000000000000001
2026/10/07 03:22:41.847, 0 %, 54 MiB, 4096 MiB, 300 MHz, 1.34 W, 51, 0x0000000000000001
2026/10/07 03:22:43.870, 0 %, 54 MiB, 4096 MiB, 300 MHz, 1.33 W, 51, 0x0000000000000001
2026/10/07 03:22:45.891, 1 %, 63 MiB, 4096 MiB, 300 MHz, 1.50 W, 51, 0x0000000000000001
2026/10/07 03:22:47.915, 0 %, 63 MiB, 4096 MiB, 300 MHz, 1.79 W, 51, 0x0000000000000001
2026/10/07 03:22:49.936, 0 %, 55 MiB, 4096 MiB, 300 MHz, 1.57 W, 51, 0x0000000000000001
2026/10/07 03:22:51.959, 0 %, 54 MiB, 4096 MiB, 300 MHz, 1.66 W, 51, 0x0000000000000001
2026/10/07 03:22:53.983, 0 %, 54 MiB, 4096 MiB, 300 MHz, 1.54 W, 51, 0x0000000000000001
2026/10/07 03:22:56.005, 0 %, 54 MiB, 4096 MiB, 300 MHz, 1.58 W, 51, 0x0000000000000001
2026/10/07 03:22:58.029, 0 %, 54 MiB, 4096 MiB, 300 MHz, 1.62 W, 51, 0x0000000000000001
2026/10/07 03:23:00.051, 0 %, 54 MiB, 4096 MiB, 300 MHz, 1.53 W, 51, 0x0000000000000001
2026/10/07 03:23:02.076, 0 %, 54 MiB, 4096 MiB, 300 MHz, 1.53 W, 51, 0x0000000000000001
2026/10/07 03:23:04.098, 0 %, 54 MiB, 4096 MiB, 300 MHz, 1.51 W, 51, 0x0000000000000001
2026/10/07 03:23:06.120, 0 %, 54 MiB, 4096 MiB, 300 MHz, 2.07 W, 51, 0x0000000000000001
2026/10/07 03:23:08.145, 0 %, 54 MiB, 4096 MiB, 300 MHz, 1.55 W, 51, 0x0000000000000001
2026/10/07 03:23:10.167, 0 %, 54 MiB, 4096 MiB, 300 MHz, 1.62 W, 51, 0x0000000000000001
2026/10/07 03:23:12.189, 0 %, 54 MiB, 4096 MiB, 300 MHz, 1.60 W, 51, 0x0000000000000001
2026/10/07 03:23:14.213, 0 %, 54 MiB, 4096 MiB, 300 MHz, 1.56 W, 51, 0x0000000000000001
2026/10/07 03:23:16.235, 0 %, 54 MiB, 4096 MiB, 300 MHz, 1.95 W, 51, 0x0000000000000001
2026/10/07 03:23:18.260, 0 %, 54 MiB, 4096 MiB, 300 MHz, 1.54 W, 51, 0x0000000000000001
2026/10/07 03:23:20.282, 0 %, 54 MiB, 4096 MiB, 300 MHz, 1.52 W, 51, 0x0000000000000001
2026/10/07 03:23:22.303, 0 %, 53 MiB, 4096 MiB, 300 MHz, 1.57 W, 51, 0x0000000000000001
2026/10/07 03:23:24.328, 0 %, 53 MiB, 4096 MiB, 300 MHz, 1.58 W, 51, 0x0000000000000001
2026/10/07 03:23:26.349, 0 %, 53 MiB, 4096 MiB, 300 MHz, 1.75 W, 51, 0x0000000000000001
2026/10/07 03:23:28.374, 0 %, 53 MiB, 4096 MiB, 300 MHz, 1.60 W, 51, 0x0000000000000001
2026/10/07 03:23:30.396, 0 %, 53 MiB, 4096 MiB, 300 MHz, 1.56 W, 51, 0x0000000000000001
2026/10/07 03:23:32.417, 0 %, 53 MiB, 4096 MiB, 300 MHz, 1.54 W, 51, 0x0000000000000001
2026/10/07 03:23:34.438, 0 %, 53 MiB, 4096 MiB, 300 MHz, 1.55 W, 51, 0x0000000000000001
2026/10/07 03:23:36.460, 0 %, 53 MiB, 4096 MiB, 300 MHz, 1.67 W, 51, 0x0000000000000001
2026/10/07 03:23:38.485, 0 %, 53 MiB, 4096 MiB, 300 MHz, 1.50 W, 51, 0x0000000000000001
2026/10/07 03:23:40.507, 0 %, 53 MiB, 4096 MiB, 300 MHz, 1.53 W, 51, 0x0000000000000001
2026/10/07 03:23:42.531, 0 %, 53 MiB, 4096 MiB, 300 MHz, 1.54 W, 51, 0x0000000000000001
2026/10/07 03:23:44.553, 0 %, 53 MiB, 4096 MiB, 300 MHz, 2.05 W, 51, 0x0000000000000001
2026/10/07 03:23:46.581, 0 %, 53 MiB, 4096 MiB, 300 MHz, 1.58 W, 51, 0x0000000000000001
2026/10/07 03:23:48.603, 0 %, 53 MiB, 4096 MiB, 300 MHz, 1.38 W, 51, 0x0000000000000001
2026/10/07 03:23:50.625, 0 %, 53 MiB, 4096 MiB, 300 MHz, 1.56 W, 51, 0x0000000000000001
2026/10/07 03:23:52.647, 0 %, 53 MiB, 4096 MiB, 300 MHz, 1.61 W, 51, 0x0000000000000001
2026/10/07 03:23:54.672, 0 %, 53 MiB, 4096 MiB, 300 MHz, 1.80 W, 51, 0x0000000000000001
2026/10/07 03:23:56.694, 0 %, 53 MiB, 4096 MiB, 300 MHz, 1.54 W, 51, 0x0000000000000001
2026/10/07 03:23:58.717, 0 %, 53 MiB, 4096 MiB, 300 MHz, 1.52 W, 51, 0x0000000000000001
2026/10/07 03:24:00.741, 0 %, 53 MiB, 4096 MiB, 300 MHz, 1.54 W, 51, 0x0000000000000001
2026/10/07 03:24:02.762, 0 %, 53 MiB, 4096 MiB, 300 MHz, 1.49 W, 51, 0x0000000000000001
2026/10/07 03:24:04.787, 0 %, 53 MiB, 4096 MiB, 300 MHz, 1.71 W, 51, 0x0000000000000001
2026/10/07 03:24:06.808, 0 %, 53 MiB, 4096 MiB, 300 MHz, 1.53 W, 51, 0x0000000000000001
2026/10/07 03:24:08.832, 0 %, 53 MiB, 4096 MiB, 300 MHz, 1.53 W, 51, 0x0000000000000001
2026/10/07 03:24:10.854, 0 %, 53 MiB, 4096 MiB, 300 MHz, 1.53 W, 51, 0x0000000000000001
2026/10/07 03:24:12.875, 0 %, 53 MiB, 4096 MiB, 300 MHz, 1.56 W, 51, 0x0000000000000001
2026/10/07 03:24:14.899, 0 %, 53 MiB, 4096 MiB, 300 MHz, 1.56 W, 51, 0x0000000000000001
2026/10/07 03:24:16.921, 0 %, 53 MiB, 4096 MiB, 300 MHz, 1.52 W, 51, 0x0000000000000001
2026/10/07 03:24:18.944, 0 %, 53 MiB, 4096 MiB, 300 MHz, 1.53 W, 51, 0x0000000000000001
2026/10/07 03:24:20.968, 0 %, 53 MiB, 4096 MiB, 300 MHz, 1.45 W, 51, 0x0000000000000001
2026/10/07 03:24:22.992, 0 %, 53 MiB, 4096 MiB, 300 MHz, 2.02 W, 51, 0x0000000000000001
2026/10/07 03:24:25.014, 0 %, 53 MiB, 4096 MiB, 300 MHz, 1.58 W, 51, 0x0000000000000001
2026/10/07 03:24:27.035, 0 %, 53 MiB, 4096 MiB, 300 MHz, 1.57 W, 51, 0x0000000000000001
2026/10/07 03:24:29.059, 0 %, 53 MiB, 4096 MiB, 300 MHz, 1.61 W, 51, 0x0000000000000001
2026/10/07 03:24:31.085, 0 %, 53 MiB, 4096 MiB, 300 MHz, 1.62 W, 51, 0x0000000000000001
2026/10/07 03:24:33.109, 0 %, 53 MiB, 4096 MiB, 300 MHz, 1.68 W, 51, 0x0000000000000001
2026/10/07 03:24:35.134, 0 %, 53 MiB, 4096 MiB, 300 MHz, 1.51 W, 51, 0x0000000000000001
2026/10/07 03:24:37.158, 0 %, 53 MiB, 4096 MiB, 300 MHz, 1.52 W, 51, 0x0000000000000001
2026/10/07 03:24:39.180, 0 %, 53 MiB, 4096 MiB, 300 MHz, 1.49 W, 51, 0x0000000000000001
2026/10/07 03:24:41.201, 0 %, 53 MiB, 4096 MiB, 300 MHz, 1.49 W, 51, 0x0000000000000001
2026/10/07 03:24:43.226, 0 %, 53 MiB, 4096 MiB, 300 MHz, 1.64 W, 51, 0x0000000000000001
2026/10/07 03:24:45.248, 0 %, 53 MiB, 4096 MiB, 300 MHz, 1.56 W, 51, 0x0000000000000001
2026/10/07 03:24:47.271, 0 %, 53 MiB, 4096 MiB, 300 MHz, 1.62 W, 51, 0x0000000000000001
2026/10/07 03:24:49.295, 0 %, 53 MiB, 4096 MiB, 300 MHz, 1.61 W, 51, 0x0000000000000001
2026/10/07 03:24:51.320, 0 %, 53 MiB, 4096 MiB, 300 MHz, 1.96 W, 51, 0x0000000000000001
2026/10/07 03:24:53.341, 0 %, 53 MiB, 4096 MiB, 300 MHz, 1.61 W, 51, 0x0000000000000001
2026/10/07 03:24:55.366, 0 %, 53 MiB, 4096 MiB, 300 MHz, 1.62 W, 51, 0x0000000000000001
2026/10/07 03:24:57.387, 0 %, 53 MiB, 4096 MiB, 300 MHz, 1.56 W, 51, 0x0000000000000001
2026/10/07 03:24:59.412, 0 %, 53 MiB, 4096 MiB, 300 MHz, 1.56 W, 51, 0x0000000000000001
2026/10/07 03:25:01.436, 0 %, 53 MiB, 4096 MiB, 300 MHz, 1.78 W, 51, 0x0000000000000001
2026/10/07 03:25:03.462, 0 %, 53 MiB, 4096 MiB, 300 MHz, 1.46 W, 51, 0x0000000000000001
2026/10/07 03:25:05.484, 0 %, 53 MiB, 4096 MiB, 300 MHz, 1.55 W, 51, 0x0000000000000001
2026/10/07 03:25:07.508, 0 %, 53 MiB, 4096 MiB, 300 MHz, 1.56 W, 51, 0x0000000000000001
2026/10/07 03:25:09.530, 0 %, 53 MiB, 4096 MiB, 300 MHz, 1.55 W, 51, 0x0000000000000001
2026/10/07 03:25:11.552, 0 %, 53 MiB, 4096 MiB, 300 MHz, 1.64 W, 51, 0x0000000000000001
2026/10/07 03:25:13.576, 0 %, 53 MiB, 4096 MiB, 300 MHz, 1.53 W, 51, 0x0000000000000001
2026/10/07 03:25:15.597, 0 %, 53 MiB, 4096 MiB, 300 MHz, 1.54 W, 51, 0x0000000000000001
2026/10/07 03:25:17.622, 0 %, 53 MiB, 4096 MiB, 300 MHz, 1.56 W, 51, 0x0000000000000001
2026/10/07 03:25:19.643, 0 %, 53 MiB, 4096 MiB, 300 MHz, 1.54 W, 51, 0x0000000000000001
2026/10/07 03:25:21.665, 0 %, 53 MiB, 4096 MiB, 300 MHz, 1.54 W, 51, 0x0000000000000001
2026/10/07 03:25:23.688, 0 %, 53 MiB, 4096 MiB, 300 MHz, 1.37 W, 51, 0x0000000000000001
2026/10/07 03:25:25.712, 0 %, 53 MiB, 4096 MiB, 300 MHz, 1.55 W, 51, 0x0000000000000001
2026/10/07 03:25:27.735, 0 %, 53 MiB, 4096 MiB, 300 MHz, 1.51 W, 51, 0x0000000000000001
2026/10/07 03:25:29.757, 0 %, 53 MiB, 4096 MiB, 300 MHz, 1.88 W, 51, 0x0000000000000001
2026/10/07 03:25:31.780, 0 %, 53 MiB, 4096 MiB, 300 MHz, 1.56 W, 51, 0x0000000000000001
2026/10/07 03:25:33.804, 0 %, 53 MiB, 4096 MiB, 300 MHz, 1.51 W, 51, 0x0000000000000001
2026/10/07 03:25:35.828, 0 %, 53 MiB, 4096 MiB, 300 MHz, 1.55 W, 51, 0x0000000000000001
2026/10/07 03:25:37.851, 0 %, 53 MiB, 4096 MiB, 300 MHz, 1.59 W, 51, 0x0000000000000001
2026/10/07 03:25:39.875, 0 %, 53 MiB, 4096 MiB, 300 MHz, 1.68 W, 51, 0x0000000000000001
2026/10/07 03:25:41.897, 0 %, 53 MiB, 4096 MiB, 300 MHz, 1.53 W, 51, 0x0000000000000001
2026/10/07 03:25:43.918, 0 %, 53 MiB, 4096 MiB, 300 MHz, 1.51 W, 51, 0x0000000000000001
2026/10/07 03:25:45.942, 0 %, 53 MiB, 4096 MiB, 300 MHz, 1.49 W, 51, 0x0000000000000001
2026/10/07 03:25:47.965, 0 %, 53 MiB, 4096 MiB, 300 MHz, 1.49 W, 51, 0x0000000000000001
2026/10/07 03:25:49.989, 0 %, 53 MiB, 4096 MiB, 300 MHz, 1.59 W, 51, 0x0000000000000001
2026/10/07 03:25:52.015, 0 %, 53 MiB, 4096 MiB, 300 MHz, 1.53 W, 51, 0x0000000000000001
2026/10/07 03:25:54.037, 0 %, 53 MiB, 4096 MiB, 300 MHz, 1.56 W, 51, 0x0000000000000001
2026/10/07 03:25:56.058, 0 %, 53 MiB, 4096 MiB, 300 MHz, 1.60 W, 51, 0x0000000000000001
2026/10/07 03:25:58.081, 0 %, 53 MiB, 4096 MiB, 300 MHz, 1.92 W, 51, 0x0000000000000001
2026/10/07 03:26:00.105, 0 %, 53 MiB, 4096 MiB, 300 MHz, 1.57 W, 51, 0x0000000000000001
2026/10/07 03:26:02.130, 0 %, 53 MiB, 4096 MiB, 300 MHz, 1.55 W, 51, 0x0000000000000001
2026/10/07 03:26:04.154, 0 %, 53 MiB, 4096 MiB, 300 MHz, 1.54 W, 51, 0x0000000000000001
2026/10/07 03:26:06.176, 0 %, 53 MiB, 4096 MiB, 300 MHz, 1.53 W, 51, 0x0000000000000001
2026/10/07 03:26:08.200, 0 %, 53 MiB, 4096 MiB, 300 MHz, 1.66 W, 51, 0x0000000000000001
2026/10/07 03:26:10.223, 0 %, 53 MiB, 4096 MiB, 300 MHz, 1.53 W, 51, 0x0000000000000001
2026/10/07 03:26:12.246, 0 %, 53 MiB, 4096 MiB, 300 MHz, 1.57 W, 51, 0x0000000000000001
2026/10/07 03:26:14.268, 0 %, 53 MiB, 4096 MiB, 300 MHz, 1.70 W, 51, 0x0000000000000001
2026/10/07 03:26:16.295, 0 %, 53 MiB, 4096 MiB, 300 MHz, 1.99 W, 51, 0x0000000000000001
2026/10/07 03:26:18.317, 0 %, 53 MiB, 4096 MiB, 300 MHz, 1.60 W, 51, 0x0000000000000001
2026/10/07 03:26:20.340, 0 %, 53 MiB, 4096 MiB, 300 MHz, 1.59 W, 51, 0x0000000000000001
2026/10/07 03:26:22.365, 0 %, 53 MiB, 4096 MiB, 300 MHz, 1.56 W, 51, 0x0000000000000001
2026/10/07 03:26:24.386, 0 %, 53 MiB, 4096 MiB, 300 MHz, 1.54 W, 51, 0x0000000000000001
2026/10/07 03:26:26.408, 0 %, 53 MiB, 4096 MiB, 300 MHz, 1.83 W, 51, 0x0000000000000001
2026/10/07 03:26:28.432, 0 %, 53 MiB, 4096 MiB, 300 MHz, 1.60 W, 51, 0x0000000000000001
2026/10/07 03:26:30.456, 0 %, 53 MiB, 4096 MiB, 300 MHz, 1.65 W, 51, 0x0000000000000001
2026/10/07 03:26:32.479, 0 %, 53 MiB, 4096 MiB, 300 MHz, 1.63 W, 51, 0x0000000000000001
2026/10/07 03:26:34.500, 0 %, 53 MiB, 4096 MiB, 300 MHz, 1.65 W, 51, 0x0000000000000001
2026/10/07 03:26:36.522, 0 %, 53 MiB, 4096 MiB, 300 MHz, 1.74 W, 51, 0x0000000000000001
2026/10/07 03:26:38.545, 0 %, 53 MiB, 4096 MiB, 300 MHz, 1.50 W, 51, 0x0000000000000001
2026/10/07 03:26:40.570, 0 %, 53 MiB, 4096 MiB, 300 MHz, 1.50 W, 51, 0x0000000000000001
2026/10/07 03:26:42.591, 0 %, 53 MiB, 4096 MiB, 300 MHz, 1.61 W, 51, 0x0000000000000001
2026/10/07 03:26:44.614, 0 %, 53 MiB, 4096 MiB, 300 MHz, 1.64 W, 51, 0x0000000000000001
2026/10/07 03:26:46.636, 0 %, 53 MiB, 4096 MiB, 300 MHz, 1.68 W, 51, 0x0000000000000001
2026/10/07 03:26:48.661, 0 %, 53 MiB, 4096 MiB, 300 MHz, 1.58 W, 51, 0x0000000000000001
2026/10/07 03:26:50.682, 0 %, 53 MiB, 4096 MiB, 300 MHz, 1.29 W, 51, 0x0000000000000001
2026/10/07 03:26:52.707, 0 %, 53 MiB, 4096 MiB, 300 MHz, 1.55 W, 51, 0x0000000000000001
2026/10/07 03:26:54.733, 0 %, 53 MiB, 4096 MiB, 300 MHz, 1.86 W, 51, 0x0000000000000001
2026/10/07 03:26:56.755, 0 %, 53 MiB, 4096 MiB, 300 MHz, 1.50 W, 51, 0x0000000000000001
2026/10/07 03:26:58.776, 0 %, 53 MiB, 4096 MiB, 300 MHz, 1.55 W, 51, 0x0000000000000001
2026/10/07 03:27:00.801, 0 %, 53 MiB, 4096 MiB, 300 MHz, 1.54 W, 51, 0x0000000000000001
2026/10/07 03:27:02.825, 0 %, 53 MiB, 4096 MiB, 300 MHz, 1.54 W, 51, 0x0000000000000001
2026/10/07 03:27:04.850, 0 %, 53 MiB, 4096 MiB, 300 MHz, 1.75 W, 51, 0x0000000000000001
2026/10/07 03:27:06.871, 0 %, 53 MiB, 4096 MiB, 300 MHz, 1.58 W, 51, 0x0000000000000001
2026/10/07 03:27:08.893, 0 %, 53 MiB, 4096 MiB, 300 MHz, 1.55 W, 51, 0x0000000000000001
2026/10/07 03:27:10.920, 0 %, 53 MiB, 4096 MiB, 300 MHz, 1.59 W, 51, 0x0000000000000001
2026/10/07 03:27:12.943, 0 %, 53 MiB, 4096 MiB, 300 MHz, 1.99 W, 51, 0x0000000000000001
2026/10/07 03:27:14.967, 0 %, 53 MiB, 4096 MiB, 300 MHz, 1.52 W, 51, 0x0000000000000001
2026/10/07 03:27:16.989, 0 %, 53 MiB, 4096 MiB, 300 MHz, 1.51 W, 51, 0x0000000000000001
2026/10/07 03:27:19.013, 0 %, 53 MiB, 4096 MiB, 300 MHz, 1.52 W, 51, 0x0000000000000001
2026/10/07 03:27:21.035, 0 %, 53 MiB, 4096 MiB, 300 MHz, 1.26 W, 51, 0x0000000000000001
2026/10/07 03:27:23.059, 0 %, 53 MiB, 4096 MiB, 300 MHz, 1.99 W, 51, 0x0000000000000001
2026/10/07 03:27:25.081, 0 %, 53 MiB, 4096 MiB, 300 MHz, 1.61 W, 51, 0x0000000000000001
2026/10/07 03:27:27.106, 0 %, 53 MiB, 4096 MiB, 300 MHz, 1.58 W, 51, 0x0000000000000001
2026/10/07 03:27:29.128, 0 %, 53 MiB, 4096 MiB, 300 MHz, 1.57 W, 51, 0x0000000000000001
2026/10/07 03:27:31.152, 0 %, 53 MiB, 4096 MiB, 300 MHz, 1.57 W, 51, 0x0000000000000001
2026/10/07 03:27:33.176, 0 %, 53 MiB, 4096 MiB, 300 MHz, 1.72 W, 51, 0x0000000000000001
2026/10/07 03:27:35.198, 0 %, 53 MiB, 4096 MiB, 300 MHz, 1.50 W, 51, 0x0000000000000001
2026/10/07 03:27:37.220, 0 %, 53 MiB, 4096 MiB, 300 MHz, 1.69 W, 51, 0x0000000000000001
2026/10/07 03:27:39.246, 0 %, 53 MiB, 4096 MiB, 300 MHz, 1.64 W, 51, 0x0000000000000001
2026/10/07 03:27:41.268, 0 %, 53 MiB, 4096 MiB, 300 MHz, 1.54 W, 51, 0x0000000000000001
2026/10/07 03:27:43.290, 0 %, 53 MiB, 4096 MiB, 300 MHz, 1.69 W, 51, 0x0000000000000001
2026/10/07 03:27:45.316, 0 %, 53 MiB, 4096 MiB, 300 MHz, 1.57 W, 51, 0x0000000000000001
2026/10/07 03:27:47.338, 0 %, 53 MiB, 4096 MiB, 300 MHz, 1.54 W, 51, 0x0000000000000001
2026/10/07 03:27:49.361, 0 %, 53 MiB, 4096 MiB, 300 MHz, 1.55 W, 51, 0x0000000000000001
2026/10/07 03:27:51.382, 0 %, 53 MiB, 4096 MiB, 300 MHz, 1.90 W, 51, 0x0000000000000001
2026/10/07 03:27:53.407, 0 %, 53 MiB, 4096 MiB, 300 MHz, 1.58 W, 51, 0x0000000000000001
2026/10/07 03:27:55.430, 0 %, 53 MiB, 4096 MiB, 300 MHz, 1.62 W, 51, 0x0000000000000001
2026/10/07 03:27:57.453, 0 %, 53 MiB, 4096 MiB, 300 MHz, 1.54 W, 51, 0x0000000000000001
2026/10/07 03:27:59.476, 0 %, 53 MiB, 4096 MiB, 300 MHz, 1.54 W, 51, 0x0000000000000001
2026/10/07 03:28:01.501, 0 %, 53 MiB, 4096 MiB, 300 MHz, 1.76 W, 51, 0x0000000000000001
2026/10/07 03:28:03.523, 0 %, 53 MiB, 4096 MiB, 300 MHz, 1.48 W, 51, 0x0000000000000001
2026/10/07 03:28:05.545, 0 %, 53 MiB, 4096 MiB, 300 MHz, 1.55 W, 51, 0x0000000000000001
2026/10/07 03:28:07.569, 0 %, 53 MiB, 4096 MiB, 300 MHz, 1.58 W, 51, 0x0000000000000001
2026/10/07 03:28:09.591, 0 %, 53 MiB, 4096 MiB, 300 MHz, 1.58 W, 51, 0x0000000000000001
2026/10/07 03:28:11.615, 0 %, 53 MiB, 4096 MiB, 300 MHz, 1.73 W, 51, 0x0000000000000001
2026/10/07 03:28:13.639, 0 %, 53 MiB, 4096 MiB, 300 MHz, 1.61 W, 51, 0x0000000000000001
2026/10/07 03:28:15.662, 0 %, 53 MiB, 4096 MiB, 300 MHz, 1.58 W, 51, 0x0000000000000001
2026/10/07 03:28:17.686, 0 %, 53 MiB, 4096 MiB, 300 MHz, 1.59 W, 51, 0x0000000000000001
2026/10/07 03:28:19.707, 0 %, 53 MiB, 4096 MiB, 300 MHz, 2.04 W, 51, 0x0000000000000001
2026/10/07 03:28:21.731, 0 %, 53 MiB, 4096 MiB, 300 MHz, 1.54 W, 51, 0x0000000000000001
2026/10/07 03:28:23.755, 0 %, 53 MiB, 4096 MiB, 300 MHz, 1.58 W, 51, 0x0000000000000001
2026/10/07 03:28:25.777, 0 %, 53 MiB, 4096 MiB, 300 MHz, 1.61 W, 51, 0x0000000000000001
2026/10/07 03:28:27.798, 0 %, 53 MiB, 4096 MiB, 300 MHz, 1.55 W, 51, 0x0000000000000001
2026/10/07 03:28:29.822, 0 %, 53 MiB, 4096 MiB, 300 MHz, 1.96 W, 51, 0x0000000000000001
2026/10/07 03:28:31.845, 0 %, 53 MiB, 4096 MiB, 300 MHz, 1.53 W, 51, 0x0000000000000001
2026/10/07 03:28:33.866, 0 %, 53 MiB, 4096 MiB, 300 MHz, 1.46 W, 51, 0x0000000000000001
2026/10/07 03:28:35.889, 0 %, 53 MiB, 4096 MiB, 300 MHz, 1.49 W, 51, 0x0000000000000001
2026/10/07 03:28:37.911, 1 %, 64 MiB, 4096 MiB, 300 MHz, 1.66 W, 51, 0x0000000000000001
2026/10/07 03:28:39.937, 0 %, 63 MiB, 4096 MiB, 300 MHz, 1.69 W, 51, 0x0000000000000001
2026/10/07 03:28:41.959, 0 %, 55 MiB, 4096 MiB, 300 MHz, 1.54 W, 51, 0x0000000000000001
2026/10/07 03:28:43.983, 0 %, 55 MiB, 4096 MiB, 300 MHz, 1.54 W, 51, 0x0000000000000001
2026/10/07 03:28:46.004, 0 %, 55 MiB, 4096 MiB, 300 MHz, 1.57 W, 51, 0x0000000000000001
2026/10/07 03:28:48.027, 0 %, 55 MiB, 4096 MiB, 300 MHz, 1.56 W, 51, 0x0000000000000001
2026/10/07 03:28:50.048, 0 %, 55 MiB, 4096 MiB, 300 MHz, 1.66 W, 51, 0x0000000000000001
2026/10/07 03:28:52.074, 0 %, 55 MiB, 4096 MiB, 300 MHz, 1.51 W, 51, 0x0000000000000001
2026/10/07 03:28:54.098, 0 %, 55 MiB, 4096 MiB, 300 MHz, 1.50 W, 51, 0x0000000000000001
2026/10/07 03:28:56.122, 0 %, 55 MiB, 4096 MiB, 300 MHz, 1.63 W, 51, 0x0000000000000001
2026/10/07 03:28:58.147, 0 %, 55 MiB, 4096 MiB, 300 MHz, 1.85 W, 51, 0x0000000000000001
2026/10/07 03:29:00.169, 0 %, 55 MiB, 4096 MiB, 300 MHz, 1.59 W, 51, 0x0000000000000001
2026/10/07 03:29:02.193, 0 %, 55 MiB, 4096 MiB, 300 MHz, 1.64 W, 51, 0x0000000000000001
2026/10/07 03:29:04.215, 0 %, 55 MiB, 4096 MiB, 300 MHz, 1.49 W, 51, 0x0000000000000001
2026/10/07 03:29:06.240, 0 %, 55 MiB, 4096 MiB, 300 MHz, 1.61 W, 51, 0x0000000000000001
2026/10/07 03:29:08.262, 0 %, 54 MiB, 4096 MiB, 300 MHz, 1.69 W, 51, 0x0000000000000001
2026/10/07 03:29:10.288, 0 %, 54 MiB, 4096 MiB, 300 MHz, 1.53 W, 51, 0x0000000000000001
2026/10/07 03:29:12.313, 0 %, 54 MiB, 4096 MiB, 300 MHz, 1.59 W, 51, 0x0000000000000001
2026/10/07 03:29:14.335, 0 %, 54 MiB, 4096 MiB, 300 MHz, 1.53 W, 51, 0x0000000000000001
2026/10/07 03:29:16.361, 0 %, 54 MiB, 4096 MiB, 300 MHz, 1.90 W, 51, 0x0000000000000001
2026/10/07 03:29:18.382, 0 %, 54 MiB, 4096 MiB, 300 MHz, 1.58 W, 51, 0x0000000000000001
2026/10/07 03:29:20.405, 0 %, 54 MiB, 4096 MiB, 300 MHz, 1.65 W, 51, 0x0000000000000001
2026/10/07 03:29:22.431, 0 %, 54 MiB, 4096 MiB, 300 MHz, 1.56 W, 51, 0x0000000000000001
2026/10/07 03:29:24.453, 0 %, 54 MiB, 4096 MiB, 300 MHz, 1.54 W, 51, 0x0000000000000001
2026/10/07 03:29:26.489, 0 %, 54 MiB, 4096 MiB, 300 MHz, 1.54 W, 51, 0x0000000000000001
2026/10/07 03:29:28.514, 0 %, 54 MiB, 4096 MiB, 300 MHz, 1.50 W, 51, 0x0000000000000001
2026/10/07 03:29:30.535, 0 %, 54 MiB, 4096 MiB, 300 MHz, 1.52 W, 51, 0x0000000000000001
2026/10/07 03:29:32.561, 0 %, 54 MiB, 4096 MiB, 300 MHz, 1.53 W, 51, 0x0000000000000001
2026/10/07 03:29:34.584, 0 %, 54 MiB, 4096 MiB, 300 MHz, 1.77 W, 51, 0x0000000000000001
2026/10/07 03:29:36.609, 0 %, 54 MiB, 4096 MiB, 300 MHz, 1.58 W, 51, 0x0000000000000001
2026/10/07 03:29:38.631, 0 %, 54 MiB, 4096 MiB, 300 MHz, 1.57 W, 51, 0x0000000000000001
2026/10/07 03:29:40.654, 0 %, 54 MiB, 4096 MiB, 300 MHz, 1.51 W, 51, 0x0000000000000001
2026/10/07 03:29:42.681, 0 %, 54 MiB, 4096 MiB, 300 MHz, 1.54 W, 51, 0x0000000000000001
2026/10/07 03:29:44.703, 0 %, 54 MiB, 4096 MiB, 300 MHz, 1.72 W, 51, 0x0000000000000001
2026/10/07 03:29:46.727, 0 %, 54 MiB, 4096 MiB, 300 MHz, 1.69 W, 51, 0x0000000000000001
2026/10/07 03:29:48.749, 0 %, 54 MiB, 4096 MiB, 300 MHz, 1.67 W, 51, 0x0000000000000001
2026/10/07 03:29:50.771, 0 %, 54 MiB, 4096 MiB, 300 MHz, 1.65 W, 51, 0x0000000000000001
2026/10/07 03:29:52.793, 0 %, 54 MiB, 4096 MiB, 300 MHz, 1.92 W, 51, 0x0000000000000001
2026/10/07 03:29:54.817, 0 %, 54 MiB, 4096 MiB, 300 MHz, 1.57 W, 51, 0x0000000000000001
2026/10/07 03:29:56.840, 0 %, 54 MiB, 4096 MiB, 300 MHz, 1.54 W, 51, 0x0000000000000001
2026/10/07 03:29:58.861, 0 %, 54 MiB, 4096 MiB, 300 MHz, 1.50 W, 51, 0x0000000000000001
2026/10/07 03:30:00.884, 0 %, 54 MiB, 4096 MiB, 300 MHz, 1.51 W, 51, 0x0000000000000001
2026/10/07 03:30:02.905, 0 %, 54 MiB, 4096 MiB, 300 MHz, 1.82 W, 51, 0x0000000000000001
2026/10/07 03:30:04.929, 0 %, 54 MiB, 4096 MiB, 300 MHz, 1.50 W, 51, 0x0000000000000001
2026/10/07 03:30:06.951, 0 %, 54 MiB, 4096 MiB, 300 MHz, 1.52 W, 51, 0x0000000000000001
2026/10/07 03:30:08.976, 0 %, 54 MiB, 4096 MiB, 300 MHz, 1.53 W, 51, 0x0000000000000001
2026/10/07 03:30:10.998, 0 %, 54 MiB, 4096 MiB, 300 MHz, 1.49 W, 51, 0x0000000000000001
2026/10/07 03:30:13.023, 0 %, 54 MiB, 4096 MiB, 300 MHz, 1.46 W, 51, 0x0000000000000001
2026/10/07 03:30:15.046, 0 %, 54 MiB, 4096 MiB, 300 MHz, 1.54 W, 51, 0x0000000000000001
2026/10/07 03:30:17.068, 0 %, 54 MiB, 4096 MiB, 300 MHz, 1.53 W, 51, 0x0000000000000001
2026/10/07 03:30:19.089, 0 %, 54 MiB, 4096 MiB, 300 MHz, 1.55 W, 51, 0x0000000000000001
2026/10/07 03:30:21.119, 0 %, 54 MiB, 4096 MiB, 300 MHz, 1.89 W, 51, 0x0000000000000001
2026/10/07 03:30:23.140, 0 %, 54 MiB, 4096 MiB, 300 MHz, 1.48 W, 51, 0x0000000000000001
2026/10/07 03:30:25.162, 0 %, 54 MiB, 4096 MiB, 300 MHz, 1.68 W, 51, 0x0000000000000001
2026/10/07 03:30:27.184, 0 %, 54 MiB, 4096 MiB, 300 MHz, 1.53 W, 51, 0x0000000000000001
2026/10/07 03:30:29.205, 0 %, 54 MiB, 4096 MiB, 300 MHz, 1.51 W, 51, 0x0000000000000001
2026/10/07 03:30:31.229, 0 %, 54 MiB, 4096 MiB, 300 MHz, 1.98 W, 51, 0x0000000000000001
2026/10/07 03:30:33.251, 0 %, 54 MiB, 4096 MiB, 300 MHz, 1.56 W, 51, 0x0000000000000001
2026/10/07 03:30:35.274, 0 %, 54 MiB, 4096 MiB, 300 MHz, 1.44 W, 51, 0x0000000000000001
2026/10/07 03:30:37.299, 0 %, 54 MiB, 4096 MiB, 300 MHz, 1.55 W, 51, 0x0000000000000001
2026/10/07 03:30:39.321, 0 %, 54 MiB, 4096 MiB, 300 MHz, 1.61 W, 51, 0x0000000000000001
2026/10/07 03:30:41.345, 0 %, 54 MiB, 4096 MiB, 300 MHz, 1.71 W, 51, 0x0000000000000001
2026/10/07 03:30:43.366, 0 %, 54 MiB, 4096 MiB, 300 MHz, 1.54 W, 51, 0x0000000000000001
2026/10/07 03:30:45.388, 0 %, 54 MiB, 4096 MiB, 300 MHz, 1.56 W, 51, 0x0000000000000001
2026/10/07 03:30:47.410, 0 %, 54 MiB, 4096 MiB, 300 MHz, 1.50 W, 51, 0x0000000000000001
2026/10/07 03:30:49.433, 0 %, 54 MiB, 4096 MiB, 300 MHz, 1.49 W, 51, 0x0000000000000001
2026/10/07 03:30:51.459, 0 %, 54 MiB, 4096 MiB, 300 MHz, 1.60 W, 51, 0x0000000000000001
2026/10/07 03:30:53.482, 0 %, 54 MiB, 4096 MiB, 300 MHz, 1.53 W, 51, 0x0000000000000001
2026/10/07 03:30:55.507, 0 %, 54 MiB, 4096 MiB, 300 MHz, 1.56 W, 51, 0x0000000000000001
2026/10/07 03:30:57.529, 0 %, 54 MiB, 4096 MiB, 300 MHz, 1.56 W, 51, 0x0000000000000001
2026/10/07 03:30:59.552, 0 %, 54 MiB, 4096 MiB, 300 MHz, 1.98 W, 51, 0x0000000000000001
2026/10/07 03:31:01.577, 0 %, 54 MiB, 4096 MiB, 300 MHz, 1.51 W, 51, 0x0000000000000001
2026/10/07 03:31:03.598, 0 %, 54 MiB, 4096 MiB, 300 MHz, 1.52 W, 51, 0x0000000000000001
2026/10/07 03:31:05.620, 0 %, 54 MiB, 4096 MiB, 300 MHz, 1.49 W, 51, 0x0000000000000001
2026/10/07 03:31:07.646, 0 %, 54 MiB, 4096 MiB, 300 MHz, 1.49 W, 51, 0x0000000000000001
2026/10/07 03:31:09.668, 0 %, 54 MiB, 4096 MiB, 300 MHz, 1.75 W, 51, 0x0000000000000001
2026/10/07 03:31:11.689, 0 %, 54 MiB, 4096 MiB, 300 MHz, 1.56 W, 51, 0x0000000000000001
2026/10/07 03:31:13.716, 0 %, 54 MiB, 4096 MiB, 300 MHz, 1.54 W, 51, 0x0000000000000001
2026/10/07 03:31:15.738, 0 %, 54 MiB, 4096 MiB, 300 MHz, 1.54 W, 51, 0x0000000000000001
2026/10/07 03:31:17.762, 0 %, 54 MiB, 4096 MiB, 300 MHz, 1.52 W, 51, 0x0000000000000001
2026/10/07 03:31:19.785, 0 %, 54 MiB, 4096 MiB, 300 MHz, 1.59 W, 51, 0x0000000000000001
2026/10/07 03:31:21.810, 0 %, 54 MiB, 4096 MiB, 300 MHz, 1.56 W, 51, 0x0000000000000001
2026/10/07 03:31:23.834, 0 %, 54 MiB, 4096 MiB, 300 MHz, 1.51 W, 51, 0x0000000000000001
2026/10/07 03:31:25.857, 0 %, 54 MiB, 4096 MiB, 300 MHz, 1.54 W, 51, 0x0000000000000001
2026/10/07 03:31:27.880, 0 %, 54 MiB, 4096 MiB, 300 MHz, 1.91 W, 51, 0x0000000000000001
2026/10/07 03:31:29.902, 0 %, 54 MiB, 4096 MiB, 300 MHz, 1.60 W, 51, 0x0000000000000001
2026/10/07 03:31:31.923, 0 %, 54 MiB, 4096 MiB, 300 MHz, 1.66 W, 51, 0x0000000000000001
2026/10/07 03:31:33.947, 0 %, 54 MiB, 4096 MiB, 300 MHz, 1.67 W, 51, 0x0000000000000001
2026/10/07 03:31:35.971, 0 %, 54 MiB, 4096 MiB, 300 MHz, 1.62 W, 51, 0x0000000000000001
2026/10/07 03:31:38.000, 0 %, 54 MiB, 4096 MiB, 300 MHz, 1.57 W, 51, 0x0000000000000001
2026/10/07 03:31:40.024, 0 %, 54 MiB, 4096 MiB, 300 MHz, 1.47 W, 51, 0x0000000000000001
2026/10/07 03:31:42.045, 0 %, 54 MiB, 4096 MiB, 300 MHz, 1.48 W, 51, 0x0000000000000001
2026/10/07 03:31:44.074, 0 %, 54 MiB, 4096 MiB, 300 MHz, 1.53 W, 51, 0x0000000000000001
2026/10/07 03:31:46.095, 0 %, 54 MiB, 4096 MiB, 300 MHz, 1.83 W, 51, 0x0000000000000001
2026/10/07 03:31:48.117, 0 %, 54 MiB, 4096 MiB, 300 MHz, 1.61 W, 51, 0x0000000000000001
2026/10/07 03:31:50.140, 0 %, 54 MiB, 4096 MiB, 300 MHz, 1.60 W, 51, 0x0000000000000001
2026/10/07 03:31:52.163, 0 %, 54 MiB, 4096 MiB, 300 MHz, 1.58 W, 51, 0x0000000000000001
2026/10/07 03:31:54.188, 0 %, 54 MiB, 4096 MiB, 300 MHz, 1.52 W, 51, 0x0000000000000001
2026/10/07 03:31:56.209, 0 %, 54 MiB, 4096 MiB, 300 MHz, 1.72 W, 51, 0x0000000000000001
2026/10/07 03:31:58.233, 0 %, 54 MiB, 4096 MiB, 300 MHz, 1.51 W, 51, 0x0000000000000001
2026/10/07 03:32:00.254, 0 %, 54 MiB, 4096 MiB, 300 MHz, 1.48 W, 51, 0x0000000000000001
2026/10/07 03:32:02.279, 0 %, 54 MiB, 4096 MiB, 300 MHz, 1.55 W, 51, 0x0000000000000001
2026/10/07 03:32:04.300, 0 %, 54 MiB, 4096 MiB, 300 MHz, 1.52 W, 51, 0x0000000000000001
2026/10/07 03:32:06.322, 0 %, 54 MiB, 4096 MiB, 300 MHz, 1.67 W, 51, 0x0000000000000001
2026/10/07 03:32:08.348, 0 %, 54 MiB, 4096 MiB, 300 MHz, 1.62 W, 51, 0x0000000000000001
2026/10/07 03:32:10.370, 0 %, 54 MiB, 4096 MiB, 300 MHz, 1.58 W, 51, 0x0000000000000001
2026/10/07 03:32:12.393, 0 %, 54 MiB, 4096 MiB, 300 MHz, 1.57 W, 51, 0x0000000000000001
2026/10/07 03:32:14.418, 0 %, 54 MiB, 4096 MiB, 300 MHz, 1.85 W, 51, 0x0000000000000001
2026/10/07 03:32:16.440, 0 %, 54 MiB, 4096 MiB, 300 MHz, 1.50 W, 51, 0x0000000000000001
2026/10/07 03:32:18.465, 0 %, 54 MiB, 4096 MiB, 300 MHz, 1.51 W, 51, 0x0000000000000001
2026/10/07 03:32:20.489, 0 %, 54 MiB, 4096 MiB, 300 MHz, 1.55 W, 51, 0x0000000000000001
2026/10/07 03:32:22.511, 0 %, 54 MiB, 4096 MiB, 300 MHz, 1.55 W, 51, 0x0000000000000001
2026/10/07 03:32:24.538, 0 %, 54 MiB, 4096 MiB, 300 MHz, 1.64 W, 51, 0x0000000000000001
2026/10/07 03:32:26.563, 0 %, 54 MiB, 4096 MiB, 300 MHz, 1.57 W, 51, 0x0000000000000001
2026/10/07 03:32:28.585, 0 %, 54 MiB, 4096 MiB, 300 MHz, 1.54 W, 51, 0x0000000000000001
2026/10/07 03:32:30.606, 0 %, 54 MiB, 4096 MiB, 300 MHz, 1.51 W, 51, 0x0000000000000001
2026/10/07 03:32:32.632, 0 %, 54 MiB, 4096 MiB, 300 MHz, 1.87 W, 51, 0x0000000000000001
2026/10/07 03:32:34.656, 0 %, 54 MiB, 4096 MiB, 300 MHz, 1.57 W, 51, 0x0000000000000001
2026/10/07 03:32:36.677, 0 %, 54 MiB, 4096 MiB, 300 MHz, 1.55 W, 51, 0x0000000000000001
2026/10/07 03:32:38.701, 0 %, 54 MiB, 4096 MiB, 300 MHz, 1.51 W, 51, 0x0000000000000001
2026/10/07 03:32:40.724, 0 %, 54 MiB, 4096 MiB, 300 MHz, 1.51 W, 51, 0x0000000000000001
2026/10/07 03:32:42.745, 0 %, 54 MiB, 4096 MiB, 300 MHz, 1.81 W, 51, 0x0000000000000001
2026/10/07 03:32:44.769, 0 %, 54 MiB, 4096 MiB, 300 MHz, 1.55 W, 51, 0x0000000000000001
2026/10/07 03:32:46.792, 0 %, 54 MiB, 4096 MiB, 300 MHz, 1.59 W, 51, 0x0000000000000001
2026/10/07 03:32:48.816, 0 %, 54 MiB, 4096 MiB, 300 MHz, 1.54 W, 51, 0x0000000000000001
2026/10/07 03:32:50.838, 0 %, 54 MiB, 4096 MiB, 300 MHz, 1.57 W, 51, 0x0000000000000001
2026/10/07 03:32:52.860, 0 %, 54 MiB, 4096 MiB, 300 MHz, 1.65 W, 51, 0x0000000000000001
2026/10/07 03:32:54.881, 0 %, 54 MiB, 4096 MiB, 300 MHz, 1.67 W, 51, 0x0000000000000001
2026/10/07 03:32:56.907, 0 %, 54 MiB, 4096 MiB, 300 MHz, 1.53 W, 51, 0x0000000000000001
2026/10/07 03:32:58.930, 0 %, 54 MiB, 4096 MiB, 300 MHz, 1.56 W, 51, 0x0000000000000001
2026/10/07 03:33:00.954, 0 %, 54 MiB, 4096 MiB, 300 MHz, 2.12 W, 51, 0x0000000000000001
2026/10/07 03:33:02.976, 0 %, 54 MiB, 4096 MiB, 300 MHz, 1.63 W, 51, 0x0000000000000001
2026/10/07 03:33:05.000, 0 %, 54 MiB, 4096 MiB, 300 MHz, 1.59 W, 51, 0x0000000000000001
2026/10/07 03:33:07.022, 0 %, 54 MiB, 4096 MiB, 300 MHz, 1.57 W, 51, 0x0000000000000001
2026/10/07 03:33:09.045, 0 %, 54 MiB, 4096 MiB, 300 MHz, 1.60 W, 51, 0x0000000000000001
2026/10/07 03:33:11.066, 0 %, 54 MiB, 4096 MiB, 300 MHz, 1.84 W, 51, 0x0000000000000001
2026/10/07 03:33:13.090, 0 %, 54 MiB, 4096 MiB, 300 MHz, 1.64 W, 51, 0x0000000000000001
2026/10/07 03:33:15.113, 0 %, 54 MiB, 4096 MiB, 300 MHz, 1.50 W, 51, 0x0000000000000001
2026/10/07 03:33:17.138, 0 %, 54 MiB, 4096 MiB, 300 MHz, 1.47 W, 51, 0x0000000000000001
2026/10/07 03:33:19.160, 0 %, 54 MiB, 4096 MiB, 300 MHz, 1.45 W, 51, 0x0000000000000001
2026/10/07 03:33:21.182, 0 %, 54 MiB, 4096 MiB, 300 MHz, 1.78 W, 51, 0x0000000000000001
2026/10/07 03:33:23.204, 0 %, 54 MiB, 4096 MiB, 300 MHz, 1.50 W, 51, 0x0000000000000001
2026/10/07 03:33:25.226, 0 %, 54 MiB, 4096 MiB, 300 MHz, 1.53 W, 51, 0x0000000000000001
2026/10/07 03:33:27.251, 0 %, 54 MiB, 4096 MiB, 300 MHz, 1.53 W, 51, 0x0000000000000001
2026/10/07 03:33:29.272, 0 %, 54 MiB, 4096 MiB, 300 MHz, 1.57 W, 51, 0x0000000000000001
2026/10/07 03:33:31.297, 0 %, 54 MiB, 4096 MiB, 300 MHz, 1.67 W, 51, 0x0000000000000001
2026/10/07 03:33:33.319, 0 %, 54 MiB, 4096 MiB, 300 MHz, 1.55 W, 51, 0x0000000000000001
2026/10/07 03:33:35.340, 0 %, 54 MiB, 4096 MiB, 300 MHz, 1.50 W, 51, 0x0000000000000001
2026/10/07 03:33:37.366, 0 %, 54 MiB, 4096 MiB, 300 MHz, 1.48 W, 51, 0x0000000000000001
2026/10/07 03:33:39.388, 0 %, 54 MiB, 4096 MiB, 300 MHz, 1.49 W, 51, 0x0000000000000001
2026/10/07 03:33:41.410, 0 %, 54 MiB, 4096 MiB, 300 MHz, 1.63 W, 51, 0x0000000000000001
2026/10/07 03:33:43.434, 0 %, 54 MiB, 4096 MiB, 300 MHz, 1.56 W, 51, 0x0000000000000001
2026/10/07 03:33:45.456, 0 %, 54 MiB, 4096 MiB, 300 MHz, 1.63 W, 51, 0x0000000000000001
2026/10/07 03:33:47.480, 0 %, 54 MiB, 4096 MiB, 300 MHz, 1.61 W, 51, 0x0000000000000001
2026/10/07 03:33:49.504, 0 %, 54 MiB, 4096 MiB, 300 MHz, 1.89 W, 51, 0x0000000000000001
2026/10/07 03:33:51.529, 0 %, 54 MiB, 4096 MiB, 300 MHz, 1.53 W, 51, 0x0000000000000001
2026/10/07 03:33:53.553, 0 %, 54 MiB, 4096 MiB, 300 MHz, 1.48 W, 51, 0x0000000000000001
2026/10/07 03:33:55.575, 0 %, 54 MiB, 4096 MiB, 300 MHz, 1.50 W, 51, 0x0000000000000001
2026/10/07 03:33:57.596, 0 %, 54 MiB, 4096 MiB, 300 MHz, 1.56 W, 51, 0x0000000000000001
2026/10/07 03:33:59.622, 0 %, 54 MiB, 4096 MiB, 300 MHz, 1.70 W, 51, 0x0000000000000001
2026/10/07 03:34:01.645, 0 %, 54 MiB, 4096 MiB, 300 MHz, 1.56 W, 51, 0x0000000000000001
2026/10/07 03:34:03.666, 0 %, 54 MiB, 4096 MiB, 300 MHz, 1.59 W, 51, 0x0000000000000001
2026/10/07 03:34:05.691, 0 %, 54 MiB, 4096 MiB, 300 MHz, 1.51 W, 51, 0x0000000000000001
2026/10/07 03:34:07.714, 0 %, 54 MiB, 4096 MiB, 300 MHz, 1.52 W, 51, 0x0000000000000001
2026/10/07 03:34:09.737, 0 %, 54 MiB, 4096 MiB, 300 MHz, 1.53 W, 51, 0x0000000000000001
2026/10/07 03:34:11.762, 0 %, 54 MiB, 4096 MiB, 300 MHz, 1.51 W, 51, 0x0000000000000001
2026/10/07 03:34:13.784, 0 %, 54 MiB, 4096 MiB, 300 MHz, 1.46 W, 51, 0x0000000000000001
2026/10/07 03:34:15.806, 0 %, 54 MiB, 4096 MiB, 300 MHz, 1.50 W, 51, 0x0000000000000001
2026/10/07 03:34:17.831, 0 %, 54 MiB, 4096 MiB, 300 MHz, 1.88 W, 51, 0x0000000000000001
2026/10/07 03:34:19.853, 0 %, 54 MiB, 4096 MiB, 300 MHz, 1.57 W, 51, 0x0000000000000001
2026/10/07 03:34:21.877, 0 %, 54 MiB, 4096 MiB, 300 MHz, 1.56 W, 51, 0x0000000000000001
2026/10/07 03:34:23.899, 0 %, 54 MiB, 4096 MiB, 300 MHz, 1.54 W, 51, 0x0000000000000001
2026/10/07 03:34:25.921, 0 %, 54 MiB, 4096 MiB, 300 MHz, 1.55 W, 51, 0x0000000000000001
2026/10/07 03:34:27.946, 0 %, 54 MiB, 4096 MiB, 300 MHz, 1.67 W, 51, 0x0000000000000001
2026/10/07 03:34:29.968, 0 %, 64 MiB, 4096 MiB, 300 MHz, 1.54 W, 51, 0x0000000000000001
2026/10/07 03:34:31.989, 0 %, 65 MiB, 4096 MiB, 300 MHz, 1.17 W, 51, 0x0000000000000001
2026/10/07 03:34:34.012, 0 %, 57 MiB, 4096 MiB, 300 MHz, 1.53 W, 51, 0x0000000000000001
2026/10/07 03:34:36.038, 0 %, 57 MiB, 4096 MiB, 300 MHz, 1.57 W, 51, 0x0000000000000001
2026/10/07 03:34:38.062, 0 %, 57 MiB, 4096 MiB, 300 MHz, 1.64 W, 51, 0x0000000000000001
2026/10/07 03:34:40.084, 0 %, 57 MiB, 4096 MiB, 300 MHz, 1.64 W, 51, 0x0000000000000001
2026/10/07 03:34:42.109, 0 %, 57 MiB, 4096 MiB, 300 MHz, 1.48 W, 51, 0x0000000000000001
2026/10/07 03:34:44.132, 0 %, 57 MiB, 4096 MiB, 300 MHz, 1.47 W, 51, 0x0000000000000001
2026/10/07 03:34:46.156, 0 %, 57 MiB, 4096 MiB, 300 MHz, 1.81 W, 51, 0x0000000000000001
2026/10/07 03:34:48.179, 0 %, 57 MiB, 4096 MiB, 300 MHz, 1.45 W, 51, 0x0000000000000001
2026/10/07 03:34:50.202, 0 %, 57 MiB, 4096 MiB, 300 MHz, 1.46 W, 51, 0x0000000000000001
2026/10/07 03:34:52.225, 0 %, 57 MiB, 4096 MiB, 300 MHz, 1.48 W, 51, 0x0000000000000001
2026/10/07 03:34:54.246, 0 %, 57 MiB, 4096 MiB, 300 MHz, 1.53 W, 51, 0x0000000000000001
2026/10/07 03:34:56.271, 0 %, 57 MiB, 4096 MiB, 300 MHz, 1.81 W, 51, 0x0000000000000001
2026/10/07 03:34:58.294, 0 %, 57 MiB, 4096 MiB, 300 MHz, 1.57 W, 51, 0x0000000000000001
2026/10/07 03:35:00.316, 0 %, 57 MiB, 4096 MiB, 300 MHz, 1.52 W, 51, 0x0000000000000001
2026/10/07 03:35:02.338, 0 %, 56 MiB, 4096 MiB, 300 MHz, 1.56 W, 51, 0x0000000000000001
2026/10/07 03:35:04.362, 0 %, 56 MiB, 4096 MiB, 300 MHz, 1.68 W, 51, 0x0000000000000001
2026/10/07 03:35:06.386, 0 %, 56 MiB, 4096 MiB, 300 MHz, 1.61 W, 51, 0x0000000000000001
2026/10/07 03:35:08.408, 0 %, 56 MiB, 4096 MiB, 300 MHz, 1.49 W, 51, 0x0000000000000001
2026/10/07 03:35:10.431, 0 %, 56 MiB, 4096 MiB, 300 MHz, 1.55 W, 51, 0x0000000000000001
2026/10/07 03:35:12.453, 0 %, 56 MiB, 4096 MiB, 300 MHz, 1.52 W, 51, 0x0000000000000001
2026/10/07 03:35:14.477, 0 %, 56 MiB, 4096 MiB, 300 MHz, 1.55 W, 51, 0x0000000000000001
2026/10/07 03:35:16.502, 0 %, 56 MiB, 4096 MiB, 300 MHz, 1.66 W, 51, 0x0000000000000001
2026/10/07 03:35:18.527, 0 %, 56 MiB, 4096 MiB, 300 MHz, 1.63 W, 51, 0x0000000000000001
2026/10/07 03:35:20.551, 0 %, 56 MiB, 4096 MiB, 300 MHz, 1.62 W, 51, 0x0000000000000001
2026/10/07 03:35:22.572, 0 %, 56 MiB, 4096 MiB, 300 MHz, 1.67 W, 51, 0x0000000000000001
2026/10/07 03:35:24.595, 0 %, 56 MiB, 4096 MiB, 300 MHz, 1.77 W, 51, 0x0000000000000001
2026/10/07 03:35:26.623, 0 %, 56 MiB, 4096 MiB, 300 MHz, 1.50 W, 51, 0x0000000000000001
2026/10/07 03:35:28.644, 0 %, 56 MiB, 4096 MiB, 300 MHz, 1.51 W, 51, 0x0000000000000001
2026/10/07 03:35:30.668, 0 %, 55 MiB, 4096 MiB, 300 MHz, 1.49 W, 51, 0x0000000000000001
2026/10/07 03:35:32.689, 0 %, 55 MiB, 4096 MiB, 300 MHz, 1.49 W, 51, 0x0000000000000001
2026/10/07 03:35:34.711, 0 %, 55 MiB, 4096 MiB, 300 MHz, 1.75 W, 51, 0x0000000000000001
2026/10/07 03:35:36.735, 0 %, 55 MiB, 4096 MiB, 300 MHz, 1.49 W, 51, 0x0000000000000001
2026/10/07 03:35:38.762, 0 %, 55 MiB, 4096 MiB, 300 MHz, 1.50 W, 51, 0x0000000000000001
2026/10/07 03:35:40.783, 0 %, 55 MiB, 4096 MiB, 300 MHz, 1.50 W, 51, 0x0000000000000001
2026/10/07 03:35:42.807, 0 %, 55 MiB, 4096 MiB, 300 MHz, 1.75 W, 51, 0x0000000000000001
2026/10/07 03:35:44.831, 0 %, 55 MiB, 4096 MiB, 300 MHz, 1.37 W, 51, 0x0000000000000001
2026/10/07 03:35:46.856, 0 %, 55 MiB, 4096 MiB, 300 MHz, 1.47 W, 51, 0x0000000000000001
2026/10/07 03:35:48.880, 0 %, 55 MiB, 4096 MiB, 300 MHz, 1.45 W, 51, 0x0000000000000001
2026/10/07 03:35:50.905, 0 %, 55 MiB, 4096 MiB, 300 MHz, 1.44 W, 51, 0x0000000000000001
2026/10/07 03:35:52.927, 0 %, 55 MiB, 4096 MiB, 300 MHz, 1.50 W, 51, 0x0000000000000001
2026/10/07 03:35:54.949, 0 %, 55 MiB, 4096 MiB, 300 MHz, 1.52 W, 51, 0x0000000000000001
2026/10/07 03:35:56.972, 0 %, 55 MiB, 4096 MiB, 300 MHz, 1.50 W, 51, 0x0000000000000001
2026/10/07 03:35:58.995, 0 %, 55 MiB, 4096 MiB, 300 MHz, 1.52 W, 51, 0x0000000000000001
2026/10/07 03:36:01.017, 0 %, 55 MiB, 4096 MiB, 300 MHz, 1.56 W, 51, 0x0000000000000001
2026/10/07 03:36:03.039, 0 %, 55 MiB, 4096 MiB, 300 MHz, 1.82 W, 51, 0x0000000000000001
2026/10/07 03:36:05.062, 0 %, 55 MiB, 4096 MiB, 300 MHz, 1.52 W, 51, 0x0000000000000001
2026/10/07 03:36:07.083, 0 %, 55 MiB, 4096 MiB, 300 MHz, 1.54 W, 51, 0x0000000000000001
2026/10/07 03:36:09.109, 0 %, 55 MiB, 4096 MiB, 300 MHz, 1.45 W, 51, 0x0000000000000001
2026/10/07 03:36:11.135, 0 %, 55 MiB, 4096 MiB, 300 MHz, 1.93 W, 51, 0x0000000000000001
2026/10/07 03:36:13.161, 0 %, 55 MiB, 4096 MiB, 300 MHz, 1.50 W, 51, 0x0000000000000001
2026/10/07 03:36:15.183, 0 %, 55 MiB, 4096 MiB, 300 MHz, 1.51 W, 51, 0x0000000000000001
2026/10/07 03:36:17.208, 0 %, 55 MiB, 4096 MiB, 300 MHz, 1.56 W, 51, 0x0000000000000001
2026/10/07 03:36:19.230, 0 %, 55 MiB, 4096 MiB, 300 MHz, 1.54 W, 51, 0x0000000000000001
2026/10/07 03:36:21.254, 0 %, 55 MiB, 4096 MiB, 300 MHz, 1.78 W, 51, 0x0000000000000001
2026/10/07 03:36:23.289, 1 %, 64 MiB, 4096 MiB, 300 MHz, 1.56 W, 51, 0x0000000000000001
2026/10/07 03:36:25.315, 0 %, 55 MiB, 4096 MiB, 300 MHz, 1.51 W, 51, 0x0000000000000001
2026/10/07 03:36:27.337, 0 %, 55 MiB, 4096 MiB, 300 MHz, 1.49 W, 51, 0x0000000000000001
2026/10/07 03:36:29.361, 0 %, 55 MiB, 4096 MiB, 300 MHz, 1.80 W, 51, 0x0000000000000001
2026/10/07 03:36:31.384, 0 %, 55 MiB, 4096 MiB, 300 MHz, 1.50 W, 51, 0x0000000000000001
2026/10/07 03:36:33.407, 0 %, 55 MiB, 4096 MiB, 300 MHz, 1.55 W, 51, 0x0000000000000001
2026/10/07 03:36:35.429, 0 %, 55 MiB, 4096 MiB, 300 MHz, 1.53 W, 51, 0x0000000000000001
2026/10/07 03:36:37.453, 0 %, 55 MiB, 4096 MiB, 300 MHz, 1.53 W, 51, 0x0000000000000001
2026/10/07 03:36:39.476, 0 %, 55 MiB, 4096 MiB, 300 MHz, 1.66 W, 51, 0x0000000000000001
2026/10/07 03:36:41.500, 0 %, 55 MiB, 4096 MiB, 300 MHz, 1.65 W, 51, 0x0000000000000001
2026/10/07 03:36:43.521, 0 %, 55 MiB, 4096 MiB, 300 MHz, 1.52 W, 51, 0x0000000000000001
2026/10/07 03:36:45.543, 0 %, 55 MiB, 4096 MiB, 300 MHz, 1.53 W, 51, 0x0000000000000001
2026/10/07 03:36:47.569, 0 %, 55 MiB, 4096 MiB, 300 MHz, 1.59 W, 51, 0x0000000000000001
2026/10/07 03:36:49.593, 0 %, 55 MiB, 4096 MiB, 300 MHz, 1.57 W, 51, 0x0000000000000001
2026/10/07 03:36:51.617, 0 %, 55 MiB, 4096 MiB, 300 MHz, 1.64 W, 51, 0x0000000000000001
2026/10/07 03:36:53.639, 0 %, 55 MiB, 4096 MiB, 300 MHz, 1.65 W, 51, 0x0000000000000001
2026/10/07 03:36:55.663, 0 %, 54 MiB, 4096 MiB, 300 MHz, 1.57 W, 51, 0x0000000000000001
2026/10/07 03:36:57.685, 0 %, 54 MiB, 4096 MiB, 300 MHz, 1.78 W, 51, 0x0000000000000001
2026/10/07 03:36:59.709, 0 %, 54 MiB, 4096 MiB, 300 MHz, 1.51 W, 51, 0x0000000000000001
2026/10/07 03:37:01.732, 0 %, 54 MiB, 4096 MiB, 300 MHz, 1.55 W, 51, 0x0000000000000001
2026/10/07 03:37:03.755, 0 %, 54 MiB, 4096 MiB, 300 MHz, 1.51 W, 51, 0x0000000000000001
2026/10/07 03:37:05.780, 0 %, 54 MiB, 4096 MiB, 300 MHz, 1.55 W, 51, 0x0000000000000001
2026/10/07 03:37:07.801, 0 %, 54 MiB, 4096 MiB, 300 MHz, 1.60 W, 51, 0x0000000000000001
2026/10/07 03:37:09.823, 0 %, 54 MiB, 4096 MiB, 300 MHz, 1.51 W, 51, 0x0000000000000001
2026/10/07 03:37:11.848, 0 %, 54 MiB, 4096 MiB, 300 MHz, 1.51 W, 51, 0x0000000000000001
2026/10/07 03:37:13.870, 0 %, 54 MiB, 4096 MiB, 300 MHz, 1.45 W, 51, 0x0000000000000001
2026/10/07 03:37:15.893, 0 %, 54 MiB, 4096 MiB, 300 MHz, 1.24 W, 51, 0x0000000000000001
2026/10/07 03:37:17.914, 0 %, 54 MiB, 4096 MiB, 300 MHz, 1.59 W, 51, 0x0000000000000001
2026/10/07 03:37:19.940, 0 %, 54 MiB, 4096 MiB, 300 MHz, 1.53 W, 51, 0x0000000000000001
2026/10/07 03:37:21.961, 0 %, 54 MiB, 4096 MiB, 300 MHz, 1.52 W, 51, 0x0000000000000001
2026/10/07 03:37:23.985, 0 %, 54 MiB, 4096 MiB, 300 MHz, 1.55 W, 51, 0x0000000000000001
2026/10/07 03:37:26.008, 0 %, 54 MiB, 4096 MiB, 300 MHz, 1.78 W, 51, 0x0000000000000001
2026/10/07 03:37:28.032, 0 %, 54 MiB, 4096 MiB, 300 MHz, 1.43 W, 51, 0x0000000000000001
2026/10/07 03:37:30.055, 0 %, 54 MiB, 4096 MiB, 300 MHz, 1.51 W, 51, 0x0000000000000001
2026/10/07 03:37:32.079, 0 %, 54 MiB, 4096 MiB, 300 MHz, 1.49 W, 51, 0x0000000000000001
2026/10/07 03:37:34.102, 0 %, 54 MiB, 4096 MiB, 300 MHz, 1.48 W, 51, 0x0000000000000001
2026/10/07 03:37:36.127, 0 %, 54 MiB, 4096 MiB, 300 MHz, 1.75 W, 51, 0x0000000000000001
2026/10/07 03:37:38.156, 0 %, 54 MiB, 4096 MiB, 300 MHz, 1.51 W, 51, 0x0000000000000001
2026/10/07 03:37:40.178, 0 %, 54 MiB, 4096 MiB, 300 MHz, 1.59 W, 51, 0x0000000000000001
2026/10/07 03:37:42.203, 0 %, 54 MiB, 4096 MiB, 300 MHz, 1.55 W, 51, 0x0000000000000001
2026/10/07 03:37:44.224, 0 %, 54 MiB, 4096 MiB, 300 MHz, 1.81 W, 51, 0x0000000000000001
2026/10/07 03:37:46.247, 0 %, 54 MiB, 4096 MiB, 300 MHz, 1.51 W, 51, 0x0000000000000001
2026/10/07 03:37:48.269, 0 %, 54 MiB, 4096 MiB, 300 MHz, 1.50 W, 51, 0x0000000000000001
2026/10/07 03:37:50.294, 0 %, 54 MiB, 4096 MiB, 300 MHz, 1.47 W, 51, 0x0000000000000001
2026/10/07 03:37:52.315, 0 %, 54 MiB, 4096 MiB, 300 MHz, 1.47 W, 51, 0x0000000000000001
2026/10/07 03:37:54.339, 0 %, 54 MiB, 4096 MiB, 300 MHz, 1.70 W, 51, 0x0000000000000001
2026/10/07 03:37:56.360, 0 %, 54 MiB, 4096 MiB, 300 MHz, 1.55 W, 51, 0x0000000000000001
2026/10/07 03:37:58.384, 0 %, 54 MiB, 4096 MiB, 300 MHz, 1.58 W, 51, 0x0000000000000001
2026/10/07 03:38:00.405, 0 %, 54 MiB, 4096 MiB, 300 MHz, 1.59 W, 51, 0x0000000000000001
2026/10/07 03:38:02.429, 0 %, 54 MiB, 4096 MiB, 300 MHz, 1.52 W, 51, 0x0000000000000001
2026/10/07 03:38:04.451, 0 %, 54 MiB, 4096 MiB, 300 MHz, 1.69 W, 51, 0x0000000000000001
2026/10/07 03:38:06.477, 0 %, 54 MiB, 4096 MiB, 300 MHz, 1.48 W, 51, 0x0000000000000001
2026/10/07 03:38:08.499, 0 %, 54 MiB, 4096 MiB, 300 MHz, 1.49 W, 51, 0x0000000000000001
2026/10/07 03:38:10.526, 0 %, 54 MiB, 4096 MiB, 300 MHz, 1.48 W, 51, 0x0000000000000001
2026/10/07 03:38:12.547, 0 %, 54 MiB, 4096 MiB, 300 MHz, 1.82 W, 51, 0x0000000000000001
2026/10/07 03:38:14.570, 0 %, 54 MiB, 4096 MiB, 300 MHz, 1.59 W, 51, 0x0000000000000001
2026/10/07 03:38:16.595, 0 %, 54 MiB, 4096 MiB, 300 MHz, 1.63 W, 51, 0x0000000000000001
2026/10/07 03:38:18.621, 0 %, 54 MiB, 4096 MiB, 300 MHz, 1.61 W, 51, 0x0000000000000001
2026/10/07 03:38:20.645, 0 %, 54 MiB, 4096 MiB, 300 MHz, 1.58 W, 51, 0x0000000000000001
2026/10/07 03:38:22.667, 0 %, 54 MiB, 4096 MiB, 300 MHz, 1.69 W, 51, 0x0000000000000001
2026/10/07 03:38:24.692, 0 %, 54 MiB, 4096 MiB, 300 MHz, 1.57 W, 51, 0x0000000000000001
2026/10/07 03:38:26.714, 0 %, 54 MiB, 4096 MiB, 300 MHz, 1.59 W, 51, 0x0000000000000001
2026/10/07 03:38:28.739, 0 %, 54 MiB, 4096 MiB, 300 MHz, 1.59 W, 51, 0x0000000000000001
2026/10/07 03:38:30.762, 0 %, 54 MiB, 4096 MiB, 300 MHz, 1.87 W, 51, 0x0000000000000001
2026/10/07 03:38:32.788, 0 %, 54 MiB, 4096 MiB, 300 MHz, 1.53 W, 51, 0x0000000000000001
2026/10/07 03:38:34.813, 0 %, 54 MiB, 4096 MiB, 300 MHz, 1.56 W, 51, 0x0000000000000001
2026/10/07 03:38:36.834, 0 %, 54 MiB, 4096 MiB, 300 MHz, 1.52 W, 51, 0x0000000000000001
2026/10/07 03:38:38.856, 0 %, 54 MiB, 4096 MiB, 300 MHz, 1.38 W, 51, 0x0000000000000001
2026/10/07 03:38:40.881, 0 %, 54 MiB, 4096 MiB, 300 MHz, 1.66 W, 51, 0x0000000000000001
2026/10/07 03:38:42.904, 0 %, 54 MiB, 4096 MiB, 300 MHz, 1.47 W, 51, 0x0000000000000001
2026/10/07 03:38:44.925, 0 %, 54 MiB, 4096 MiB, 300 MHz, 1.50 W, 51, 0x0000000000000001
2026/10/07 03:38:46.947, 0 %, 54 MiB, 4096 MiB, 300 MHz, 1.58 W, 51, 0x0000000000000001
2026/10/07 03:38:48.969, 0 %, 54 MiB, 4096 MiB, 300 MHz, 1.50 W, 51, 0x0000000000000001
2026/10/07 03:38:50.992, 0 %, 54 MiB, 4096 MiB, 300 MHz, 1.60 W, 51, 0x0000000000000001
2026/10/07 03:38:53.014, 0 %, 54 MiB, 4096 MiB, 300 MHz, 1.56 W, 51, 0x0000000000000001
2026/10/07 03:38:55.036, 0 %, 54 MiB, 4096 MiB, 300 MHz, 1.52 W, 51, 0x0000000000000001
2026/10/07 03:38:57.063, 0 %, 54 MiB, 4096 MiB, 300 MHz, 1.50 W, 51, 0x0000000000000001
2026/10/07 03:38:59.084, 0 %, 54 MiB, 4096 MiB, 300 MHz, 1.89 W, 51, 0x0000000000000001
2026/10/07 03:39:01.106, 0 %, 54 MiB, 4096 MiB, 300 MHz, 1.49 W, 51, 0x0000000000000001
2026/10/07 03:39:03.130, 0 %, 54 MiB, 4096 MiB, 300 MHz, 1.48 W, 51, 0x0000000000000001
2026/10/07 03:39:05.152, 0 %, 54 MiB, 4096 MiB, 300 MHz, 1.52 W, 51, 0x0000000000000001
2026/10/07 03:39:07.174, 0 %, 54 MiB, 4096 MiB, 300 MHz, 1.53 W, 51, 0x0000000000000001
2026/10/07 03:39:09.198, 0 %, 54 MiB, 4096 MiB, 300 MHz, 1.89 W, 51, 0x0000000000000001
2026/10/07 03:39:11.219, 0 %, 54 MiB, 4096 MiB, 300 MHz, 1.54 W, 51, 0x0000000000000001
2026/10/07 03:39:13.244, 0 %, 54 MiB, 4096 MiB, 300 MHz, 1.51 W, 51, 0x0000000000000001
2026/10/07 03:39:15.265, 0 %, 54 MiB, 4096 MiB, 300 MHz, 1.58 W, 51, 0x0000000000000001
2026/10/07 03:39:17.289, 0 %, 54 MiB, 4096 MiB, 300 MHz, 1.52 W, 51, 0x0000000000000001
2026/10/07 03:39:19.313, 0 %, 54 MiB, 4096 MiB, 300 MHz, 1.59 W, 51, 0x0000000000000001
2026/10/07 03:39:21.336, 0 %, 54 MiB, 4096 MiB, 300 MHz, 1.47 W, 51, 0x0000000000000001
2026/10/07 03:39:23.361, 0 %, 54 MiB, 4096 MiB, 300 MHz, 1.49 W, 51, 0x0000000000000001
2026/10/07 03:39:25.383, 0 %, 54 MiB, 4096 MiB, 300 MHz, 1.51 W, 51, 0x0000000000000001
2026/10/07 03:39:27.406, 0 %, 54 MiB, 4096 MiB, 300 MHz, 2.04 W, 51, 0x0000000000000001
2026/10/07 03:39:29.430, 0 %, 54 MiB, 4096 MiB, 300 MHz, 1.60 W, 51, 0x0000000000000001
2026/10/07 03:39:31.454, 0 %, 54 MiB, 4096 MiB, 300 MHz, 1.49 W, 51, 0x0000000000000001
2026/10/07 03:39:33.479, 0 %, 54 MiB, 4096 MiB, 300 MHz, 1.54 W, 51, 0x0000000000000001
2026/10/07 03:39:35.502, 0 %, 54 MiB, 4096 MiB, 300 MHz, 1.57 W, 51, 0x0000000000000001
2026/10/07 03:39:37.523, 0 %, 54 MiB, 4096 MiB, 300 MHz, 1.74 W, 51, 0x0000000000000001
2026/10/07 03:39:39.549, 0 %, 54 MiB, 4096 MiB, 300 MHz, 1.55 W, 51, 0x0000000000000001
2026/10/07 03:39:41.572, 0 %, 54 MiB, 4096 MiB, 300 MHz, 1.51 W, 51, 0x0000000000000001
2026/10/07 03:39:43.593, 0 %, 54 MiB, 4096 MiB, 300 MHz, 1.50 W, 51, 0x0000000000000001
2026/10/07 03:39:45.620, 0 %, 54 MiB, 4096 MiB, 300 MHz, 1.52 W, 51, 0x0000000000000001
2026/10/07 03:39:47.642, 0 %, 54 MiB, 4096 MiB, 300 MHz, 1.61 W, 51, 0x0000000000000001
2026/10/07 03:39:49.667, 0 %, 54 MiB, 4096 MiB, 300 MHz, 1.58 W, 51, 0x0000000000000001
2026/10/07 03:39:51.692, 0 %, 54 MiB, 4096 MiB, 300 MHz, 1.58 W, 51, 0x0000000000000001
2026/10/07 03:39:53.714, 0 %, 54 MiB, 4096 MiB, 300 MHz, 1.64 W, 51, 0x0000000000000001
2026/10/07 03:39:55.738, 0 %, 54 MiB, 4096 MiB, 300 MHz, 1.84 W, 51, 0x0000000000000001
2026/10/07 03:39:57.762, 0 %, 54 MiB, 4096 MiB, 300 MHz, 1.63 W, 51, 0x0000000000000001
2026/10/07 03:39:59.783, 0 %, 54 MiB, 4096 MiB, 300 MHz, 1.59 W, 51, 0x0000000000000001
2026/10/07 03:40:01.807, 0 %, 54 MiB, 4096 MiB, 300 MHz, 1.53 W, 51, 0x0000000000000001
2026/10/07 03:40:03.831, 0 %, 54 MiB, 4096 MiB, 300 MHz, 1.56 W, 51, 0x0000000000000001
2026/10/07 03:40:05.852, 0 %, 54 MiB, 4096 MiB, 300 MHz, 1.62 W, 51, 0x0000000000000001
2026/10/07 03:40:07.876, 0 %, 54 MiB, 4096 MiB, 300 MHz, 1.49 W, 51, 0x0000000000000001
2026/10/07 03:40:09.898, 0 %, 54 MiB, 4096 MiB, 300 MHz, 1.53 W, 51, 0x0000000000000001
2026/10/07 03:40:11.919, 0 %, 54 MiB, 4096 MiB, 300 MHz, 1.55 W, 51, 0x0000000000000001
2026/10/07 03:40:13.940, 0 %, 54 MiB, 4096 MiB, 300 MHz, 1.54 W, 51, 0x0000000000000001
2026/10/07 03:40:15.966, 0 %, 54 MiB, 4096 MiB, 300 MHz, 1.48 W, 51, 0x0000000000000001
2026/10/07 03:40:17.988, 0 %, 54 MiB, 4096 MiB, 300 MHz, 1.52 W, 51, 0x0000000000000001
2026/10/07 03:40:20.010, 0 %, 54 MiB, 4096 MiB, 300 MHz, 1.46 W, 51, 0x0000000000000001
2026/10/07 03:40:22.035, 0 %, 54 MiB, 4096 MiB, 300 MHz, 1.49 W, 51, 0x0000000000000001
2026/10/07 03:40:24.062, 0 %, 54 MiB, 4096 MiB, 300 MHz, 1.81 W, 51, 0x0000000000000001
2026/10/07 03:40:26.085, 0 %, 54 MiB, 4096 MiB, 300 MHz, 1.57 W, 51, 0x0000000000000001
2026/10/07 03:40:28.106, 0 %, 54 MiB, 4096 MiB, 300 MHz, 1.56 W, 51, 0x0000000000000001
2026/10/07 03:40:30.129, 0 %, 54 MiB, 4096 MiB, 300 MHz, 1.43 W, 51, 0x0000000000000001
2026/10/07 03:40:32.153, 0 %, 54 MiB, 4096 MiB, 300 MHz, 1.56 W, 51, 0x0000000000000001
2026/10/07 03:40:34.174, 0 %, 54 MiB, 4096 MiB, 300 MHz, 1.68 W, 51, 0x0000000000000001
2026/10/07 03:40:36.196, 0 %, 54 MiB, 4096 MiB, 300 MHz, 1.52 W, 51, 0x0000000000000001
2026/10/07 03:40:38.218, 0 %, 54 MiB, 4096 MiB, 300 MHz, 1.38 W, 51, 0x0000000000000001
2026/10/07 03:40:40.244, 0 %, 54 MiB, 4096 MiB, 300 MHz, 1.51 W, 51, 0x0000000000000001
2026/10/07 03:40:42.266, 0 %, 54 MiB, 4096 MiB, 300 MHz, 1.57 W, 51, 0x0000000000000001
2026/10/07 03:40:44.298, 0 %, 54 MiB, 4096 MiB, 300 MHz, 1.53 W, 51, 0x0000000000000001
2026/10/07 03:40:46.323, 0 %, 54 MiB, 4096 MiB, 300 MHz, 1.65 W, 51, 0x0000000000000001
2026/10/07 03:40:48.348, 0 %, 54 MiB, 4096 MiB, 300 MHz, 1.61 W, 51, 0x0000000000000001
2026/10/07 03:40:50.369, 0 %, 54 MiB, 4096 MiB, 300 MHz, 1.52 W, 51, 0x0000000000000001
2026/10/07 03:40:52.393, 0 %, 54 MiB, 4096 MiB, 300 MHz, 1.63 W, 51, 0x0000000000000001
2026/10/07 03:40:54.415, 0 %, 54 MiB, 4096 MiB, 300 MHz, 1.55 W, 51, 0x0000000000000001
2026/10/07 03:40:56.439, 0 %, 54 MiB, 4096 MiB, 300 MHz, 1.51 W, 51, 0x0000000000000001
2026/10/07 03:40:58.462, 0 %, 54 MiB, 4096 MiB, 300 MHz, 1.49 W, 51, 0x0000000000000001
2026/10/07 03:41:00.486, 0 %, 54 MiB, 4096 MiB, 300 MHz, 1.96 W, 51, 0x0000000000000001
2026/10/07 03:41:02.510, 0 %, 54 MiB, 4096 MiB, 300 MHz, 1.55 W, 51, 0x0000000000000001
2026/10/07 03:41:04.533, 0 %, 54 MiB, 4096 MiB, 300 MHz, 1.60 W, 51, 0x0000000000000001
2026/10/07 03:41:06.554, 0 %, 54 MiB, 4096 MiB, 300 MHz, 1.58 W, 51, 0x0000000000000001
2026/10/07 03:41:08.578, 0 %, 54 MiB, 4096 MiB, 300 MHz, 1.52 W, 51, 0x0000000000000001
2026/10/07 03:41:10.603, 0 %, 54 MiB, 4096 MiB, 300 MHz, 1.73 W, 51, 0x0000000000000001
2026/10/07 03:41:12.624, 0 %, 54 MiB, 4096 MiB, 300 MHz, 1.50 W, 51, 0x0000000000000001
2026/10/07 03:41:14.649, 0 %, 54 MiB, 4096 MiB, 300 MHz, 1.47 W, 51, 0x0000000000000001
2026/10/07 03:41:16.672, 0 %, 54 MiB, 4096 MiB, 300 MHz, 1.52 W, 51, 0x0000000000000001
2026/10/07 03:41:18.699, 0 %, 54 MiB, 4096 MiB, 300 MHz, 1.53 W, 51, 0x0000000000000001
2026/10/07 03:41:20.720, 0 %, 54 MiB, 4096 MiB, 300 MHz, 1.59 W, 51, 0x0000000000000001
2026/10/07 03:41:22.744, 0 %, 54 MiB, 4096 MiB, 300 MHz, 1.62 W, 51, 0x0000000000000001
2026/10/07 03:41:24.766, 0 %, 54 MiB, 4096 MiB, 300 MHz, 1.70 W, 51, 0x0000000000000001
2026/10/07 03:41:26.791, 0 %, 54 MiB, 4096 MiB, 300 MHz, 1.58 W, 51, 0x0000000000000001
2026/10/07 03:41:28.813, 0 %, 54 MiB, 4096 MiB, 300 MHz, 1.87 W, 51, 0x0000000000000001
2026/10/07 03:41:30.841, 0 %, 54 MiB, 4096 MiB, 300 MHz, 1.57 W, 51, 0x0000000000000001
2026/10/07 03:41:32.862, 0 %, 54 MiB, 4096 MiB, 300 MHz, 1.57 W, 51, 0x0000000000000001
2026/10/07 03:41:34.884, 0 %, 54 MiB, 4096 MiB, 300 MHz, 1.60 W, 51, 0x0000000000000001
2026/10/07 03:41:36.908, 0 %, 54 MiB, 4096 MiB, 300 MHz, 1.61 W, 51, 0x0000000000000001
2026/10/07 03:41:38.932, 0 %, 54 MiB, 4096 MiB, 300 MHz, 1.69 W, 51, 0x0000000000000001
2026/10/07 03:41:40.958, 0 %, 54 MiB, 4096 MiB, 300 MHz, 1.56 W, 51, 0x0000000000000001
2026/10/07 03:41:42.980, 0 %, 54 MiB, 4096 MiB, 300 MHz, 1.55 W, 51, 0x0000000000000001
2026/10/07 03:41:45.005, 0 %, 54 MiB, 4096 MiB, 300 MHz, 1.51 W, 51, 0x0000000000000001
2026/10/07 03:41:47.026, 0 %, 54 MiB, 4096 MiB, 300 MHz, 1.89 W, 51, 0x0000000000000001
2026/10/07 03:41:49.048, 0 %, 54 MiB, 4096 MiB, 300 MHz, 1.52 W, 51, 0x0000000000000001
2026/10/07 03:41:51.072, 0 %, 54 MiB, 4096 MiB, 300 MHz, 1.51 W, 51, 0x0000000000000001
2026/10/07 03:41:53.093, 0 %, 54 MiB, 4096 MiB, 300 MHz, 1.52 W, 51, 0x0000000000000001
2026/10/07 03:41:55.114, 0 %, 54 MiB, 4096 MiB, 300 MHz, 1.49 W, 51, 0x0000000000000001
2026/10/07 03:41:57.136, 0 %, 54 MiB, 4096 MiB, 300 MHz, 1.87 W, 51, 0x0000000000000001
2026/10/07 03:41:59.160, 0 %, 54 MiB, 4096 MiB, 300 MHz, 1.59 W, 51, 0x0000000000000001
2026/10/07 03:42:01.183, 0 %, 54 MiB, 4096 MiB, 300 MHz, 1.57 W, 51, 0x0000000000000001
2026/10/07 03:42:03.204, 0 %, 54 MiB, 4096 MiB, 300 MHz, 1.52 W, 51, 0x0000000000000001
2026/10/07 03:42:05.228, 0 %, 54 MiB, 4096 MiB, 300 MHz, 1.50 W, 51, 0x0000000000000001
2026/10/07 03:42:07.255, 0 %, 54 MiB, 4096 MiB, 300 MHz, 1.65 W, 51, 0x0000000000000001
2026/10/07 03:42:09.276, 0 %, 54 MiB, 4096 MiB, 300 MHz, 1.52 W, 51, 0x0000000000000001
2026/10/07 03:42:11.301, 0 %, 54 MiB, 4096 MiB, 300 MHz, 1.52 W, 51, 0x0000000000000001
2026/10/07 03:42:13.325, 0 %, 54 MiB, 4096 MiB, 300 MHz, 1.51 W, 51, 0x0000000000000001
2026/10/07 03:42:15.349, 0 %, 54 MiB, 4096 MiB, 300 MHz, 1.49 W, 51, 0x0000000000000001
2026/10/07 03:42:17.371, 0 %, 54 MiB, 4096 MiB, 300 MHz, 1.61 W, 51, 0x0000000000000001
2026/10/07 03:42:19.393, 0 %, 54 MiB, 4096 MiB, 300 MHz, 1.51 W, 51, 0x0000000000000001
2026/10/07 03:42:21.416, 0 %, 54 MiB, 4096 MiB, 300 MHz, 1.53 W, 51, 0x0000000000000001
2026/10/07 03:42:23.442, 0 %, 54 MiB, 4096 MiB, 300 MHz, 1.54 W, 51, 0x0000000000000001
2026/10/07 03:42:25.464, 0 %, 54 MiB, 4096 MiB, 300 MHz, 1.79 W, 51, 0x0000000000000001
2026/10/07 03:42:27.488, 0 %, 54 MiB, 4096 MiB, 300 MHz, 1.45 W, 51, 0x0000000000000001
2026/10/07 03:42:29.509, 0 %, 54 MiB, 4096 MiB, 300 MHz, 1.50 W, 51, 0x0000000000000001
2026/10/07 03:42:31.532, 0 %, 54 MiB, 4096 MiB, 300 MHz, 1.53 W, 51, 0x0000000000000001
2026/10/07 03:42:33.554, 0 %, 54 MiB, 4096 MiB, 300 MHz, 1.46 W, 51, 0x0000000000000001
2026/10/07 03:42:35.575, 0 %, 54 MiB, 4096 MiB, 300 MHz, 1.85 W, 51, 0x0000000000000001
2026/10/07 03:42:37.598, 0 %, 54 MiB, 4096 MiB, 300 MHz, 1.53 W, 51, 0x0000000000000001
2026/10/07 03:42:39.623, 0 %, 54 MiB, 4096 MiB, 300 MHz, 1.50 W, 51, 0x0000000000000001
2026/10/07 03:42:41.646, 0 %, 54 MiB, 4096 MiB, 300 MHz, 1.55 W, 51, 0x0000000000000001
2026/10/07 03:42:43.670, 0 %, 54 MiB, 4096 MiB, 300 MHz, 1.56 W, 51, 0x0000000000000001
2026/10/07 03:42:45.692, 0 %, 54 MiB, 4096 MiB, 300 MHz, 1.62 W, 51, 0x0000000000000001
2026/10/07 03:42:47.713, 0 %, 54 MiB, 4096 MiB, 300 MHz, 1.53 W, 51, 0x0000000000000001
2026/10/07 03:42:49.740, 0 %, 54 MiB, 4096 MiB, 300 MHz, 1.54 W, 51, 0x0000000000000001
2026/10/07 03:42:51.762, 0 %, 54 MiB, 4096 MiB, 300 MHz, 1.50 W, 51, 0x0000000000000001
2026/10/07 03:42:53.786, 0 %, 54 MiB, 4096 MiB, 300 MHz, 1.99 W, 51, 0x0000000000000001
2026/10/07 03:42:55.809, 0 %, 54 MiB, 4096 MiB, 300 MHz, 1.56 W, 51, 0x0000000000000001
2026/10/07 03:42:57.830, 0 %, 54 MiB, 4096 MiB, 300 MHz, 1.58 W, 51, 0x0000000000000001
2026/10/07 03:42:59.856, 0 %, 54 MiB, 4096 MiB, 300 MHz, 1.60 W, 51, 0x0000000000000001
2026/10/07 03:43:01.878, 0 %, 54 MiB, 4096 MiB, 300 MHz, 1.64 W, 51, 0x0000000000000001
2026/10/07 03:43:03.901, 0 %, 54 MiB, 4096 MiB, 300 MHz, 1.77 W, 51, 0x0000000000000001
2026/10/07 03:43:05.923, 0 %, 54 MiB, 4096 MiB, 300 MHz, 1.49 W, 51, 0x0000000000000001
2026/10/07 03:43:07.946, 0 %, 54 MiB, 4096 MiB, 300 MHz, 1.51 W, 51, 0x0000000000000001
2026/10/07 03:43:09.970, 0 %, 54 MiB, 4096 MiB, 300 MHz, 1.50 W, 51, 0x0000000000000001
2026/10/07 03:43:11.992, 0 %, 54 MiB, 4096 MiB, 300 MHz, 1.43 W, 51, 0x0000000000000001
2026/10/07 03:43:14.015, 0 %, 54 MiB, 4096 MiB, 300 MHz, 1.74 W, 51, 0x0000000000000001
2026/10/07 03:43:16.038, 0 %, 54 MiB, 4096 MiB, 300 MHz, 1.58 W, 51, 0x0000000000000001
2026/10/07 03:43:18.060, 0 %, 54 MiB, 4096 MiB, 300 MHz, 1.60 W, 51, 0x0000000000000001
2026/10/07 03:43:20.084, 0 %, 54 MiB, 4096 MiB, 300 MHz, 1.65 W, 51, 0x0000000000000001
2026/10/07 03:43:22.105, 0 %, 54 MiB, 4096 MiB, 300 MHz, 1.57 W, 51, 0x0000000000000001
2026/10/07 03:43:24.127, 0 %, 54 MiB, 4096 MiB, 300 MHz, 1.64 W, 51, 0x0000000000000001
2026/10/07 03:43:26.152, 0 %, 54 MiB, 4096 MiB, 300 MHz, 1.46 W, 51, 0x0000000000000001
2026/10/07 03:43:28.177, 0 %, 54 MiB, 4096 MiB, 300 MHz, 1.46 W, 51, 0x0000000000000001
2026/10/07 03:43:30.198, 0 %, 54 MiB, 4096 MiB, 300 MHz, 1.52 W, 51, 0x0000000000000001
2026/10/07 03:43:32.220, 0 %, 54 MiB, 4096 MiB, 300 MHz, 1.91 W, 51, 0x0000000000000001
2026/10/07 03:43:34.244, 0 %, 54 MiB, 4096 MiB, 300 MHz, 1.49 W, 51, 0x0000000000000001
2026/10/07 03:43:36.267, 0 %, 54 MiB, 4096 MiB, 300 MHz, 1.52 W, 51, 0x0000000000000001
2026/10/07 03:43:38.288, 0 %, 54 MiB, 4096 MiB, 300 MHz, 1.52 W, 51, 0x0000000000000001
2026/10/07 03:43:40.312, 0 %, 54 MiB, 4096 MiB, 300 MHz, 1.57 W, 51, 0x0000000000000001
2026/10/07 03:43:42.335, 0 %, 54 MiB, 4096 MiB, 300 MHz, 1.47 W, 51, 0x0000000000000001
2026/10/07 03:43:44.357, 0 %, 54 MiB, 4096 MiB, 300 MHz, 1.38 W, 51, 0x0000000000000001
2026/10/07 03:43:46.380, 0 %, 54 MiB, 4096 MiB, 300 MHz, 1.50 W, 51, 0x0000000000000001
2026/10/07 03:43:48.403, 0 %, 54 MiB, 4096 MiB, 300 MHz, 1.51 W, 51, 0x0000000000000001
2026/10/07 03:43:50.426, 0 %, 54 MiB, 4096 MiB, 300 MHz, 1.48 W, 51, 0x0000000000000001
2026/10/07 03:43:52.448, 0 %, 54 MiB, 4096 MiB, 300 MHz, 1.66 W, 51, 0x0000000000000001
2026/10/07 03:43:54.472, 0 %, 54 MiB, 4096 MiB, 300 MHz, 1.52 W, 51, 0x0000000000000001
2026/10/07 03:43:56.495, 0 %, 54 MiB, 4096 MiB, 300 MHz, 1.51 W, 51, 0x0000000000000001
2026/10/07 03:43:58.518, 0 %, 54 MiB, 4096 MiB, 300 MHz, 1.51 W, 51, 0x0000000000000001
2026/10/07 03:44:00.539, 0 %, 54 MiB, 4096 MiB, 300 MHz, 1.51 W, 51, 0x0000000000000001
2026/10/07 03:44:02.563, 0 %, 54 MiB, 4096 MiB, 300 MHz, 1.39 W, 51, 0x0000000000000001
2026/10/07 03:44:04.589, 0 %, 54 MiB, 4096 MiB, 300 MHz, 1.43 W, 51, 0x0000000000000001
2026/10/07 03:44:06.610, 0 %, 54 MiB, 4096 MiB, 300 MHz, 1.48 W, 51, 0x0000000000000001
2026/10/07 03:44:08.634, 0 %, 54 MiB, 4096 MiB, 300 MHz, 1.52 W, 51, 0x0000000000000001
2026/10/07 03:44:10.658, 0 %, 54 MiB, 4096 MiB, 300 MHz, 2.00 W, 51, 0x0000000000000001
2026/10/07 03:44:12.682, 0 %, 54 MiB, 4096 MiB, 300 MHz, 1.58 W, 51, 0x0000000000000001
2026/10/07 03:44:14.705, 0 %, 54 MiB, 4096 MiB, 300 MHz, 1.50 W, 51, 0x0000000000000001
2026/10/07 03:44:16.727, 0 %, 54 MiB, 4096 MiB, 300 MHz, 1.53 W, 51, 0x0000000000000001
2026/10/07 03:44:18.752, 0 %, 54 MiB, 4096 MiB, 300 MHz, 1.51 W, 51, 0x0000000000000001
2026/10/07 03:44:20.774, 0 %, 54 MiB, 4096 MiB, 300 MHz, 1.70 W, 51, 0x0000000000000001
2026/10/07 03:44:22.798, 0 %, 54 MiB, 4096 MiB, 300 MHz, 1.47 W, 51, 0x0000000000000001
2026/10/07 03:44:24.822, 0 %, 54 MiB, 4096 MiB, 300 MHz, 1.50 W, 51, 0x0000000000000001
2026/10/07 03:44:26.846, 0 %, 54 MiB, 4096 MiB, 300 MHz, 1.52 W, 51, 0x0000000000000001
2026/10/07 03:44:28.869, 0 %, 54 MiB, 4096 MiB, 300 MHz, 1.49 W, 51, 0x0000000000000001
2026/10/07 03:44:30.893, 0 %, 54 MiB, 4096 MiB, 300 MHz, 1.63 W, 51, 0x0000000000000001
2026/10/07 03:44:32.916, 0 %, 54 MiB, 4096 MiB, 300 MHz, 1.59 W, 51, 0x0000000000000001
2026/10/07 03:44:34.939, 0 %, 54 MiB, 4096 MiB, 300 MHz, 1.57 W, 51, 0x0000000000000001
2026/10/07 03:44:36.960, 0 %, 54 MiB, 4096 MiB, 300 MHz, 1.62 W, 51, 0x0000000000000001
2026/10/07 03:44:38.986, 0 %, 54 MiB, 4096 MiB, 300 MHz, 1.82 W, 51, 0x0000000000000001
2026/10/07 03:44:41.008, 0 %, 54 MiB, 4096 MiB, 300 MHz, 1.49 W, 51, 0x0000000000000001
2026/10/07 03:44:43.034, 0 %, 54 MiB, 4096 MiB, 300 MHz, 1.52 W, 51, 0x0000000000000001
2026/10/07 03:44:45.058, 0 %, 54 MiB, 4096 MiB, 300 MHz, 1.52 W, 51, 0x0000000000000001
2026/10/07 03:44:47.082, 0 %, 54 MiB, 4096 MiB, 300 MHz, 1.49 W, 51, 0x0000000000000001
2026/10/07 03:44:49.105, 0 %, 54 MiB, 4096 MiB, 300 MHz, 1.76 W, 51, 0x0000000000000001
2026/10/07 03:44:51.127, 0 %, 54 MiB, 4096 MiB, 300 MHz, 1.59 W, 51, 0x0000000000000001
2026/10/07 03:44:53.150, 0 %, 54 MiB, 4096 MiB, 300 MHz, 1.57 W, 51, 0x0000000000000001
2026/10/07 03:44:55.173, 0 %, 54 MiB, 4096 MiB, 300 MHz, 1.61 W, 51, 0x0000000000000001
2026/10/07 03:44:57.205, 0 %, 54 MiB, 4096 MiB, 300 MHz, 1.79 W, 51, 0x0000000000000001
2026/10/07 03:44:59.229, 0 %, 54 MiB, 4096 MiB, 300 MHz, 1.52 W, 51, 0x0000000000000001
2026/10/07 03:45:01.250, 0 %, 54 MiB, 4096 MiB, 300 MHz, 1.43 W, 51, 0x0000000000000001
2026/10/07 03:45:03.274, 0 %, 54 MiB, 4096 MiB, 300 MHz, 1.52 W, 51, 0x0000000000000001
2026/10/07 03:45:05.295, 0 %, 54 MiB, 4096 MiB, 300 MHz, 1.47 W, 51, 0x0000000000000001
2026/10/07 03:45:07.317, 0 %, 54 MiB, 4096 MiB, 300 MHz, 1.80 W, 51, 0x0000000000000001
2026/10/07 03:45:09.339, 0 %, 54 MiB, 4096 MiB, 300 MHz, 1.63 W, 51, 0x0000000000000001
2026/10/07 03:45:11.365, 0 %, 54 MiB, 4096 MiB, 300 MHz, 1.52 W, 51, 0x0000000000000001
2026/10/07 03:45:13.387, 0 %, 54 MiB, 4096 MiB, 300 MHz, 1.58 W, 51, 0x0000000000000001
2026/10/07 03:45:15.409, 0 %, 54 MiB, 4096 MiB, 300 MHz, 1.59 W, 51, 0x0000000000000001
2026/10/07 03:45:17.433, 1 %, 66 MiB, 4096 MiB, 300 MHz, 1.71 W, 51, 0x0000000000000001
2026/10/07 03:45:19.456, 0 %, 65 MiB, 4096 MiB, 300 MHz, 1.57 W, 51, 0x0000000000000001
2026/10/07 03:45:21.481, 0 %, 57 MiB, 4096 MiB, 300 MHz, 1.50 W, 51, 0x0000000000000001
2026/10/07 03:45:23.503, 0 %, 57 MiB, 4096 MiB, 300 MHz, 1.63 W, 51, 0x0000000000000001
2026/10/07 03:45:25.528, 0 %, 57 MiB, 4096 MiB, 300 MHz, 1.92 W, 51, 0x0000000000000001
2026/10/07 03:45:27.550, 0 %, 57 MiB, 4096 MiB, 300 MHz, 1.47 W, 51, 0x0000000000000001
2026/10/07 03:45:29.572, 0 %, 57 MiB, 4096 MiB, 300 MHz, 1.50 W, 51, 0x0000000000000001
2026/10/07 03:45:31.593, 0 %, 57 MiB, 4096 MiB, 300 MHz, 1.57 W, 51, 0x0000000000000001
2026/10/07 03:45:33.617, 0 %, 57 MiB, 4096 MiB, 300 MHz, 1.55 W, 51, 0x0000000000000001
2026/10/07 03:45:35.638, 0 %, 57 MiB, 4096 MiB, 300 MHz, 1.86 W, 51, 0x0000000000000001
2026/10/07 03:45:37.664, 0 %, 57 MiB, 4096 MiB, 300 MHz, 1.54 W, 51, 0x0000000000000001
2026/10/07 03:45:39.686, 0 %, 57 MiB, 4096 MiB, 300 MHz, 1.49 W, 51, 0x0000000000000001
2026/10/07 03:45:41.708, 0 %, 57 MiB, 4096 MiB, 300 MHz, 1.48 W, 51, 0x0000000000000001
2026/10/07 03:45:43.729, 0 %, 57 MiB, 4096 MiB, 300 MHz, 1.53 W, 51, 0x0000000000000001
2026/10/07 03:45:45.755, 0 %, 57 MiB, 4096 MiB, 300 MHz, 1.65 W, 51, 0x0000000000000001
2026/10/07 03:45:47.777, 0 %, 56 MiB, 4096 MiB, 300 MHz, 1.56 W, 51, 0x0000000000000001
2026/10/07 03:45:49.801, 0 %, 56 MiB, 4096 MiB, 300 MHz, 1.65 W, 51, 0x0000000000000001
2026/10/07 03:45:51.823, 0 %, 56 MiB, 4096 MiB, 300 MHz, 1.57 W, 51, 0x0000000000000001
2026/10/07 03:45:53.847, 0 %, 56 MiB, 4096 MiB, 300 MHz, 1.50 W, 51, 0x0000000000000001
2026/10/07 03:45:55.868, 0 %, 56 MiB, 4096 MiB, 300 MHz, 1.55 W, 51, 0x0000000000000001
2026/10/07 03:45:57.892, 0 %, 56 MiB, 4096 MiB, 300 MHz, 1.47 W, 51, 0x0000000000000001
2026/10/07 03:45:59.916, 0 %, 56 MiB, 4096 MiB, 300 MHz, 1.48 W, 51, 0x0000000000000001
2026/10/07 03:46:01.941, 0 %, 56 MiB, 4096 MiB, 300 MHz, 1.52 W, 51, 0x0000000000000001
2026/10/07 03:46:03.962, 0 %, 56 MiB, 4096 MiB, 300 MHz, 1.89 W, 51, 0x0000000000000001
2026/10/07 03:46:05.984, 0 %, 56 MiB, 4096 MiB, 300 MHz, 1.56 W, 51, 0x0000000000000001
2026/10/07 03:46:08.007, 0 %, 56 MiB, 4096 MiB, 300 MHz, 1.59 W, 51, 0x0000000000000001
2026/10/07 03:46:10.030, 0 %, 56 MiB, 4096 MiB, 300 MHz, 1.56 W, 51, 0x0000000000000001
2026/10/07 03:46:12.054, 0 %, 56 MiB, 4096 MiB, 300 MHz, 1.58 W, 51, 0x0000000000000001
2026/10/07 03:46:14.078, 0 %, 56 MiB, 4096 MiB, 300 MHz, 1.69 W, 51, 0x0000000000000001
2026/10/07 03:46:16.100, 0 %, 56 MiB, 4096 MiB, 300 MHz, 1.47 W, 51, 0x0000000000000001
2026/10/07 03:46:18.122, 0 %, 56 MiB, 4096 MiB, 300 MHz, 1.49 W, 51, 0x0000000000000001
2026/10/07 03:46:20.143, 0 %, 56 MiB, 4096 MiB, 300 MHz, 1.54 W, 51, 0x0000000000000001
2026/10/07 03:46:22.166, 0 %, 56 MiB, 4096 MiB, 300 MHz, 1.60 W, 51, 0x0000000000000001
2026/10/07 03:46:24.188, 0 %, 56 MiB, 4096 MiB, 300 MHz, 1.81 W, 51, 0x0000000000000001
2026/10/07 03:46:26.210, 0 %, 56 MiB, 4096 MiB, 300 MHz, 1.59 W, 51, 0x0000000000000001
2026/10/07 03:46:28.233, 0 %, 56 MiB, 4096 MiB, 300 MHz, 1.66 W, 51, 0x0000000000000001
2026/10/07 03:46:30.257, 0 %, 56 MiB, 4096 MiB, 300 MHz, 1.55 W, 51, 0x0000000000000001
2026/10/07 03:46:32.282, 0 %, 56 MiB, 4096 MiB, 300 MHz, 1.61 W, 51, 0x0000000000000001
2026/10/07 03:46:34.304, 0 %, 56 MiB, 4096 MiB, 300 MHz, 1.65 W, 51, 0x0000000000000001
2026/10/07 03:46:36.329, 0 %, 56 MiB, 4096 MiB, 300 MHz, 1.61 W, 51, 0x0000000000000001
2026/10/07 03:46:38.350, 0 %, 56 MiB, 4096 MiB, 300 MHz, 1.58 W, 51, 0x0000000000000001
2026/10/07 03:46:40.374, 0 %, 56 MiB, 4096 MiB, 300 MHz, 1.59 W, 51, 0x0000000000000001
2026/10/07 03:46:42.396, 0 %, 56 MiB, 4096 MiB, 300 MHz, 1.88 W, 51, 0x0000000000000001
2026/10/07 03:46:44.421, 0 %, 56 MiB, 4096 MiB, 300 MHz, 1.56 W, 51, 0x0000000000000001
2026/10/07 03:46:46.445, 0 %, 56 MiB, 4096 MiB, 300 MHz, 1.54 W, 51, 0x0000000000000001
2026/10/07 03:46:48.467, 0 %, 56 MiB, 4096 MiB, 300 MHz, 1.54 W, 51, 0x0000000000000001
2026/10/07 03:46:50.491, 0 %, 56 MiB, 4096 MiB, 300 MHz, 1.55 W, 51, 0x0000000000000001
2026/10/07 03:46:52.513, 0 %, 56 MiB, 4096 MiB, 300 MHz, 1.69 W, 51, 0x0000000000000001
2026/10/07 03:46:54.536, 0 %, 56 MiB, 4096 MiB, 300 MHz, 1.49 W, 51, 0x0000000000000001
2026/10/07 03:46:56.559, 0 %, 56 MiB, 4096 MiB, 300 MHz, 1.53 W, 51, 0x0000000000000001
2026/10/07 03:46:58.583, 0 %, 56 MiB, 4096 MiB, 300 MHz, 1.51 W, 51, 0x0000000000000001
2026/10/07 03:47:00.605, 0 %, 56 MiB, 4096 MiB, 300 MHz, 1.47 W, 51, 0x0000000000000001
2026/10/07 03:47:02.630, 0 %, 56 MiB, 4096 MiB, 300 MHz, 1.59 W, 51, 0x0000000000000001
2026/10/07 03:47:04.652, 0 %, 56 MiB, 4096 MiB, 300 MHz, 1.57 W, 51, 0x0000000000000001
2026/10/07 03:47:06.676, 0 %, 56 MiB, 4096 MiB, 300 MHz, 1.51 W, 51, 0x0000000000000001
2026/10/07 03:47:08.698, 0 %, 56 MiB, 4096 MiB, 300 MHz, 1.56 W, 51, 0x0000000000000001
2026/10/07 03:47:10.721, 0 %, 56 MiB, 4096 MiB, 300 MHz, 1.80 W, 51, 0x0000000000000001
2026/10/07 03:47:12.746, 0 %, 56 MiB, 4096 MiB, 300 MHz, 1.49 W, 51, 0x0000000000000001
2026/10/07 03:47:14.768, 0 %, 56 MiB, 4096 MiB, 300 MHz, 1.48 W, 51, 0x0000000000000001
2026/10/07 03:47:16.789, 0 %, 56 MiB, 4096 MiB, 300 MHz, 1.47 W, 51, 0x0000000000000001
2026/10/07 03:47:18.813, 0 %, 56 MiB, 4096 MiB, 300 MHz, 1.49 W, 51, 0x0000000000000001
2026/10/07 03:47:20.835, 0 %, 56 MiB, 4096 MiB, 300 MHz, 1.78 W, 51, 0x0000000000000001
2026/10/07 03:47:22.856, 0 %, 56 MiB, 4096 MiB, 300 MHz, 1.57 W, 51, 0x0000000000000001
2026/10/07 03:47:24.881, 0 %, 56 MiB, 4096 MiB, 300 MHz, 1.50 W, 51, 0x0000000000000001
2026/10/07 03:47:26.904, 0 %, 56 MiB, 4096 MiB, 300 MHz, 1.53 W, 51, 0x0000000000000001
2026/10/07 03:47:28.928, 0 %, 56 MiB, 4096 MiB, 300 MHz, 1.54 W, 51, 0x0000000000000001
2026/10/07 03:47:30.950, 0 %, 56 MiB, 4096 MiB, 300 MHz, 1.67 W, 51, 0x0000000000000001
2026/10/07 03:47:32.974, 0 %, 56 MiB, 4096 MiB, 300 MHz, 1.55 W, 51, 0x0000000000000001
2026/10/07 03:47:34.996, 0 %, 56 MiB, 4096 MiB, 300 MHz, 1.54 W, 51, 0x0000000000000001
2026/10/07 03:47:37.020, 0 %, 56 MiB, 4096 MiB, 300 MHz, 1.55 W, 51, 0x0000000000000001
2026/10/07 03:47:39.042, 0 %, 56 MiB, 4096 MiB, 300 MHz, 1.93 W, 51, 0x0000000000000001
2026/10/07 03:47:41.065, 0 %, 56 MiB, 4096 MiB, 300 MHz, 1.60 W, 51, 0x0000000000000001
2026/10/07 03:47:43.090, 0 %, 56 MiB, 4096 MiB, 300 MHz, 1.53 W, 51, 0x0000000000000001
2026/10/07 03:47:45.114, 0 %, 56 MiB, 4096 MiB, 300 MHz, 1.55 W, 51, 0x0000000000000001
2026/10/07 03:47:47.136, 0 %, 56 MiB, 4096 MiB, 300 MHz, 1.53 W, 51, 0x0000000000000001
2026/10/07 03:47:49.159, 0 %, 56 MiB, 4096 MiB, 300 MHz, 1.68 W, 51, 0x0000000000000001
2026/10/07 03:47:51.184, 0 %, 56 MiB, 4096 MiB, 300 MHz, 1.60 W, 51, 0x0000000000000001
2026/10/07 03:47:53.205, 0 %, 56 MiB, 4096 MiB, 300 MHz, 1.52 W, 51, 0x0000000000000001
2026/10/07 03:47:55.230, 0 %, 56 MiB, 4096 MiB, 300 MHz, 1.51 W, 51, 0x0000000000000001
2026/10/07 03:47:57.251, 0 %, 56 MiB, 4096 MiB, 300 MHz, 1.55 W, 51, 0x0000000000000001
2026/10/07 03:47:59.276, 0 %, 56 MiB, 4096 MiB, 300 MHz, 1.62 W, 51, 0x0000000000000001
2026/10/07 03:48:01.300, 0 %, 56 MiB, 4096 MiB, 300 MHz, 1.57 W, 51, 0x0000000000000001
2026/10/07 03:48:03.321, 0 %, 56 MiB, 4096 MiB, 300 MHz, 1.53 W, 51, 0x0000000000000001
2026/10/07 03:48:05.342, 0 %, 56 MiB, 4096 MiB, 300 MHz, 1.54 W, 51, 0x0000000000000001
2026/10/07 03:48:07.364, 0 %, 56 MiB, 4096 MiB, 300 MHz, 1.52 W, 51, 0x0000000000000001
2026/10/07 03:48:09.387, 0 %, 56 MiB, 4096 MiB, 300 MHz, 1.68 W, 51, 0x0000000000000001
2026/10/07 03:48:11.411, 0 %, 56 MiB, 4096 MiB, 300 MHz, 1.58 W, 51, 0x0000000000000001
2026/10/07 03:48:13.434, 0 %, 56 MiB, 4096 MiB, 300 MHz, 1.59 W, 51, 0x0000000000000001
2026/10/07 03:48:15.455, 0 %, 56 MiB, 4096 MiB, 300 MHz, 1.60 W, 51, 0x0000000000000001
2026/10/07 03:48:17.479, 0 %, 56 MiB, 4096 MiB, 300 MHz, 1.84 W, 51, 0x0000000000000001
2026/10/07 03:48:19.503, 0 %, 56 MiB, 4096 MiB, 300 MHz, 1.52 W, 52, 0x0000000000000001
2026/10/07 03:48:21.526, 0 %, 56 MiB, 4096 MiB, 300 MHz, 1.51 W, 51, 0x0000000000000001
2026/10/07 03:48:23.548, 0 %, 56 MiB, 4096 MiB, 300 MHz, 1.44 W, 51, 0x0000000000000001
2026/10/07 03:48:25.570, 0 %, 56 MiB, 4096 MiB, 300 MHz, 1.45 W, 51, 0x0000000000000001
2026/10/07 03:48:27.593, 0 %, 56 MiB, 4096 MiB, 300 MHz, 1.73 W, 51, 0x0000000000000001
2026/10/07 03:48:29.615, 0 %, 56 MiB, 4096 MiB, 300 MHz, 1.21 W, 51, 0x0000000000000001
2026/10/07 03:48:31.639, 0 %, 56 MiB, 4096 MiB, 300 MHz, 1.62 W, 51, 0x0000000000000001
2026/10/07 03:48:33.663, 0 %, 56 MiB, 4096 MiB, 300 MHz, 1.56 W, 51, 0x0000000000000001
2026/10/07 03:48:35.686, 0 %, 56 MiB, 4096 MiB, 300 MHz, 1.53 W, 51, 0x0000000000000001
2026/10/07 03:48:37.707, 0 %, 56 MiB, 4096 MiB, 300 MHz, 1.61 W, 51, 0x0000000000000001
2026/10/07 03:48:39.732, 0 %, 56 MiB, 4096 MiB, 300 MHz, 1.48 W, 51, 0x0000000000000001
2026/10/07 03:48:41.754, 0 %, 56 MiB, 4096 MiB, 300 MHz, 1.47 W, 51, 0x0000000000000001
2026/10/07 03:48:43.775, 0 %, 56 MiB, 4096 MiB, 300 MHz, 1.48 W, 51, 0x0000000000000001
2026/10/07 03:48:45.797, 0 %, 56 MiB, 4096 MiB, 300 MHz, 1.50 W, 51, 0x0000000000000001
2026/10/07 03:48:47.818, 0 %, 56 MiB, 4096 MiB, 300 MHz, 1.59 W, 51, 0x0000000000000001
2026/10/07 03:48:49.842, 0 %, 56 MiB, 4096 MiB, 300 MHz, 1.58 W, 51, 0x0000000000000001
2026/10/07 03:48:51.867, 0 %, 56 MiB, 4096 MiB, 300 MHz, 1.58 W, 51, 0x0000000000000001
2026/10/07 03:48:53.894, 0 %, 56 MiB, 4096 MiB, 300 MHz, 1.51 W, 51, 0x0000000000000001
2026/10/07 03:48:55.919, 0 %, 56 MiB, 4096 MiB, 300 MHz, 1.68 W, 51, 0x0000000000000001
2026/10/07 03:48:57.941, 0 %, 56 MiB, 4096 MiB, 300 MHz, 1.55 W, 51, 0x0000000000000001
2026/10/07 03:48:59.962, 0 %, 56 MiB, 4096 MiB, 300 MHz, 1.49 W, 51, 0x0000000000000001
2026/10/07 03:49:01.988, 0 %, 56 MiB, 4096 MiB, 300 MHz, 1.48 W, 51, 0x0000000000000001
2026/10/07 03:49:04.010, 0 %, 56 MiB, 4096 MiB, 300 MHz, 1.53 W, 51, 0x0000000000000001
2026/10/07 03:49:06.032, 0 %, 56 MiB, 4096 MiB, 300 MHz, 1.70 W, 51, 0x0000000000000001
2026/10/07 03:49:08.057, 0 %, 56 MiB, 4096 MiB, 300 MHz, 1.61 W, 51, 0x0000000000000001
2026/10/07 03:49:10.079, 0 %, 56 MiB, 4096 MiB, 300 MHz, 1.61 W, 51, 0x0000000000000001
2026/10/07 03:49:12.101, 0 %, 56 MiB, 4096 MiB, 300 MHz, 1.57 W, 51, 0x0000000000000001
2026/10/07 03:49:14.122, 0 %, 56 MiB, 4096 MiB, 300 MHz, 1.60 W, 51, 0x0000000000000001
2026/10/07 03:49:16.146, 0 %, 56 MiB, 4096 MiB, 300 MHz, 1.51 W, 51, 0x0000000000000001
2026/10/07 03:49:18.170, 0 %, 56 MiB, 4096 MiB, 300 MHz, 1.49 W, 51, 0x0000000000000001
2026/10/07 03:49:20.192, 0 %, 56 MiB, 4096 MiB, 300 MHz, 1.51 W, 51, 0x0000000000000001
2026/10/07 03:49:22.214, 0 %, 56 MiB, 4096 MiB, 300 MHz, 1.61 W, 51, 0x0000000000000001
2026/10/07 03:49:24.239, 0 %, 56 MiB, 4096 MiB, 300 MHz, 1.82 W, 51, 0x0000000000000001
2026/10/07 03:49:26.260, 0 %, 56 MiB, 4096 MiB, 300 MHz, 1.57 W, 51, 0x0000000000000001
2026/10/07 03:49:28.292, 0 %, 56 MiB, 4096 MiB, 300 MHz, 1.53 W, 51, 0x0000000000000001
2026/10/07 03:49:30.317, 0 %, 56 MiB, 4096 MiB, 300 MHz, 1.54 W, 51, 0x0000000000000001
2026/10/07 03:49:32.339, 0 %, 56 MiB, 4096 MiB, 300 MHz, 1.94 W, 51, 0x0000000000000001
2026/10/07 03:49:34.373, 0 %, 56 MiB, 4096 MiB, 300 MHz, 1.49 W, 51, 0x0000000000000001
2026/10/07 03:49:36.394, 0 %, 56 MiB, 4096 MiB, 300 MHz, 1.51 W, 51, 0x0000000000000001
2026/10/07 03:49:38.418, 0 %, 56 MiB, 4096 MiB, 300 MHz, 1.53 W, 51, 0x0000000000000001
2026/10/07 03:49:40.441, 0 %, 56 MiB, 4096 MiB, 300 MHz, 1.56 W, 51, 0x0000000000000001
2026/10/07 03:49:42.463, 0 %, 56 MiB, 4096 MiB, 300 MHz, 1.69 W, 51, 0x0000000000000001
2026/10/07 03:49:44.485, 0 %, 56 MiB, 4096 MiB, 300 MHz, 1.60 W, 51, 0x0000000000000001
2026/10/07 03:49:46.509, 0 %, 56 MiB, 4096 MiB, 300 MHz, 1.61 W, 51, 0x0000000000000001
2026/10/07 03:49:48.531, 0 %, 56 MiB, 4096 MiB, 300 MHz, 1.57 W, 51, 0x0000000000000001
2026/10/07 03:49:50.555, 0 %, 56 MiB, 4096 MiB, 300 MHz, 1.79 W, 51, 0x0000000000000001
2026/10/07 03:49:52.579, 0 %, 56 MiB, 4096 MiB, 300 MHz, 1.46 W, 51, 0x0000000000000001
2026/10/07 03:49:54.601, 0 %, 56 MiB, 4096 MiB, 300 MHz, 1.46 W, 51, 0x0000000000000001
2026/10/07 03:49:56.626, 0 %, 56 MiB, 4096 MiB, 300 MHz, 1.62 W, 51, 0x0000000000000001
2026/10/07 03:49:58.647, 0 %, 56 MiB, 4096 MiB, 300 MHz, 1.49 W, 51, 0x0000000000000001
2026/10/07 03:50:00.670, 0 %, 56 MiB, 4096 MiB, 300 MHz, 1.82 W, 51, 0x0000000000000001
2026/10/07 03:50:02.693, 0 %, 56 MiB, 4096 MiB, 300 MHz, 1.52 W, 51, 0x0000000000000001
2026/10/07 03:50:04.717, 0 %, 56 MiB, 4096 MiB, 300 MHz, 1.51 W, 51, 0x0000000000000001
2026/10/07 03:50:06.739, 0 %, 56 MiB, 4096 MiB, 300 MHz, 1.51 W, 51, 0x0000000000000001
2026/10/07 03:50:08.763, 0 %, 56 MiB, 4096 MiB, 300 MHz, 1.50 W, 51, 0x0000000000000001
2026/10/07 03:50:10.784, 0 %, 56 MiB, 4096 MiB, 300 MHz, 1.66 W, 51, 0x0000000000000001
2026/10/07 03:50:12.809, 0 %, 56 MiB, 4096 MiB, 300 MHz, 1.48 W, 51, 0x0000000000000001
2026/10/07 03:50:14.831, 0 %, 56 MiB, 4096 MiB, 300 MHz, 1.53 W, 51, 0x0000000000000001
2026/10/07 03:50:16.858, 0 %, 56 MiB, 4096 MiB, 300 MHz, 1.52 W, 51, 0x0000000000000001
2026/10/07 03:50:18.880, 0 %, 56 MiB, 4096 MiB, 300 MHz, 1.50 W, 51, 0x0000000000000001
2026/10/07 03:50:20.902, 0 %, 56 MiB, 4096 MiB, 300 MHz, 1.53 W, 51, 0x0000000000000001
2026/10/07 03:50:22.926, 0 %, 56 MiB, 4096 MiB, 300 MHz, 1.40 W, 51, 0x0000000000000001
2026/10/07 03:50:24.952, 0 %, 56 MiB, 4096 MiB, 300 MHz, 1.49 W, 51, 0x0000000000000001
2026/10/07 03:50:26.974, 0 %, 56 MiB, 4096 MiB, 300 MHz, 1.52 W, 51, 0x0000000000000001
2026/10/07 03:50:28.998, 0 %, 56 MiB, 4096 MiB, 300 MHz, 1.72 W, 51, 0x0000000000000001
2026/10/07 03:50:31.019, 0 %, 56 MiB, 4096 MiB, 300 MHz, 1.48 W, 51, 0x0000000000000001
2026/10/07 03:50:33.041, 0 %, 56 MiB, 4096 MiB, 300 MHz, 1.55 W, 51, 0x0000000000000001
2026/10/07 03:50:35.068, 0 %, 56 MiB, 4096 MiB, 300 MHz, 1.52 W, 51, 0x0000000000000001
2026/10/07 03:50:37.089, 0 %, 56 MiB, 4096 MiB, 300 MHz, 1.47 W, 51, 0x0000000000000001
2026/10/07 03:50:39.115, 0 %, 56 MiB, 4096 MiB, 300 MHz, 1.71 W, 51, 0x0000000000000001
2026/10/07 03:50:41.137, 0 %, 56 MiB, 4096 MiB, 300 MHz, 1.57 W, 51, 0x0000000000000001
2026/10/07 03:50:43.159, 0 %, 56 MiB, 4096 MiB, 300 MHz, 1.57 W, 51, 0x0000000000000001
2026/10/07 03:50:45.183, 0 %, 56 MiB, 4096 MiB, 300 MHz, 1.61 W, 51, 0x0000000000000001
2026/10/07 03:50:47.206, 0 %, 56 MiB, 4096 MiB, 300 MHz, 1.93 W, 51, 0x0000000000000001
2026/10/07 03:50:49.230, 0 %, 56 MiB, 4096 MiB, 300 MHz, 1.52 W, 51, 0x0000000000000001
2026/10/07 03:50:51.253, 0 %, 56 MiB, 4096 MiB, 300 MHz, 1.58 W, 51, 0x0000000000000001
2026/10/07 03:50:53.276, 0 %, 56 MiB, 4096 MiB, 300 MHz, 1.53 W, 51, 0x0000000000000001
2026/10/07 03:50:55.299, 0 %, 56 MiB, 4096 MiB, 300 MHz, 1.54 W, 51, 0x0000000000000001
2026/10/07 03:50:57.321, 0 %, 56 MiB, 4096 MiB, 300 MHz, 1.82 W, 51, 0x0000000000000001
2026/10/07 03:50:59.349, 0 %, 56 MiB, 4096 MiB, 300 MHz, 1.52 W, 51, 0x0000000000000001
2026/10/07 03:51:01.371, 0 %, 56 MiB, 4096 MiB, 300 MHz, 1.53 W, 51, 0x0000000000000001
2026/10/07 03:51:03.395, 0 %, 56 MiB, 4096 MiB, 300 MHz, 1.54 W, 51, 0x0000000000000001
2026/10/07 03:51:05.419, 0 %, 56 MiB, 4096 MiB, 300 MHz, 1.53 W, 51, 0x0000000000000001
2026/10/07 03:51:07.441, 0 %, 56 MiB, 4096 MiB, 300 MHz, 1.63 W, 51, 0x0000000000000001
2026/10/07 03:51:09.466, 0 %, 56 MiB, 4096 MiB, 300 MHz, 1.52 W, 51, 0x0000000000000001
2026/10/07 03:51:11.488, 0 %, 56 MiB, 4096 MiB, 300 MHz, 1.54 W, 51, 0x0000000000000001
2026/10/07 03:51:13.509, 0 %, 56 MiB, 4096 MiB, 300 MHz, 1.55 W, 51, 0x0000000000000001
2026/10/07 03:51:15.533, 0 %, 56 MiB, 4096 MiB, 300 MHz, 2.01 W, 51, 0x0000000000000001
2026/10/07 03:51:17.561, 0 %, 56 MiB, 4096 MiB, 300 MHz, 1.54 W, 51, 0x0000000000000001
2026/10/07 03:51:19.585, 0 %, 56 MiB, 4096 MiB, 300 MHz, 1.50 W, 51, 0x0000000000000001
2026/10/07 03:51:21.606, 0 %, 56 MiB, 4096 MiB, 300 MHz, 1.53 W, 51, 0x0000000000000001
2026/10/07 03:51:23.628, 0 %, 56 MiB, 4096 MiB, 300 MHz, 1.55 W, 51, 0x0000000000000001
2026/10/07 03:51:25.651, 0 %, 56 MiB, 4096 MiB, 300 MHz, 1.85 W, 51, 0x0000000000000001
2026/10/07 03:51:27.680, 0 %, 56 MiB, 4096 MiB, 300 MHz, 1.61 W, 51, 0x0000000000000001
2026/10/07 03:51:29.704, 0 %, 56 MiB, 4096 MiB, 300 MHz, 1.56 W, 51, 0x0000000000000001
2026/10/07 03:51:31.725, 0 %, 56 MiB, 4096 MiB, 300 MHz, 1.53 W, 51, 0x0000000000000001
2026/10/07 03:51:33.748, 0 %, 56 MiB, 4096 MiB, 300 MHz, 1.64 W, 51, 0x0000000000000001
2026/10/07 03:51:35.769, 0 %, 56 MiB, 4096 MiB, 300 MHz, 1.55 W, 51, 0x0000000000000001
2026/10/07 03:51:37.794, 0 %, 56 MiB, 4096 MiB, 300 MHz, 1.47 W, 51, 0x0000000000000001
2026/10/07 03:51:39.816, 0 %, 56 MiB, 4096 MiB, 300 MHz, 1.53 W, 51, 0x0000000000000001
2026/10/07 03:51:41.837, 0 %, 56 MiB, 4096 MiB, 300 MHz, 1.56 W, 51, 0x0000000000000001
2026/10/07 03:51:43.860, 0 %, 56 MiB, 4096 MiB, 300 MHz, 1.91 W, 51, 0x0000000000000001
2026/10/07 03:51:45.885, 0 %, 56 MiB, 4096 MiB, 300 MHz, 1.52 W, 51, 0x0000000000000001
2026/10/07 03:51:47.907, 0 %, 56 MiB, 4096 MiB, 300 MHz, 1.48 W, 51, 0x0000000000000001
2026/10/07 03:51:49.928, 0 %, 56 MiB, 4096 MiB, 300 MHz, 1.48 W, 51, 0x0000000000000001
2026/10/07 03:51:51.949, 0 %, 56 MiB, 4096 MiB, 300 MHz, 1.52 W, 51, 0x0000000000000001
2026/10/07 03:51:53.974, 0 %, 56 MiB, 4096 MiB, 300 MHz, 1.82 W, 51, 0x0000000000000001
2026/10/07 03:51:55.998, 0 %, 56 MiB, 4096 MiB, 300 MHz, 1.52 W, 51, 0x0000000000000001
2026/10/07 03:51:58.020, 0 %, 56 MiB, 4096 MiB, 300 MHz, 1.54 W, 51, 0x0000000000000001
2026/10/07 03:52:00.045, 0 %, 56 MiB, 4096 MiB, 300 MHz, 1.54 W, 51, 0x0000000000000001
2026/10/07 03:52:02.068, 0 %, 56 MiB, 4096 MiB, 300 MHz, 1.52 W, 51, 0x0000000000000001
2026/10/07 03:52:04.099, 0 %, 56 MiB, 4096 MiB, 300 MHz, 1.60 W, 51, 0x0000000000000001
2026/10/07 03:52:06.121, 0 %, 56 MiB, 4096 MiB, 300 MHz, 1.49 W, 51, 0x0000000000000001
2026/10/07 03:52:08.146, 0 %, 56 MiB, 4096 MiB, 300 MHz, 1.47 W, 51, 0x0000000000000001
2026/10/07 03:52:10.168, 0 %, 56 MiB, 4096 MiB, 300 MHz, 1.50 W, 51, 0x0000000000000001
2026/10/07 03:52:12.193, 0 %, 56 MiB, 4096 MiB, 300 MHz, 1.79 W, 51, 0x0000000000000001
2026/10/07 03:52:14.215, 0 %, 56 MiB, 4096 MiB, 300 MHz, 1.59 W, 51, 0x0000000000000001
2026/10/07 03:52:16.244, 0 %, 56 MiB, 4096 MiB, 300 MHz, 1.60 W, 51, 0x0000000000000001
2026/10/07 03:52:18.269, 0 %, 56 MiB, 4096 MiB, 300 MHz, 1.56 W, 51, 0x0000000000000001
2026/10/07 03:52:20.292, 0 %, 56 MiB, 4096 MiB, 300 MHz, 1.98 W, 51, 0x0000000000000001
2026/10/07 03:52:22.314, 0 %, 56 MiB, 4096 MiB, 300 MHz, 1.52 W, 51, 0x0000000000000001
2026/10/07 03:52:24.338, 0 %, 56 MiB, 4096 MiB, 300 MHz, 1.48 W, 51, 0x0000000000000001
2026/10/07 03:52:26.362, 0 %, 56 MiB, 4096 MiB, 300 MHz, 1.47 W, 51, 0x0000000000000001
2026/10/07 03:52:28.383, 0 %, 56 MiB, 4096 MiB, 300 MHz, 1.56 W, 51, 0x0000000000000001
2026/10/07 03:52:30.407, 0 %, 56 MiB, 4096 MiB, 300 MHz, 1.82 W, 51, 0x0000000000000001
2026/10/07 03:52:32.431, 0 %, 56 MiB, 4096 MiB, 300 MHz, 1.52 W, 51, 0x0000000000000001
2026/10/07 03:52:34.453, 0 %, 56 MiB, 4096 MiB, 300 MHz, 1.56 W, 51, 0x0000000000000001
2026/10/07 03:52:36.479, 0 %, 56 MiB, 4096 MiB, 300 MHz, 1.51 W, 51, 0x0000000000000001
2026/10/07 03:52:38.501, 0 %, 56 MiB, 4096 MiB, 300 MHz, 1.50 W, 51, 0x0000000000000001
2026/10/07 03:52:40.524, 0 %, 56 MiB, 4096 MiB, 300 MHz, 1.53 W, 51, 0x0000000000000001
2026/10/07 03:52:42.551, 0 %, 56 MiB, 4096 MiB, 300 MHz, 1.54 W, 51, 0x0000000000000001
2026/10/07 03:52:44.575, 0 %, 56 MiB, 4096 MiB, 300 MHz, 1.57 W, 51, 0x0000000000000001
2026/10/07 03:52:46.597, 0 %, 56 MiB, 4096 MiB, 300 MHz, 1.52 W, 51, 0x0000000000000001
2026/10/07 03:52:48.618, 0 %, 56 MiB, 4096 MiB, 300 MHz, 1.80 W, 51, 0x0000000000000001
2026/10/07 03:52:50.642, 0 %, 56 MiB, 4096 MiB, 300 MHz, 1.52 W, 51, 0x0000000000000001
2026/10/07 03:52:52.664, 0 %, 56 MiB, 4096 MiB, 300 MHz, 1.55 W, 51, 0x0000000000000001
2026/10/07 03:52:54.686, 0 %, 56 MiB, 4096 MiB, 300 MHz, 1.53 W, 51, 0x0000000000000001
2026/10/07 03:52:56.710, 0 %, 56 MiB, 4096 MiB, 300 MHz, 1.52 W, 51, 0x0000000000000001
2026/10/07 03:52:58.735, 0 %, 56 MiB, 4096 MiB, 300 MHz, 1.78 W, 51, 0x0000000000000001
2026/10/07 03:53:00.756, 0 %, 56 MiB, 4096 MiB, 300 MHz, 1.54 W, 51, 0x0000000000000001
2026/10/07 03:53:02.779, 0 %, 56 MiB, 4096 MiB, 300 MHz, 1.56 W, 51, 0x0000000000000001
2026/10/07 03:53:04.804, 0 %, 56 MiB, 4096 MiB, 300 MHz, 1.57 W, 51, 0x0000000000000001
2026/10/07 03:53:06.825, 0 %, 56 MiB, 4096 MiB, 300 MHz, 1.57 W, 51, 0x0000000000000001
2026/10/07 03:53:08.847, 0 %, 56 MiB, 4096 MiB, 300 MHz, 1.71 W, 51, 0x0000000000000001
2026/10/07 03:53:10.871, 0 %, 56 MiB, 4096 MiB, 300 MHz, 1.59 W, 51, 0x0000000000000001
2026/10/07 03:53:12.895, 0 %, 56 MiB, 4096 MiB, 300 MHz, 1.50 W, 51, 0x0000000000000001
2026/10/07 03:53:14.920, 0 %, 56 MiB, 4096 MiB, 300 MHz, 1.52 W, 51, 0x0000000000000001
2026/10/07 03:53:16.941, 0 %, 56 MiB, 4096 MiB, 300 MHz, 1.52 W, 51, 0x0000000000000001
2026/10/07 03:53:18.965, 0 %, 56 MiB, 4096 MiB, 300 MHz, 1.47 W, 51, 0x0000000000000001
2026/10/07 03:53:20.989, 0 %, 56 MiB, 4096 MiB, 300 MHz, 1.37 W, 51, 0x0000000000000001
2026/10/07 03:53:23.011, 0 %, 56 MiB, 4096 MiB, 300 MHz, 1.52 W, 51, 0x0000000000000001
2026/10/07 03:53:25.032, 0 %, 56 MiB, 4096 MiB, 300 MHz, 1.48 W, 51, 0x0000000000000001
2026/10/07 03:53:27.055, 0 %, 56 MiB, 4096 MiB, 300 MHz, 1.87 W, 51, 0x0000000000000001
2026/10/07 03:53:29.080, 0 %, 56 MiB, 4096 MiB, 300 MHz, 1.53 W, 51, 0x0000000000000001
2026/10/07 03:53:31.101, 0 %, 56 MiB, 4096 MiB, 300 MHz, 1.54 W, 51, 0x0000000000000001
2026/10/07 03:53:33.125, 0 %, 56 MiB, 4096 MiB, 300 MHz, 1.50 W, 51, 0x0000000000000001
2026/10/07 03:53:35.154, 0 %, 56 MiB, 4096 MiB, 300 MHz, 1.54 W, 51, 0x0000000000000001
2026/10/07 03:53:37.175, 0 %, 56 MiB, 4096 MiB, 300 MHz, 1.60 W, 51, 0x0000000000000001
2026/10/07 03:53:39.198, 0 %, 56 MiB, 4096 MiB, 300 MHz, 1.52 W, 51, 0x0000000000000001
2026/10/07 03:53:41.222, 0 %, 56 MiB, 4096 MiB, 300 MHz, 1.55 W, 51, 0x0000000000000001
2026/10/07 03:53:43.243, 0 %, 56 MiB, 4096 MiB, 300 MHz, 1.44 W, 51, 0x0000000000000001
2026/10/07 03:53:45.266, 0 %, 56 MiB, 4096 MiB, 300 MHz, 1.47 W, 51, 0x0000000000000001
2026/10/07 03:53:47.288, 0 %, 56 MiB, 4096 MiB, 300 MHz, 1.60 W, 51, 0x0000000000000001
2026/10/07 03:53:49.311, 0 %, 56 MiB, 4096 MiB, 300 MHz, 1.54 W, 51, 0x0000000000000001
2026/10/07 03:53:51.335, 0 %, 56 MiB, 4096 MiB, 300 MHz, 1.56 W, 51, 0x0000000000000001
2026/10/07 03:53:53.357, 0 %, 56 MiB, 4096 MiB, 300 MHz, 1.60 W, 51, 0x0000000000000001
2026/10/07 03:53:55.385, 0 %, 56 MiB, 4096 MiB, 300 MHz, 1.76 W, 51, 0x0000000000000001
2026/10/07 03:53:57.407, 0 %, 56 MiB, 4096 MiB, 300 MHz, 1.52 W, 51, 0x0000000000000001
2026/10/07 03:53:59.432, 0 %, 56 MiB, 4096 MiB, 300 MHz, 1.48 W, 51, 0x0000000000000001
2026/10/07 03:54:01.454, 0 %, 56 MiB, 4096 MiB, 300 MHz, 1.51 W, 51, 0x0000000000000001
2026/10/07 03:54:03.478, 0 %, 56 MiB, 4096 MiB, 300 MHz, 1.54 W, 51, 0x0000000000000001
2026/10/07 03:54:05.500, 0 %, 56 MiB, 4096 MiB, 300 MHz, 1.72 W, 51, 0x0000000000000001
2026/10/07 03:54:07.523, 0 %, 56 MiB, 4096 MiB, 300 MHz, 1.52 W, 51, 0x0000000000000001
2026/10/07 03:54:09.544, 1 %, 66 MiB, 4096 MiB, 300 MHz, 1.59 W, 51, 0x0000000000000001
2026/10/07 03:54:11.567, 0 %, 65 MiB, 4096 MiB, 300 MHz, 1.54 W, 51, 0x0000000000000001
2026/10/07 03:54:13.591, 0 %, 57 MiB, 4096 MiB, 300 MHz, 1.51 W, 51, 0x0000000000000001
2026/10/07 03:54:15.613, 0 %, 57 MiB, 4096 MiB, 300 MHz, 1.63 W, 51, 0x0000000000000001
2026/10/07 03:54:17.637, 0 %, 57 MiB, 4096 MiB, 300 MHz, 1.47 W, 51, 0x0000000000000001
2026/10/07 03:54:19.659, 0 %, 57 MiB, 4096 MiB, 300 MHz, 1.48 W, 51, 0x0000000000000001
2026/10/07 03:54:21.685, 0 %, 57 MiB, 4096 MiB, 300 MHz, 1.47 W, 51, 0x0000000000000001
2026/10/07 03:54:23.707, 0 %, 57 MiB, 4096 MiB, 300 MHz, 1.89 W, 51, 0x0000000000000001
2026/10/07 03:54:25.731, 0 %, 57 MiB, 4096 MiB, 300 MHz, 1.52 W, 51, 0x0000000000000001
2026/10/07 03:54:27.755, 0 %, 57 MiB, 4096 MiB, 300 MHz, 1.62 W, 51, 0x0000000000000001
2026/10/07 03:54:29.777, 0 %, 57 MiB, 4096 MiB, 300 MHz, 1.54 W, 51, 0x0000000000000001
2026/10/07 03:54:31.799, 0 %, 57 MiB, 4096 MiB, 300 MHz, 1.49 W, 51, 0x0000000000000001
2026/10/07 03:54:33.822, 0 %, 57 MiB, 4096 MiB, 300 MHz, 1.73 W, 51, 0x0000000000000001
2026/10/07 03:54:35.843, 0 %, 57 MiB, 4096 MiB, 300 MHz, 1.45 W, 51, 0x0000000000000001
2026/10/07 03:54:37.868, 0 %, 57 MiB, 4096 MiB, 300 MHz, 1.45 W, 51, 0x0000000000000001
2026/10/07 03:54:39.890, 0 %, 56 MiB, 4096 MiB, 300 MHz, 1.44 W, 51, 0x0000000000000001
2026/10/07 03:54:41.914, 0 %, 56 MiB, 4096 MiB, 300 MHz, 1.46 W, 51, 0x0000000000000001
2026/10/07 03:54:43.937, 0 %, 56 MiB, 4096 MiB, 300 MHz, 1.67 W, 51, 0x0000000000000001
2026/10/07 03:54:45.961, 0 %, 56 MiB, 4096 MiB, 300 MHz, 1.52 W, 51, 0x0000000000000001
2026/10/07 03:54:47.984, 0 %, 56 MiB, 4096 MiB, 300 MHz, 1.56 W, 51, 0x0000000000000001
2026/10/07 03:54:50.007, 0 %, 56 MiB, 4096 MiB, 300 MHz, 1.59 W, 51, 0x0000000000000001
2026/10/07 03:54:52.031, 0 %, 56 MiB, 4096 MiB, 300 MHz, 1.89 W, 51, 0x0000000000000001
2026/10/07 03:54:54.053, 0 %, 56 MiB, 4096 MiB, 300 MHz, 1.51 W, 51, 0x0000000000000001
2026/10/07 03:54:56.078, 0 %, 56 MiB, 4096 MiB, 300 MHz, 1.49 W, 51, 0x0000000000000001
2026/10/07 03:54:58.099, 0 %, 56 MiB, 4096 MiB, 300 MHz, 1.50 W, 51, 0x0000000000000001
2026/10/07 03:55:00.122, 0 %, 56 MiB, 4096 MiB, 300 MHz, 1.50 W, 51, 0x0000000000000001
2026/10/07 03:55:02.145, 0 %, 56 MiB, 4096 MiB, 300 MHz, 1.76 W, 51, 0x0000000000000001
2026/10/07 03:55:04.170, 1 %, 66 MiB, 4096 MiB, 300 MHz, 1.62 W, 51, 0x0000000000000001
2026/10/07 03:55:06.196, 0 %, 65 MiB, 4096 MiB, 300 MHz, 1.71 W, 51, 0x0000000000000001
2026/10/07 03:55:08.219, 0 %, 57 MiB, 4096 MiB, 300 MHz, 1.61 W, 51, 0x0000000000000001
2026/10/07 03:55:10.253, 0 %, 56 MiB, 4096 MiB, 300 MHz, 1.74 W, 51, 0x0000000000000001
2026/10/07 03:55:12.277, 0 %, 56 MiB, 4096 MiB, 300 MHz, 1.45 W, 51, 0x0000000000000001
2026/10/07 03:55:14.300, 0 %, 56 MiB, 4096 MiB, 300 MHz, 1.46 W, 51, 0x0000000000000001
2026/10/07 03:55:16.322, 0 %, 56 MiB, 4096 MiB, 300 MHz, 1.48 W, 51, 0x0000000000000001
2026/10/07 03:55:18.343, 0 %, 56 MiB, 4096 MiB, 300 MHz, 1.48 W, 51, 0x0000000000000001
2026/10/07 03:55:20.368, 0 %, 56 MiB, 4096 MiB, 300 MHz, 1.76 W, 51, 0x0000000000000001
2026/10/07 03:55:22.390, 0 %, 56 MiB, 4096 MiB, 300 MHz, 1.57 W, 51, 0x0000000000000001
2026/10/07 03:55:24.415, 0 %, 56 MiB, 4096 MiB, 300 MHz, 1.59 W, 51, 0x0000000000000001
2026/10/07 03:55:26.440, 0 %, 56 MiB, 4096 MiB, 300 MHz, 1.56 W, 51, 0x0000000000000001
2026/10/07 03:55:28.464, 0 %, 56 MiB, 4096 MiB, 300 MHz, 1.92 W, 51, 0x0000000000000001
2026/10/07 03:55:30.487, 0 %, 56 MiB, 4096 MiB, 300 MHz, 1.45 W, 51, 0x0000000000000001
2026/10/07 03:55:32.508, 0 %, 56 MiB, 4096 MiB, 300 MHz, 1.53 W, 51, 0x0000000000000001
2026/10/07 03:55:34.534, 0 %, 56 MiB, 4096 MiB, 300 MHz, 1.62 W, 51, 0x0000000000000001
2026/10/07 03:55:36.557, 0 %, 56 MiB, 4096 MiB, 300 MHz, 1.48 W, 51, 0x0000000000000001
2026/10/07 03:55:38.581, 0 %, 56 MiB, 4096 MiB, 300 MHz, 1.82 W, 51, 0x0000000000000001
2026/10/07 03:55:40.603, 0 %, 55 MiB, 4096 MiB, 300 MHz, 1.53 W, 51, 0x0000000000000001
2026/10/07 03:55:42.628, 0 %, 55 MiB, 4096 MiB, 300 MHz, 1.50 W, 51, 0x0000000000000001
2026/10/07 03:55:44.652, 0 %, 55 MiB, 4096 MiB, 300 MHz, 1.54 W, 51, 0x0000000000000001
2026/10/07 03:55:46.677, 0 %, 55 MiB, 4096 MiB, 300 MHz, 1.54 W, 51, 0x0000000000000001
2026/10/07 03:55:48.702, 0 %, 55 MiB, 4096 MiB, 300 MHz, 1.50 W, 51, 0x0000000000000001
2026/10/07 03:55:50.725, 0 %, 55 MiB, 4096 MiB, 300 MHz, 1.45 W, 51, 0x0000000000000001
2026/10/07 03:55:52.749, 0 %, 55 MiB, 4096 MiB, 300 MHz, 1.52 W, 51, 0x0000000000000001
2026/10/07 03:55:54.774, 0 %, 55 MiB, 4096 MiB, 300 MHz, 1.47 W, 51, 0x0000000000000001
2026/10/07 03:55:56.799, 0 %, 55 MiB, 4096 MiB, 300 MHz, 1.79 W, 51, 0x0000000000000001
2026/10/07 03:55:58.822, 0 %, 55 MiB, 4096 MiB, 300 MHz, 1.55 W, 51, 0x0000000000000001
2026/10/07 03:56:00.843, 0 %, 55 MiB, 4096 MiB, 300 MHz, 1.53 W, 51, 0x0000000000000001
2026/10/07 03:56:02.865, 0 %, 55 MiB, 4096 MiB, 300 MHz, 1.54 W, 51, 0x0000000000000001
2026/10/07 03:56:04.886, 0 %, 55 MiB, 4096 MiB, 300 MHz, 1.54 W, 51, 0x0000000000000001
2026/10/07 03:56:06.911, 0 %, 55 MiB, 4096 MiB, 300 MHz, 1.67 W, 51, 0x0000000000000001
2026/10/07 03:56:08.933, 0 %, 55 MiB, 4096 MiB, 300 MHz, 1.45 W, 51, 0x0000000000000001
2026/10/07 03:56:10.956, 0 %, 55 MiB, 4096 MiB, 300 MHz, 1.50 W, 51, 0x0000000000000001
2026/10/07 03:56:12.977, 0 %, 55 MiB, 4096 MiB, 300 MHz, 1.52 W, 51, 0x0000000000000001
2026/10/07 03:56:15.002, 0 %, 55 MiB, 4096 MiB, 300 MHz, 1.43 W, 51, 0x0000000000000001
2026/10/07 03:56:17.025, 0 %, 55 MiB, 4096 MiB, 300 MHz, 1.67 W, 51, 0x0000000000000001
2026/10/07 03:56:19.047, 0 %, 55 MiB, 4096 MiB, 300 MHz, 1.54 W, 51, 0x0000000000000001
2026/10/07 03:56:21.071, 0 %, 55 MiB, 4096 MiB, 300 MHz, 1.51 W, 51, 0x0000000000000001
2026/10/07 03:56:23.092, 0 %, 55 MiB, 4096 MiB, 300 MHz, 1.60 W, 51, 0x0000000000000001
2026/10/07 03:56:25.117, 0 %, 55 MiB, 4096 MiB, 300 MHz, 1.95 W, 51, 0x0000000000000001
2026/10/07 03:56:27.140, 0 %, 55 MiB, 4096 MiB, 300 MHz, 1.53 W, 51, 0x0000000000000001
2026/10/07 03:56:29.164, 0 %, 55 MiB, 4096 MiB, 300 MHz, 1.48 W, 51, 0x0000000000000001
2026/10/07 03:56:31.186, 0 %, 55 MiB, 4096 MiB, 300 MHz, 1.50 W, 51, 0x0000000000000001
2026/10/07 03:56:33.210, 0 %, 55 MiB, 4096 MiB, 300 MHz, 1.49 W, 51, 0x0000000000000001
2026/10/07 03:56:35.232, 0 %, 55 MiB, 4096 MiB, 300 MHz, 2.00 W, 51, 0x0000000000000001
2026/10/07 03:56:37.254, 0 %, 55 MiB, 4096 MiB, 300 MHz, 1.63 W, 51, 0x0000000000000001
2026/10/07 03:56:39.281, 0 %, 55 MiB, 4096 MiB, 300 MHz, 1.68 W, 51, 0x0000000000000001
2026/10/07 03:56:41.303, 0 %, 55 MiB, 4096 MiB, 300 MHz, 1.65 W, 51, 0x0000000000000001
2026/10/07 03:56:43.324, 0 %, 55 MiB, 4096 MiB, 300 MHz, 1.65 W, 51, 0x0000000000000001
2026/10/07 03:56:45.349, 0 %, 55 MiB, 4096 MiB, 300 MHz, 1.65 W, 51, 0x0000000000000001
2026/10/07 03:56:47.371, 0 %, 55 MiB, 4096 MiB, 300 MHz, 1.57 W, 51, 0x0000000000000001
2026/10/07 03:56:49.394, 0 %, 55 MiB, 4096 MiB, 300 MHz, 1.50 W, 51, 0x0000000000000001
2026/10/07 03:56:51.417, 0 %, 55 MiB, 4096 MiB, 300 MHz, 1.53 W, 51, 0x0000000000000001
2026/10/07 03:56:53.439, 0 %, 55 MiB, 4096 MiB, 300 MHz, 2.00 W, 51, 0x0000000000000001
2026/10/07 03:56:55.466, 0 %, 55 MiB, 4096 MiB, 300 MHz, 1.56 W, 51, 0x0000000000000001
2026/10/07 03:56:57.487, 0 %, 55 MiB, 4096 MiB, 300 MHz, 1.55 W, 51, 0x0000000000000001
2026/10/07 03:56:59.509, 0 %, 55 MiB, 4096 MiB, 300 MHz, 1.66 W, 51, 0x0000000000000001
2026/10/07 03:57:01.533, 0 %, 55 MiB, 4096 MiB, 300 MHz, 1.58 W, 51, 0x0000000000000001
2026/10/07 03:57:03.557, 0 %, 55 MiB, 4096 MiB, 300 MHz, 1.90 W, 51, 0x0000000000000001
2026/10/07 03:57:05.581, 0 %, 55 MiB, 4096 MiB, 300 MHz, 1.51 W, 51, 0x0000000000000001
2026/10/07 03:57:07.602, 0 %, 55 MiB, 4096 MiB, 300 MHz, 1.52 W, 51, 0x0000000000000001
2026/10/07 03:57:09.626, 0 %, 55 MiB, 4096 MiB, 300 MHz, 1.46 W, 51, 0x0000000000000001
2026/10/07 03:57:11.647, 0 %, 55 MiB, 4096 MiB, 300 MHz, 1.51 W, 51, 0x0000000000000001
2026/10/07 03:57:13.672, 0 %, 55 MiB, 4096 MiB, 300 MHz, 1.75 W, 51, 0x0000000000000001
2026/10/07 03:57:15.693, 0 %, 55 MiB, 4096 MiB, 300 MHz, 1.53 W, 51, 0x0000000000000001
2026/10/07 03:57:17.716, 0 %, 55 MiB, 4096 MiB, 300 MHz, 1.65 W, 51, 0x0000000000000001
2026/10/07 03:57:19.739, 0 %, 55 MiB, 4096 MiB, 300 MHz, 1.53 W, 51, 0x0000000000000001
2026/10/07 03:57:21.764, 0 %, 55 MiB, 4096 MiB, 300 MHz, 1.51 W, 51, 0x0000000000000001
2026/10/07 03:57:23.788, 0 %, 55 MiB, 4096 MiB, 300 MHz, 1.59 W, 51, 0x0000000000000001
2026/10/07 03:57:25.811, 0 %, 55 MiB, 4096 MiB, 300 MHz, 1.49 W, 51, 0x0000000000000001
2026/10/07 03:57:27.835, 0 %, 55 MiB, 4096 MiB, 300 MHz, 1.49 W, 51, 0x0000000000000001
2026/10/07 03:57:29.857, 0 %, 55 MiB, 4096 MiB, 300 MHz, 1.50 W, 51, 0x0000000000000001
2026/10/07 03:57:31.878, 0 %, 55 MiB, 4096 MiB, 300 MHz, 1.94 W, 51, 0x0000000000000001
2026/10/07 03:57:33.903, 0 %, 55 MiB, 4096 MiB, 300 MHz, 1.56 W, 51, 0x0000000000000001
2026/10/07 03:57:35.927, 0 %, 55 MiB, 4096 MiB, 300 MHz, 1.55 W, 51, 0x0000000000000001
2026/10/07 03:57:37.954, 0 %, 55 MiB, 4096 MiB, 300 MHz, 1.57 W, 51, 0x0000000000000001
2026/10/07 03:57:39.975, 0 %, 55 MiB, 4096 MiB, 300 MHz, 1.55 W, 51, 0x0000000000000001
2026/10/07 03:57:41.997, 0 %, 55 MiB, 4096 MiB, 300 MHz, 1.74 W, 51, 0x0000000000000001
2026/10/07 03:57:44.021, 0 %, 55 MiB, 4096 MiB, 300 MHz, 1.57 W, 51, 0x0000000000000001
2026/10/07 03:57:46.046, 0 %, 55 MiB, 4096 MiB, 300 MHz, 1.49 W, 51, 0x0000000000000001
2026/10/07 03:57:48.068, 0 %, 55 MiB, 4096 MiB, 300 MHz, 1.53 W, 51, 0x0000000000000001
2026/10/07 03:57:50.088, 0 %, 55 MiB, 4096 MiB, 300 MHz, 1.57 W, 51, 0x0000000000000001
2026/10/07 03:57:52.111, 0 %, 55 MiB, 4096 MiB, 300 MHz, 1.71 W, 51, 0x0000000000000001
2026/10/07 03:57:54.135, 0 %, 55 MiB, 4096 MiB, 300 MHz, 1.36 W, 51, 0x0000000000000001
2026/10/07 03:57:56.157, 0 %, 55 MiB, 4096 MiB, 300 MHz, 1.55 W, 51, 0x0000000000000001
2026/10/07 03:57:58.179, 0 %, 55 MiB, 4096 MiB, 300 MHz, 1.55 W, 51, 0x0000000000000001
2026/10/07 03:58:00.201, 0 %, 55 MiB, 4096 MiB, 300 MHz, 1.55 W, 51, 0x0000000000000001
2026/10/07 03:58:02.225, 1 %, 66 MiB, 4096 MiB, 300 MHz, 1.56 W, 51, 0x0000000000000001
2026/10/07 03:58:04.247, 0 %, 66 MiB, 4096 MiB, 300 MHz, 1.47 W, 51, 0x0000000000000001
2026/10/07 03:58:06.269, 0 %, 58 MiB, 4096 MiB, 300 MHz, 1.47 W, 51, 0x0000000000000001
2026/10/07 03:58:08.291, 0 %, 58 MiB, 4096 MiB, 300 MHz, 1.50 W, 51, 0x0000000000000001
2026/10/07 03:58:10.314, 0 %, 58 MiB, 4096 MiB, 300 MHz, 1.52 W, 51, 0x0000000000000001
2026/10/07 03:58:12.335, 0 %, 58 MiB, 4096 MiB, 300 MHz, 1.60 W, 51, 0x0000000000000001
2026/10/07 03:58:14.359, 0 %, 58 MiB, 4096 MiB, 300 MHz, 1.49 W, 51, 0x0000000000000001
2026/10/07 03:58:16.382, 0 %, 58 MiB, 4096 MiB, 300 MHz, 1.50 W, 51, 0x0000000000000001
2026/10/07 03:58:18.404, 0 %, 58 MiB, 4096 MiB, 300 MHz, 1.56 W, 51, 0x0000000000000001
2026/10/07 03:58:20.429, 0 %, 58 MiB, 4096 MiB, 300 MHz, 1.85 W, 51, 0x0000000000000001
2026/10/07 03:58:22.450, 0 %, 58 MiB, 4096 MiB, 300 MHz, 1.57 W, 51, 0x0000000000000001
2026/10/07 03:58:24.473, 0 %, 58 MiB, 4096 MiB, 300 MHz, 1.53 W, 51, 0x0000000000000001
2026/10/07 03:58:26.497, 0 %, 58 MiB, 4096 MiB, 300 MHz, 1.55 W, 51, 0x0000000000000001
2026/10/07 03:58:28.522, 0 %, 58 MiB, 4096 MiB, 300 MHz, 1.53 W, 51, 0x0000000000000001
2026/10/07 03:58:30.544, 0 %, 58 MiB, 4096 MiB, 300 MHz, 1.77 W, 51, 0x0000000000000001
2026/10/07 03:58:32.569, 0 %, 56 MiB, 4096 MiB, 300 MHz, 1.50 W, 51, 0x0000000000000001
2026/10/07 03:58:34.591, 0 %, 56 MiB, 4096 MiB, 300 MHz, 1.53 W, 51, 0x0000000000000001
2026/10/07 03:58:36.614, 0 %, 56 MiB, 4096 MiB, 300 MHz, 1.50 W, 51, 0x0000000000000001
2026/10/07 03:58:38.636, 0 %, 56 MiB, 4096 MiB, 300 MHz, 1.55 W, 51, 0x0000000000000001
2026/10/07 03:58:40.660, 0 %, 56 MiB, 4096 MiB, 300 MHz, 1.55 W, 51, 0x0000000000000001
2026/10/07 03:58:42.682, 0 %, 56 MiB, 4096 MiB, 300 MHz, 1.53 W, 51, 0x0000000000000001
2026/10/07 03:58:44.706, 0 %, 56 MiB, 4096 MiB, 300 MHz, 1.48 W, 51, 0x0000000000000001
2026/10/07 03:58:46.728, 0 %, 56 MiB, 4096 MiB, 300 MHz, 1.53 W, 51, 0x0000000000000001
2026/10/07 03:58:48.753, 0 %, 56 MiB, 4096 MiB, 300 MHz, 1.85 W, 51, 0x0000000000000001
2026/10/07 03:58:50.776, 0 %, 56 MiB, 4096 MiB, 300 MHz, 1.51 W, 51, 0x0000000000000001
2026/10/07 03:58:52.798, 0 %, 56 MiB, 4096 MiB, 300 MHz, 1.46 W, 51, 0x0000000000000001
2026/10/07 03:58:54.821, 0 %, 56 MiB, 4096 MiB, 300 MHz, 1.58 W, 51, 0x0000000000000001
2026/10/07 03:58:56.844, 0 %, 56 MiB, 4096 MiB, 300 MHz, 1.50 W, 51, 0x0000000000000001
2026/10/07 03:58:58.868, 0 %, 56 MiB, 4096 MiB, 300 MHz, 1.80 W, 51, 0x0000000000000001
2026/10/07 03:59:00.890, 0 %, 56 MiB, 4096 MiB, 300 MHz, 1.57 W, 51, 0x0000000000000001
2026/10/07 03:59:02.912, 0 %, 56 MiB, 4096 MiB, 300 MHz, 1.51 W, 51, 0x0000000000000001
2026/10/07 03:59:04.936, 0 %, 56 MiB, 4096 MiB, 300 MHz, 1.54 W, 51, 0x0000000000000001
2026/10/07 03:59:06.961, 0 %, 56 MiB, 4096 MiB, 300 MHz, 1.54 W, 51, 0x0000000000000001
2026/10/07 03:59:08.985, 0 %, 56 MiB, 4096 MiB, 300 MHz, 1.64 W, 51, 0x0000000000000001
2026/10/07 03:59:11.007, 0 %, 56 MiB, 4096 MiB, 300 MHz, 1.59 W, 51, 0x0000000000000001
2026/10/07 03:59:13.029, 0 %, 56 MiB, 4096 MiB, 300 MHz, 1.58 W, 51, 0x0000000000000001
2026/10/07 03:59:15.050, 0 %, 56 MiB, 4096 MiB, 300 MHz, 1.56 W, 51, 0x0000000000000001
2026/10/07 03:59:17.072, 0 %, 56 MiB, 4096 MiB, 300 MHz, 1.56 W, 51, 0x0000000000000001
2026/10/07 03:59:19.096, 0 %, 56 MiB, 4096 MiB, 300 MHz, 1.59 W, 51, 0x0000000000000001
2026/10/07 03:59:21.118, 0 %, 56 MiB, 4096 MiB, 300 MHz, 1.54 W, 51, 0x0000000000000001
2026/10/07 03:59:23.145, 0 %, 56 MiB, 4096 MiB, 300 MHz, 1.52 W, 51, 0x0000000000000001
2026/10/07 03:59:25.167, 0 %, 56 MiB, 4096 MiB, 300 MHz, 1.55 W, 51, 0x0000000000000001
2026/10/07 03:59:27.192, 0 %, 56 MiB, 4096 MiB, 300 MHz, 1.80 W, 51, 0x0000000000000001
2026/10/07 03:59:29.213, 0 %, 56 MiB, 4096 MiB, 300 MHz, 1.50 W, 51, 0x0000000000000001
2026/10/07 03:59:31.235, 0 %, 56 MiB, 4096 MiB, 300 MHz, 1.54 W, 51, 0x0000000000000001
2026/10/07 03:59:33.258, 0 %, 56 MiB, 4096 MiB, 300 MHz, 1.50 W, 51, 0x0000000000000001
2026/10/07 03:59:35.284, 0 %, 56 MiB, 4096 MiB, 300 MHz, 1.50 W, 51, 0x0000000000000001
2026/10/07 03:59:37.308, 0 %, 56 MiB, 4096 MiB, 300 MHz, 1.69 W, 51, 0x0000000000000001
2026/10/07 03:59:39.331, 0 %, 56 MiB, 4096 MiB, 300 MHz, 1.55 W, 51, 0x0000000000000001
2026/10/07 03:59:41.352, 0 %, 56 MiB, 4096 MiB, 300 MHz, 1.61 W, 51, 0x0000000000000001
2026/10/07 03:59:43.376, 0 %, 56 MiB, 4096 MiB, 300 MHz, 1.54 W, 51, 0x0000000000000001
2026/10/07 03:59:45.402, 0 %, 56 MiB, 4096 MiB, 300 MHz, 1.94 W, 51, 0x0000000000000001
2026/10/07 03:59:47.424, 0 %, 56 MiB, 4096 MiB, 300 MHz, 1.58 W, 51, 0x0000000000000001
2026/10/07 03:59:49.446, 0 %, 56 MiB, 4096 MiB, 300 MHz, 1.55 W, 51, 0x0000000000000001
2026/10/07 03:59:51.471, 0 %, 56 MiB, 4096 MiB, 300 MHz, 1.49 W, 51, 0x0000000000000001
2026/10/07 03:59:53.492, 0 %, 56 MiB, 4096 MiB, 300 MHz, 1.60 W, 51, 0x0000000000000001
2026/10/07 03:59:55.516, 0 %, 56 MiB, 4096 MiB, 300 MHz, 1.91 W, 51, 0x0000000000000001
2026/10/07 03:59:57.538, 0 %, 56 MiB, 4096 MiB, 300 MHz, 1.59 W, 51, 0x0000000000000001
2026/10/07 03:59:59.561, 0 %, 56 MiB, 4096 MiB, 300 MHz, 1.53 W, 51, 0x0000000000000001
2026/10/07 04:00:01.586, 0 %, 56 MiB, 4096 MiB, 300 MHz, 1.63 W, 51, 0x0000000000000001
2026/10/07 04:00:03.608, 0 %, 56 MiB, 4096 MiB, 300 MHz, 1.62 W, 51, 0x0000000000000001
2026/10/07 04:00:05.631, 0 %, 56 MiB, 4096 MiB, 300 MHz, 1.68 W, 51, 0x0000000000000001
2026/10/07 04:00:07.653, 0 %, 56 MiB, 4096 MiB, 300 MHz, 1.52 W, 51, 0x0000000000000001
2026/10/07 04:00:09.677, 0 %, 56 MiB, 4096 MiB, 300 MHz, 1.50 W, 51, 0x0000000000000001
2026/10/07 04:00:11.698, 0 %, 56 MiB, 4096 MiB, 300 MHz, 1.54 W, 51, 0x0000000000000001
2026/10/07 04:00:13.722, 0 %, 56 MiB, 4096 MiB, 300 MHz, 1.53 W, 51, 0x0000000000000001
2026/10/07 04:00:15.745, 0 %, 56 MiB, 4096 MiB, 300 MHz, 1.62 W, 51, 0x0000000000000001
2026/10/07 04:00:17.768, 0 %, 56 MiB, 4096 MiB, 300 MHz, 1.54 W, 51, 0x0000000000000001
2026/10/07 04:00:19.791, 0 %, 56 MiB, 4096 MiB, 300 MHz, 1.54 W, 51, 0x0000000000000001
2026/10/07 04:00:21.815, 0 %, 56 MiB, 4096 MiB, 300 MHz, 1.50 W, 51, 0x0000000000000001
2026/10/07 04:00:23.841, 0 %, 56 MiB, 4096 MiB, 300 MHz, 1.89 W, 51, 0x0000000000000001
2026/10/07 04:00:25.865, 0 %, 56 MiB, 4096 MiB, 300 MHz, 1.56 W, 51, 0x0000000000000001
2026/10/07 04:00:27.889, 0 %, 56 MiB, 4096 MiB, 300 MHz, 1.53 W, 51, 0x0000000000000001
2026/10/07 04:00:29.910, 0 %, 56 MiB, 4096 MiB, 300 MHz, 1.53 W, 51, 0x0000000000000001
2026/10/07 04:00:31.933, 0 %, 56 MiB, 4096 MiB, 300 MHz, 1.57 W, 51, 0x0000000000000001
2026/10/07 04:00:33.957, 0 %, 56 MiB, 4096 MiB, 300 MHz, 1.72 W, 51, 0x0000000000000001
2026/10/07 04:00:35.981, 0 %, 56 MiB, 4096 MiB, 300 MHz, 1.58 W, 51, 0x0000000000000001
2026/10/07 04:00:38.002, 0 %, 56 MiB, 4096 MiB, 300 MHz, 1.59 W, 51, 0x0000000000000001
2026/10/07 04:00:40.024, 0 %, 56 MiB, 4096 MiB, 300 MHz, 1.61 W, 51, 0x0000000000000001
2026/10/07 04:00:42.049, 0 %, 56 MiB, 4096 MiB, 300 MHz, 1.33 W, 51, 0x0000000000000001
2026/10/07 04:00:44.070, 0 %, 56 MiB, 4096 MiB, 300 MHz, 1.67 W, 51, 0x0000000000000001
2026/10/07 04:00:46.095, 0 %, 56 MiB, 4096 MiB, 300 MHz, 1.54 W, 51, 0x0000000000000001
2026/10/07 04:00:48.117, 0 %, 56 MiB, 4096 MiB, 300 MHz, 1.57 W, 51, 0x0000000000000001
2026/10/07 04:00:50.140, 0 %, 56 MiB, 4096 MiB, 300 MHz, 1.62 W, 51, 0x0000000000000001
2026/10/07 04:00:52.161, 0 %, 56 MiB, 4096 MiB, 300 MHz, 1.95 W, 51, 0x0000000000000001
2026/10/07 04:00:54.184, 0 %, 56 MiB, 4096 MiB, 300 MHz, 1.55 W, 51, 0x0000000000000001
2026/10/07 04:00:56.208, 0 %, 56 MiB, 4096 MiB, 300 MHz, 1.58 W, 51, 0x0000000000000001
2026/10/07 04:00:58.230, 0 %, 64 MiB, 4096 MiB, 300 MHz, 1.74 W, 51, 0x0000000000000001
2026/10/07 04:01:00.253, 0 %, 65 MiB, 4096 MiB, 300 MHz, 1.52 W, 51, 0x0000000000000001
2026/10/07 04:01:02.274, 0 %, 57 MiB, 4096 MiB, 300 MHz, 1.86 W, 51, 0x0000000000000001
2026/10/07 04:01:04.300, 0 %, 57 MiB, 4096 MiB, 300 MHz, 1.54 W, 51, 0x0000000000000001
2026/10/07 04:01:06.322, 0 %, 57 MiB, 4096 MiB, 300 MHz, 1.62 W, 51, 0x0000000000000001
2026/10/07 04:01:08.344, 0 %, 57 MiB, 4096 MiB, 300 MHz, 1.61 W, 51, 0x0000000000000001
2026/10/07 04:01:10.368, 0 %, 57 MiB, 4096 MiB, 300 MHz, 1.53 W, 51, 0x0000000000000001
2026/10/07 04:01:12.390, 0 %, 57 MiB, 4096 MiB, 300 MHz, 1.76 W, 51, 0x0000000000000001
2026/10/07 04:01:14.413, 0 %, 57 MiB, 4096 MiB, 300 MHz, 1.57 W, 51, 0x0000000000000001
2026/10/07 04:01:16.437, 0 %, 57 MiB, 4096 MiB, 300 MHz, 1.52 W, 51, 0x0000000000000001
2026/10/07 04:01:18.459, 0 %, 57 MiB, 4096 MiB, 300 MHz, 1.63 W, 51, 0x0000000000000001
2026/10/07 04:01:20.481, 0 %, 57 MiB, 4096 MiB, 300 MHz, 1.59 W, 51, 0x0000000000000001
2026/10/07 04:01:22.502, 0 %, 57 MiB, 4096 MiB, 300 MHz, 1.61 W, 51, 0x0000000000000001
2026/10/07 04:01:24.526, 0 %, 57 MiB, 4096 MiB, 300 MHz, 1.49 W, 51, 0x0000000000000001
2026/10/07 04:01:26.548, 0 %, 57 MiB, 4096 MiB, 300 MHz, 1.52 W, 51, 0x0000000000000001
2026/10/07 04:01:28.569, 0 %, 57 MiB, 4096 MiB, 300 MHz, 1.53 W, 51, 0x0000000000000001
2026/10/07 04:01:30.593, 0 %, 56 MiB, 4096 MiB, 300 MHz, 1.49 W, 51, 0x0000000000000001
2026/10/07 04:01:32.615, 0 %, 56 MiB, 4096 MiB, 300 MHz, 1.67 W, 51, 0x0000000000000001
2026/10/07 04:01:34.640, 0 %, 56 MiB, 4096 MiB, 300 MHz, 1.56 W, 51, 0x0000000000000001
2026/10/07 04:01:36.662, 0 %, 56 MiB, 4096 MiB, 300 MHz, 1.55 W, 51, 0x0000000000000001
2026/10/07 04:01:38.684, 0 %, 56 MiB, 4096 MiB, 300 MHz, 1.63 W, 51, 0x0000000000000001
2026/10/07 04:01:40.708, 0 %, 56 MiB, 4096 MiB, 300 MHz, 1.88 W, 51, 0x0000000000000001
2026/10/07 04:01:42.730, 0 %, 56 MiB, 4096 MiB, 300 MHz, 1.53 W, 51, 0x0000000000000001
2026/10/07 04:01:44.754, 0 %, 56 MiB, 4096 MiB, 300 MHz, 1.65 W, 51, 0x0000000000000001
2026/10/07 04:01:46.776, 0 %, 56 MiB, 4096 MiB, 300 MHz, 1.57 W, 51, 0x0000000000000001
2026/10/07 04:01:48.797, 0 %, 56 MiB, 4096 MiB, 300 MHz, 1.55 W, 51, 0x0000000000000001
2026/10/07 04:01:50.819, 0 %, 56 MiB, 4096 MiB, 300 MHz, 1.91 W, 51, 0x0000000000000001
2026/10/07 04:01:52.843, 0 %, 56 MiB, 4096 MiB, 300 MHz, 1.57 W, 51, 0x0000000000000001
2026/10/07 04:01:54.866, 1 %, 64 MiB, 4096 MiB, 300 MHz, 1.52 W, 51, 0x0000000000000001
2026/10/07 04:01:56.890, 0 %, 64 MiB, 4096 MiB, 300 MHz, 1.57 W, 51, 0x0000000000000001
2026/10/07 04:01:58.915, 0 %, 56 MiB, 4096 MiB, 300 MHz, 1.52 W, 51, 0x0000000000000001
2026/10/07 04:02:00.938, 0 %, 55 MiB, 4096 MiB, 300 MHz, 1.78 W, 51, 0x0000000000000001
2026/10/07 04:02:02.959, 0 %, 55 MiB, 4096 MiB, 300 MHz, 1.62 W, 51, 0x0000000000000001
2026/10/07 04:02:04.981, 0 %, 55 MiB, 4096 MiB, 300 MHz, 1.60 W, 51, 0x0000000000000001
2026/10/07 04:02:07.005, 0 %, 55 MiB, 4096 MiB, 300 MHz, 1.50 W, 51, 0x0000000000000001
2026/10/07 04:02:09.029, 0 %, 55 MiB, 4096 MiB, 300 MHz, 1.98 W, 51, 0x0000000000000001
2026/10/07 04:02:11.055, 0 %, 55 MiB, 4096 MiB, 300 MHz, 1.51 W, 51, 0x0000000000000001
2026/10/07 04:02:13.076, 0 %, 55 MiB, 4096 MiB, 300 MHz, 1.52 W, 51, 0x0000000000000001
2026/10/07 04:02:15.100, 0 %, 55 MiB, 4096 MiB, 300 MHz, 1.51 W, 51, 0x0000000000000001
2026/10/07 04:02:17.124, 0 %, 55 MiB, 4096 MiB, 300 MHz, 1.56 W, 51, 0x0000000000000001
2026/10/07 04:02:19.145, 0 %, 55 MiB, 4096 MiB, 300 MHz, 1.85 W, 51, 0x0000000000000001
2026/10/07 04:02:21.168, 0 %, 55 MiB, 4096 MiB, 300 MHz, 1.50 W, 51, 0x0000000000000001
2026/10/07 04:02:23.192, 0 %, 55 MiB, 4096 MiB, 300 MHz, 1.50 W, 51, 0x0000000000000001
2026/10/07 04:02:25.214, 0 %, 55 MiB, 4096 MiB, 300 MHz, 1.56 W, 51, 0x0000000000000001
2026/10/07 04:02:27.239, 0 %, 55 MiB, 4096 MiB, 300 MHz, 1.53 W, 51, 0x0000000000000001
2026/10/07 04:02:29.261, 0 %, 54 MiB, 4096 MiB, 300 MHz, 1.77 W, 51, 0x0000000000000001
2026/10/07 04:02:31.282, 0 %, 54 MiB, 4096 MiB, 300 MHz, 1.63 W, 51, 0x0000000000000001
2026/10/07 04:02:33.307, 0 %, 54 MiB, 4096 MiB, 300 MHz, 1.64 W, 51, 0x0000000000000001
2026/10/07 04:02:35.329, 0 %, 54 MiB, 4096 MiB, 300 MHz, 1.55 W, 51, 0x0000000000000001
2026/10/07 04:02:37.351, 0 %, 54 MiB, 4096 MiB, 300 MHz, 1.55 W, 51, 0x0000000000000001
2026/10/07 04:02:39.373, 0 %, 54 MiB, 4096 MiB, 300 MHz, 1.60 W, 51, 0x0000000000000001
2026/10/07 04:02:41.395, 0 %, 54 MiB, 4096 MiB, 300 MHz, 1.51 W, 51, 0x0000000000000001
2026/10/07 04:02:43.419, 0 %, 54 MiB, 4096 MiB, 300 MHz, 1.50 W, 51, 0x0000000000000001
2026/10/07 04:02:45.442, 0 %, 54 MiB, 4096 MiB, 300 MHz, 1.59 W, 51, 0x0000000000000001
2026/10/07 04:02:47.464, 0 %, 54 MiB, 4096 MiB, 300 MHz, 1.93 W, 51, 0x0000000000000001
2026/10/07 04:02:49.488, 0 %, 54 MiB, 4096 MiB, 300 MHz, 1.60 W, 51, 0x0000000000000001
2026/10/07 04:02:51.512, 0 %, 54 MiB, 4096 MiB, 300 MHz, 1.58 W, 51, 0x0000000000000001
2026/10/07 04:02:53.534, 0 %, 54 MiB, 4096 MiB, 300 MHz, 1.53 W, 51, 0x0000000000000001
2026/10/07 04:02:55.555, 0 %, 54 MiB, 4096 MiB, 300 MHz, 1.53 W, 51, 0x0000000000000001
2026/10/07 04:02:57.579, 0 %, 54 MiB, 4096 MiB, 300 MHz, 1.84 W, 51, 0x0000000000000001
2026/10/07 04:02:59.603, 0 %, 54 MiB, 4096 MiB, 300 MHz, 1.50 W, 51, 0x0000000000000001
2026/10/07 04:03:01.627, 0 %, 54 MiB, 4096 MiB, 300 MHz, 1.46 W, 51, 0x0000000000000001
2026/10/07 04:03:03.651, 0 %, 54 MiB, 4096 MiB, 300 MHz, 1.50 W, 51, 0x0000000000000001
2026/10/07 04:03:05.675, 0 %, 54 MiB, 4096 MiB, 300 MHz, 1.52 W, 51, 0x0000000000000001
2026/10/07 04:03:07.696, 0 %, 54 MiB, 4096 MiB, 300 MHz, 1.70 W, 51, 0x0000000000000001
2026/10/07 04:03:09.721, 0 %, 54 MiB, 4096 MiB, 300 MHz, 1.61 W, 51, 0x0000000000000001
2026/10/07 04:03:11.745, 0 %, 54 MiB, 4096 MiB, 300 MHz, 1.55 W, 51, 0x0000000000000001
2026/10/07 04:03:13.768, 0 %, 54 MiB, 4096 MiB, 300 MHz, 1.55 W, 51, 0x0000000000000001
2026/10/07 04:03:15.791, 0 %, 54 MiB, 4096 MiB, 300 MHz, 1.82 W, 51, 0x0000000000000001
2026/10/07 04:03:17.815, 0 %, 54 MiB, 4096 MiB, 300 MHz, 1.48 W, 51, 0x0000000000000001
2026/10/07 04:03:19.837, 0 %, 54 MiB, 4096 MiB, 300 MHz, 1.52 W, 51, 0x0000000000000001
2026/10/07 04:03:21.859, 0 %, 54 MiB, 4096 MiB, 300 MHz, 1.54 W, 51, 0x0000000000000001
2026/10/07 04:03:23.883, 0 %, 54 MiB, 4096 MiB, 300 MHz, 1.50 W, 51, 0x0000000000000001
2026/10/07 04:03:25.905, 0 %, 54 MiB, 4096 MiB, 300 MHz, 1.81 W, 51, 0x0000000000000001
2026/10/07 04:03:27.929, 0 %, 54 MiB, 4096 MiB, 300 MHz, 1.56 W, 51, 0x0000000000000001
2026/10/07 04:03:29.954, 0 %, 54 MiB, 4096 MiB, 300 MHz, 1.50 W, 51, 0x0000000000000001
2026/10/07 04:03:31.975, 0 %, 54 MiB, 4096 MiB, 300 MHz, 1.52 W, 51, 0x0000000000000001
2026/10/07 04:03:33.997, 0 %, 54 MiB, 4096 MiB, 300 MHz, 1.54 W, 51, 0x0000000000000001
2026/10/07 04:03:36.022, 0 %, 54 MiB, 4096 MiB, 300 MHz, 1.69 W, 51, 0x0000000000000001
2026/10/07 04:03:38.044, 0 %, 54 MiB, 4096 MiB, 300 MHz, 1.62 W, 51, 0x0000000000000001
2026/10/07 04:03:40.072, 0 %, 54 MiB, 4096 MiB, 300 MHz, 1.63 W, 51, 0x0000000000000001
2026/10/07 04:03:42.093, 0 %, 54 MiB, 4096 MiB, 300 MHz, 1.61 W, 51, 0x0000000000000001
2026/10/07 04:03:44.115, 0 %, 54 MiB, 4096 MiB, 300 MHz, 1.96 W, 51, 0x0000000000000001
2026/10/07 04:03:46.140, 0 %, 54 MiB, 4096 MiB, 300 MHz, 1.60 W, 51, 0x0000000000000001
2026/10/07 04:03:48.162, 0 %, 54 MiB, 4096 MiB, 300 MHz, 1.53 W, 51, 0x0000000000000001
2026/10/07 04:03:50.186, 0 %, 54 MiB, 4096 MiB, 300 MHz, 1.62 W, 51, 0x0000000000000001
2026/10/07 04:03:52.208, 0 %, 54 MiB, 4096 MiB, 300 MHz, 1.57 W, 51, 0x0000000000000001
2026/10/07 04:03:54.233, 0 %, 54 MiB, 4096 MiB, 300 MHz, 1.65 W, 51, 0x0000000000000001
2026/10/07 04:03:56.254, 0 %, 54 MiB, 4096 MiB, 300 MHz, 1.54 W, 51, 0x0000000000000001
2026/10/07 04:03:58.281, 0 %, 54 MiB, 4096 MiB, 300 MHz, 1.50 W, 51, 0x0000000000000001
2026/10/07 04:04:00.304, 0 %, 54 MiB, 4096 MiB, 300 MHz, 1.50 W, 51, 0x0000000000000001
2026/10/07 04:04:02.325, 0 %, 54 MiB, 4096 MiB, 300 MHz, 1.99 W, 51, 0x0000000000000001
2026/10/07 04:04:04.349, 0 %, 54 MiB, 4096 MiB, 300 MHz, 1.53 W, 51, 0x0000000000000001
2026/10/07 04:04:06.371, 0 %, 54 MiB, 4096 MiB, 300 MHz, 1.53 W, 51, 0x0000000000000001
2026/10/07 04:04:08.397, 0 %, 54 MiB, 4096 MiB, 300 MHz, 1.53 W, 51, 0x0000000000000001
2026/10/07 04:04:10.419, 0 %, 54 MiB, 4096 MiB, 300 MHz, 1.54 W, 51, 0x0000000000000001
2026/10/07 04:04:12.442, 0 %, 54 MiB, 4096 MiB, 300 MHz, 1.78 W, 51, 0x0000000000000001
2026/10/07 04:04:14.463, 0 %, 54 MiB, 4096 MiB, 300 MHz, 1.47 W, 51, 0x0000000000000001
2026/10/07 04:04:16.487, 0 %, 54 MiB, 4096 MiB, 300 MHz, 1.47 W, 51, 0x0000000000000001
2026/10/07 04:04:18.511, 0 %, 54 MiB, 4096 MiB, 300 MHz, 1.53 W, 51, 0x0000000000000001
2026/10/07 04:04:20.533, 0 %, 54 MiB, 4096 MiB, 300 MHz, 1.49 W, 51, 0x0000000000000001
2026/10/07 04:04:22.556, 0 %, 54 MiB, 4096 MiB, 300 MHz, 1.72 W, 51, 0x0000000000000001
2026/10/07 04:04:24.581, 0 %, 54 MiB, 4096 MiB, 300 MHz, 1.56 W, 51, 0x0000000000000001
2026/10/07 04:04:26.603, 0 %, 54 MiB, 4096 MiB, 300 MHz, 1.56 W, 51, 0x0000000000000001
2026/10/07 04:04:28.626, 0 %, 54 MiB, 4096 MiB, 300 MHz, 1.54 W, 51, 0x0000000000000001
2026/10/07 04:04:30.648, 0 %, 54 MiB, 4096 MiB, 300 MHz, 1.58 W, 51, 0x0000000000000001
2026/10/07 04:04:32.672, 0 %, 54 MiB, 4096 MiB, 300 MHz, 1.58 W, 51, 0x0000000000000001
2026/10/07 04:04:34.694, 0 %, 54 MiB, 4096 MiB, 300 MHz, 1.59 W, 51, 0x0000000000000001
2026/10/07 04:04:36.718, 0 %, 54 MiB, 4096 MiB, 300 MHz, 1.50 W, 51, 0x0000000000000001
2026/10/07 04:04:38.743, 0 %, 54 MiB, 4096 MiB, 300 MHz, 1.51 W, 51, 0x0000000000000001
2026/10/07 04:04:40.766, 0 %, 54 MiB, 4096 MiB, 300 MHz, 1.93 W, 51, 0x0000000000000001
2026/10/07 04:04:42.790, 0 %, 54 MiB, 4096 MiB, 300 MHz, 1.54 W, 51, 0x0000000000000001
2026/10/07 04:04:44.812, 0 %, 54 MiB, 4096 MiB, 300 MHz, 1.62 W, 51, 0x0000000000000001
2026/10/07 04:04:46.834, 0 %, 54 MiB, 4096 MiB, 300 MHz, 1.59 W, 51, 0x0000000000000001
2026/10/07 04:04:48.860, 0 %, 54 MiB, 4096 MiB, 300 MHz, 1.60 W, 51, 0x0000000000000001
2026/10/07 04:04:50.881, 0 %, 54 MiB, 4096 MiB, 300 MHz, 1.72 W, 51, 0x0000000000000001
2026/10/07 04:04:52.902, 0 %, 64 MiB, 4096 MiB, 300 MHz, 1.49 W, 51, 0x0000000000000001
2026/10/07 04:04:54.927, 0 %, 55 MiB, 4096 MiB, 300 MHz, 1.48 W, 51, 0x0000000000000001
2026/10/07 04:04:56.948, 0 %, 55 MiB, 4096 MiB, 300 MHz, 1.49 W, 51, 0x0000000000000001
2026/10/07 04:04:58.970, 0 %, 55 MiB, 4096 MiB, 300 MHz, 1.55 W, 51, 0x0000000000000001
2026/10/07 04:05:00.993, 0 %, 55 MiB, 4096 MiB, 300 MHz, 1.62 W, 51, 0x0000000000000001
2026/10/07 04:05:03.015, 0 %, 55 MiB, 4096 MiB, 300 MHz, 1.53 W, 51, 0x0000000000000001
2026/10/07 04:05:05.040, 0 %, 55 MiB, 4096 MiB, 300 MHz, 1.55 W, 51, 0x0000000000000001
2026/10/07 04:05:07.062, 0 %, 55 MiB, 4096 MiB, 300 MHz, 1.54 W, 51, 0x0000000000000001
2026/10/07 04:05:09.086, 0 %, 55 MiB, 4096 MiB, 300 MHz, 1.54 W, 51, 0x0000000000000001
2026/10/07 04:05:11.108, 0 %, 55 MiB, 4096 MiB, 300 MHz, 1.47 W, 51, 0x0000000000000001
2026/10/07 04:05:13.131, 0 %, 55 MiB, 4096 MiB, 300 MHz, 1.47 W, 51, 0x0000000000000001
2026/10/07 04:05:15.155, 0 %, 55 MiB, 4096 MiB, 300 MHz, 1.57 W, 51, 0x0000000000000001
2026/10/07 04:05:17.178, 0 %, 55 MiB, 4096 MiB, 300 MHz, 1.50 W, 51, 0x0000000000000001
2026/10/07 04:05:19.201, 0 %, 55 MiB, 4096 MiB, 300 MHz, 1.94 W, 51, 0x0000000000000001
2026/10/07 04:05:21.224, 0 %, 55 MiB, 4096 MiB, 300 MHz, 1.58 W, 51, 0x0000000000000001
2026/10/07 04:05:23.249, 0 %, 54 MiB, 4096 MiB, 300 MHz, 1.60 W, 51, 0x0000000000000001
2026/10/07 04:05:25.270, 0 %, 54 MiB, 4096 MiB, 300 MHz, 1.51 W, 51, 0x0000000000000001
2026/10/07 04:05:27.294, 0 %, 54 MiB, 4096 MiB, 300 MHz, 1.52 W, 51, 0x0000000000000001
2026/10/07 04:05:29.321, 0 %, 54 MiB, 4096 MiB, 300 MHz, 1.59 W, 51, 0x0000000000000001
2026/10/07 04:05:31.344, 0 %, 54 MiB, 4096 MiB, 300 MHz, 1.50 W, 51, 0x0000000000000001
2026/10/07 04:05:33.368, 0 %, 54 MiB, 4096 MiB, 300 MHz, 1.54 W, 51, 0x0000000000000001
2026/10/07 04:05:35.390, 0 %, 54 MiB, 4096 MiB, 300 MHz, 1.49 W, 51, 0x0000000000000001
2026/10/07 04:05:37.415, 0 %, 54 MiB, 4096 MiB, 300 MHz, 1.97 W, 51, 0x0000000000000001
2026/10/07 04:05:39.437, 0 %, 54 MiB, 4096 MiB, 300 MHz, 1.61 W, 51, 0x0000000000000001
2026/10/07 04:05:41.461, 0 %, 54 MiB, 4096 MiB, 300 MHz, 1.61 W, 51, 0x0000000000000001
2026/10/07 04:05:43.485, 0 %, 54 MiB, 4096 MiB, 300 MHz, 1.55 W, 51, 0x0000000000000001
2026/10/07 04:05:45.507, 0 %, 54 MiB, 4096 MiB, 300 MHz, 1.60 W, 51, 0x0000000000000001
2026/10/07 04:05:47.532, 0 %, 54 MiB, 4096 MiB, 300 MHz, 1.80 W, 51, 0x0000000000000001
2026/10/07 04:05:49.554, 0 %, 54 MiB, 4096 MiB, 300 MHz, 1.61 W, 51, 0x0000000000000001
2026/10/07 04:05:51.576, 0 %, 54 MiB, 4096 MiB, 300 MHz, 1.59 W, 51, 0x0000000000000001
2026/10/07 04:05:53.597, 0 %, 54 MiB, 4096 MiB, 300 MHz, 1.60 W, 51, 0x0000000000000001
2026/10/07 04:05:55.620, 0 %, 54 MiB, 4096 MiB, 300 MHz, 1.62 W, 51, 0x0000000000000001
2026/10/07 04:05:57.642, 0 %, 54 MiB, 4096 MiB, 300 MHz, 1.78 W, 51, 0x0000000000000001
2026/10/07 04:05:59.667, 0 %, 54 MiB, 4096 MiB, 300 MHz, 1.51 W, 51, 0x0000000000000001
2026/10/07 04:06:01.688, 0 %, 54 MiB, 4096 MiB, 300 MHz, 1.55 W, 51, 0x0000000000000001
2026/10/07 04:06:03.711, 0 %, 54 MiB, 4096 MiB, 300 MHz, 1.53 W, 51, 0x0000000000000001
2026/10/07 04:06:05.734, 0 %, 54 MiB, 4096 MiB, 300 MHz, 1.57 W, 51, 0x0000000000000001
2026/10/07 04:06:07.760, 0 %, 54 MiB, 4096 MiB, 300 MHz, 1.56 W, 51, 0x0000000000000001
2026/10/07 04:06:09.782, 0 %, 54 MiB, 4096 MiB, 300 MHz, 1.59 W, 51, 0x0000000000000001
2026/10/07 04:06:11.805, 0 %, 54 MiB, 4096 MiB, 300 MHz, 1.56 W, 51, 0x0000000000000001
2026/10/07 04:06:13.828, 0 %, 54 MiB, 4096 MiB, 300 MHz, 1.49 W, 51, 0x0000000000000001
2026/10/07 04:06:15.851, 0 %, 54 MiB, 4096 MiB, 300 MHz, 1.99 W, 51, 0x0000000000000001
2026/10/07 04:06:17.875, 0 %, 54 MiB, 4096 MiB, 300 MHz, 1.55 W, 51, 0x0000000000000001
2026/10/07 04:06:19.897, 0 %, 54 MiB, 4096 MiB, 300 MHz, 1.57 W, 51, 0x0000000000000001
2026/10/07 04:06:21.922, 0 %, 54 MiB, 4096 MiB, 300 MHz, 1.60 W, 51, 0x0000000000000001
2026/10/07 04:06:23.946, 0 %, 54 MiB, 4096 MiB, 300 MHz, 1.58 W, 51, 0x0000000000000001
2026/10/07 04:06:25.967, 0 %, 54 MiB, 4096 MiB, 300 MHz, 1.73 W, 51, 0x0000000000000001
2026/10/07 04:06:27.992, 0 %, 54 MiB, 4096 MiB, 300 MHz, 1.54 W, 51, 0x0000000000000001
2026/10/07 04:06:30.016, 0 %, 54 MiB, 4096 MiB, 300 MHz, 1.52 W, 51, 0x0000000000000001
2026/10/07 04:06:32.037, 0 %, 54 MiB, 4096 MiB, 300 MHz, 1.48 W, 51, 0x0000000000000001
2026/10/07 04:06:34.061, 0 %, 54 MiB, 4096 MiB, 300 MHz, 1.45 W, 51, 0x0000000000000001
2026/10/07 04:06:36.086, 0 %, 54 MiB, 4096 MiB, 300 MHz, 1.61 W, 51, 0x0000000000000001
2026/10/07 04:06:38.108, 0 %, 54 MiB, 4096 MiB, 300 MHz, 1.52 W, 51, 0x0000000000000001
2026/10/07 04:06:40.132, 0 %, 54 MiB, 4096 MiB, 300 MHz, 1.66 W, 51, 0x0000000000000001
2026/10/07 04:06:42.154, 0 %, 54 MiB, 4096 MiB, 300 MHz, 1.57 W, 51, 0x0000000000000001
2026/10/07 04:06:44.182, 0 %, 54 MiB, 4096 MiB, 300 MHz, 1.98 W, 51, 0x0000000000000001
2026/10/07 04:06:46.203, 0 %, 54 MiB, 4096 MiB, 300 MHz, 1.49 W, 51, 0x0000000000000001
2026/10/07 04:06:48.225, 0 %, 54 MiB, 4096 MiB, 300 MHz, 1.50 W, 51, 0x0000000000000001
2026/10/07 04:06:50.250, 0 %, 54 MiB, 4096 MiB, 300 MHz, 1.48 W, 51, 0x0000000000000001
2026/10/07 04:06:52.276, 0 %, 54 MiB, 4096 MiB, 300 MHz, 1.50 W, 51, 0x0000000000000001
2026/10/07 04:06:54.298, 0 %, 54 MiB, 4096 MiB, 300 MHz, 1.75 W, 51, 0x0000000000000001
2026/10/07 04:06:56.323, 0 %, 54 MiB, 4096 MiB, 300 MHz, 1.54 W, 51, 0x0000000000000001
2026/10/07 04:06:58.345, 0 %, 54 MiB, 4096 MiB, 300 MHz, 1.58 W, 51, 0x0000000000000001
2026/10/07 04:07:00.370, 0 %, 54 MiB, 4096 MiB, 300 MHz, 1.55 W, 51, 0x0000000000000001
2026/10/07 04:07:02.392, 0 %, 54 MiB, 4096 MiB, 300 MHz, 1.94 W, 51, 0x0000000000000001
2026/10/07 04:07:04.417, 0 %, 54 MiB, 4096 MiB, 300 MHz, 1.57 W, 51, 0x0000000000000001
2026/10/07 04:07:06.438, 0 %, 54 MiB, 4096 MiB, 300 MHz, 1.49 W, 51, 0x0000000000000001
2026/10/07 04:07:08.463, 0 %, 54 MiB, 4096 MiB, 300 MHz, 1.48 W, 51, 0x0000000000000001
2026/10/07 04:07:10.489, 0 %, 54 MiB, 4096 MiB, 300 MHz, 1.50 W, 51, 0x0000000000000001
2026/10/07 04:07:12.513, 0 %, 54 MiB, 4096 MiB, 300 MHz, 1.79 W, 51, 0x0000000000000001
2026/10/07 04:07:14.539, 0 %, 54 MiB, 4096 MiB, 300 MHz, 1.69 W, 51, 0x0000000000000001
2026/10/07 04:07:16.562, 0 %, 54 MiB, 4096 MiB, 300 MHz, 1.62 W, 51, 0x0000000000000001
2026/10/07 04:07:18.584, 0 %, 54 MiB, 4096 MiB, 300 MHz, 1.59 W, 51, 0x0000000000000001
2026/10/07 04:07:20.606, 0 %, 54 MiB, 4096 MiB, 300 MHz, 1.54 W, 51, 0x0000000000000001
2026/10/07 04:07:22.630, 0 %, 54 MiB, 4096 MiB, 300 MHz, 1.67 W, 51, 0x0000000000000001
2026/10/07 04:07:24.654, 0 %, 54 MiB, 4096 MiB, 300 MHz, 1.52 W, 51, 0x0000000000000001
2026/10/07 04:07:26.679, 0 %, 54 MiB, 4096 MiB, 300 MHz, 1.53 W, 51, 0x0000000000000001
2026/10/07 04:07:28.703, 0 %, 54 MiB, 4096 MiB, 300 MHz, 1.39 W, 51, 0x0000000000000001
2026/10/07 04:07:30.727, 0 %, 54 MiB, 4096 MiB, 300 MHz, 1.84 W, 51, 0x0000000000000001
2026/10/07 04:07:32.749, 0 %, 54 MiB, 4096 MiB, 300 MHz, 1.54 W, 51, 0x0000000000000001
2026/10/07 04:07:34.771, 0 %, 54 MiB, 4096 MiB, 300 MHz, 1.57 W, 51, 0x0000000000000001
2026/10/07 04:07:36.793, 0 %, 54 MiB, 4096 MiB, 300 MHz, 1.55 W, 51, 0x0000000000000001
2026/10/07 04:07:38.814, 0 %, 54 MiB, 4096 MiB, 300 MHz, 1.49 W, 51, 0x0000000000000001
2026/10/07 04:07:40.840, 0 %, 54 MiB, 4096 MiB, 300 MHz, 1.73 W, 51, 0x0000000000000001
2026/10/07 04:07:42.862, 0 %, 54 MiB, 4096 MiB, 300 MHz, 1.50 W, 51, 0x0000000000000001
2026/10/07 04:07:44.883, 0 %, 54 MiB, 4096 MiB, 300 MHz, 1.51 W, 51, 0x0000000000000001
2026/10/07 04:07:46.909, 0 %, 54 MiB, 4096 MiB, 300 MHz, 1.55 W, 51, 0x0000000000000001
2026/10/07 04:07:48.933, 1 %, 56 MiB, 4096 MiB, 300 MHz, 2.22 W, 51, 0x0000000000000001
2026/10/07 04:07:50.955, 1 %, 67 MiB, 4096 MiB, 300 MHz, 1.66 W, 51, 0x0000000000000001
2026/10/07 04:07:52.977, 0 %, 66 MiB, 4096 MiB, 300 MHz, 1.57 W, 51, 0x0000000000000001
2026/10/07 04:07:55.001, 0 %, 58 MiB, 4096 MiB, 300 MHz, 1.54 W, 51, 0x0000000000000001
2026/10/07 04:07:57.023, 0 %, 58 MiB, 4096 MiB, 300 MHz, 1.52 W, 51, 0x0000000000000001
2026/10/07 04:07:59.045, 0 %, 58 MiB, 4096 MiB, 300 MHz, 1.55 W, 51, 0x0000000000000001
2026/10/07 04:08:01.067, 0 %, 58 MiB, 4096 MiB, 300 MHz, 1.57 W, 51, 0x0000000000000001
2026/10/07 04:08:03.090, 0 %, 58 MiB, 4096 MiB, 300 MHz, 1.51 W, 51, 0x0000000000000001
2026/10/07 04:08:05.112, 0 %, 58 MiB, 4096 MiB, 300 MHz, 1.52 W, 51, 0x0000000000000001
2026/10/07 04:08:07.135, 0 %, 58 MiB, 4096 MiB, 300 MHz, 1.52 W, 51, 0x0000000000000001
2026/10/07 04:08:09.156, 0 %, 58 MiB, 4096 MiB, 300 MHz, 2.11 W, 51, 0x0000000000000001
2026/10/07 04:08:11.180, 0 %, 58 MiB, 4096 MiB, 300 MHz, 1.53 W, 51, 0x0000000000000001
2026/10/07 04:08:13.202, 0 %, 58 MiB, 4096 MiB, 300 MHz, 1.53 W, 51, 0x0000000000000001
2026/10/07 04:08:15.224, 0 %, 58 MiB, 4096 MiB, 300 MHz, 1.46 W, 51, 0x0000000000000001
2026/10/07 04:08:17.245, 0 %, 58 MiB, 4096 MiB, 300 MHz, 1.54 W, 51, 0x0000000000000001
2026/10/07 04:08:19.270, 0 %, 58 MiB, 4096 MiB, 300 MHz, 1.87 W, 51, 0x0000000000000001
2026/10/07 04:08:21.292, 0 %, 57 MiB, 4096 MiB, 300 MHz, 1.47 W, 51, 0x0000000000000001
2026/10/07 04:08:23.314, 0 %, 57 MiB, 4096 MiB, 300 MHz, 1.51 W, 51, 0x0000000000000001
2026/10/07 04:08:25.337, 0 %, 57 MiB, 4096 MiB, 300 MHz, 1.51 W, 51, 0x0000000000000001
2026/10/07 04:08:27.362, 0 %, 57 MiB, 4096 MiB, 300 MHz, 1.47 W, 51, 0x0000000000000001
2026/10/07 04:08:29.384, 0 %, 57 MiB, 4096 MiB, 300 MHz, 1.91 W, 51, 0x0000000000000001
2026/10/07 04:08:31.408, 0 %, 57 MiB, 4096 MiB, 300 MHz, 1.52 W, 51, 0x0000000000000001
2026/10/07 04:08:33.430, 0 %, 57 MiB, 4096 MiB, 300 MHz, 1.57 W, 51, 0x0000000000000001
2026/10/07 04:08:35.455, 0 %, 57 MiB, 4096 MiB, 300 MHz, 1.63 W, 51, 0x0000000000000001
2026/10/07 04:08:37.480, 0 %, 57 MiB, 4096 MiB, 300 MHz, 1.54 W, 51, 0x0000000000000001
2026/10/07 04:08:39.502, 0 %, 57 MiB, 4096 MiB, 300 MHz, 1.60 W, 51, 0x0000000000000001
2026/10/07 04:08:41.527, 0 %, 57 MiB, 4096 MiB, 300 MHz, 1.39 W, 51, 0x0000000000000001
2026/10/07 04:08:43.548, 0 %, 57 MiB, 4096 MiB, 300 MHz, 1.51 W, 51, 0x0000000000000001
2026/10/07 04:08:45.571, 0 %, 67 MiB, 4096 MiB, 300 MHz, 1.49 W, 51, 0x0000000000000001
2026/10/07 04:08:47.597, 0 %, 66 MiB, 4096 MiB, 300 MHz, 1.90 W, 51, 0x0000000000000001
2026/10/07 04:08:49.619, 0 %, 66 MiB, 4096 MiB, 300 MHz, 1.55 W, 51, 0x0000000000000001
2026/10/07 04:08:51.642, 0 %, 58 MiB, 4096 MiB, 300 MHz, 1.48 W, 51, 0x0000000000000001
2026/10/07 04:08:53.664, 0 %, 58 MiB, 4096 MiB, 300 MHz, 1.57 W, 51, 0x0000000000000001
2026/10/07 04:08:55.687, 0 %, 58 MiB, 4096 MiB, 300 MHz, 1.51 W, 51, 0x0000000000000001
2026/10/07 04:08:57.709, 0 %, 58 MiB, 4096 MiB, 300 MHz, 1.79 W, 51, 0x0000000000000001
2026/10/07 04:08:59.732, 0 %, 58 MiB, 4096 MiB, 300 MHz, 1.57 W, 51, 0x0000000000000001
2026/10/07 04:09:01.758, 0 %, 58 MiB, 4096 MiB, 300 MHz, 1.49 W, 51, 0x0000000000000001
2026/10/07 04:09:03.783, 0 %, 58 MiB, 4096 MiB, 300 MHz, 1.43 W, 51, 0x0000000000000001
2026/10/07 04:09:05.805, 0 %, 58 MiB, 4096 MiB, 300 MHz, 1.97 W, 51, 0x0000000000000001
2026/10/07 04:09:07.832, 0 %, 58 MiB, 4096 MiB, 300 MHz, 1.49 W, 51, 0x0000000000000001
2026/10/07 04:09:09.853, 0 %, 58 MiB, 4096 MiB, 300 MHz, 1.51 W, 51, 0x0000000000000001
2026/10/07 04:09:11.878, 0 %, 58 MiB, 4096 MiB, 300 MHz, 1.55 W, 51, 0x0000000000000001
2026/10/07 04:09:13.900, 0 %, 58 MiB, 4096 MiB, 300 MHz, 1.55 W, 51, 0x0000000000000001
2026/10/07 04:09:15.923, 0 %, 58 MiB, 4096 MiB, 300 MHz, 1.89 W, 51, 0x0000000000000001
2026/10/07 04:09:17.948, 0 %, 58 MiB, 4096 MiB, 300 MHz, 1.55 W, 51, 0x0000000000000001
2026/10/07 04:09:19.970, 0 %, 58 MiB, 4096 MiB, 300 MHz, 1.54 W, 51, 0x0000000000000001
2026/10/07 04:09:21.993, 0 %, 56 MiB, 4096 MiB, 300 MHz, 1.51 W, 51, 0x0000000000000001
2026/10/07 04:09:24.017, 0 %, 56 MiB, 4096 MiB, 300 MHz, 1.52 W, 51, 0x0000000000000001
2026/10/07 04:09:26.041, 0 %, 56 MiB, 4096 MiB, 300 MHz, 1.68 W, 51, 0x0000000000000001
2026/10/07 04:09:28.064, 0 %, 56 MiB, 4096 MiB, 300 MHz, 1.56 W, 51, 0x0000000000000001
2026/10/07 04:09:30.087, 0 %, 56 MiB, 4096 MiB, 300 MHz, 1.59 W, 51, 0x0000000000000001
2026/10/07 04:09:32.109, 0 %, 56 MiB, 4096 MiB, 300 MHz, 1.58 W, 51, 0x0000000000000001
2026/10/07 04:09:34.131, 0 %, 56 MiB, 4096 MiB, 300 MHz, 1.61 W, 51, 0x0000000000000001
2026/10/07 04:09:36.154, 0 %, 56 MiB, 4096 MiB, 300 MHz, 1.66 W, 51, 0x0000000000000001
2026/10/07 04:09:38.178, 0 %, 56 MiB, 4096 MiB, 300 MHz, 1.56 W, 51, 0x0000000000000001
2026/10/07 04:09:40.202, 0 %, 56 MiB, 4096 MiB, 300 MHz, 1.56 W, 51, 0x0000000000000001
2026/10/07 04:09:42.225, 0 %, 56 MiB, 4096 MiB, 300 MHz, 1.64 W, 51, 0x0000000000000001
2026/10/07 04:09:44.247, 0 %, 56 MiB, 4096 MiB, 300 MHz, 1.92 W, 51, 0x0000000000000001
2026/10/07 04:09:46.271, 0 %, 56 MiB, 4096 MiB, 300 MHz, 1.55 W, 51, 0x0000000000000001
2026/10/07 04:09:48.293, 0 %, 56 MiB, 4096 MiB, 300 MHz, 1.53 W, 51, 0x0000000000000001
2026/10/07 04:09:50.315, 0 %, 56 MiB, 4096 MiB, 300 MHz, 1.57 W, 51, 0x0000000000000001
2026/10/07 04:09:52.337, 0 %, 56 MiB, 4096 MiB, 300 MHz, 1.48 W, 51, 0x0000000000000001
2026/10/07 04:09:54.360, 0 %, 56 MiB, 4096 MiB, 300 MHz, 1.73 W, 51, 0x0000000000000001
2026/10/07 04:09:56.385, 0 %, 56 MiB, 4096 MiB, 300 MHz, 1.51 W, 51, 0x0000000000000001
2026/10/07 04:09:58.406, 0 %, 56 MiB, 4096 MiB, 300 MHz, 1.51 W, 51, 0x0000000000000001
2026/10/07 04:10:00.429, 0 %, 56 MiB, 4096 MiB, 300 MHz, 1.55 W, 51, 0x0000000000000001
2026/10/07 04:10:02.454, 0 %, 56 MiB, 4096 MiB, 300 MHz, 1.54 W, 51, 0x0000000000000001
2026/10/07 04:10:04.475, 0 %, 56 MiB, 4096 MiB, 300 MHz, 1.69 W, 51, 0x0000000000000001
2026/10/07 04:10:06.499, 0 %, 56 MiB, 4096 MiB, 300 MHz, 1.50 W, 51, 0x0000000000000001
2026/10/07 04:10:08.520, 0 %, 56 MiB, 4096 MiB, 300 MHz, 1.36 W, 51, 0x0000000000000001
2026/10/07 04:10:10.542, 0 %, 56 MiB, 4096 MiB, 300 MHz, 1.56 W, 51, 0x0000000000000001
2026/10/07 04:10:12.565, 0 %, 56 MiB, 4096 MiB, 300 MHz, 1.49 W, 51, 0x0000000000000001
2026/10/07 04:10:14.587, 0 %, 56 MiB, 4096 MiB, 300 MHz, 1.63 W, 51, 0x0000000000000001
2026/10/07 04:10:16.613, 0 %, 56 MiB, 4096 MiB, 300 MHz, 1.53 W, 51, 0x0000000000000001
2026/10/07 04:10:18.635, 0 %, 56 MiB, 4096 MiB, 300 MHz, 1.60 W, 51, 0x0000000000000001
2026/10/07 04:10:20.659, 0 %, 56 MiB, 4096 MiB, 300 MHz, 1.58 W, 51, 0x0000000000000001
2026/10/07 04:10:22.683, 0 %, 56 MiB, 4096 MiB, 300 MHz, 1.83 W, 51, 0x0000000000000001
2026/10/07 04:10:24.704, 0 %, 56 MiB, 4096 MiB, 300 MHz, 1.50 W, 51, 0x0000000000000001
2026/10/07 04:10:26.726, 0 %, 56 MiB, 4096 MiB, 300 MHz, 1.48 W, 51, 0x0000000000000001
2026/10/07 04:10:28.748, 0 %, 56 MiB, 4096 MiB, 300 MHz, 1.47 W, 51, 0x0000000000000001
2026/10/07 04:10:30.771, 0 %, 56 MiB, 4096 MiB, 300 MHz, 1.52 W, 51, 0x0000000000000001
2026/10/07 04:10:32.792, 0 %, 56 MiB, 4096 MiB, 300 MHz, 1.77 W, 51, 0x0000000000000001
2026/10/07 04:10:34.816, 0 %, 56 MiB, 4096 MiB, 300 MHz, 1.54 W, 51, 0x0000000000000001
2026/10/07 04:10:36.837, 0 %, 56 MiB, 4096 MiB, 300 MHz, 1.55 W, 51, 0x0000000000000001
2026/10/07 04:10:38.859, 0 %, 56 MiB, 4096 MiB, 300 MHz, 1.56 W, 51, 0x0000000000000001
2026/10/07 04:10:40.880, 0 %, 56 MiB, 4096 MiB, 300 MHz, 1.51 W, 51, 0x0000000000000001
2026/10/07 04:10:42.905, 0 %, 56 MiB, 4096 MiB, 300 MHz, 1.74 W, 51, 0x0000000000000001
2026/10/07 04:10:44.927, 0 %, 56 MiB, 4096 MiB, 300 MHz, 1.50 W, 51, 0x0000000000000001
2026/10/07 04:10:46.951, 0 %, 56 MiB, 4096 MiB, 300 MHz, 1.49 W, 51, 0x0000000000000001
2026/10/07 04:10:48.974, 0 %, 56 MiB, 4096 MiB, 300 MHz, 1.53 W, 51, 0x0000000000000001
2026/10/07 04:10:51.002, 0 %, 56 MiB, 4096 MiB, 300 MHz, 1.96 W, 51, 0x0000000000000001
2026/10/07 04:10:53.024, 0 %, 56 MiB, 4096 MiB, 300 MHz, 1.61 W, 51, 0x0000000000000001
2026/10/07 04:10:55.047, 0 %, 56 MiB, 4096 MiB, 300 MHz, 1.60 W, 51, 0x0000000000000001
2026/10/07 04:10:57.070, 0 %, 56 MiB, 4096 MiB, 300 MHz, 1.56 W, 51, 0x0000000000000001
2026/10/07 04:10:59.093, 0 %, 56 MiB, 4096 MiB, 300 MHz, 1.47 W, 51, 0x0000000000000001
2026/10/07 04:11:01.120, 0 %, 56 MiB, 4096 MiB, 300 MHz, 1.70 W, 51, 0x0000000000000001
2026/10/07 04:11:03.142, 0 %, 56 MiB, 4096 MiB, 300 MHz, 1.45 W, 51, 0x0000000000000001
2026/10/07 04:11:05.164, 0 %, 56 MiB, 4096 MiB, 300 MHz, 1.47 W, 51, 0x0000000000000001
2026/10/07 04:11:07.186, 0 %, 56 MiB, 4096 MiB, 300 MHz, 1.66 W, 51, 0x0000000000000001
2026/10/07 04:11:09.210, 0 %, 56 MiB, 4096 MiB, 300 MHz, 1.50 W, 51, 0x0000000000000001
2026/10/07 04:11:11.232, 0 %, 56 MiB, 4096 MiB, 300 MHz, 1.72 W, 51, 0x0000000000000001
2026/10/07 04:11:13.254, 0 %, 56 MiB, 4096 MiB, 300 MHz, 1.59 W, 51, 0x0000000000000001
2026/10/07 04:11:15.278, 0 %, 56 MiB, 4096 MiB, 300 MHz, 1.57 W, 51, 0x0000000000000001
2026/10/07 04:11:17.299, 0 %, 56 MiB, 4096 MiB, 300 MHz, 1.54 W, 51, 0x0000000000000001
2026/10/07 04:11:19.322, 0 %, 56 MiB, 4096 MiB, 300 MHz, 1.57 W, 51, 0x0000000000000001
2026/10/07 04:11:21.344, 0 %, 56 MiB, 4096 MiB, 300 MHz, 1.68 W, 51, 0x0000000000000001
2026/10/07 04:11:23.373, 0 %, 56 MiB, 4096 MiB, 300 MHz, 1.59 W, 51, 0x0000000000000001
2026/10/07 04:11:25.394, 0 %, 56 MiB, 4096 MiB, 300 MHz, 1.61 W, 51, 0x0000000000000001
2026/10/07 04:11:27.418, 0 %, 56 MiB, 4096 MiB, 300 MHz, 1.68 W, 51, 0x0000000000000001
2026/10/07 04:11:29.440, 0 %, 56 MiB, 4096 MiB, 300 MHz, 1.91 W, 51, 0x0000000000000001
2026/10/07 04:11:31.466, 0 %, 56 MiB, 4096 MiB, 300 MHz, 1.56 W, 51, 0x0000000000000001
2026/10/07 04:11:33.487, 0 %, 56 MiB, 4096 MiB, 300 MHz, 1.55 W, 51, 0x0000000000000001
2026/10/07 04:11:35.513, 0 %, 56 MiB, 4096 MiB, 300 MHz, 1.58 W, 51, 0x0000000000000001
2026/10/07 04:11:37.535, 0 %, 56 MiB, 4096 MiB, 300 MHz, 1.57 W, 51, 0x0000000000000001
2026/10/07 04:11:39.559, 0 %, 56 MiB, 4096 MiB, 300 MHz, 1.33 W, 51, 0x0000000000000001
2026/10/07 04:11:41.581, 0 %, 56 MiB, 4096 MiB, 300 MHz, 1.52 W, 51, 0x0000000000000001
2026/10/07 04:11:43.602, 0 %, 56 MiB, 4096 MiB, 300 MHz, 1.53 W, 51, 0x0000000000000001
2026/10/07 04:11:45.628, 0 %, 56 MiB, 4096 MiB, 300 MHz, 1.53 W, 51, 0x0000000000000001
2026/10/07 04:11:47.649, 0 %, 56 MiB, 4096 MiB, 300 MHz, 1.53 W, 51, 0x0000000000000001
2026/10/07 04:11:49.674, 0 %, 56 MiB, 4096 MiB, 300 MHz, 1.63 W, 51, 0x0000000000000001
2026/10/07 04:11:51.698, 0 %, 56 MiB, 4096 MiB, 300 MHz, 1.53 W, 51, 0x0000000000000001
2026/10/07 04:11:53.723, 0 %, 56 MiB, 4096 MiB, 300 MHz, 1.55 W, 51, 0x0000000000000001
2026/10/07 04:11:55.744, 0 %, 56 MiB, 4096 MiB, 300 MHz, 1.57 W, 51, 0x0000000000000001
2026/10/07 04:11:57.767, 0 %, 56 MiB, 4096 MiB, 300 MHz, 1.85 W, 51, 0x0000000000000001
2026/10/07 04:11:59.792, 0 %, 56 MiB, 4096 MiB, 300 MHz, 1.50 W, 51, 0x0000000000000001
2026/10/07 04:12:01.814, 0 %, 56 MiB, 4096 MiB, 300 MHz, 1.50 W, 51, 0x0000000000000001
2026/10/07 04:12:03.836, 0 %, 56 MiB, 4096 MiB, 300 MHz, 1.46 W, 51, 0x0000000000000001
2026/10/07 04:12:05.859, 0 %, 56 MiB, 4096 MiB, 300 MHz, 1.47 W, 51, 0x0000000000000001
2026/10/07 04:12:07.880, 0 %, 56 MiB, 4096 MiB, 300 MHz, 1.83 W, 51, 0x0000000000000001
2026/10/07 04:12:09.902, 0 %, 56 MiB, 4096 MiB, 300 MHz, 1.52 W, 51, 0x0000000000000001
2026/10/07 04:12:11.927, 0 %, 56 MiB, 4096 MiB, 300 MHz, 1.42 W, 51, 0x0000000000000001
2026/10/07 04:12:13.952, 0 %, 56 MiB, 4096 MiB, 300 MHz, 1.56 W, 51, 0x0000000000000001
2026/10/07 04:12:15.974, 0 %, 56 MiB, 4096 MiB, 300 MHz, 1.56 W, 51, 0x0000000000000001
2026/10/07 04:12:17.999, 0 %, 56 MiB, 4096 MiB, 300 MHz, 1.60 W, 51, 0x0000000000000001
2026/10/07 04:12:20.021, 0 %, 56 MiB, 4096 MiB, 300 MHz, 1.34 W, 51, 0x0000000000000001
2026/10/07 04:12:22.044, 0 %, 56 MiB, 4096 MiB, 300 MHz, 1.49 W, 51, 0x0000000000000001
2026/10/07 04:12:24.067, 0 %, 56 MiB, 4096 MiB, 300 MHz, 1.50 W, 51, 0x0000000000000001
2026/10/07 04:12:26.092, 0 %, 56 MiB, 4096 MiB, 300 MHz, 2.01 W, 51, 0x0000000000000001
2026/10/07 04:12:28.113, 0 %, 56 MiB, 4096 MiB, 300 MHz, 1.56 W, 51, 0x0000000000000001
2026/10/07 04:12:30.137, 0 %, 56 MiB, 4096 MiB, 300 MHz, 1.57 W, 51, 0x0000000000000001
2026/10/07 04:12:32.161, 0 %, 56 MiB, 4096 MiB, 300 MHz, 1.64 W, 51, 0x0000000000000001
2026/10/07 04:12:34.184, 0 %, 56 MiB, 4096 MiB, 300 MHz, 1.57 W, 51, 0x0000000000000001
2026/10/07 04:12:36.208, 0 %, 56 MiB, 4096 MiB, 300 MHz, 1.77 W, 51, 0x0000000000000001
2026/10/07 04:12:38.230, 0 %, 56 MiB, 4096 MiB, 300 MHz, 1.52 W, 51, 0x0000000000000001
2026/10/07 04:12:40.254, 0 %, 56 MiB, 4096 MiB, 300 MHz, 1.53 W, 51, 0x0000000000000001
2026/10/07 04:12:42.276, 0 %, 56 MiB, 4096 MiB, 300 MHz, 1.50 W, 51, 0x0000000000000001
2026/10/07 04:12:44.299, 0 %, 56 MiB, 4096 MiB, 300 MHz, 1.50 W, 51, 0x0000000000000001
2026/10/07 04:12:46.321, 0 %, 56 MiB, 4096 MiB, 300 MHz, 1.70 W, 51, 0x0000000000000001
2026/10/07 04:12:48.343, 0 %, 56 MiB, 4096 MiB, 300 MHz, 1.56 W, 51, 0x0000000000000001
2026/10/07 04:12:50.364, 0 %, 56 MiB, 4096 MiB, 300 MHz, 1.60 W, 51, 0x0000000000000001
2026/10/07 04:12:52.387, 0 %, 56 MiB, 4096 MiB, 300 MHz, 1.52 W, 51, 0x0000000000000001
2026/10/07 04:12:54.408, 0 %, 56 MiB, 4096 MiB, 300 MHz, 1.56 W, 51, 0x0000000000000001
2026/10/07 04:12:56.430, 0 %, 56 MiB, 4096 MiB, 300 MHz, 1.71 W, 51, 0x0000000000000001
2026/10/07 04:12:58.455, 0 %, 56 MiB, 4096 MiB, 300 MHz, 1.54 W, 51, 0x0000000000000001
2026/10/07 04:13:00.479, 0 %, 56 MiB, 4096 MiB, 300 MHz, 1.54 W, 51, 0x0000000000000001
2026/10/07 04:13:02.503, 0 %, 56 MiB, 4096 MiB, 300 MHz, 1.56 W, 51, 0x0000000000000001
2026/10/07 04:13:04.528, 0 %, 56 MiB, 4096 MiB, 300 MHz, 1.89 W, 51, 0x0000000000000001
2026/10/07 04:13:06.549, 0 %, 56 MiB, 4096 MiB, 300 MHz, 1.57 W, 51, 0x0000000000000001
2026/10/07 04:13:08.571, 0 %, 56 MiB, 4096 MiB, 300 MHz, 1.55 W, 51, 0x0000000000000001
2026/10/07 04:13:10.595, 0 %, 56 MiB, 4096 MiB, 300 MHz, 1.53 W, 51, 0x0000000000000001
2026/10/07 04:13:12.617, 0 %, 56 MiB, 4096 MiB, 300 MHz, 1.55 W, 51, 0x0000000000000001
2026/10/07 04:13:14.640, 0 %, 56 MiB, 4096 MiB, 300 MHz, 1.78 W, 51, 0x0000000000000001
2026/10/07 04:13:16.662, 0 %, 56 MiB, 4096 MiB, 300 MHz, 1.45 W, 51, 0x0000000000000001
2026/10/07 04:13:18.685, 0 %, 56 MiB, 4096 MiB, 300 MHz, 1.46 W, 51, 0x0000000000000001
2026/10/07 04:13:20.710, 0 %, 56 MiB, 4096 MiB, 300 MHz, 1.50 W, 51, 0x0000000000000001
2026/10/07 04:13:22.732, 0 %, 56 MiB, 4096 MiB, 300 MHz, 1.51 W, 51, 0x0000000000000001
2026/10/07 04:13:24.755, 0 %, 56 MiB, 4096 MiB, 300 MHz, 1.66 W, 51, 0x0000000000000001
2026/10/07 04:13:26.778, 0 %, 56 MiB, 4096 MiB, 300 MHz, 1.57 W, 51, 0x0000000000000001
2026/10/07 04:13:28.803, 0 %, 56 MiB, 4096 MiB, 300 MHz, 1.56 W, 51, 0x0000000000000001
2026/10/07 04:13:30.825, 0 %, 56 MiB, 4096 MiB, 300 MHz, 1.49 W, 51, 0x0000000000000001
2026/10/07 04:13:32.847, 0 %, 56 MiB, 4096 MiB, 300 MHz, 1.90 W, 51, 0x0000000000000001
2026/10/07 04:13:34.872, 0 %, 56 MiB, 4096 MiB, 300 MHz, 1.55 W, 51, 0x0000000000000001
2026/10/07 04:13:36.894, 0 %, 56 MiB, 4096 MiB, 300 MHz, 1.54 W, 51, 0x0000000000000001
2026/10/07 04:13:38.922, 0 %, 56 MiB, 4096 MiB, 300 MHz, 1.51 W, 51, 0x0000000000000001
2026/10/07 04:13:40.945, 0 %, 56 MiB, 4096 MiB, 300 MHz, 1.50 W, 51, 0x0000000000000001
2026/10/07 04:13:42.967, 0 %, 56 MiB, 4096 MiB, 300 MHz, 1.84 W, 51, 0x0000000000000001
2026/10/07 04:13:44.990, 0 %, 56 MiB, 4096 MiB, 300 MHz, 1.60 W, 51, 0x0000000000000001
2026/10/07 04:13:47.013, 0 %, 56 MiB, 4096 MiB, 300 MHz, 1.50 W, 51, 0x0000000000000001
2026/10/07 04:13:49.037, 0 %, 56 MiB, 4096 MiB, 300 MHz, 1.53 W, 51, 0x0000000000000001
2026/10/07 04:13:51.059, 0 %, 56 MiB, 4096 MiB, 300 MHz, 1.54 W, 51, 0x0000000000000001
2026/10/07 04:13:53.081, 0 %, 56 MiB, 4096 MiB, 300 MHz, 1.65 W, 51, 0x0000000000000001
2026/10/07 04:13:55.103, 0 %, 56 MiB, 4096 MiB, 300 MHz, 1.51 W, 51, 0x0000000000000001
2026/10/07 04:13:57.127, 0 %, 56 MiB, 4096 MiB, 300 MHz, 1.51 W, 51, 0x0000000000000001
2026/10/07 04:13:59.149, 0 %, 56 MiB, 4096 MiB, 300 MHz, 1.47 W, 51, 0x0000000000000001
2026/10/07 04:14:01.170, 0 %, 56 MiB, 4096 MiB, 300 MHz, 1.51 W, 51, 0x0000000000000001
2026/10/07 04:14:03.191, 0 %, 56 MiB, 4096 MiB, 300 MHz, 1.66 W, 51, 0x0000000000000001
2026/10/07 04:14:05.213, 0 %, 56 MiB, 4096 MiB, 300 MHz, 1.57 W, 51, 0x0000000000000001
2026/10/07 04:14:07.235, 0 %, 56 MiB, 4096 MiB, 300 MHz, 1.54 W, 51, 0x0000000000000001
2026/10/07 04:14:09.256, 0 %, 56 MiB, 4096 MiB, 300 MHz, 1.61 W, 51, 0x0000000000000001
2026/10/07 04:14:11.280, 0 %, 56 MiB, 4096 MiB, 300 MHz, 1.59 W, 51, 0x0000000000000001
2026/10/07 04:14:13.306, 0 %, 56 MiB, 4096 MiB, 300 MHz, 1.54 W, 51, 0x0000000000000001
2026/10/07 04:14:15.327, 0 %, 56 MiB, 4096 MiB, 300 MHz, 1.52 W, 51, 0x0000000000000001
2026/10/07 04:14:17.352, 0 %, 56 MiB, 4096 MiB, 300 MHz, 1.49 W, 51, 0x0000000000000001
2026/10/07 04:14:19.374, 0 %, 56 MiB, 4096 MiB, 300 MHz, 1.50 W, 51, 0x0000000000000001
2026/10/07 04:14:21.395, 0 %, 56 MiB, 4096 MiB, 300 MHz, 1.93 W, 51, 0x0000000000000001
2026/10/07 04:14:23.420, 0 %, 56 MiB, 4096 MiB, 300 MHz, 1.54 W, 51, 0x0000000000000001
2026/10/07 04:14:25.441, 0 %, 56 MiB, 4096 MiB, 300 MHz, 1.57 W, 51, 0x0000000000000001
2026/10/07 04:14:27.466, 0 %, 56 MiB, 4096 MiB, 300 MHz, 1.59 W, 51, 0x0000000000000001
2026/10/07 04:14:29.488, 0 %, 56 MiB, 4096 MiB, 300 MHz, 1.58 W, 51, 0x0000000000000001
2026/10/07 04:14:31.511, 0 %, 56 MiB, 4096 MiB, 300 MHz, 1.82 W, 51, 0x0000000000000001
2026/10/07 04:14:33.533, 0 %, 56 MiB, 4096 MiB, 300 MHz, 1.61 W, 51, 0x0000000000000001
2026/10/07 04:14:35.556, 0 %, 56 MiB, 4096 MiB, 300 MHz, 1.52 W, 51, 0x0000000000000001
2026/10/07 04:14:37.579, 0 %, 56 MiB, 4096 MiB, 300 MHz, 1.50 W, 51, 0x0000000000000001
2026/10/07 04:14:39.605, 0 %, 56 MiB, 4096 MiB, 300 MHz, 1.59 W, 51, 0x0000000000000001
2026/10/07 04:14:41.627, 0 %, 56 MiB, 4096 MiB, 300 MHz, 1.68 W, 51, 0x0000000000000001
2026/10/07 04:14:43.653, 0 %, 56 MiB, 4096 MiB, 300 MHz, 1.56 W, 51, 0x0000000000000001
2026/10/07 04:14:45.674, 0 %, 56 MiB, 4096 MiB, 300 MHz, 1.58 W, 51, 0x0000000000000001
2026/10/07 04:14:47.700, 0 %, 56 MiB, 4096 MiB, 300 MHz, 1.51 W, 51, 0x0000000000000001
2026/10/07 04:14:49.722, 0 %, 56 MiB, 4096 MiB, 300 MHz, 1.95 W, 51, 0x0000000000000001
2026/10/07 04:14:51.747, 0 %, 56 MiB, 4096 MiB, 300 MHz, 1.53 W, 51, 0x0000000000000001
2026/10/07 04:14:53.768, 0 %, 56 MiB, 4096 MiB, 300 MHz, 1.49 W, 51, 0x0000000000000001
2026/10/07 04:14:55.793, 0 %, 56 MiB, 4096 MiB, 300 MHz, 1.44 W, 51, 0x0000000000000001
2026/10/07 04:14:57.814, 0 %, 56 MiB, 4096 MiB, 300 MHz, 1.57 W, 51, 0x0000000000000001
2026/10/07 04:14:59.838, 0 %, 56 MiB, 4096 MiB, 300 MHz, 1.74 W, 51, 0x0000000000000001
2026/10/07 04:15:01.859, 0 %, 56 MiB, 4096 MiB, 300 MHz, 1.58 W, 51, 0x0000000000000001
2026/10/07 04:15:03.883, 0 %, 56 MiB, 4096 MiB, 300 MHz, 1.53 W, 51, 0x0000000000000001
2026/10/07 04:15:05.907, 0 %, 56 MiB, 4096 MiB, 300 MHz, 1.53 W, 51, 0x0000000000000001
2026/10/07 04:15:07.929, 0 %, 56 MiB, 4096 MiB, 300 MHz, 1.50 W, 51, 0x0000000000000001
2026/10/07 04:15:09.953, 0 %, 56 MiB, 4096 MiB, 300 MHz, 1.57 W, 51, 0x0000000000000001
2026/10/07 04:15:11.975, 0 %, 56 MiB, 4096 MiB, 300 MHz, 1.43 W, 51, 0x0000000000000001
2026/10/07 04:15:13.997, 0 %, 56 MiB, 4096 MiB, 300 MHz, 1.46 W, 51, 0x0000000000000001
2026/10/07 04:15:16.018, 0 %, 56 MiB, 4096 MiB, 300 MHz, 1.48 W, 51, 0x0000000000000001
2026/10/07 04:15:18.041, 0 %, 56 MiB, 4096 MiB, 300 MHz, 1.49 W, 51, 0x0000000000000001
2026/10/07 04:15:20.062, 0 %, 56 MiB, 4096 MiB, 300 MHz, 1.67 W, 51, 0x0000000000000001
2026/10/07 04:15:22.084, 0 %, 56 MiB, 4096 MiB, 300 MHz, 1.51 W, 51, 0x0000000000000001
2026/10/07 04:15:24.109, 0 %, 56 MiB, 4096 MiB, 300 MHz, 1.51 W, 51, 0x0000000000000001
2026/10/07 04:15:26.131, 0 %, 56 MiB, 4096 MiB, 300 MHz, 1.49 W, 51, 0x0000000000000001
2026/10/07 04:15:28.153, 0 %, 56 MiB, 4096 MiB, 300 MHz, 1.88 W, 51, 0x0000000000000001
2026/10/07 04:15:30.178, 0 %, 56 MiB, 4096 MiB, 300 MHz, 1.58 W, 51, 0x0000000000000001
2026/10/07 04:15:32.199, 0 %, 56 MiB, 4096 MiB, 300 MHz, 1.54 W, 51, 0x0000000000000001
2026/10/07 04:15:34.223, 0 %, 56 MiB, 4096 MiB, 300 MHz, 1.53 W, 51, 0x0000000000000001
2026/10/07 04:15:36.246, 0 %, 56 MiB, 4096 MiB, 300 MHz, 1.61 W, 51, 0x0000000000000001
2026/10/07 04:15:38.268, 0 %, 56 MiB, 4096 MiB, 300 MHz, 1.96 W, 51, 0x0000000000000001
2026/10/07 04:15:40.291, 0 %, 56 MiB, 4096 MiB, 300 MHz, 1.58 W, 51, 0x0000000000000001
2026/10/07 04:15:42.312, 0 %, 56 MiB, 4096 MiB, 300 MHz, 1.56 W, 51, 0x0000000000000001
2026/10/07 04:15:44.333, 0 %, 56 MiB, 4096 MiB, 300 MHz, 1.52 W, 51, 0x0000000000000001
2026/10/07 04:15:46.355, 0 %, 56 MiB, 4096 MiB, 300 MHz, 1.54 W, 51, 0x0000000000000001
2026/10/07 04:15:48.379, 0 %, 56 MiB, 4096 MiB, 300 MHz, 1.61 W, 51, 0x0000000000000001
2026/10/07 04:15:50.401, 0 %, 56 MiB, 4096 MiB, 300 MHz, 1.60 W, 51, 0x0000000000000001
2026/10/07 04:15:52.426, 0 %, 56 MiB, 4096 MiB, 300 MHz, 1.54 W, 51, 0x0000000000000001
2026/10/07 04:15:54.450, 0 %, 56 MiB, 4096 MiB, 300 MHz, 1.54 W, 51, 0x0000000000000001
2026/10/07 04:15:56.472, 0 %, 56 MiB, 4096 MiB, 300 MHz, 1.50 W, 51, 0x0000000000000001
2026/10/07 04:15:58.493, 0 %, 56 MiB, 4096 MiB, 300 MHz, 1.75 W, 51, 0x0000000000000001
2026/10/07 04:16:00.518, 0 %, 56 MiB, 4096 MiB, 300 MHz, 1.59 W, 51, 0x0000000000000001
2026/10/07 04:16:02.540, 0 %, 56 MiB, 4096 MiB, 300 MHz, 1.58 W, 51, 0x0000000000000001
2026/10/07 04:16:04.564, 0 %, 56 MiB, 4096 MiB, 300 MHz, 1.59 W, 51, 0x0000000000000001
2026/10/07 04:16:06.589, 1 %, 66 MiB, 4096 MiB, 300 MHz, 1.60 W, 51, 0x0000000000000001
2026/10/07 04:16:08.611, 0 %, 66 MiB, 4096 MiB, 300 MHz, 1.53 W, 51, 0x0000000000000001
2026/10/07 04:16:10.634, 0 %, 58 MiB, 4096 MiB, 300 MHz, 1.51 W, 51, 0x0000000000000001
2026/10/07 04:16:12.658, 0 %, 58 MiB, 4096 MiB, 300 MHz, 1.53 W, 51, 0x0000000000000001
2026/10/07 04:16:14.684, 0 %, 58 MiB, 4096 MiB, 300 MHz, 1.46 W, 51, 0x0000000000000001
2026/10/07 04:16:16.710, 0 %, 58 MiB, 4096 MiB, 300 MHz, 1.76 W, 51, 0x0000000000000001
2026/10/07 04:16:18.731, 0 %, 58 MiB, 4096 MiB, 300 MHz, 1.49 W, 51, 0x0000000000000001
2026/10/07 04:16:20.753, 0 %, 58 MiB, 4096 MiB, 300 MHz, 1.50 W, 51, 0x0000000000000001
2026/10/07 04:16:22.774, 0 %, 58 MiB, 4096 MiB, 300 MHz, 1.56 W, 51, 0x0000000000000001
2026/10/07 04:16:24.798, 0 %, 58 MiB, 4096 MiB, 300 MHz, 1.59 W, 51, 0x0000000000000001
2026/10/07 04:16:26.822, 0 %, 58 MiB, 4096 MiB, 300 MHz, 1.72 W, 51, 0x0000000000000001
2026/10/07 04:16:28.846, 0 %, 58 MiB, 4096 MiB, 300 MHz, 1.47 W, 51, 0x0000000000000001
2026/10/07 04:16:30.867, 0 %, 58 MiB, 4096 MiB, 300 MHz, 1.43 W, 51, 0x0000000000000001
2026/10/07 04:16:32.892, 0 %, 58 MiB, 4096 MiB, 300 MHz, 1.45 W, 51, 0x0000000000000001
2026/10/07 04:16:34.914, 0 %, 58 MiB, 4096 MiB, 300 MHz, 1.51 W, 51, 0x0000000000000001
2026/10/07 04:16:36.935, 0 %, 56 MiB, 4096 MiB, 300 MHz, 1.65 W, 51, 0x0000000000000001
2026/10/07 04:16:38.958, 0 %, 56 MiB, 4096 MiB, 300 MHz, 1.56 W, 51, 0x0000000000000001
2026/10/07 04:16:40.980, 0 %, 56 MiB, 4096 MiB, 300 MHz, 1.55 W, 51, 0x0000000000000001
2026/10/07 04:16:43.001, 0 %, 56 MiB, 4096 MiB, 300 MHz, 1.52 W, 51, 0x0000000000000001
2026/10/07 04:16:45.026, 0 %, 56 MiB, 4096 MiB, 300 MHz, 2.02 W, 51, 0x0000000000000001
2026/10/07 04:16:47.051, 0 %, 56 MiB, 4096 MiB, 300 MHz, 1.50 W, 51, 0x0000000000000001
2026/10/07 04:16:49.072, 0 %, 56 MiB, 4096 MiB, 300 MHz, 1.48 W, 51, 0x0000000000000001
2026/10/07 04:16:51.104, 0 %, 56 MiB, 4096 MiB, 300 MHz, 1.47 W, 51, 0x0000000000000001
2026/10/07 04:16:53.126, 0 %, 56 MiB, 4096 MiB, 300 MHz, 1.48 W, 51, 0x0000000000000001
2026/10/07 04:16:55.149, 0 %, 56 MiB, 4096 MiB, 300 MHz, 1.68 W, 51, 0x0000000000000001
2026/10/07 04:16:57.174, 0 %, 56 MiB, 4096 MiB, 300 MHz, 1.53 W, 51, 0x0000000000000001
2026/10/07 04:16:59.198, 0 %, 56 MiB, 4096 MiB, 300 MHz, 1.53 W, 51, 0x0000000000000001
2026/10/07 04:17:01.219, 0 %, 56 MiB, 4096 MiB, 300 MHz, 1.49 W, 51, 0x0000000000000001
2026/10/07 04:17:03.241, 0 %, 56 MiB, 4096 MiB, 300 MHz, 2.01 W, 51, 0x0000000000000001
2026/10/07 04:17:05.264, 0 %, 56 MiB, 4096 MiB, 300 MHz, 1.49 W, 51, 0x0000000000000001
2026/10/07 04:17:07.289, 0 %, 56 MiB, 4096 MiB, 300 MHz, 1.56 W, 51, 0x0000000000000001
2026/10/07 04:17:09.310, 0 %, 56 MiB, 4096 MiB, 300 MHz, 1.46 W, 51, 0x0000000000000001
2026/10/07 04:17:11.334, 0 %, 56 MiB, 4096 MiB, 300 MHz, 1.49 W, 51, 0x0000000000000001
2026/10/07 04:17:13.356, 0 %, 56 MiB, 4096 MiB, 300 MHz, 1.83 W, 51, 0x0000000000000001
2026/10/07 04:17:15.380, 0 %, 56 MiB, 4096 MiB, 300 MHz, 1.59 W, 51, 0x0000000000000001
2026/10/07 04:17:17.403, 0 %, 56 MiB, 4096 MiB, 300 MHz, 1.60 W, 51, 0x0000000000000001
2026/10/07 04:17:19.425, 0 %, 56 MiB, 4096 MiB, 300 MHz, 1.53 W, 51, 0x0000000000000001
2026/10/07 04:17:21.449, 0 %, 56 MiB, 4096 MiB, 300 MHz, 1.58 W, 51, 0x0000000000000001
2026/10/07 04:17:23.473, 0 %, 56 MiB, 4096 MiB, 300 MHz, 1.64 W, 51, 0x0000000000000001
2026/10/07 04:17:25.497, 0 %, 56 MiB, 4096 MiB, 300 MHz, 1.53 W, 51, 0x0000000000000001
2026/10/07 04:17:27.521, 0 %, 56 MiB, 4096 MiB, 300 MHz, 1.49 W, 51, 0x0000000000000001
2026/10/07 04:17:29.542, 0 %, 56 MiB, 4096 MiB, 300 MHz, 1.49 W, 51, 0x0000000000000001
2026/10/07 04:17:31.567, 0 %, 56 MiB, 4096 MiB, 300 MHz, 1.52 W, 51, 0x0000000000000001
2026/10/07 04:17:33.590, 0 %, 56 MiB, 4096 MiB, 300 MHz, 1.61 W, 51, 0x0000000000000001
2026/10/07 04:17:35.616, 0 %, 56 MiB, 4096 MiB, 300 MHz, 1.62 W, 51, 0x0000000000000001
2026/10/07 04:17:37.638, 0 %, 56 MiB, 4096 MiB, 300 MHz, 1.60 W, 51, 0x0000000000000001
2026/10/07 04:17:39.664, 0 %, 56 MiB, 4096 MiB, 300 MHz, 1.61 W, 51, 0x0000000000000001
2026/10/07 04:17:41.688, 0 %, 56 MiB, 4096 MiB, 300 MHz, 1.70 W, 51, 0x0000000000000001
2026/10/07 04:17:43.713, 0 %, 56 MiB, 4096 MiB, 300 MHz, 1.48 W, 51, 0x0000000000000001
2026/10/07 04:17:45.735, 0 %, 56 MiB, 4096 MiB, 300 MHz, 1.50 W, 51, 0x0000000000000001
2026/10/07 04:17:47.759, 0 %, 56 MiB, 4096 MiB, 300 MHz, 1.55 W, 51, 0x0000000000000001
2026/10/07 04:17:49.784, 0 %, 56 MiB, 4096 MiB, 300 MHz, 1.47 W, 51, 0x0000000000000001
2026/10/07 04:17:51.807, 0 %, 56 MiB, 4096 MiB, 300 MHz, 1.58 W, 51, 0x0000000000000001
2026/10/07 04:17:53.829, 0 %, 56 MiB, 4096 MiB, 300 MHz, 1.54 W, 51, 0x0000000000000001
2026/10/07 04:17:55.858, 0 %, 56 MiB, 4096 MiB, 300 MHz, 1.58 W, 51, 0x0000000000000001
2026/10/07 04:17:57.882, 0 %, 56 MiB, 4096 MiB, 300 MHz, 1.53 W, 51, 0x0000000000000001
2026/10/07 04:17:59.906, 0 %, 56 MiB, 4096 MiB, 300 MHz, 1.70 W, 51, 0x0000000000000001
2026/10/07 04:18:01.927, 0 %, 56 MiB, 4096 MiB, 300 MHz, 1.48 W, 51, 0x0000000000000001
2026/10/07 04:18:03.949, 0 %, 56 MiB, 4096 MiB, 300 MHz, 1.50 W, 51, 0x0000000000000001
2026/10/07 04:18:05.974, 0 %, 56 MiB, 4096 MiB, 300 MHz, 1.48 W, 51, 0x0000000000000001
2026/10/07 04:18:07.996, 0 %, 56 MiB, 4096 MiB, 300 MHz, 1.50 W, 51, 0x0000000000000001
2026/10/07 04:18:10.018, 0 %, 56 MiB, 4096 MiB, 300 MHz, 1.76 W, 51, 0x0000000000000001
2026/10/07 04:18:12.042, 0 %, 56 MiB, 4096 MiB, 300 MHz, 1.54 W, 51, 0x0000000000000001
2026/10/07 04:18:14.064, 0 %, 56 MiB, 4096 MiB, 300 MHz, 1.53 W, 51, 0x0000000000000001
2026/10/07 04:18:16.090, 0 %, 56 MiB, 4096 MiB, 300 MHz, 1.52 W, 51, 0x0000000000000001
2026/10/07 04:18:18.113, 0 %, 56 MiB, 4096 MiB, 300 MHz, 1.94 W, 51, 0x0000000000000001
2026/10/07 04:18:20.138, 0 %, 56 MiB, 4096 MiB, 300 MHz, 1.46 W, 51, 0x0000000000000001
2026/10/07 04:18:22.160, 0 %, 56 MiB, 4096 MiB, 300 MHz, 1.50 W, 51, 0x0000000000000001
2026/10/07 04:18:24.183, 0 %, 56 MiB, 4096 MiB, 300 MHz, 1.50 W, 51, 0x0000000000000001
2026/10/07 04:18:26.204, 0 %, 56 MiB, 4096 MiB, 300 MHz, 1.48 W, 51, 0x0000000000000001
2026/10/07 04:18:28.229, 0 %, 56 MiB, 4096 MiB, 300 MHz, 1.87 W, 51, 0x0000000000000001
2026/10/07 04:18:30.250, 0 %, 56 MiB, 4096 MiB, 300 MHz, 1.52 W, 51, 0x0000000000000001
2026/10/07 04:18:32.273, 0 %, 56 MiB, 4096 MiB, 300 MHz, 1.52 W, 51, 0x0000000000000001
2026/10/07 04:18:34.299, 0 %, 56 MiB, 4096 MiB, 300 MHz, 1.55 W, 51, 0x0000000000000001
2026/10/07 04:18:36.321, 0 %, 56 MiB, 4096 MiB, 300 MHz, 1.58 W, 51, 0x0000000000000001
2026/10/07 04:18:38.344, 0 %, 56 MiB, 4096 MiB, 300 MHz, 1.69 W, 51, 0x0000000000000001
2026/10/07 04:18:40.366, 0 %, 56 MiB, 4096 MiB, 300 MHz, 1.51 W, 51, 0x0000000000000001
2026/10/07 04:18:42.389, 0 %, 56 MiB, 4096 MiB, 300 MHz, 1.54 W, 51, 0x0000000000000001
2026/10/07 04:18:44.413, 0 %, 56 MiB, 4096 MiB, 300 MHz, 1.50 W, 51, 0x0000000000000001
2026/10/07 04:18:46.436, 0 %, 56 MiB, 4096 MiB, 300 MHz, 1.50 W, 51, 0x0000000000000001
2026/10/07 04:18:48.461, 0 %, 56 MiB, 4096 MiB, 300 MHz, 1.57 W, 51, 0x0000000000000001
2026/10/07 04:18:50.484, 0 %, 56 MiB, 4096 MiB, 300 MHz, 1.55 W, 51, 0x0000000000000001
2026/10/07 04:18:52.509, 0 %, 56 MiB, 4096 MiB, 300 MHz, 1.58 W, 51, 0x0000000000000001
2026/10/07 04:18:54.531, 0 %, 56 MiB, 4096 MiB, 300 MHz, 1.58 W, 51, 0x0000000000000001
2026/10/07 04:18:56.552, 0 %, 56 MiB, 4096 MiB, 300 MHz, 2.06 W, 51, 0x0000000000000001
2026/10/07 04:18:58.577, 0 %, 56 MiB, 4096 MiB, 300 MHz, 1.53 W, 51, 0x0000000000000001
2026/10/07 04:19:00.599, 0 %, 56 MiB, 4096 MiB, 300 MHz, 1.53 W, 51, 0x0000000000000001
2026/10/07 04:19:02.625, 0 %, 56 MiB, 4096 MiB, 300 MHz, 1.52 W, 51, 0x0000000000000001
2026/10/07 04:19:04.646, 0 %, 56 MiB, 4096 MiB, 300 MHz, 1.59 W, 51, 0x0000000000000001
2026/10/07 04:19:06.670, 0 %, 56 MiB, 4096 MiB, 300 MHz, 1.81 W, 51, 0x0000000000000001
2026/10/07 04:19:08.695, 0 %, 56 MiB, 4096 MiB, 300 MHz, 1.58 W, 51, 0x0000000000000001
2026/10/07 04:19:10.717, 0 %, 56 MiB, 4096 MiB, 300 MHz, 1.64 W, 51, 0x0000000000000001
2026/10/07 04:19:12.739, 0 %, 56 MiB, 4096 MiB, 300 MHz, 1.63 W, 51, 0x0000000000000001
2026/10/07 04:19:14.761, 0 %, 56 MiB, 4096 MiB, 300 MHz, 1.59 W, 51, 0x0000000000000001
2026/10/07 04:19:16.790, 0 %, 56 MiB, 4096 MiB, 300 MHz, 1.49 W, 51, 0x0000000000000001
2026/10/07 04:19:18.811, 0 %, 56 MiB, 4096 MiB, 300 MHz, 1.47 W, 51, 0x0000000000000001
2026/10/07 04:19:20.833, 0 %, 56 MiB, 4096 MiB, 300 MHz, 1.49 W, 51, 0x0000000000000001
2026/10/07 04:19:22.855, 0 %, 56 MiB, 4096 MiB, 300 MHz, 1.47 W, 51, 0x0000000000000001
2026/10/07 04:19:24.880, 0 %, 56 MiB, 4096 MiB, 300 MHz, 1.91 W, 51, 0x0000000000000001
2026/10/07 04:19:26.904, 0 %, 56 MiB, 4096 MiB, 300 MHz, 1.53 W, 51, 0x0000000000000001
2026/10/07 04:19:28.926, 0 %, 56 MiB, 4096 MiB, 300 MHz, 1.56 W, 51, 0x0000000000000001
2026/10/07 04:19:30.947, 0 %, 56 MiB, 4096 MiB, 300 MHz, 1.57 W, 51, 0x0000000000000001
2026/10/07 04:19:32.971, 0 %, 56 MiB, 4096 MiB, 300 MHz, 1.55 W, 51, 0x0000000000000001
2026/10/07 04:19:34.994, 0 %, 56 MiB, 4096 MiB, 300 MHz, 1.66 W, 51, 0x0000000000000001
2026/10/07 04:19:37.019, 0 %, 56 MiB, 4096 MiB, 300 MHz, 1.56 W, 51, 0x0000000000000001
2026/10/07 04:19:39.044, 0 %, 56 MiB, 4096 MiB, 300 MHz, 1.45 W, 51, 0x0000000000000001
2026/10/07 04:19:41.066, 0 %, 56 MiB, 4096 MiB, 300 MHz, 1.52 W, 51, 0x0000000000000001
2026/10/07 04:19:43.089, 0 %, 56 MiB, 4096 MiB, 300 MHz, 1.98 W, 51, 0x0000000000000001
2026/10/07 04:19:45.114, 0 %, 56 MiB, 4096 MiB, 300 MHz, 1.57 W, 51, 0x0000000000000001
2026/10/07 04:19:47.136, 0 %, 56 MiB, 4096 MiB, 300 MHz, 1.54 W, 51, 0x0000000000000001
2026/10/07 04:19:49.160, 0 %, 56 MiB, 4096 MiB, 300 MHz, 1.55 W, 51, 0x0000000000000001
2026/10/07 04:19:51.182, 0 %, 56 MiB, 4096 MiB, 300 MHz, 1.55 W, 51, 0x0000000000000001
2026/10/07 04:19:53.207, 0 %, 56 MiB, 4096 MiB, 300 MHz, 1.80 W, 51, 0x0000000000000001
2026/10/07 04:19:55.229, 0 %, 56 MiB, 4096 MiB, 300 MHz, 1.55 W, 51, 0x0000000000000001
2026/10/07 04:19:57.251, 0 %, 56 MiB, 4096 MiB, 300 MHz, 1.44 W, 51, 0x0000000000000001
2026/10/07 04:19:59.275, 0 %, 56 MiB, 4096 MiB, 300 MHz, 1.47 W, 51, 0x0000000000000001
2026/10/07 04:20:01.297, 0 %, 56 MiB, 4096 MiB, 300 MHz, 1.55 W, 51, 0x0000000000000001
2026/10/07 04:20:03.321, 0 %, 56 MiB, 4096 MiB, 300 MHz, 1.76 W, 51, 0x0000000000000001
2026/10/07 04:20:05.345, 0 %, 56 MiB, 4096 MiB, 300 MHz, 1.59 W, 51, 0x0000000000000001
2026/10/07 04:20:07.370, 0 %, 56 MiB, 4096 MiB, 300 MHz, 1.53 W, 51, 0x0000000000000001
2026/10/07 04:20:09.392, 0 %, 56 MiB, 4096 MiB, 300 MHz, 1.57 W, 51, 0x0000000000000001
2026/10/07 04:20:11.418, 0 %, 56 MiB, 4096 MiB, 300 MHz, 1.93 W, 51, 0x0000000000000001
2026/10/07 04:20:13.441, 0 %, 56 MiB, 4096 MiB, 300 MHz, 1.55 W, 51, 0x0000000000000001
2026/10/07 04:20:15.465, 0 %, 56 MiB, 4096 MiB, 300 MHz, 1.54 W, 51, 0x0000000000000001
2026/10/07 04:20:17.490, 0 %, 56 MiB, 4096 MiB, 300 MHz, 1.56 W, 51, 0x0000000000000001
2026/10/07 04:20:19.512, 0 %, 56 MiB, 4096 MiB, 300 MHz, 1.55 W, 51, 0x0000000000000001
2026/10/07 04:20:21.537, 0 %, 56 MiB, 4096 MiB, 300 MHz, 1.70 W, 51, 0x0000000000000001
2026/10/07 04:20:23.561, 0 %, 56 MiB, 4096 MiB, 300 MHz, 1.56 W, 51, 0x0000000000000001
2026/10/07 04:20:25.585, 0 %, 56 MiB, 4096 MiB, 300 MHz, 1.53 W, 51, 0x0000000000000001
2026/10/07 04:20:27.607, 0 %, 56 MiB, 4096 MiB, 300 MHz, 1.53 W, 51, 0x0000000000000001
2026/10/07 04:20:29.630, 0 %, 56 MiB, 4096 MiB, 300 MHz, 1.53 W, 51, 0x0000000000000001
2026/10/07 04:20:31.655, 0 %, 56 MiB, 4096 MiB, 300 MHz, 1.51 W, 51, 0x0000000000000001
2026/10/07 04:20:33.677, 0 %, 56 MiB, 4096 MiB, 300 MHz, 1.46 W, 51, 0x0000000000000001
2026/10/07 04:20:35.698, 0 %, 56 MiB, 4096 MiB, 300 MHz, 1.48 W, 51, 0x0000000000000001
2026/10/07 04:20:37.722, 0 %, 56 MiB, 4096 MiB, 300 MHz, 1.51 W, 51, 0x0000000000000001
2026/10/07 04:20:39.744, 0 %, 56 MiB, 4096 MiB, 300 MHz, 1.97 W, 51, 0x0000000000000001
2026/10/07 04:20:41.766, 0 %, 56 MiB, 4096 MiB, 300 MHz, 1.63 W, 51, 0x0000000000000001
2026/10/07 04:20:43.787, 0 %, 56 MiB, 4096 MiB, 300 MHz, 1.58 W, 51, 0x0000000000000001
2026/10/07 04:20:45.813, 0 %, 56 MiB, 4096 MiB, 300 MHz, 1.55 W, 51, 0x0000000000000001
2026/10/07 04:20:47.835, 0 %, 56 MiB, 4096 MiB, 300 MHz, 1.59 W, 51, 0x0000000000000001
2026/10/07 04:20:49.857, 0 %, 56 MiB, 4096 MiB, 300 MHz, 1.85 W, 51, 0x0000000000000001
2026/10/07 04:20:51.881, 0 %, 56 MiB, 4096 MiB, 300 MHz, 1.49 W, 51, 0x0000000000000001
2026/10/07 04:20:53.903, 0 %, 56 MiB, 4096 MiB, 300 MHz, 1.50 W, 51, 0x0000000000000001
2026/10/07 04:20:55.926, 0 %, 56 MiB, 4096 MiB, 300 MHz, 1.53 W, 51, 0x0000000000000001
2026/10/07 04:20:57.948, 0 %, 56 MiB, 4096 MiB, 300 MHz, 1.51 W, 51, 0x0000000000000001
2026/10/07 04:20:59.972, 0 %, 56 MiB, 4096 MiB, 300 MHz, 1.72 W, 51, 0x0000000000000001
2026/10/07 04:21:01.994, 0 %, 56 MiB, 4096 MiB, 300 MHz, 1.53 W, 51, 0x0000000000000001
2026/10/07 04:21:04.017, 0 %, 56 MiB, 4096 MiB, 300 MHz, 1.49 W, 51, 0x0000000000000001
2026/10/07 04:21:06.039, 0 %, 56 MiB, 4096 MiB, 300 MHz, 1.51 W, 51, 0x0000000000000001
2026/10/07 04:21:08.064, 0 %, 56 MiB, 4096 MiB, 300 MHz, 1.48 W, 51, 0x0000000000000001
2026/10/07 04:21:10.085, 0 %, 56 MiB, 4096 MiB, 300 MHz, 1.61 W, 51, 0x0000000000000001
2026/10/07 04:21:12.108, 0 %, 56 MiB, 4096 MiB, 300 MHz, 1.54 W, 51, 0x0000000000000001
2026/10/07 04:21:14.131, 0 %, 56 MiB, 4096 MiB, 300 MHz, 1.52 W, 51, 0x0000000000000001
2026/10/07 04:21:16.155, 0 %, 56 MiB, 4096 MiB, 300 MHz, 1.52 W, 51, 0x0000000000000001
2026/10/07 04:21:18.176, 0 %, 56 MiB, 4096 MiB, 300 MHz, 1.92 W, 51, 0x0000000000000001
2026/10/07 04:21:20.202, 0 %, 56 MiB, 4096 MiB, 300 MHz, 1.53 W, 51, 0x0000000000000001
2026/10/07 04:21:22.224, 0 %, 56 MiB, 4096 MiB, 300 MHz, 1.19 W, 51, 0x0000000000000001
2026/10/07 04:21:24.247, 0 %, 56 MiB, 4096 MiB, 300 MHz, 1.52 W, 51, 0x0000000000000001
2026/10/07 04:21:26.270, 0 %, 56 MiB, 4096 MiB, 300 MHz, 1.51 W, 51, 0x0000000000000001
2026/10/07 04:21:28.294, 0 %, 56 MiB, 4096 MiB, 300 MHz, 1.89 W, 51, 0x0000000000000001
2026/10/07 04:21:30.315, 0 %, 56 MiB, 4096 MiB, 300 MHz, 1.61 W, 51, 0x0000000000000001
2026/10/07 04:21:32.340, 0 %, 56 MiB, 4096 MiB, 300 MHz, 1.55 W, 51, 0x0000000000000001
2026/10/07 04:21:34.366, 0 %, 56 MiB, 4096 MiB, 300 MHz, 1.50 W, 51, 0x0000000000000001
2026/10/07 04:21:36.387, 0 %, 56 MiB, 4096 MiB, 300 MHz, 1.57 W, 51, 0x0000000000000001
2026/10/07 04:21:38.411, 0 %, 56 MiB, 4096 MiB, 300 MHz, 1.65 W, 51, 0x0000000000000001
2026/10/07 04:21:40.435, 0 %, 56 MiB, 4096 MiB, 300 MHz, 1.50 W, 51, 0x0000000000000001
2026/10/07 04:21:42.456, 0 %, 56 MiB, 4096 MiB, 300 MHz, 1.54 W, 51, 0x0000000000000001
2026/10/07 04:21:44.480, 0 %, 56 MiB, 4096 MiB, 300 MHz, 1.52 W, 51, 0x0000000000000001
2026/10/07 04:21:46.505, 0 %, 56 MiB, 4096 MiB, 300 MHz, 2.01 W, 51, 0x0000000000000001
2026/10/07 04:21:48.526, 0 %, 56 MiB, 4096 MiB, 300 MHz, 1.61 W, 51, 0x0000000000000001
2026/10/07 04:21:50.548, 0 %, 56 MiB, 4096 MiB, 300 MHz, 1.55 W, 51, 0x0000000000000001
2026/10/07 04:21:52.569, 0 %, 56 MiB, 4096 MiB, 300 MHz, 1.64 W, 51, 0x0000000000000001
2026/10/07 04:21:54.591, 0 %, 56 MiB, 4096 MiB, 300 MHz, 1.59 W, 51, 0x0000000000000001
2026/10/07 04:21:56.616, 0 %, 56 MiB, 4096 MiB, 300 MHz, 1.82 W, 51, 0x0000000000000001
2026/10/07 04:21:58.637, 0 %, 56 MiB, 4096 MiB, 300 MHz, 1.55 W, 51, 0x0000000000000001
2026/10/07 04:22:00.661, 0 %, 56 MiB, 4096 MiB, 300 MHz, 1.61 W, 51, 0x0000000000000001
2026/10/07 04:22:02.685, 0 %, 56 MiB, 4096 MiB, 300 MHz, 1.49 W, 51, 0x0000000000000001
2026/10/07 04:22:04.708, 0 %, 56 MiB, 4096 MiB, 300 MHz, 1.50 W, 51, 0x0000000000000001
2026/10/07 04:22:06.729, 0 %, 56 MiB, 4096 MiB, 300 MHz, 1.79 W, 51, 0x0000000000000001
2026/10/07 04:22:08.755, 0 %, 56 MiB, 4096 MiB, 300 MHz, 1.55 W, 51, 0x0000000000000001
2026/10/07 04:22:10.777, 0 %, 56 MiB, 4096 MiB, 300 MHz, 1.56 W, 51, 0x0000000000000001
2026/10/07 04:22:12.802, 0 %, 56 MiB, 4096 MiB, 300 MHz, 1.58 W, 51, 0x0000000000000001
2026/10/07 04:22:14.824, 0 %, 56 MiB, 4096 MiB, 300 MHz, 1.60 W, 51, 0x0000000000000001
2026/10/07 04:22:16.846, 0 %, 56 MiB, 4096 MiB, 300 MHz, 1.65 W, 51, 0x0000000000000001
2026/10/07 04:22:18.872, 0 %, 56 MiB, 4096 MiB, 300 MHz, 1.52 W, 51, 0x0000000000000001
2026/10/07 04:22:20.897, 0 %, 56 MiB, 4096 MiB, 300 MHz, 1.49 W, 51, 0x0000000000000001
2026/10/07 04:22:22.921, 0 %, 56 MiB, 4096 MiB, 300 MHz, 1.47 W, 51, 0x0000000000000001
2026/10/07 04:22:24.943, 0 %, 56 MiB, 4096 MiB, 300 MHz, 1.93 W, 51, 0x0000000000000001
2026/10/07 04:22:26.968, 0 %, 56 MiB, 4096 MiB, 300 MHz, 1.57 W, 51, 0x0000000000000001
2026/10/07 04:22:28.991, 0 %, 56 MiB, 4096 MiB, 300 MHz, 1.64 W, 51, 0x0000000000000001
2026/10/07 04:22:31.015, 0 %, 56 MiB, 4096 MiB, 300 MHz, 1.67 W, 51, 0x0000000000000001
2026/10/07 04:22:33.037, 0 %, 56 MiB, 4096 MiB, 300 MHz, 1.66 W, 51, 0x0000000000000001
2026/10/07 04:22:35.059, 0 %, 56 MiB, 4096 MiB, 300 MHz, 1.66 W, 51, 0x0000000000000001
2026/10/07 04:22:37.086, 0 %, 56 MiB, 4096 MiB, 300 MHz, 1.52 W, 51, 0x0000000000000001
2026/10/07 04:22:39.108, 0 %, 56 MiB, 4096 MiB, 300 MHz, 1.47 W, 51, 0x0000000000000001
2026/10/07 04:22:41.132, 0 %, 56 MiB, 4096 MiB, 300 MHz, 1.48 W, 51, 0x0000000000000001
2026/10/07 04:22:43.154, 0 %, 56 MiB, 4096 MiB, 300 MHz, 1.94 W, 51, 0x0000000000000001
2026/10/07 04:22:45.179, 0 %, 56 MiB, 4096 MiB, 300 MHz, 1.52 W, 51, 0x0000000000000001
2026/10/07 04:22:47.201, 0 %, 56 MiB, 4096 MiB, 300 MHz, 1.54 W, 51, 0x0000000000000001
2026/10/07 04:22:49.224, 0 %, 56 MiB, 4096 MiB, 300 MHz, 1.54 W, 51, 0x0000000000000001
2026/10/07 04:22:51.248, 0 %, 56 MiB, 4096 MiB, 300 MHz, 1.55 W, 51, 0x0000000000000001
2026/10/07 04:22:53.270, 0 %, 56 MiB, 4096 MiB, 300 MHz, 1.75 W, 51, 0x0000000000000001
2026/10/07 04:22:55.296, 0 %, 56 MiB, 4096 MiB, 300 MHz, 1.51 W, 51, 0x0000000000000001
2026/10/07 04:22:57.317, 0 %, 56 MiB, 4096 MiB, 300 MHz, 1.48 W, 51, 0x0000000000000001
2026/10/07 04:22:59.342, 0 %, 56 MiB, 4096 MiB, 300 MHz, 1.49 W, 51, 0x0000000000000001
2026/10/07 04:23:01.364, 0 %, 56 MiB, 4096 MiB, 300 MHz, 1.52 W, 51, 0x0000000000000001
2026/10/07 04:23:03.386, 0 %, 56 MiB, 4096 MiB, 300 MHz, 1.63 W, 51, 0x0000000000000001
2026/10/07 04:23:05.411, 0 %, 56 MiB, 4096 MiB, 300 MHz, 1.55 W, 51, 0x0000000000000001
2026/10/07 04:23:07.434, 0 %, 56 MiB, 4096 MiB, 300 MHz, 1.56 W, 51, 0x0000000000000001
2026/10/07 04:23:09.455, 0 %, 56 MiB, 4096 MiB, 300 MHz, 1.54 W, 51, 0x0000000000000001
2026/10/07 04:23:11.482, 0 %, 56 MiB, 4096 MiB, 300 MHz, 1.87 W, 51, 0x0000000000000001
2026/10/07 04:23:13.504, 0 %, 56 MiB, 4096 MiB, 300 MHz, 1.54 W, 51, 0x0000000000000001
2026/10/07 04:23:15.528, 0 %, 56 MiB, 4096 MiB, 300 MHz, 1.43 W, 51, 0x0000000000000001
2026/10/07 04:23:17.552, 0 %, 56 MiB, 4096 MiB, 300 MHz, 1.49 W, 51, 0x0000000000000001
2026/10/07 04:23:19.574, 0 %, 56 MiB, 4096 MiB, 300 MHz, 1.63 W, 51, 0x0000000000000001
2026/10/07 04:23:21.597, 0 %, 56 MiB, 4096 MiB, 300 MHz, 1.87 W, 51, 0x0000000000000001
2026/10/07 04:23:23.620, 0 %, 56 MiB, 4096 MiB, 300 MHz, 1.59 W, 51, 0x0000000000000001
2026/10/07 04:23:25.642, 0 %, 56 MiB, 4096 MiB, 300 MHz, 1.57 W, 51, 0x0000000000000001
2026/10/07 04:23:27.668, 1 %, 68 MiB, 4096 MiB, 300 MHz, 1.59 W, 51, 0x0000000000000001
2026/10/07 04:23:29.694, 0 %, 67 MiB, 4096 MiB, 300 MHz, 2.00 W, 51, 0x0000000000000001
2026/10/07 04:23:31.716, 0 %, 59 MiB, 4096 MiB, 300 MHz, 1.50 W, 51, 0x0000000000000001
2026/10/07 04:23:33.739, 0 %, 59 MiB, 4096 MiB, 300 MHz, 1.50 W, 51, 0x0000000000000001
2026/10/07 04:23:35.763, 0 %, 59 MiB, 4096 MiB, 300 MHz, 1.50 W, 51, 0x0000000000000001
2026/10/07 04:23:37.785, 0 %, 59 MiB, 4096 MiB, 300 MHz, 1.53 W, 51, 0x0000000000000001
2026/10/07 04:23:39.808, 0 %, 59 MiB, 4096 MiB, 300 MHz, 1.90 W, 51, 0x0000000000000001
2026/10/07 04:23:41.836, 0 %, 59 MiB, 4096 MiB, 300 MHz, 1.56 W, 51, 0x0000000000000001
2026/10/07 04:23:43.858, 0 %, 59 MiB, 4096 MiB, 300 MHz, 1.57 W, 51, 0x0000000000000001
2026/10/07 04:23:45.885, 0 %, 59 MiB, 4096 MiB, 300 MHz, 1.55 W, 51, 0x0000000000000001
2026/10/07 04:23:47.908, 0 %, 59 MiB, 4096 MiB, 300 MHz, 1.51 W, 51, 0x0000000000000001
2026/10/07 04:23:49.932, 0 %, 59 MiB, 4096 MiB, 300 MHz, 1.50 W, 51, 0x0000000000000001
2026/10/07 04:23:51.957, 0 %, 59 MiB, 4096 MiB, 300 MHz, 1.50 W, 51, 0x0000000000000001
2026/10/07 04:23:53.979, 0 %, 59 MiB, 4096 MiB, 300 MHz, 1.51 W, 51, 0x0000000000000001
2026/10/07 04:23:56.000, 0 %, 59 MiB, 4096 MiB, 300 MHz, 1.53 W, 51, 0x0000000000000001
2026/10/07 04:23:58.025, 0 %, 58 MiB, 4096 MiB, 300 MHz, 1.88 W, 51, 0x0000000000000001
2026/10/07 04:24:00.049, 0 %, 58 MiB, 4096 MiB, 300 MHz, 1.51 W, 51, 0x0000000000000001
2026/10/07 04:24:02.071, 0 %, 58 MiB, 4096 MiB, 300 MHz, 1.66 W, 51, 0x0000000000000001
2026/10/07 04:24:04.098, 0 %, 58 MiB, 4096 MiB, 300 MHz, 1.55 W, 51, 0x0000000000000001
2026/10/07 04:24:06.120, 0 %, 58 MiB, 4096 MiB, 300 MHz, 1.60 W, 51, 0x0000000000000001
2026/10/07 04:24:08.143, 0 %, 58 MiB, 4096 MiB, 300 MHz, 1.67 W, 51, 0x0000000000000001
2026/10/07 04:24:10.168, 0 %, 58 MiB, 4096 MiB, 300 MHz, 1.50 W, 51, 0x0000000000000001
2026/10/07 04:24:12.189, 0 %, 58 MiB, 4096 MiB, 300 MHz, 1.53 W, 51, 0x0000000000000001
2026/10/07 04:24:14.216, 0 %, 58 MiB, 4096 MiB, 300 MHz, 1.54 W, 51, 0x0000000000000001
2026/10/07 04:24:16.245, 0 %, 58 MiB, 4096 MiB, 300 MHz, 1.83 W, 51, 0x0000000000000001
2026/10/07 04:24:18.269, 0 %, 58 MiB, 4096 MiB, 300 MHz, 1.63 W, 51, 0x0000000000000001
2026/10/07 04:24:20.291, 0 %, 58 MiB, 4096 MiB, 300 MHz, 1.54 W, 51, 0x0000000000000001
2026/10/07 04:24:22.312, 1 %, 67 MiB, 4096 MiB, 300 MHz, 1.59 W, 51, 0x0000000000000001
2026/10/07 04:24:24.338, 0 %, 66 MiB, 4096 MiB, 300 MHz, 1.53 W, 51, 0x0000000000000001
2026/10/07 04:24:26.360, 0 %, 58 MiB, 4096 MiB, 300 MHz, 1.62 W, 51, 0x0000000000000001
2026/10/07 04:24:28.384, 0 %, 58 MiB, 4096 MiB, 300 MHz, 1.50 W, 51, 0x0000000000000001
2026/10/07 04:24:30.409, 0 %, 58 MiB, 4096 MiB, 300 MHz, 1.53 W, 51, 0x0000000000000001
2026/10/07 04:24:32.430, 0 %, 58 MiB, 4096 MiB, 300 MHz, 1.52 W, 51, 0x0000000000000001
2026/10/07 04:24:34.455, 0 %, 58 MiB, 4096 MiB, 300 MHz, 2.01 W, 51, 0x0000000000000001
2026/10/07 04:24:36.476, 0 %, 58 MiB, 4096 MiB, 300 MHz, 1.59 W, 51, 0x0000000000000001
2026/10/07 04:24:38.500, 0 %, 58 MiB, 4096 MiB, 300 MHz, 1.55 W, 51, 0x0000000000000001
2026/10/07 04:24:40.523, 0 %, 58 MiB, 4096 MiB, 300 MHz, 1.32 W, 51, 0x0000000000000001
2026/10/07 04:24:42.548, 0 %, 58 MiB, 4096 MiB, 300 MHz, 1.64 W, 51, 0x0000000000000001
2026/10/07 04:24:44.570, 0 %, 58 MiB, 4096 MiB, 300 MHz, 1.83 W, 51, 0x0000000000000001
2026/10/07 04:24:46.594, 0 %, 58 MiB, 4096 MiB, 300 MHz, 1.61 W, 51, 0x0000000000000001
2026/10/07 04:24:48.619, 0 %, 58 MiB, 4096 MiB, 300 MHz, 1.62 W, 51, 0x0000000000000001
2026/10/07 04:24:50.644, 0 %, 58 MiB, 4096 MiB, 300 MHz, 1.61 W, 51, 0x0000000000000001
2026/10/07 04:24:52.669, 0 %, 58 MiB, 4096 MiB, 300 MHz, 1.97 W, 51, 0x0000000000000001
2026/10/07 04:24:54.693, 0 %, 58 MiB, 4096 MiB, 300 MHz, 1.60 W, 51, 0x0000000000000001
2026/10/07 04:24:56.714, 0 %, 58 MiB, 4096 MiB, 300 MHz, 1.59 W, 51, 0x0000000000000001
2026/10/07 04:24:58.738, 0 %, 56 MiB, 4096 MiB, 300 MHz, 1.54 W, 51, 0x0000000000000001
2026/10/07 04:25:00.760, 0 %, 56 MiB, 4096 MiB, 300 MHz, 1.59 W, 51, 0x0000000000000001
2026/10/07 04:25:02.787, 0 %, 56 MiB, 4096 MiB, 300 MHz, 1.71 W, 51, 0x0000000000000001
2026/10/07 04:25:04.811, 0 %, 56 MiB, 4096 MiB, 300 MHz, 1.52 W, 51, 0x0000000000000001
2026/10/07 04:25:06.833, 0 %, 56 MiB, 4096 MiB, 300 MHz, 1.51 W, 51, 0x0000000000000001
2026/10/07 04:25:08.854, 0 %, 56 MiB, 4096 MiB, 300 MHz, 1.51 W, 51, 0x0000000000000001
2026/10/07 04:25:10.877, 0 %, 56 MiB, 4096 MiB, 300 MHz, 1.48 W, 51, 0x0000000000000001
2026/10/07 04:25:12.899, 0 %, 56 MiB, 4096 MiB, 300 MHz, 1.73 W, 51, 0x0000000000000001
2026/10/07 04:25:14.925, 0 %, 56 MiB, 4096 MiB, 300 MHz, 1.52 W, 51, 0x0000000000000001
2026/10/07 04:25:16.947, 0 %, 56 MiB, 4096 MiB, 300 MHz, 1.56 W, 51, 0x0000000000000001
2026/10/07 04:25:18.968, 0 %, 56 MiB, 4096 MiB, 300 MHz, 1.55 W, 51, 0x0000000000000001
2026/10/07 04:25:20.994, 0 %, 56 MiB, 4096 MiB, 300 MHz, 1.92 W, 51, 0x0000000000000001
2026/10/07 04:25:23.016, 0 %, 56 MiB, 4096 MiB, 300 MHz, 1.53 W, 51, 0x0000000000000001
2026/10/07 04:25:25.039, 0 %, 56 MiB, 4096 MiB, 300 MHz, 1.53 W, 51, 0x0000000000000001
2026/10/07 04:25:27.060, 0 %, 56 MiB, 4096 MiB, 300 MHz, 1.53 W, 51, 0x0000000000000001
2026/10/07 04:25:29.085, 0 %, 56 MiB, 4096 MiB, 300 MHz, 1.51 W, 51, 0x0000000000000001
2026/10/07 04:25:31.107, 0 %, 56 MiB, 4096 MiB, 300 MHz, 1.96 W, 51, 0x0000000000000001
2026/10/07 04:25:33.128, 0 %, 56 MiB, 4096 MiB, 300 MHz, 1.61 W, 51, 0x0000000000000001
2026/10/07 04:25:35.152, 0 %, 56 MiB, 4096 MiB, 300 MHz, 1.55 W, 51, 0x0000000000000001
2026/10/07 04:25:37.174, 0 %, 56 MiB, 4096 MiB, 300 MHz, 1.60 W, 51, 0x0000000000000001
2026/10/07 04:25:39.196, 0 %, 56 MiB, 4096 MiB, 300 MHz, 1.61 W, 51, 0x0000000000000001
2026/10/07 04:25:41.222, 0 %, 56 MiB, 4096 MiB, 300 MHz, 1.74 W, 51, 0x0000000000000001
2026/10/07 04:25:43.244, 0 %, 56 MiB, 4096 MiB, 300 MHz, 1.53 W, 51, 0x0000000000000001
2026/10/07 04:25:45.268, 0 %, 56 MiB, 4096 MiB, 300 MHz, 1.50 W, 51, 0x0000000000000001
2026/10/07 04:25:47.293, 0 %, 56 MiB, 4096 MiB, 300 MHz, 1.50 W, 51, 0x0000000000000001
2026/10/07 04:25:49.315, 0 %, 56 MiB, 4096 MiB, 300 MHz, 1.53 W, 51, 0x0000000000000001
2026/10/07 04:25:51.340, 0 %, 56 MiB, 4096 MiB, 300 MHz, 1.53 W, 51, 0x0000000000000001
2026/10/07 04:25:53.364, 0 %, 56 MiB, 4096 MiB, 300 MHz, 1.56 W, 51, 0x0000000000000001
2026/10/07 04:25:55.385, 0 %, 56 MiB, 4096 MiB, 300 MHz, 1.58 W, 51, 0x0000000000000001
2026/10/07 04:25:57.407, 0 %, 56 MiB, 4096 MiB, 300 MHz, 1.58 W, 51, 0x0000000000000001
2026/10/07 04:25:59.428, 0 %, 56 MiB, 4096 MiB, 300 MHz, 1.96 W, 51, 0x0000000000000001
2026/10/07 04:26:01.452, 0 %, 56 MiB, 4096 MiB, 300 MHz, 1.55 W, 51, 0x0000000000000001
2026/10/07 04:26:03.476, 0 %, 56 MiB, 4096 MiB, 300 MHz, 1.52 W, 51, 0x0000000000000001
2026/10/07 04:26:05.498, 0 %, 56 MiB, 4096 MiB, 300 MHz, 1.54 W, 51, 0x0000000000000001
2026/10/07 04:26:07.519, 0 %, 56 MiB, 4096 MiB, 300 MHz, 1.51 W, 51, 0x0000000000000001
2026/10/07 04:26:09.544, 0 %, 56 MiB, 4096 MiB, 300 MHz, 1.85 W, 51, 0x0000000000000001
2026/10/07 04:26:11.566, 0 %, 56 MiB, 4096 MiB, 300 MHz, 1.56 W, 51, 0x0000000000000001
2026/10/07 04:26:13.591, 0 %, 56 MiB, 4096 MiB, 300 MHz, 1.61 W, 51, 0x0000000000000001
2026/10/07 04:26:15.615, 0 %, 56 MiB, 4096 MiB, 300 MHz, 1.53 W, 51, 0x0000000000000001
2026/10/07 04:26:17.639, 0 %, 56 MiB, 4096 MiB, 300 MHz, 1.55 W, 51, 0x0000000000000001
2026/10/07 04:26:19.661, 0 %, 56 MiB, 4096 MiB, 300 MHz, 1.72 W, 51, 0x0000000000000001
2026/10/07 04:26:21.683, 0 %, 56 MiB, 4096 MiB, 300 MHz, 1.63 W, 51, 0x0000000000000001
2026/10/07 04:26:23.708, 0 %, 56 MiB, 4096 MiB, 300 MHz, 1.57 W, 51, 0x0000000000000001
2026/10/07 04:26:25.732, 0 %, 56 MiB, 4096 MiB, 300 MHz, 1.55 W, 51, 0x0000000000000001
2026/10/07 04:26:27.754, 0 %, 56 MiB, 4096 MiB, 300 MHz, 1.92 W, 51, 0x0000000000000001
2026/10/07 04:26:29.776, 0 %, 56 MiB, 4096 MiB, 300 MHz, 1.57 W, 51, 0x0000000000000001
2026/10/07 04:26:31.797, 0 %, 56 MiB, 4096 MiB, 300 MHz, 1.58 W, 51, 0x0000000000000001
2026/10/07 04:26:33.823, 0 %, 56 MiB, 4096 MiB, 300 MHz, 1.50 W, 51, 0x0000000000000001
2026/10/07 04:26:35.845, 0 %, 56 MiB, 4096 MiB, 300 MHz, 1.52 W, 51, 0x0000000000000001
2026/10/07 04:26:37.867, 0 %, 56 MiB, 4096 MiB, 300 MHz, 1.80 W, 51, 0x0000000000000001
2026/10/07 04:26:39.891, 0 %, 56 MiB, 4096 MiB, 300 MHz, 1.48 W, 51, 0x0000000000000001
2026/10/07 04:26:41.913, 0 %, 56 MiB, 4096 MiB, 300 MHz, 1.48 W, 51, 0x0000000000000001
2026/10/07 04:26:43.937, 0 %, 56 MiB, 4096 MiB, 300 MHz, 1.55 W, 51, 0x0000000000000001
2026/10/07 04:26:45.959, 0 %, 56 MiB, 4096 MiB, 300 MHz, 1.61 W, 51, 0x0000000000000001
2026/10/07 04:26:47.981, 0 %, 56 MiB, 4096 MiB, 300 MHz, 1.78 W, 51, 0x0000000000000001
2026/10/07 04:26:50.005, 0 %, 56 MiB, 4096 MiB, 300 MHz, 1.55 W, 51, 0x0000000000000001
2026/10/07 04:26:52.033, 0 %, 56 MiB, 4096 MiB, 300 MHz, 1.55 W, 51, 0x0000000000000001
2026/10/07 04:26:54.055, 0 %, 56 MiB, 4096 MiB, 300 MHz, 1.53 W, 51, 0x0000000000000001
2026/10/07 04:26:56.077, 0 %, 56 MiB, 4096 MiB, 300 MHz, 1.89 W, 51, 0x0000000000000001
2026/10/07 04:26:58.102, 0 %, 56 MiB, 4096 MiB, 300 MHz, 1.45 W, 51, 0x0000000000000001
2026/10/07 04:27:00.126, 0 %, 56 MiB, 4096 MiB, 300 MHz, 1.25 W, 51, 0x0000000000000001
2026/10/07 04:27:02.149, 0 %, 56 MiB, 4096 MiB, 300 MHz, 1.53 W, 51, 0x0000000000000001
2026/10/07 04:27:04.172, 0 %, 56 MiB, 4096 MiB, 300 MHz, 1.48 W, 51, 0x0000000000000001
2026/10/07 04:27:06.194, 0 %, 56 MiB, 4096 MiB, 300 MHz, 1.80 W, 51, 0x0000000000000001
2026/10/07 04:27:08.219, 0 %, 56 MiB, 4096 MiB, 300 MHz, 1.57 W, 51, 0x0000000000000001
2026/10/07 04:27:10.241, 0 %, 56 MiB, 4096 MiB, 300 MHz, 1.48 W, 51, 0x0000000000000001
2026/10/07 04:27:12.264, 0 %, 56 MiB, 4096 MiB, 300 MHz, 1.51 W, 51, 0x0000000000000001
2026/10/07 04:27:14.288, 0 %, 56 MiB, 4096 MiB, 300 MHz, 1.63 W, 51, 0x0000000000000001
2026/10/07 04:27:16.310, 0 %, 56 MiB, 4096 MiB, 300 MHz, 1.58 W, 51, 0x0000000000000001
2026/10/07 04:27:18.334, 0 %, 56 MiB, 4096 MiB, 300 MHz, 1.52 W, 51, 0x0000000000000001
2026/10/07 04:27:20.356, 0 %, 56 MiB, 4096 MiB, 300 MHz, 1.43 W, 51, 0x0000000000000001
2026/10/07 04:27:22.379, 0 %, 56 MiB, 4096 MiB, 300 MHz, 1.48 W, 51, 0x0000000000000001
2026/10/07 04:27:24.402, 0 %, 56 MiB, 4096 MiB, 300 MHz, 2.02 W, 51, 0x0000000000000001
2026/10/07 04:27:26.423, 0 %, 56 MiB, 4096 MiB, 300 MHz, 1.60 W, 51, 0x0000000000000001
2026/10/07 04:27:28.447, 0 %, 56 MiB, 4096 MiB, 300 MHz, 1.59 W, 51, 0x0000000000000001
2026/10/07 04:27:30.471, 0 %, 56 MiB, 4096 MiB, 300 MHz, 1.55 W, 51, 0x0000000000000001
2026/10/07 04:27:32.493, 0 %, 56 MiB, 4096 MiB, 300 MHz, 1.67 W, 51, 0x0000000000000001
2026/10/07 04:27:34.515, 0 %, 56 MiB, 4096 MiB, 300 MHz, 1.92 W, 51, 0x0000000000000001
2026/10/07 04:27:36.543, 0 %, 56 MiB, 4096 MiB, 300 MHz, 1.55 W, 51, 0x0000000000000001
2026/10/07 04:27:38.565, 0 %, 56 MiB, 4096 MiB, 300 MHz, 1.57 W, 51, 0x0000000000000001
2026/10/07 04:27:40.589, 0 %, 56 MiB, 4096 MiB, 300 MHz, 1.50 W, 51, 0x0000000000000001
2026/10/07 04:27:42.616, 0 %, 56 MiB, 4096 MiB, 300 MHz, 1.50 W, 51, 0x0000000000000001
2026/10/07 04:27:44.637, 0 %, 56 MiB, 4096 MiB, 300 MHz, 1.58 W, 51, 0x0000000000000001
2026/10/07 04:27:46.662, 0 %, 56 MiB, 4096 MiB, 300 MHz, 1.55 W, 51, 0x0000000000000001
2026/10/07 04:27:48.684, 0 %, 56 MiB, 4096 MiB, 300 MHz, 1.59 W, 51, 0x0000000000000001
2026/10/07 04:27:50.708, 0 %, 56 MiB, 4096 MiB, 300 MHz, 1.61 W, 51, 0x0000000000000001
2026/10/07 04:27:52.729, 0 %, 56 MiB, 4096 MiB, 300 MHz, 1.98 W, 51, 0x0000000000000001
2026/10/07 04:27:54.751, 0 %, 56 MiB, 4096 MiB, 300 MHz, 1.62 W, 51, 0x0000000000000001
2026/10/07 04:27:56.776, 0 %, 56 MiB, 4096 MiB, 300 MHz, 1.76 W, 51, 0x0000000000000001
2026/10/07 04:27:58.798, 0 %, 56 MiB, 4096 MiB, 300 MHz, 1.61 W, 51, 0x0000000000000001
2026/10/07 04:28:00.821, 0 %, 56 MiB, 4096 MiB, 300 MHz, 1.62 W, 51, 0x0000000000000001
2026/10/07 04:28:02.845, 0 %, 56 MiB, 4096 MiB, 300 MHz, 1.78 W, 51, 0x0000000000000001
2026/10/07 04:28:04.869, 0 %, 56 MiB, 4096 MiB, 300 MHz, 1.59 W, 51, 0x0000000000000001
2026/10/07 04:28:06.891, 0 %, 56 MiB, 4096 MiB, 300 MHz, 1.59 W, 51, 0x0000000000000001
2026/10/07 04:28:08.914, 0 %, 56 MiB, 4096 MiB, 300 MHz, 1.61 W, 51, 0x0000000000000001
2026/10/07 04:28:10.937, 0 %, 56 MiB, 4096 MiB, 300 MHz, 1.57 W, 51, 0x0000000000000001
2026/10/07 04:28:12.958, 0 %, 56 MiB, 4096 MiB, 300 MHz, 1.68 W, 51, 0x0000000000000001
2026/10/07 04:28:14.982, 0 %, 56 MiB, 4096 MiB, 300 MHz, 1.52 W, 51, 0x0000000000000001
2026/10/07 04:28:17.004, 0 %, 56 MiB, 4096 MiB, 300 MHz, 1.48 W, 51, 0x0000000000000001
2026/10/07 04:28:19.031, 0 %, 56 MiB, 4096 MiB, 300 MHz, 1.52 W, 51, 0x0000000000000001
2026/10/07 04:28:21.055, 0 %, 56 MiB, 4096 MiB, 300 MHz, 1.91 W, 51, 0x0000000000000001
2026/10/07 04:28:23.078, 0 %, 56 MiB, 4096 MiB, 300 MHz, 1.50 W, 51, 0x0000000000000001
2026/10/07 04:28:25.102, 0 %, 56 MiB, 4096 MiB, 300 MHz, 1.59 W, 51, 0x0000000000000001
2026/10/07 04:28:27.127, 0 %, 56 MiB, 4096 MiB, 300 MHz, 1.57 W, 51, 0x0000000000000001
2026/10/07 04:28:29.149, 0 %, 56 MiB, 4096 MiB, 300 MHz, 1.53 W, 51, 0x0000000000000001
2026/10/07 04:28:31.173, 0 %, 56 MiB, 4096 MiB, 300 MHz, 1.68 W, 51, 0x0000000000000001
2026/10/07 04:28:33.197, 0 %, 56 MiB, 4096 MiB, 300 MHz, 1.49 W, 51, 0x0000000000000001
2026/10/07 04:28:35.221, 0 %, 56 MiB, 4096 MiB, 300 MHz, 1.48 W, 51, 0x0000000000000001
2026/10/07 04:28:37.244, 0 %, 56 MiB, 4096 MiB, 300 MHz, 1.51 W, 51, 0x0000000000000001
2026/10/07 04:28:39.271, 0 %, 56 MiB, 4096 MiB, 300 MHz, 1.91 W, 51, 0x0000000000000001
2026/10/07 04:28:41.292, 0 %, 56 MiB, 4096 MiB, 300 MHz, 1.54 W, 51, 0x0000000000000001
2026/10/07 04:28:43.314, 0 %, 56 MiB, 4096 MiB, 300 MHz, 1.57 W, 51, 0x0000000000000001
2026/10/07 04:28:45.340, 0 %, 56 MiB, 4096 MiB, 300 MHz, 1.59 W, 51, 0x0000000000000001
2026/10/07 04:28:47.362, 0 %, 56 MiB, 4096 MiB, 300 MHz, 1.38 W, 51, 0x0000000000000001
2026/10/07 04:28:49.383, 0 %, 66 MiB, 4096 MiB, 300 MHz, 1.92 W, 51, 0x0000000000000001
2026/10/07 04:28:51.406, 0 %, 66 MiB, 4096 MiB, 300 MHz, 1.49 W, 51, 0x0000000000000001
2026/10/07 04:28:53.430, 0 %, 58 MiB, 4096 MiB, 300 MHz, 1.53 W, 51, 0x0000000000000001
2026/10/07 04:28:55.452, 0 %, 58 MiB, 4096 MiB, 300 MHz, 1.59 W, 51, 0x0000000000000001
2026/10/07 04:28:57.476, 0 %, 58 MiB, 4096 MiB, 300 MHz, 1.50 W, 51, 0x0000000000000001
2026/10/07 04:28:59.497, 0 %, 58 MiB, 4096 MiB, 300 MHz, 1.79 W, 51, 0x0000000000000001
2026/10/07 04:29:01.521, 0 %, 58 MiB, 4096 MiB, 300 MHz, 1.61 W, 51, 0x0000000000000001
2026/10/07 04:29:03.542, 0 %, 58 MiB, 4096 MiB, 300 MHz, 1.62 W, 51, 0x0000000000000001
2026/10/07 04:29:05.564, 0 %, 58 MiB, 4096 MiB, 300 MHz, 1.56 W, 51, 0x0000000000000001
2026/10/07 04:29:07.587, 0 %, 58 MiB, 4096 MiB, 300 MHz, 1.59 W, 51, 0x0000000000000001
2026/10/07 04:29:09.609, 0 %, 58 MiB, 4096 MiB, 300 MHz, 1.75 W, 51, 0x0000000000000001
2026/10/07 04:29:11.631, 0 %, 58 MiB, 4096 MiB, 300 MHz, 1.57 W, 51, 0x0000000000000001
2026/10/07 04:29:13.655, 0 %, 58 MiB, 4096 MiB, 300 MHz, 1.62 W, 51, 0x0000000000000001
2026/10/07 04:29:15.678, 0 %, 58 MiB, 4096 MiB, 300 MHz, 1.60 W, 51, 0x0000000000000001
2026/10/07 04:29:17.699, 0 %, 58 MiB, 4096 MiB, 300 MHz, 1.61 W, 51, 0x0000000000000001
2026/10/07 04:29:19.725, 0 %, 56 MiB, 4096 MiB, 300 MHz, 1.62 W, 51, 0x0000000000000001
2026/10/07 04:29:21.747, 0 %, 56 MiB, 4096 MiB, 300 MHz, 1.54 W, 51, 0x0000000000000001
2026/10/07 04:29:23.771, 0 %, 56 MiB, 4096 MiB, 300 MHz, 1.48 W, 51, 0x0000000000000001
2026/10/07 04:29:25.793, 0 %, 56 MiB, 4096 MiB, 300 MHz, 1.52 W, 51, 0x0000000000000001
2026/10/07 04:29:27.816, 0 %, 56 MiB, 4096 MiB, 300 MHz, 1.89 W, 51, 0x0000000000000001
2026/10/07 04:29:29.838, 0 %, 56 MiB, 4096 MiB, 300 MHz, 1.54 W, 51, 0x0000000000000001
2026/10/07 04:29:31.863, 0 %, 56 MiB, 4096 MiB, 300 MHz, 1.58 W, 51, 0x0000000000000001
2026/10/07 04:29:33.884, 0 %, 56 MiB, 4096 MiB, 300 MHz, 1.60 W, 51, 0x0000000000000001
2026/10/07 04:29:35.907, 0 %, 56 MiB, 4096 MiB, 300 MHz, 1.56 W, 51, 0x0000000000000001
2026/10/07 04:29:37.928, 0 %, 56 MiB, 4096 MiB, 300 MHz, 1.82 W, 51, 0x0000000000000001
2026/10/07 04:29:39.954, 0 %, 56 MiB, 4096 MiB, 300 MHz, 1.53 W, 51, 0x0000000000000001
2026/10/07 04:29:41.976, 0 %, 56 MiB, 4096 MiB, 300 MHz, 1.55 W, 51, 0x0000000000000001
2026/10/07 04:29:43.997, 0 %, 56 MiB, 4096 MiB, 300 MHz, 1.56 W, 51, 0x0000000000000001
2026/10/07 04:29:46.022, 0 %, 56 MiB, 4096 MiB, 300 MHz, 1.56 W, 51, 0x0000000000000001
2026/10/07 04:29:48.043, 0 %, 56 MiB, 4096 MiB, 300 MHz, 1.64 W, 51, 0x0000000000000001
2026/10/07 04:29:50.069, 0 %, 56 MiB, 4096 MiB, 300 MHz, 1.57 W, 51, 0x0000000000000001
2026/10/07 04:29:52.093, 0 %, 56 MiB, 4096 MiB, 300 MHz, 1.52 W, 51, 0x0000000000000001
2026/10/07 04:29:54.115, 0 %, 56 MiB, 4096 MiB, 300 MHz, 1.53 W, 51, 0x0000000000000001
2026/10/07 04:29:56.140, 0 %, 56 MiB, 4096 MiB, 300 MHz, 1.95 W, 51, 0x0000000000000001
2026/10/07 04:29:58.162, 0 %, 56 MiB, 4096 MiB, 300 MHz, 1.55 W, 51, 0x0000000000000001
2026/10/07 04:30:00.186, 0 %, 56 MiB, 4096 MiB, 300 MHz, 1.59 W, 51, 0x0000000000000001
2026/10/07 04:30:02.213, 0 %, 56 MiB, 4096 MiB, 300 MHz, 1.61 W, 51, 0x0000000000000001
2026/10/07 04:30:04.238, 0 %, 56 MiB, 4096 MiB, 300 MHz, 1.55 W, 51, 0x0000000000000001
2026/10/07 04:30:06.269, 0 %, 56 MiB, 4096 MiB, 300 MHz, 1.49 W, 51, 0x0000000000000001
2026/10/07 04:30:08.292, 0 %, 56 MiB, 4096 MiB, 300 MHz, 1.57 W, 51, 0x0000000000000001
2026/10/07 04:30:10.313, 0 %, 56 MiB, 4096 MiB, 300 MHz, 1.52 W, 51, 0x0000000000000001
2026/10/07 04:30:12.338, 0 %, 56 MiB, 4096 MiB, 300 MHz, 1.49 W, 51, 0x0000000000000001
2026/10/07 04:30:14.359, 0 %, 56 MiB, 4096 MiB, 300 MHz, 1.87 W, 51, 0x0000000000000001
2026/10/07 04:30:16.384, 0 %, 56 MiB, 4096 MiB, 300 MHz, 1.56 W, 51, 0x0000000000000001
2026/10/07 04:30:18.406, 0 %, 56 MiB, 4096 MiB, 300 MHz, 1.63 W, 51, 0x0000000000000001
2026/10/07 04:30:20.431, 0 %, 56 MiB, 4096 MiB, 300 MHz, 1.64 W, 51, 0x0000000000000001
2026/10/07 04:30:22.452, 0 %, 56 MiB, 4096 MiB, 300 MHz, 1.59 W, 51, 0x0000000000000001
2026/10/07 04:30:24.477, 0 %, 56 MiB, 4096 MiB, 300 MHz, 1.62 W, 51, 0x0000000000000001
2026/10/07 04:30:26.499, 0 %, 56 MiB, 4096 MiB, 300 MHz, 1.37 W, 51, 0x0000000000000001
2026/10/07 04:30:28.523, 0 %, 56 MiB, 4096 MiB, 300 MHz, 1.49 W, 51, 0x0000000000000001
2026/10/07 04:30:30.545, 0 %, 56 MiB, 4096 MiB, 300 MHz, 1.48 W, 51, 0x0000000000000001
2026/10/07 04:30:32.569, 0 %, 56 MiB, 4096 MiB, 300 MHz, 1.50 W, 51, 0x0000000000000001
2026/10/07 04:30:34.592, 0 %, 56 MiB, 4096 MiB, 300 MHz, 1.55 W, 51, 0x0000000000000001
2026/10/07 04:30:36.613, 0 %, 56 MiB, 4096 MiB, 300 MHz, 1.58 W, 51, 0x0000000000000001
2026/10/07 04:30:38.639, 0 %, 56 MiB, 4096 MiB, 300 MHz, 1.59 W, 51, 0x0000000000000001
2026/10/07 04:30:40.664, 0 %, 56 MiB, 4096 MiB, 300 MHz, 1.60 W, 51, 0x0000000000000001
2026/10/07 04:30:42.689, 0 %, 56 MiB, 4096 MiB, 300 MHz, 1.87 W, 51, 0x0000000000000001
2026/10/07 04:30:44.710, 0 %, 56 MiB, 4096 MiB, 300 MHz, 1.62 W, 51, 0x0000000000000001
2026/10/07 04:30:46.732, 0 %, 56 MiB, 4096 MiB, 300 MHz, 1.55 W, 51, 0x0000000000000001
2026/10/07 04:30:48.758, 0 %, 56 MiB, 4096 MiB, 300 MHz, 1.59 W, 51, 0x0000000000000001
2026/10/07 04:30:50.779, 0 %, 56 MiB, 4096 MiB, 300 MHz, 1.59 W, 51, 0x0000000000000001
2026/10/07 04:30:52.804, 0 %, 56 MiB, 4096 MiB, 300 MHz, 1.67 W, 51, 0x0000000000000001
2026/10/07 04:30:54.826, 0 %, 56 MiB, 4096 MiB, 300 MHz, 1.56 W, 51, 0x0000000000000001
2026/10/07 04:30:56.851, 0 %, 56 MiB, 4096 MiB, 300 MHz, 1.58 W, 51, 0x0000000000000001
2026/10/07 04:30:58.873, 0 %, 56 MiB, 4096 MiB, 300 MHz, 1.61 W, 51, 0x0000000000000001
2026/10/07 04:31:00.896, 0 %, 56 MiB, 4096 MiB, 300 MHz, 2.03 W, 51, 0x0000000000000001
2026/10/07 04:31:02.918, 0 %, 56 MiB, 4096 MiB, 300 MHz, 1.60 W, 51, 0x0000000000000001
2026/10/07 04:31:04.943, 0 %, 56 MiB, 4096 MiB, 300 MHz, 1.57 W, 51, 0x0000000000000001
2026/10/07 04:31:06.968, 0 %, 56 MiB, 4096 MiB, 300 MHz, 1.53 W, 51, 0x0000000000000001
2026/10/07 04:31:08.994, 0 %, 56 MiB, 4096 MiB, 300 MHz, 1.57 W, 51, 0x0000000000000001
2026/10/07 04:31:11.018, 0 %, 56 MiB, 4096 MiB, 300 MHz, 1.67 W, 51, 0x0000000000000001
2026/10/07 04:31:13.040, 0 %, 56 MiB, 4096 MiB, 300 MHz, 1.59 W, 51, 0x0000000000000001
2026/10/07 04:31:15.062, 0 %, 56 MiB, 4096 MiB, 300 MHz, 1.41 W, 51, 0x0000000000000001
2026/10/07 04:31:17.084, 0 %, 56 MiB, 4096 MiB, 300 MHz, 1.55 W, 51, 0x0000000000000001
2026/10/07 04:31:19.108, 0 %, 56 MiB, 4096 MiB, 300 MHz, 1.58 W, 51, 0x0000000000000001
2026/10/07 04:31:21.132, 0 %, 56 MiB, 4096 MiB, 300 MHz, 1.58 W, 51, 0x0000000000000001
2026/10/07 04:31:23.155, 0 %, 56 MiB, 4096 MiB, 300 MHz, 1.37 W, 51, 0x0000000000000001
2026/10/07 04:31:25.177, 0 %, 56 MiB, 4096 MiB, 300 MHz, 1.49 W, 51, 0x0000000000000001
2026/10/07 04:31:27.200, 0 %, 56 MiB, 4096 MiB, 300 MHz, 1.56 W, 51, 0x0000000000000001
2026/10/07 04:31:29.224, 0 %, 56 MiB, 4096 MiB, 300 MHz, 1.97 W, 51, 0x0000000000000001
2026/10/07 04:31:31.245, 0 %, 56 MiB, 4096 MiB, 300 MHz, 1.60 W, 51, 0x0000000000000001
2026/10/07 04:31:33.270, 0 %, 56 MiB, 4096 MiB, 300 MHz, 1.59 W, 51, 0x0000000000000001
2026/10/07 04:31:35.294, 0 %, 56 MiB, 4096 MiB, 300 MHz, 1.49 W, 51, 0x0000000000000001
2026/10/07 04:31:37.318, 0 %, 56 MiB, 4096 MiB, 300 MHz, 1.55 W, 51, 0x0000000000000001
2026/10/07 04:31:39.342, 0 %, 56 MiB, 4096 MiB, 300 MHz, 1.69 W, 51, 0x0000000000000001
2026/10/07 04:31:41.363, 0 %, 56 MiB, 4096 MiB, 300 MHz, 1.50 W, 51, 0x0000000000000001
2026/10/07 04:31:43.385, 0 %, 56 MiB, 4096 MiB, 300 MHz, 1.47 W, 51, 0x0000000000000001
2026/10/07 04:31:45.410, 0 %, 56 MiB, 4096 MiB, 300 MHz, 1.53 W, 51, 0x0000000000000001
2026/10/07 04:31:47.432, 0 %, 56 MiB, 4096 MiB, 300 MHz, 1.54 W, 51, 0x0000000000000001
2026/10/07 04:31:49.457, 0 %, 56 MiB, 4096 MiB, 300 MHz, 1.63 W, 51, 0x0000000000000001
2026/10/07 04:31:51.479, 0 %, 56 MiB, 4096 MiB, 300 MHz, 1.53 W, 51, 0x0000000000000001
2026/10/07 04:31:53.507, 0 %, 56 MiB, 4096 MiB, 300 MHz, 1.52 W, 51, 0x0000000000000001
2026/10/07 04:31:55.528, 0 %, 56 MiB, 4096 MiB, 300 MHz, 1.50 W, 51, 0x0000000000000001
2026/10/07 04:31:57.550, 0 %, 56 MiB, 4096 MiB, 300 MHz, 1.82 W, 51, 0x0000000000000001
2026/10/07 04:31:59.575, 0 %, 56 MiB, 4096 MiB, 300 MHz, 1.51 W, 51, 0x0000000000000001
2026/10/07 04:32:01.596, 0 %, 56 MiB, 4096 MiB, 300 MHz, 1.54 W, 51, 0x0000000000000001
2026/10/07 04:32:03.622, 0 %, 56 MiB, 4096 MiB, 300 MHz, 1.57 W, 51, 0x0000000000000001
2026/10/07 04:32:05.646, 0 %, 56 MiB, 4096 MiB, 300 MHz, 1.52 W, 51, 0x0000000000000001
2026/10/07 04:32:07.671, 0 %, 56 MiB, 4096 MiB, 300 MHz, 1.68 W, 51, 0x0000000000000001
2026/10/07 04:32:09.692, 0 %, 56 MiB, 4096 MiB, 300 MHz, 1.59 W, 51, 0x0000000000000001
2026/10/07 04:32:11.715, 0 %, 56 MiB, 4096 MiB, 300 MHz, 1.49 W, 51, 0x0000000000000001
2026/10/07 04:32:13.737, 0 %, 56 MiB, 4096 MiB, 300 MHz, 1.57 W, 51, 0x0000000000000001
2026/10/07 04:32:15.761, 0 %, 56 MiB, 4096 MiB, 300 MHz, 1.59 W, 51, 0x0000000000000001
2026/10/07 04:32:17.786, 0 %, 56 MiB, 4096 MiB, 300 MHz, 1.72 W, 51, 0x0000000000000001
2026/10/07 04:32:19.810, 0 %, 56 MiB, 4096 MiB, 300 MHz, 1.62 W, 51, 0x0000000000000001
2026/10/07 04:32:21.836, 0 %, 56 MiB, 4096 MiB, 300 MHz, 1.59 W, 51, 0x0000000000000001
2026/10/07 04:32:23.860, 0 %, 56 MiB, 4096 MiB, 300 MHz, 1.55 W, 51, 0x0000000000000001
2026/10/07 04:32:25.882, 0 %, 56 MiB, 4096 MiB, 300 MHz, 1.94 W, 51, 0x0000000000000001
2026/10/07 04:32:27.906, 0 %, 56 MiB, 4096 MiB, 300 MHz, 1.61 W, 51, 0x0000000000000001
2026/10/07 04:32:29.928, 0 %, 56 MiB, 4096 MiB, 300 MHz, 1.60 W, 51, 0x0000000000000001
2026/10/07 04:32:31.951, 0 %, 56 MiB, 4096 MiB, 300 MHz, 1.59 W, 51, 0x0000000000000001
2026/10/07 04:32:33.975, 0 %, 56 MiB, 4096 MiB, 300 MHz, 1.59 W, 51, 0x0000000000000001
2026/10/07 04:32:35.996, 0 %, 56 MiB, 4096 MiB, 300 MHz, 1.60 W, 51, 0x0000000000000001
2026/10/07 04:32:38.019, 0 %, 56 MiB, 4096 MiB, 300 MHz, 1.60 W, 51, 0x0000000000000001
2026/10/07 04:32:40.041, 0 %, 56 MiB, 4096 MiB, 300 MHz, 1.61 W, 51, 0x0000000000000001
2026/10/07 04:32:42.064, 0 %, 56 MiB, 4096 MiB, 300 MHz, 1.55 W, 51, 0x0000000000000001
2026/10/07 04:32:44.086, 0 %, 56 MiB, 4096 MiB, 300 MHz, 1.57 W, 51, 0x0000000000000001
2026/10/07 04:32:46.110, 0 %, 56 MiB, 4096 MiB, 300 MHz, 1.56 W, 51, 0x0000000000000001
2026/10/07 04:32:48.134, 0 %, 56 MiB, 4096 MiB, 300 MHz, 1.46 W, 51, 0x0000000000000001
2026/10/07 04:32:50.157, 0 %, 56 MiB, 4096 MiB, 300 MHz, 1.49 W, 51, 0x0000000000000001
2026/10/07 04:32:52.181, 0 %, 56 MiB, 4096 MiB, 300 MHz, 1.52 W, 51, 0x0000000000000001
2026/10/07 04:32:54.203, 0 %, 56 MiB, 4096 MiB, 300 MHz, 1.92 W, 51, 0x0000000000000001
2026/10/07 04:32:56.227, 0 %, 56 MiB, 4096 MiB, 300 MHz, 1.56 W, 51, 0x0000000000000001
2026/10/07 04:32:58.249, 0 %, 56 MiB, 4096 MiB, 300 MHz, 1.55 W, 51, 0x0000000000000001
2026/10/07 04:33:00.274, 0 %, 56 MiB, 4096 MiB, 300 MHz, 1.52 W, 51, 0x0000000000000001
2026/10/07 04:33:02.296, 0 %, 56 MiB, 4096 MiB, 300 MHz, 1.56 W, 51, 0x0000000000000001
2026/10/07 04:33:04.317, 0 %, 56 MiB, 4096 MiB, 300 MHz, 1.74 W, 51, 0x0000000000000001
2026/10/07 04:33:06.343, 0 %, 56 MiB, 4096 MiB, 300 MHz, 1.48 W, 51, 0x0000000000000001
2026/10/07 04:33:08.365, 0 %, 56 MiB, 4096 MiB, 300 MHz, 1.62 W, 51, 0x0000000000000001
2026/10/07 04:33:10.386, 0 %, 56 MiB, 4096 MiB, 300 MHz, 1.51 W, 51, 0x0000000000000001
2026/10/07 04:33:12.408, 0 %, 67 MiB, 4096 MiB, 300 MHz, 1.90 W, 51, 0x0000000000000001
2026/10/07 04:33:14.432, 0 %, 67 MiB, 4096 MiB, 300 MHz, 1.84 W, 51, 0x0000000000000001
2026/10/07 04:33:16.455, 0 %, 59 MiB, 4096 MiB, 300 MHz, 1.55 W, 51, 0x0000000000000001
2026/10/07 04:33:18.479, 0 %, 59 MiB, 4096 MiB, 300 MHz, 1.53 W, 51, 0x0000000000000001
2026/10/07 04:33:20.502, 0 %, 59 MiB, 4096 MiB, 300 MHz, 1.52 W, 51, 0x0000000000000001
2026/10/07 04:33:22.526, 0 %, 59 MiB, 4096 MiB, 300 MHz, 1.57 W, 51, 0x0000000000000001
2026/10/07 04:33:24.548, 0 %, 59 MiB, 4096 MiB, 300 MHz, 1.56 W, 51, 0x0000000000000001
2026/10/07 04:33:26.572, 0 %, 59 MiB, 4096 MiB, 300 MHz, 1.50 W, 51, 0x0000000000000001
2026/10/07 04:33:28.594, 0 %, 59 MiB, 4096 MiB, 300 MHz, 1.59 W, 51, 0x0000000000000001
2026/10/07 04:33:30.619, 0 %, 59 MiB, 4096 MiB, 300 MHz, 1.46 W, 51, 0x0000000000000001
2026/10/07 04:33:32.641, 0 %, 59 MiB, 4096 MiB, 300 MHz, 1.89 W, 51, 0x0000000000000001
2026/10/07 04:33:34.664, 0 %, 59 MiB, 4096 MiB, 300 MHz, 1.53 W, 51, 0x0000000000000001
2026/10/07 04:33:36.687, 0 %, 59 MiB, 4096 MiB, 300 MHz, 1.51 W, 51, 0x0000000000000001
2026/10/07 04:33:38.708, 0 %, 59 MiB, 4096 MiB, 300 MHz, 1.56 W, 51, 0x0000000000000001
2026/10/07 04:33:40.733, 0 %, 59 MiB, 4096 MiB, 300 MHz, 1.47 W, 51, 0x0000000000000001
2026/10/07 04:33:42.755, 0 %, 67 MiB, 4096 MiB, 300 MHz, 1.73 W, 51, 0x0000000000000001
2026/10/07 04:33:44.780, 0 %, 66 MiB, 4096 MiB, 300 MHz, 1.58 W, 51, 0x0000000000000001
2026/10/07 04:33:46.804, 0 %, 58 MiB, 4096 MiB, 300 MHz, 1.48 W, 51, 0x0000000000000001
2026/10/07 04:33:48.826, 0 %, 58 MiB, 4096 MiB, 300 MHz, 1.54 W, 51, 0x0000000000000001
2026/10/07 04:33:50.851, 0 %, 58 MiB, 4096 MiB, 300 MHz, 1.47 W, 51, 0x0000000000000001
2026/10/07 04:33:52.872, 0 %, 58 MiB, 4096 MiB, 300 MHz, 1.64 W, 51, 0x0000000000000001
2026/10/07 04:33:54.897, 0 %, 58 MiB, 4096 MiB, 300 MHz, 1.51 W, 51, 0x0000000000000001
2026/10/07 04:33:56.919, 0 %, 58 MiB, 4096 MiB, 300 MHz, 1.53 W, 51, 0x0000000000000001
2026/10/07 04:33:58.940, 0 %, 58 MiB, 4096 MiB, 300 MHz, 1.56 W, 51, 0x0000000000000001
2026/10/07 04:34:00.961, 0 %, 58 MiB, 4096 MiB, 300 MHz, 2.07 W, 51, 0x0000000000000001
2026/10/07 04:34:02.985, 0 %, 58 MiB, 4096 MiB, 300 MHz, 1.68 W, 51, 0x0000000000000001
2026/10/07 04:34:05.008, 0 %, 58 MiB, 4096 MiB, 300 MHz, 1.66 W, 51, 0x0000000000000001
2026/10/07 04:34:07.029, 0 %, 58 MiB, 4096 MiB, 300 MHz, 1.65 W, 51, 0x0000000000000001
2026/10/07 04:34:09.053, 0 %, 58 MiB, 4096 MiB, 300 MHz, 1.66 W, 51, 0x0000000000000001
2026/10/07 04:34:11.075, 0 %, 58 MiB, 4096 MiB, 300 MHz, 1.85 W, 51, 0x0000000000000001
2026/10/07 04:34:13.099, 0 %, 58 MiB, 4096 MiB, 300 MHz, 1.54 W, 51, 0x0000000000000001
2026/10/07 04:34:15.120, 0 %, 56 MiB, 4096 MiB, 300 MHz, 1.58 W, 51, 0x0000000000000001
2026/10/07 04:34:17.145, 0 %, 56 MiB, 4096 MiB, 300 MHz, 1.51 W, 51, 0x0000000000000001
2026/10/07 04:34:19.166, 0 %, 56 MiB, 4096 MiB, 300 MHz, 1.54 W, 51, 0x0000000000000001
2026/10/07 04:34:21.191, 0 %, 56 MiB, 4096 MiB, 300 MHz, 1.69 W, 51, 0x0000000000000001
2026/10/07 04:34:23.212, 0 %, 56 MiB, 4096 MiB, 300 MHz, 1.51 W, 51, 0x0000000000000001
2026/10/07 04:34:25.237, 0 %, 56 MiB, 4096 MiB, 300 MHz, 1.48 W, 51, 0x0000000000000001
2026/10/07 04:34:27.259, 0 %, 56 MiB, 4096 MiB, 300 MHz, 1.49 W, 51, 0x0000000000000001
2026/10/07 04:34:29.285, 0 %, 56 MiB, 4096 MiB, 300 MHz, 1.89 W, 51, 0x0000000000000001
2026/10/07 04:34:31.310, 0 %, 56 MiB, 4096 MiB, 300 MHz, 1.60 W, 51, 0x0000000000000001
2026/10/07 04:34:33.332, 0 %, 56 MiB, 4096 MiB, 300 MHz, 1.56 W, 51, 0x0000000000000001
2026/10/07 04:34:35.355, 0 %, 56 MiB, 4096 MiB, 300 MHz, 1.58 W, 51, 0x0000000000000001
2026/10/07 04:34:37.376, 0 %, 56 MiB, 4096 MiB, 300 MHz, 1.51 W, 51, 0x0000000000000001
2026/10/07 04:34:39.401, 0 %, 56 MiB, 4096 MiB, 300 MHz, 1.72 W, 51, 0x0000000000000001
2026/10/07 04:34:41.423, 0 %, 56 MiB, 4096 MiB, 300 MHz, 1.40 W, 51, 0x0000000000000001
2026/10/07 04:34:43.448, 0 %, 56 MiB, 4096 MiB, 300 MHz, 1.50 W, 51, 0x0000000000000001
2026/10/07 04:34:45.480, 0 %, 56 MiB, 4096 MiB, 300 MHz, 1.37 W, 51, 0x0000000000000001
2026/10/07 04:34:47.502, 0 %, 56 MiB, 4096 MiB, 300 MHz, 1.92 W, 51, 0x0000000000000001
2026/10/07 04:34:49.527, 0 %, 56 MiB, 4096 MiB, 300 MHz, 1.54 W, 51, 0x0000000000000001
2026/10/07 04:34:51.551, 0 %, 56 MiB, 4096 MiB, 300 MHz, 1.58 W, 51, 0x0000000000000001
2026/10/07 04:34:53.573, 0 %, 56 MiB, 4096 MiB, 300 MHz, 1.59 W, 51, 0x0000000000000001
2026/10/07 04:34:55.597, 0 %, 56 MiB, 4096 MiB, 300 MHz, 1.53 W, 51, 0x0000000000000001
2026/10/07 04:34:57.618, 0 %, 56 MiB, 4096 MiB, 300 MHz, 1.75 W, 51, 0x0000000000000001
2026/10/07 04:34:59.642, 0 %, 56 MiB, 4096 MiB, 300 MHz, 1.46 W, 51, 0x0000000000000001
2026/10/07 04:35:01.664, 0 %, 56 MiB, 4096 MiB, 300 MHz, 1.51 W, 51, 0x0000000000000001
2026/10/07 04:35:03.686, 0 %, 56 MiB, 4096 MiB, 300 MHz, 1.53 W, 51, 0x0000000000000001
2026/10/07 04:35:05.709, 0 %, 56 MiB, 4096 MiB, 300 MHz, 1.54 W, 51, 0x0000000000000001
2026/10/07 04:35:07.732, 0 %, 56 MiB, 4096 MiB, 300 MHz, 1.45 W, 51, 0x0000000000000001
2026/10/07 04:35:09.756, 0 %, 56 MiB, 4096 MiB, 300 MHz, 1.54 W, 51, 0x0000000000000001
2026/10/07 04:35:11.780, 0 %, 56 MiB, 4096 MiB, 300 MHz, 1.61 W, 51, 0x0000000000000001
2026/10/07 04:35:13.802, 0 %, 56 MiB, 4096 MiB, 300 MHz, 1.51 W, 51, 0x0000000000000001
2026/10/07 04:35:15.823, 0 %, 56 MiB, 4096 MiB, 300 MHz, 1.51 W, 51, 0x0000000000000001
2026/10/07 04:35:17.847, 0 %, 56 MiB, 4096 MiB, 300 MHz, 1.46 W, 51, 0x0000000000000001
2026/10/07 04:35:19.868, 0 %, 56 MiB, 4096 MiB, 300 MHz, 1.51 W, 51, 0x0000000000000001
2026/10/07 04:35:21.891, 0 %, 56 MiB, 4096 MiB, 300 MHz, 1.51 W, 51, 0x0000000000000001
2026/10/07 04:35:23.912, 0 %, 56 MiB, 4096 MiB, 300 MHz, 1.52 W, 51, 0x0000000000000001
2026/10/07 04:35:25.936, 0 %, 56 MiB, 4096 MiB, 300 MHz, 2.01 W, 51, 0x0000000000000001
2026/10/07 04:35:27.960, 0 %, 56 MiB, 4096 MiB, 300 MHz, 1.55 W, 51, 0x0000000000000001
2026/10/07 04:35:29.982, 0 %, 56 MiB, 4096 MiB, 300 MHz, 1.51 W, 51, 0x0000000000000001
2026/10/07 04:35:32.006, 0 %, 56 MiB, 4096 MiB, 300 MHz, 1.52 W, 51, 0x0000000000000001
2026/10/07 04:35:34.028, 0 %, 56 MiB, 4096 MiB, 300 MHz, 1.53 W, 51, 0x0000000000000001
2026/10/07 04:35:36.053, 0 %, 56 MiB, 4096 MiB, 300 MHz, 1.79 W, 51, 0x0000000000000001
2026/10/07 04:35:38.076, 0 %, 56 MiB, 4096 MiB, 300 MHz, 1.62 W, 51, 0x0000000000000001
2026/10/07 04:35:40.097, 0 %, 56 MiB, 4096 MiB, 300 MHz, 1.66 W, 51, 0x0000000000000001
2026/10/07 04:35:42.122, 0 %, 56 MiB, 4096 MiB, 300 MHz, 1.58 W, 51, 0x0000000000000001
2026/10/07 04:35:44.143, 0 %, 56 MiB, 4096 MiB, 300 MHz, 1.53 W, 51, 0x0000000000000001
2026/10/07 04:35:46.167, 0 %, 56 MiB, 4096 MiB, 300 MHz, 1.71 W, 51, 0x0000000000000001
2026/10/07 04:35:48.192, 0 %, 56 MiB, 4096 MiB, 300 MHz, 1.61 W, 51, 0x0000000000000001
2026/10/07 04:35:50.214, 0 %, 56 MiB, 4096 MiB, 300 MHz, 1.60 W, 51, 0x0000000000000001
2026/10/07 04:35:52.237, 0 %, 56 MiB, 4096 MiB, 300 MHz, 1.60 W, 51, 0x0000000000000001
2026/10/07 04:35:54.259, 0 %, 56 MiB, 4096 MiB, 300 MHz, 1.88 W, 51, 0x0000000000000001
2026/10/07 04:35:56.283, 0 %, 56 MiB, 4096 MiB, 300 MHz, 1.47 W, 51, 0x0000000000000001
2026/10/07 04:35:58.305, 0 %, 56 MiB, 4096 MiB, 300 MHz, 1.52 W, 51, 0x0000000000000001
2026/10/07 04:36:00.333, 0 %, 56 MiB, 4096 MiB, 300 MHz, 1.49 W, 51, 0x0000000000000001
2026/10/07 04:36:02.355, 0 %, 56 MiB, 4096 MiB, 300 MHz, 1.57 W, 51, 0x0000000000000001
2026/10/07 04:36:04.379, 0 %, 56 MiB, 4096 MiB, 300 MHz, 1.76 W, 51, 0x0000000000000001
2026/10/07 04:36:06.402, 0 %, 56 MiB, 4096 MiB, 300 MHz, 1.54 W, 51, 0x0000000000000001
2026/10/07 04:36:08.426, 0 %, 56 MiB, 4096 MiB, 300 MHz, 1.53 W, 51, 0x0000000000000001
2026/10/07 04:36:10.447, 0 %, 56 MiB, 4096 MiB, 300 MHz, 1.59 W, 51, 0x0000000000000001
2026/10/07 04:36:12.470, 0 %, 56 MiB, 4096 MiB, 300 MHz, 1.55 W, 51, 0x0000000000000001
2026/10/07 04:36:14.494, 0 %, 56 MiB, 4096 MiB, 300 MHz, 1.53 W, 51, 0x0000000000000001
2026/10/07 04:36:16.518, 0 %, 56 MiB, 4096 MiB, 300 MHz, 1.49 W, 51, 0x0000000000000001
2026/10/07 04:36:18.542, 0 %, 56 MiB, 4096 MiB, 300 MHz, 1.46 W, 51, 0x0000000000000001
2026/10/07 04:36:20.565, 0 %, 56 MiB, 4096 MiB, 300 MHz, 1.46 W, 51, 0x0000000000000001
2026/10/07 04:36:22.591, 0 %, 56 MiB, 4096 MiB, 300 MHz, 1.81 W, 51, 0x0000000000000001
2026/10/07 04:36:24.613, 0 %, 56 MiB, 4096 MiB, 300 MHz, 1.52 W, 51, 0x0000000000000001
2026/10/07 04:36:26.638, 0 %, 56 MiB, 4096 MiB, 300 MHz, 1.54 W, 51, 0x0000000000000001
2026/10/07 04:36:28.664, 0 %, 56 MiB, 4096 MiB, 300 MHz, 1.55 W, 51, 0x0000000000000001
2026/10/07 04:36:30.689, 0 %, 56 MiB, 4096 MiB, 300 MHz, 1.57 W, 51, 0x0000000000000001
2026/10/07 04:36:32.710, 0 %, 56 MiB, 4096 MiB, 300 MHz, 1.55 W, 51, 0x0000000000000001
2026/10/07 04:36:34.735, 0 %, 56 MiB, 4096 MiB, 300 MHz, 1.55 W, 51, 0x0000000000000001
2026/10/07 04:36:36.757, 0 %, 56 MiB, 4096 MiB, 300 MHz, 1.46 W, 51, 0x0000000000000001
2026/10/07 04:36:38.782, 0 %, 56 MiB, 4096 MiB, 300 MHz, 1.47 W, 51, 0x0000000000000001
2026/10/07 04:36:40.804, 0 %, 56 MiB, 4096 MiB, 300 MHz, 1.83 W, 51, 0x0000000000000001
2026/10/07 04:36:42.825, 0 %, 56 MiB, 4096 MiB, 300 MHz, 1.56 W, 51, 0x0000000000000001
2026/10/07 04:36:44.852, 0 %, 56 MiB, 4096 MiB, 300 MHz, 1.52 W, 51, 0x0000000000000001
2026/10/07 04:36:46.874, 0 %, 56 MiB, 4096 MiB, 300 MHz, 1.55 W, 51, 0x0000000000000001
2026/10/07 04:36:48.898, 0 %, 56 MiB, 4096 MiB, 300 MHz, 1.57 W, 51, 0x0000000000000001
2026/10/07 04:36:50.920, 0 %, 56 MiB, 4096 MiB, 300 MHz, 1.70 W, 51, 0x0000000000000001
2026/10/07 04:36:52.944, 0 %, 56 MiB, 4096 MiB, 300 MHz, 1.52 W, 51, 0x0000000000000001
2026/10/07 04:36:54.966, 0 %, 56 MiB, 4096 MiB, 300 MHz, 1.49 W, 51, 0x0000000000000001
2026/10/07 04:36:56.989, 0 %, 56 MiB, 4096 MiB, 300 MHz, 1.53 W, 51, 0x0000000000000001
2026/10/07 04:36:59.014, 0 %, 56 MiB, 4096 MiB, 300 MHz, 1.48 W, 51, 0x0000000000000001
2026/10/07 04:37:01.036, 0 %, 56 MiB, 4096 MiB, 300 MHz, 1.55 W, 51, 0x0000000000000001
2026/10/07 04:37:03.059, 0 %, 56 MiB, 4096 MiB, 300 MHz, 1.54 W, 51, 0x0000000000000001
2026/10/07 04:37:05.092, 0 %, 56 MiB, 4096 MiB, 300 MHz, 1.55 W, 51, 0x0000000000000001
2026/10/07 04:37:07.116, 0 %, 56 MiB, 4096 MiB, 300 MHz, 1.51 W, 51, 0x0000000000000001
2026/10/07 04:37:09.139, 0 %, 56 MiB, 4096 MiB, 300 MHz, 1.68 W, 51, 0x0000000000000001
2026/10/07 04:37:11.164, 0 %, 56 MiB, 4096 MiB, 300 MHz, 1.62 W, 51, 0x0000000000000001
2026/10/07 04:37:13.186, 0 %, 56 MiB, 4096 MiB, 300 MHz, 1.53 W, 51, 0x0000000000000001
2026/10/07 04:37:15.209, 0 %, 56 MiB, 4096 MiB, 300 MHz, 1.68 W, 51, 0x0000000000000001
2026/10/07 04:37:17.234, 0 %, 56 MiB, 4096 MiB, 300 MHz, 1.97 W, 51, 0x0000000000000001
2026/10/07 04:37:19.255, 0 %, 56 MiB, 4096 MiB, 300 MHz, 1.58 W, 51, 0x0000000000000001
2026/10/07 04:37:21.277, 0 %, 56 MiB, 4096 MiB, 300 MHz, 1.69 W, 51, 0x0000000000000001
2026/10/07 04:37:23.302, 0 %, 56 MiB, 4096 MiB, 300 MHz, 1.65 W, 51, 0x0000000000000001
2026/10/07 04:37:25.323, 0 %, 56 MiB, 4096 MiB, 300 MHz, 1.59 W, 51, 0x0000000000000001
2026/10/07 04:37:27.347, 0 %, 56 MiB, 4096 MiB, 300 MHz, 1.75 W, 51, 0x0000000000000001
2026/10/07 04:37:29.372, 0 %, 56 MiB, 4096 MiB, 300 MHz, 1.52 W, 51, 0x0000000000000001
2026/10/07 04:37:31.393, 0 %, 56 MiB, 4096 MiB, 300 MHz, 1.48 W, 51, 0x0000000000000001
2026/10/07 04:37:33.415, 0 %, 56 MiB, 4096 MiB, 300 MHz, 1.46 W, 51, 0x0000000000000001
2026/10/07 04:37:35.438, 0 %, 56 MiB, 4096 MiB, 300 MHz, 1.48 W, 51, 0x0000000000000001
2026/10/07 04:37:37.462, 0 %, 56 MiB, 4096 MiB, 300 MHz, 1.65 W, 51, 0x0000000000000001
2026/10/07 04:37:39.485, 0 %, 56 MiB, 4096 MiB, 300 MHz, 1.51 W, 51, 0x0000000000000001
2026/10/07 04:37:41.507, 0 %, 56 MiB, 4096 MiB, 300 MHz, 1.53 W, 51, 0x0000000000000001
2026/10/07 04:37:43.532, 0 %, 56 MiB, 4096 MiB, 300 MHz, 1.52 W, 51, 0x0000000000000001
2026/10/07 04:37:45.557, 0 %, 56 MiB, 4096 MiB, 300 MHz, 1.91 W, 51, 0x0000000000000001
2026/10/07 04:37:47.579, 0 %, 56 MiB, 4096 MiB, 300 MHz, 1.28 W, 51, 0x0000000000000001
2026/10/07 04:37:49.603, 0 %, 56 MiB, 4096 MiB, 300 MHz, 1.46 W, 51, 0x0000000000000001
2026/10/07 04:37:51.624, 0 %, 56 MiB, 4096 MiB, 300 MHz, 1.47 W, 51, 0x0000000000000001
2026/10/07 04:37:53.648, 0 %, 56 MiB, 4096 MiB, 300 MHz, 1.50 W, 51, 0x0000000000000001
2026/10/07 04:37:55.672, 0 %, 56 MiB, 4096 MiB, 300 MHz, 1.80 W, 51, 0x0000000000000001
2026/10/07 04:37:57.694, 0 %, 56 MiB, 4096 MiB, 300 MHz, 1.52 W, 51, 0x0000000000000001
2026/10/07 04:37:59.719, 0 %, 56 MiB, 4096 MiB, 300 MHz, 1.56 W, 51, 0x0000000000000001
2026/10/07 04:38:01.740, 0 %, 56 MiB, 4096 MiB, 300 MHz, 1.53 W, 51, 0x0000000000000001
2026/10/07 04:38:03.762, 0 %, 56 MiB, 4096 MiB, 300 MHz, 1.53 W, 51, 0x0000000000000001
2026/10/07 04:38:05.786, 0 %, 56 MiB, 4096 MiB, 300 MHz, 1.75 W, 51, 0x0000000000000001
2026/10/07 04:38:07.807, 0 %, 66 MiB, 4096 MiB, 300 MHz, 1.48 W, 51, 0x0000000000000001
2026/10/07 04:38:09.834, 0 %, 66 MiB, 4096 MiB, 300 MHz, 1.52 W, 51, 0x0000000000000001
2026/10/07 04:38:11.858, 0 %, 58 MiB, 4096 MiB, 300 MHz, 1.53 W, 51, 0x0000000000000001
2026/10/07 04:38:13.884, 0 %, 58 MiB, 4096 MiB, 300 MHz, 1.98 W, 51, 0x0000000000000001
2026/10/07 04:38:15.906, 0 %, 58 MiB, 4096 MiB, 300 MHz, 1.65 W, 51, 0x0000000000000001
2026/10/07 04:38:17.930, 0 %, 58 MiB, 4096 MiB, 300 MHz, 1.52 W, 51, 0x0000000000000001
2026/10/07 04:38:19.955, 0 %, 58 MiB, 4096 MiB, 300 MHz, 1.58 W, 51, 0x0000000000000001
2026/10/07 04:38:21.977, 0 %, 58 MiB, 4096 MiB, 300 MHz, 1.59 W, 51, 0x0000000000000001
2026/10/07 04:38:24.001, 0 %, 58 MiB, 4096 MiB, 300 MHz, 1.72 W, 51, 0x0000000000000001
2026/10/07 04:38:26.022, 0 %, 58 MiB, 4096 MiB, 300 MHz, 1.48 W, 51, 0x0000000000000001
2026/10/07 04:38:28.047, 0 %, 58 MiB, 4096 MiB, 300 MHz, 1.53 W, 51, 0x0000000000000001
2026/10/07 04:38:30.069, 0 %, 58 MiB, 4096 MiB, 300 MHz, 1.46 W, 51, 0x0000000000000001
2026/10/07 04:38:32.090, 0 %, 58 MiB, 4096 MiB, 300 MHz, 1.47 W, 51, 0x0000000000000001
2026/10/07 04:38:34.116, 0 %, 58 MiB, 4096 MiB, 300 MHz, 1.64 W, 51, 0x0000000000000001
2026/10/07 04:38:36.138, 0 %, 58 MiB, 4096 MiB, 300 MHz, 1.57 W, 51, 0x0000000000000001
2026/10/07 04:38:38.159, 0 %, 56 MiB, 4096 MiB, 300 MHz, 1.57 W, 51, 0x0000000000000001
2026/10/07 04:38:40.184, 0 %, 56 MiB, 4096 MiB, 300 MHz, 1.51 W, 51, 0x0000000000000001
2026/10/07 04:38:42.205, 0 %, 56 MiB, 4096 MiB, 300 MHz, 1.53 W, 51, 0x0000000000000001
2026/10/07 04:38:44.228, 0 %, 56 MiB, 4096 MiB, 300 MHz, 1.50 W, 51, 0x0000000000000001
2026/10/07 04:38:46.253, 0 %, 56 MiB, 4096 MiB, 300 MHz, 1.56 W, 51, 0x0000000000000001
2026/10/07 04:38:48.275, 0 %, 56 MiB, 4096 MiB, 300 MHz, 1.60 W, 51, 0x0000000000000001
2026/10/07 04:38:50.298, 0 %, 56 MiB, 4096 MiB, 300 MHz, 1.52 W, 51, 0x0000000000000001
2026/10/07 04:38:52.320, 0 %, 56 MiB, 4096 MiB, 300 MHz, 1.95 W, 51, 0x0000000000000001
2026/10/07 04:38:54.343, 0 %, 56 MiB, 4096 MiB, 300 MHz, 1.54 W, 51, 0x0000000000000001
2026/10/07 04:38:56.365, 0 %, 56 MiB, 4096 MiB, 300 MHz, 1.53 W, 51, 0x0000000000000001
2026/10/07 04:38:58.387, 0 %, 56 MiB, 4096 MiB, 300 MHz, 1.53 W, 51, 0x0000000000000001
2026/10/07 04:39:00.412, 0 %, 56 MiB, 4096 MiB, 300 MHz, 1.55 W, 51, 0x0000000000000001
2026/10/07 04:39:02.436, 0 %, 56 MiB, 4096 MiB, 300 MHz, 1.70 W, 51, 0x0000000000000001
2026/10/07 04:39:04.458, 0 %, 56 MiB, 4096 MiB, 300 MHz, 1.53 W, 51, 0x0000000000000001
2026/10/07 04:39:06.479, 0 %, 56 MiB, 4096 MiB, 300 MHz, 1.58 W, 51, 0x0000000000000001
2026/10/07 04:39:08.505, 0 %, 56 MiB, 4096 MiB, 300 MHz, 1.45 W, 51, 0x0000000000000001
2026/10/07 04:39:10.529, 0 %, 56 MiB, 4096 MiB, 300 MHz, 1.23 W, 51, 0x0000000000000001
2026/10/07 04:39:12.551, 0 %, 56 MiB, 4096 MiB, 300 MHz, 1.59 W, 51, 0x0000000000000001
2026/10/07 04:39:14.575, 0 %, 56 MiB, 4096 MiB, 300 MHz, 1.51 W, 51, 0x0000000000000001
2026/10/07 04:39:16.597, 0 %, 56 MiB, 4096 MiB, 300 MHz, 1.53 W, 51, 0x0000000000000001
2026/10/07 04:39:18.622, 0 %, 56 MiB, 4096 MiB, 300 MHz, 1.53 W, 51, 0x0000000000000001
2026/10/07 04:39:20.646, 0 %, 56 MiB, 4096 MiB, 300 MHz, 1.84 W, 51, 0x0000000000000001
2026/10/07 04:39:22.667, 0 %, 56 MiB, 4096 MiB, 300 MHz, 1.51 W, 51, 0x0000000000000001
2026/10/07 04:39:24.689, 0 %, 56 MiB, 4096 MiB, 300 MHz, 1.47 W, 51, 0x0000000000000001
2026/10/07 04:39:26.715, 0 %, 56 MiB, 4096 MiB, 300 MHz, 1.45 W, 51, 0x0000000000000001
2026/10/07 04:39:28.737, 0 %, 56 MiB, 4096 MiB, 300 MHz, 1.45 W, 51, 0x0000000000000001
2026/10/07 04:39:30.763, 0 %, 56 MiB, 4096 MiB, 300 MHz, 1.69 W, 51, 0x0000000000000001
2026/10/07 04:39:32.784, 0 %, 56 MiB, 4096 MiB, 300 MHz, 1.51 W, 51, 0x0000000000000001
2026/10/07 04:39:34.806, 0 %, 56 MiB, 4096 MiB, 300 MHz, 1.55 W, 51, 0x0000000000000001
2026/10/07 04:39:36.834, 0 %, 56 MiB, 4096 MiB, 300 MHz, 1.59 W, 51, 0x0000000000000001
2026/10/07 04:39:38.855, 0 %, 56 MiB, 4096 MiB, 300 MHz, 1.51 W, 51, 0x0000000000000001
2026/10/07 04:39:40.878, 0 %, 56 MiB, 4096 MiB, 300 MHz, 1.59 W, 51, 0x0000000000000001
2026/10/07 04:39:42.900, 0 %, 56 MiB, 4096 MiB, 300 MHz, 1.50 W, 51, 0x0000000000000001
2026/10/07 04:39:44.926, 0 %, 56 MiB, 4096 MiB, 300 MHz, 1.49 W, 51, 0x0000000000000001
2026/10/07 04:39:46.948, 0 %, 56 MiB, 4096 MiB, 300 MHz, 1.50 W, 51, 0x0000000000000001
2026/10/07 04:39:48.972, 0 %, 56 MiB, 4096 MiB, 300 MHz, 1.95 W, 51, 0x0000000000000001
2026/10/07 04:39:50.994, 0 %, 56 MiB, 4096 MiB, 300 MHz, 1.61 W, 51, 0x0000000000000001
2026/10/07 04:39:53.019, 0 %, 56 MiB, 4096 MiB, 300 MHz, 1.62 W, 51, 0x0000000000000001
2026/10/07 04:39:55.041, 0 %, 56 MiB, 4096 MiB, 300 MHz, 1.65 W, 51, 0x0000000000000001
2026/10/07 04:39:57.066, 0 %, 56 MiB, 4096 MiB, 300 MHz, 1.58 W, 51, 0x0000000000000001
2026/10/07 04:39:59.088, 0 %, 56 MiB, 4096 MiB, 300 MHz, 1.78 W, 51, 0x0000000000000001
2026/10/07 04:40:01.112, 0 %, 56 MiB, 4096 MiB, 300 MHz, 1.48 W, 51, 0x0000000000000001
2026/10/07 04:40:03.134, 0 %, 56 MiB, 4096 MiB, 300 MHz, 1.50 W, 51, 0x0000000000000001
2026/10/07 04:40:05.156, 0 %, 56 MiB, 4096 MiB, 300 MHz, 1.53 W, 51, 0x0000000000000001
2026/10/07 04:40:07.180, 0 %, 56 MiB, 4096 MiB, 300 MHz, 1.53 W, 51, 0x0000000000000001
2026/10/07 04:40:09.203, 0 %, 56 MiB, 4096 MiB, 300 MHz, 1.53 W, 51, 0x0000000000000001
2026/10/07 04:40:11.228, 0 %, 56 MiB, 4096 MiB, 300 MHz, 1.63 W, 51, 0x0000000000000001
2026/10/07 04:40:13.249, 0 %, 56 MiB, 4096 MiB, 300 MHz, 1.57 W, 51, 0x0000000000000001
2026/10/07 04:40:15.271, 0 %, 56 MiB, 4096 MiB, 300 MHz, 1.53 W, 51, 0x0000000000000001
2026/10/07 04:40:17.293, 0 %, 56 MiB, 4096 MiB, 300 MHz, 1.90 W, 51, 0x0000000000000001
2026/10/07 04:40:19.316, 0 %, 56 MiB, 4096 MiB, 300 MHz, 1.56 W, 51, 0x0000000000000001
2026/10/07 04:40:21.339, 0 %, 56 MiB, 4096 MiB, 300 MHz, 1.51 W, 51, 0x0000000000000001
2026/10/07 04:40:23.362, 0 %, 56 MiB, 4096 MiB, 300 MHz, 1.59 W, 51, 0x0000000000000001
2026/10/07 04:40:25.384, 0 %, 56 MiB, 4096 MiB, 300 MHz, 1.54 W, 51, 0x0000000000000001
2026/10/07 04:40:27.408, 0 %, 56 MiB, 4096 MiB, 300 MHz, 1.79 W, 51, 0x0000000000000001
2026/10/07 04:40:29.432, 0 %, 56 MiB, 4096 MiB, 300 MHz, 1.57 W, 51, 0x0000000000000001
2026/10/07 04:40:31.454, 0 %, 56 MiB, 4096 MiB, 300 MHz, 1.57 W, 51, 0x0000000000000001
2026/10/07 04:40:33.479, 0 %, 56 MiB, 4096 MiB, 300 MHz, 1.52 W, 51, 0x0000000000000001
2026/10/07 04:40:35.501, 0 %, 56 MiB, 4096 MiB, 300 MHz, 1.51 W, 51, 0x0000000000000001
2026/10/07 04:40:37.525, 0 %, 56 MiB, 4096 MiB, 300 MHz, 1.52 W, 51, 0x0000000000000001
2026/10/07 04:40:39.548, 0 %, 56 MiB, 4096 MiB, 300 MHz, 1.50 W, 51, 0x0000000000000001
2026/10/07 04:40:41.569, 0 %, 56 MiB, 4096 MiB, 300 MHz, 1.52 W, 51, 0x0000000000000001
2026/10/07 04:40:43.592, 0 %, 56 MiB, 4096 MiB, 300 MHz, 1.54 W, 51, 0x0000000000000001
2026/10/07 04:40:45.613, 0 %, 56 MiB, 4096 MiB, 300 MHz, 1.45 W, 51, 0x0000000000000001
2026/10/07 04:40:47.636, 0 %, 56 MiB, 4096 MiB, 300 MHz, 1.57 W, 51, 0x0000000000000001
2026/10/07 04:40:49.657, 0 %, 56 MiB, 4096 MiB, 300 MHz, 1.50 W, 51, 0x0000000000000001
2026/10/07 04:40:51.682, 0 %, 56 MiB, 4096 MiB, 300 MHz, 1.50 W, 51, 0x0000000000000001
2026/10/07 04:40:53.705, 0 %, 56 MiB, 4096 MiB, 300 MHz, 1.52 W, 51, 0x0000000000000001
2026/10/07 04:40:55.726, 0 %, 56 MiB, 4096 MiB, 300 MHz, 1.87 W, 51, 0x0000000000000001
2026/10/07 04:40:57.751, 0 %, 56 MiB, 4096 MiB, 300 MHz, 1.49 W, 51, 0x0000000000000001
2026/10/07 04:40:59.773, 0 %, 56 MiB, 4096 MiB, 300 MHz, 1.52 W, 51, 0x0000000000000001
2026/10/07 04:41:01.794, 0 %, 56 MiB, 4096 MiB, 300 MHz, 1.50 W, 51, 0x0000000000000001
2026/10/07 04:41:03.818, 0 %, 56 MiB, 4096 MiB, 300 MHz, 1.48 W, 51, 0x0000000000000001
2026/10/07 04:41:05.840, 0 %, 56 MiB, 4096 MiB, 300 MHz, 1.81 W, 51, 0x0000000000000001
2026/10/07 04:41:07.861, 0 %, 56 MiB, 4096 MiB, 300 MHz, 1.52 W, 51, 0x0000000000000001
2026/10/07 04:41:09.885, 0 %, 56 MiB, 4096 MiB, 300 MHz, 1.51 W, 51, 0x0000000000000001
2026/10/07 04:41:11.907, 0 %, 56 MiB, 4096 MiB, 300 MHz, 1.59 W, 51, 0x0000000000000001
2026/10/07 04:41:13.931, 0 %, 56 MiB, 4096 MiB, 300 MHz, 1.58 W, 51, 0x0000000000000001
2026/10/07 04:41:15.956, 0 %, 56 MiB, 4096 MiB, 300 MHz, 1.63 W, 51, 0x0000000000000001
2026/10/07 04:41:17.979, 0 %, 56 MiB, 4096 MiB, 300 MHz, 1.54 W, 51, 0x0000000000000001
2026/10/07 04:41:20.006, 0 %, 56 MiB, 4096 MiB, 300 MHz, 1.54 W, 51, 0x0000000000000001
2026/10/07 04:41:22.028, 0 %, 56 MiB, 4096 MiB, 300 MHz, 1.52 W, 51, 0x0000000000000001
2026/10/07 04:41:24.051, 0 %, 56 MiB, 4096 MiB, 300 MHz, 1.92 W, 51, 0x0000000000000001
2026/10/07 04:41:26.076, 0 %, 56 MiB, 4096 MiB, 300 MHz, 1.61 W, 51, 0x0000000000000001
2026/10/07 04:41:28.109, 0 %, 56 MiB, 4096 MiB, 300 MHz, 1.68 W, 51, 0x0000000000000001
2026/10/07 04:41:30.130, 0 %, 56 MiB, 4096 MiB, 300 MHz, 1.62 W, 51, 0x0000000000000001
2026/10/07 04:41:32.154, 0 %, 56 MiB, 4096 MiB, 300 MHz, 1.95 W, 51, 0x0000000000000001
2026/10/07 04:41:34.178, 0 %, 56 MiB, 4096 MiB, 300 MHz, 1.55 W, 51, 0x0000000000000001
2026/10/07 04:41:36.202, 0 %, 56 MiB, 4096 MiB, 300 MHz, 1.56 W, 51, 0x0000000000000001
2026/10/07 04:41:38.229, 0 %, 56 MiB, 4096 MiB, 300 MHz, 1.47 W, 51, 0x0000000000000001
2026/10/07 04:41:40.254, 0 %, 56 MiB, 4096 MiB, 300 MHz, 1.49 W, 51, 0x0000000000000001
2026/10/07 04:41:42.276, 0 %, 56 MiB, 4096 MiB, 300 MHz, 1.63 W, 51, 0x0000000000000001
2026/10/07 04:41:44.298, 0 %, 56 MiB, 4096 MiB, 300 MHz, 1.59 W, 51, 0x0000000000000001
2026/10/07 04:41:46.337, 0 %, 56 MiB, 4096 MiB, 300 MHz, 1.56 W, 51, 0x0000000000000001
2026/10/07 04:41:48.363, 0 %, 56 MiB, 4096 MiB, 300 MHz, 1.56 W, 51, 0x0000000000000001
2026/10/07 04:41:50.386, 0 %, 56 MiB, 4096 MiB, 300 MHz, 1.60 W, 51, 0x0000000000000001
2026/10/07 04:41:52.422, 0 %, 56 MiB, 4096 MiB, 300 MHz, 1.53 W, 51, 0x0000000000000001
2026/10/07 04:41:54.446, 0 %, 56 MiB, 4096 MiB, 300 MHz, 1.59 W, 51, 0x0000000000000001
2026/10/07 04:41:56.473, 0 %, 56 MiB, 4096 MiB, 300 MHz, 1.98 W, 51, 0x0000000000000001
2026/10/07 04:41:58.496, 0 %, 56 MiB, 4096 MiB, 300 MHz, 1.53 W, 51, 0x0000000000000001
2026/10/07 04:42:00.518, 0 %, 56 MiB, 4096 MiB, 300 MHz, 1.52 W, 51, 0x0000000000000001
2026/10/07 04:42:02.542, 0 %, 56 MiB, 4096 MiB, 300 MHz, 1.52 W, 51, 0x0000000000000001
2026/10/07 04:42:04.566, 0 %, 56 MiB, 4096 MiB, 300 MHz, 1.53 W, 51, 0x0000000000000001
2026/10/07 04:42:06.591, 0 %, 56 MiB, 4096 MiB, 300 MHz, 1.68 W, 51, 0x0000000000000001
2026/10/07 04:42:08.613, 0 %, 56 MiB, 4096 MiB, 300 MHz, 1.46 W, 51, 0x0000000000000001
2026/10/07 04:42:10.640, 0 %, 56 MiB, 4096 MiB, 300 MHz, 1.48 W, 51, 0x0000000000000001
2026/10/07 04:42:12.662, 0 %, 56 MiB, 4096 MiB, 300 MHz, 1.51 W, 51, 0x0000000000000001
2026/10/07 04:42:14.684, 0 %, 56 MiB, 4096 MiB, 300 MHz, 1.53 W, 51, 0x0000000000000001
2026/10/07 04:42:16.707, 0 %, 56 MiB, 4096 MiB, 300 MHz, 1.60 W, 51, 0x0000000000000001
2026/10/07 04:42:18.733, 0 %, 56 MiB, 4096 MiB, 300 MHz, 1.53 W, 51, 0x0000000000000001
2026/10/07 04:42:20.756, 0 %, 56 MiB, 4096 MiB, 300 MHz, 1.50 W, 51, 0x0000000000000001
2026/10/07 04:42:22.780, 0 %, 56 MiB, 4096 MiB, 300 MHz, 1.53 W, 51, 0x0000000000000001
2026/10/07 04:42:24.802, 0 %, 56 MiB, 4096 MiB, 300 MHz, 1.81 W, 51, 0x0000000000000001
2026/10/07 04:42:26.825, 0 %, 56 MiB, 4096 MiB, 300 MHz, 1.48 W, 51, 0x0000000000000001
2026/10/07 04:42:28.849, 0 %, 56 MiB, 4096 MiB, 300 MHz, 1.48 W, 51, 0x0000000000000001
2026/10/07 04:42:30.873, 0 %, 66 MiB, 4096 MiB, 300 MHz, 1.86 W, 51, 0x0000000000000001
2026/10/07 04:42:32.895, 0 %, 67 MiB, 4096 MiB, 300 MHz, 1.52 W, 51, 0x0000000000000001
2026/10/07 04:42:34.920, 0 %, 59 MiB, 4096 MiB, 300 MHz, 1.72 W, 51, 0x0000000000000001
2026/10/07 04:42:36.943, 0 %, 59 MiB, 4096 MiB, 300 MHz, 1.55 W, 51, 0x0000000000000001
2026/10/07 04:42:38.965, 0 %, 59 MiB, 4096 MiB, 300 MHz, 1.52 W, 51, 0x0000000000000001
2026/10/07 04:42:40.987, 0 %, 59 MiB, 4096 MiB, 300 MHz, 1.55 W, 51, 0x0000000000000001
2026/10/07 04:42:43.011, 0 %, 59 MiB, 4096 MiB, 300 MHz, 1.59 W, 51, 0x0000000000000001
2026/10/07 04:42:45.032, 0 %, 59 MiB, 4096 MiB, 300 MHz, 1.62 W, 51, 0x0000000000000001
2026/10/07 04:42:47.056, 0 %, 59 MiB, 4096 MiB, 300 MHz, 1.52 W, 51, 0x0000000000000001
2026/10/07 04:42:49.079, 0 %, 59 MiB, 4096 MiB, 300 MHz, 1.51 W, 51, 0x0000000000000001
2026/10/07 04:42:51.103, 0 %, 59 MiB, 4096 MiB, 300 MHz, 1.49 W, 51, 0x0000000000000001
2026/10/07 04:42:53.125, 0 %, 59 MiB, 4096 MiB, 300 MHz, 1.85 W, 51, 0x0000000000000001
2026/10/07 04:42:55.150, 0 %, 59 MiB, 4096 MiB, 300 MHz, 1.49 W, 51, 0x0000000000000001
2026/10/07 04:42:57.172, 0 %, 59 MiB, 4096 MiB, 300 MHz, 1.50 W, 51, 0x0000000000000001
2026/10/07 04:42:59.196, 0 %, 59 MiB, 4096 MiB, 300 MHz, 1.55 W, 51, 0x0000000000000001
2026/10/07 04:43:01.218, 0 %, 59 MiB, 4096 MiB, 300 MHz, 1.55 W, 51, 0x0000000000000001
2026/10/07 04:43:03.240, 0 %, 58 MiB, 4096 MiB, 300 MHz, 1.82 W, 51, 0x0000000000000001
2026/10/07 04:43:05.264, 0 %, 58 MiB, 4096 MiB, 300 MHz, 1.52 W, 51, 0x0000000000000001
2026/10/07 04:43:07.288, 0 %, 58 MiB, 4096 MiB, 300 MHz, 1.48 W, 51, 0x0000000000000001
2026/10/07 04:43:09.312, 0 %, 58 MiB, 4096 MiB, 300 MHz, 1.49 W, 51, 0x0000000000000001
2026/10/07 04:43:11.335, 0 %, 58 MiB, 4096 MiB, 300 MHz, 1.46 W, 51, 0x0000000000000001
2026/10/07 04:43:13.357, 0 %, 58 MiB, 4096 MiB, 300 MHz, 1.59 W, 51, 0x0000000000000001
2026/10/07 04:43:15.394, 0 %, 58 MiB, 4096 MiB, 300 MHz, 1.52 W, 51, 0x0000000000000001
2026/10/07 04:43:17.416, 0 %, 58 MiB, 4096 MiB, 300 MHz, 1.55 W, 51, 0x0000000000000001
2026/10/07 04:43:19.439, 0 %, 58 MiB, 4096 MiB, 300 MHz, 1.56 W, 51, 0x0000000000000001
2026/10/07 04:43:21.462, 0 %, 58 MiB, 4096 MiB, 300 MHz, 1.62 W, 51, 0x0000000000000001
2026/10/07 04:43:23.489, 0 %, 58 MiB, 4096 MiB, 300 MHz, 1.54 W, 51, 0x0000000000000001
2026/10/07 04:43:25.511, 0 %, 58 MiB, 4096 MiB, 300 MHz, 1.54 W, 51, 0x0000000000000001
2026/10/07 04:43:27.536, 0 %, 58 MiB, 4096 MiB, 300 MHz, 1.52 W, 51, 0x0000000000000001
2026/10/07 04:43:29.558, 0 %, 58 MiB, 4096 MiB, 300 MHz, 1.88 W, 51, 0x0000000000000001
2026/10/07 04:43:31.579, 1 %, 59 MiB, 4096 MiB, 300 MHz, 1.49 W, 51, 0x0000000000000001
2026/10/07 04:43:33.603, 0 %, 58 MiB, 4096 MiB, 300 MHz, 1.47 W, 51, 0x0000000000000001
2026/10/07 04:43:35.628, 0 %, 58 MiB, 4096 MiB, 300 MHz, 1.57 W, 51, 0x0000000000000001
2026/10/07 04:43:37.650, 0 %, 58 MiB, 4096 MiB, 300 MHz, 1.52 W, 51, 0x0000000000000001
2026/10/07 04:43:39.673, 0 %, 58 MiB, 4096 MiB, 300 MHz, 1.75 W, 51, 0x0000000000000001
2026/10/07 04:43:41.697, 0 %, 58 MiB, 4096 MiB, 300 MHz, 1.56 W, 51, 0x0000000000000001
2026/10/07 04:43:43.722, 0 %, 58 MiB, 4096 MiB, 300 MHz, 1.48 W, 51, 0x0000000000000001
2026/10/07 04:43:45.743, 0 %, 58 MiB, 4096 MiB, 300 MHz, 1.50 W, 51, 0x0000000000000001
2026/10/07 04:43:47.768, 0 %, 58 MiB, 4096 MiB, 300 MHz, 1.52 W, 51, 0x0000000000000001
2026/10/07 04:43:49.789, 0 %, 58 MiB, 4096 MiB, 300 MHz, 1.58 W, 51, 0x0000000000000001
2026/10/07 04:43:51.813, 0 %, 58 MiB, 4096 MiB, 300 MHz, 1.54 W, 51, 0x0000000000000001
2026/10/07 04:43:53.837, 0 %, 58 MiB, 4096 MiB, 300 MHz, 1.51 W, 51, 0x0000000000000001
2026/10/07 04:43:55.862, 0 %, 58 MiB, 4096 MiB, 300 MHz, 1.54 W, 51, 0x0000000000000001
2026/10/07 04:43:57.884, 0 %, 58 MiB, 4096 MiB, 300 MHz, 1.96 W, 51, 0x0000000000000001
2026/10/07 04:43:59.905, 0 %, 58 MiB, 4096 MiB, 300 MHz, 1.60 W, 51, 0x0000000000000001
2026/10/07 04:44:01.929, 0 %, 58 MiB, 4096 MiB, 300 MHz, 1.58 W, 51, 0x0000000000000001
2026/10/07 04:44:03.951, 0 %, 56 MiB, 4096 MiB, 300 MHz, 1.56 W, 51, 0x0000000000000001
2026/10/07 04:44:05.975, 0 %, 56 MiB, 4096 MiB, 300 MHz, 1.61 W, 51, 0x0000000000000001
2026/10/07 04:44:07.997, 0 %, 56 MiB, 4096 MiB, 300 MHz, 1.62 W, 51, 0x0000000000000001
2026/10/07 04:44:10.019, 0 %, 56 MiB, 4096 MiB, 300 MHz, 1.47 W, 51, 0x0000000000000001
2026/10/07 04:44:12.044, 0 %, 56 MiB, 4096 MiB, 300 MHz, 1.48 W, 51, 0x0000000000000001
2026/10/07 04:44:14.066, 0 %, 56 MiB, 4096 MiB, 300 MHz, 1.45 W, 51, 0x0000000000000001
2026/10/07 04:44:16.087, 0 %, 56 MiB, 4096 MiB, 300 MHz, 1.54 W, 51, 0x0000000000000001
2026/10/07 04:44:18.110, 0 %, 56 MiB, 4096 MiB, 300 MHz, 1.69 W, 51, 0x0000000000000001
2026/10/07 04:44:20.134, 0 %, 56 MiB, 4096 MiB, 300 MHz, 1.52 W, 51, 0x0000000000000001
2026/10/07 04:44:22.155, 0 %, 56 MiB, 4096 MiB, 300 MHz, 1.53 W, 51, 0x0000000000000001
2026/10/07 04:44:24.179, 0 %, 56 MiB, 4096 MiB, 300 MHz, 1.54 W, 51, 0x0000000000000001
2026/10/07 04:44:26.201, 0 %, 56 MiB, 4096 MiB, 300 MHz, 1.54 W, 51, 0x0000000000000001
2026/10/07 04:44:28.227, 0 %, 56 MiB, 4096 MiB, 300 MHz, 1.48 W, 51, 0x0000000000000001
2026/10/07 04:44:30.252, 0 %, 56 MiB, 4096 MiB, 300 MHz, 1.46 W, 51, 0x0000000000000001
2026/10/07 04:44:32.276, 0 %, 56 MiB, 4096 MiB, 300 MHz, 1.47 W, 51, 0x0000000000000001
2026/10/07 04:44:34.298, 0 %, 56 MiB, 4096 MiB, 300 MHz, 1.49 W, 51, 0x0000000000000001
2026/10/07 04:44:36.321, 0 %, 56 MiB, 4096 MiB, 300 MHz, 1.76 W, 51, 0x0000000000000001
2026/10/07 04:44:38.344, 0 %, 56 MiB, 4096 MiB, 300 MHz, 1.48 W, 51, 0x0000000000000001
2026/10/07 04:44:40.367, 0 %, 56 MiB, 4096 MiB, 300 MHz, 1.50 W, 51, 0x0000000000000001
2026/10/07 04:44:42.398, 0 %, 56 MiB, 4096 MiB, 300 MHz, 1.49 W, 51, 0x0000000000000001
2026/10/07 04:44:44.422, 0 %, 56 MiB, 4096 MiB, 300 MHz, 1.90 W, 51, 0x0000000000000001
2026/10/07 04:44:46.446, 0 %, 56 MiB, 4096 MiB, 300 MHz, 1.50 W, 51, 0x0000000000000001
2026/10/07 04:44:48.467, 0 %, 56 MiB, 4096 MiB, 300 MHz, 1.51 W, 51, 0x0000000000000001
2026/10/07 04:44:50.497, 0 %, 56 MiB, 4096 MiB, 300 MHz, 1.49 W, 51, 0x0000000000000001
2026/10/07 04:44:52.519, 0 %, 56 MiB, 4096 MiB, 300 MHz, 1.48 W, 51, 0x0000000000000001
2026/10/07 04:44:54.541, 0 %, 56 MiB, 4096 MiB, 300 MHz, 1.69 W, 51, 0x0000000000000001
2026/10/07 04:44:56.563, 0 %, 56 MiB, 4096 MiB, 300 MHz, 1.51 W, 51, 0x0000000000000001
2026/10/07 04:44:58.590, 0 %, 56 MiB, 4096 MiB, 300 MHz, 1.52 W, 51, 0x0000000000000001
2026/10/07 04:45:00.612, 0 %, 56 MiB, 4096 MiB, 300 MHz, 1.54 W, 51, 0x0000000000000001
2026/10/07 04:45:02.636, 0 %, 56 MiB, 4096 MiB, 300 MHz, 1.89 W, 51, 0x0000000000000001
2026/10/07 04:45:04.658, 0 %, 56 MiB, 4096 MiB, 300 MHz, 1.49 W, 51, 0x0000000000000001
2026/10/07 04:45:06.681, 0 %, 56 MiB, 4096 MiB, 300 MHz, 1.57 W, 51, 0x0000000000000001
2026/10/07 04:45:08.705, 0 %, 56 MiB, 4096 MiB, 300 MHz, 1.45 W, 51, 0x0000000000000001
2026/10/07 04:45:10.727, 0 %, 56 MiB, 4096 MiB, 300 MHz, 1.48 W, 51, 0x0000000000000001
2026/10/07 04:45:12.749, 0 %, 56 MiB, 4096 MiB, 300 MHz, 1.83 W, 51, 0x0000000000000001
2026/10/07 04:45:14.771, 0 %, 56 MiB, 4096 MiB, 300 MHz, 1.49 W, 51, 0x0000000000000001
2026/10/07 04:45:16.795, 0 %, 56 MiB, 4096 MiB, 300 MHz, 1.54 W, 51, 0x0000000000000001
2026/10/07 04:45:18.817, 0 %, 56 MiB, 4096 MiB, 300 MHz, 1.55 W, 51, 0x0000000000000001
2026/10/07 04:45:20.840, 0 %, 56 MiB, 4096 MiB, 300 MHz, 1.50 W, 51, 0x0000000000000001
2026/10/07 04:45:22.861, 0 %, 56 MiB, 4096 MiB, 300 MHz, 1.73 W, 51, 0x0000000000000001
2026/10/07 04:45:24.886, 0 %, 56 MiB, 4096 MiB, 300 MHz, 1.51 W, 51, 0x0000000000000001
2026/10/07 04:45:26.912, 0 %, 56 MiB, 4096 MiB, 300 MHz, 1.49 W, 51, 0x0000000000000001
2026/10/07 04:45:28.935, 0 %, 56 MiB, 4096 MiB, 300 MHz, 1.51 W, 51, 0x0000000000000001
2026/10/07 04:45:30.957, 0 %, 56 MiB, 4096 MiB, 300 MHz, 2.03 W, 51, 0x0000000000000001
2026/10/07 04:45:32.982, 0 %, 56 MiB, 4096 MiB, 300 MHz, 1.57 W, 51, 0x0000000000000001
2026/10/07 04:45:35.004, 0 %, 56 MiB, 4096 MiB, 300 MHz, 1.62 W, 51, 0x0000000000000001
2026/10/07 04:45:37.025, 0 %, 56 MiB, 4096 MiB, 300 MHz, 1.62 W, 51, 0x0000000000000001
2026/10/07 04:45:39.049, 0 %, 56 MiB, 4096 MiB, 300 MHz, 1.56 W, 51, 0x0000000000000001
2026/10/07 04:45:41.072, 0 %, 56 MiB, 4096 MiB, 300 MHz, 1.75 W, 51, 0x0000000000000001
2026/10/07 04:45:43.096, 0 %, 56 MiB, 4096 MiB, 300 MHz, 1.47 W, 51, 0x0000000000000001
2026/10/07 04:45:45.121, 0 %, 56 MiB, 4096 MiB, 300 MHz, 1.46 W, 51, 0x0000000000000001
2026/10/07 04:45:47.147, 0 %, 56 MiB, 4096 MiB, 300 MHz, 1.61 W, 51, 0x0000000000000001
2026/10/07 04:45:49.168, 0 %, 56 MiB, 4096 MiB, 300 MHz, 1.50 W, 51, 0x0000000000000001
2026/10/07 04:45:51.193, 0 %, 56 MiB, 4096 MiB, 300 MHz, 1.56 W, 51, 0x0000000000000001
2026/10/07 04:45:53.217, 0 %, 56 MiB, 4096 MiB, 300 MHz, 1.57 W, 51, 0x0000000000000001
2026/10/07 04:45:55.239, 0 %, 56 MiB, 4096 MiB, 300 MHz, 1.61 W, 51, 0x0000000000000001
2026/10/07 04:45:57.264, 0 %, 56 MiB, 4096 MiB, 300 MHz, 1.51 W, 51, 0x0000000000000001
2026/10/07 04:45:59.286, 0 %, 56 MiB, 4096 MiB, 300 MHz, 1.84 W, 51, 0x0000000000000001
2026/10/07 04:46:01.310, 0 %, 56 MiB, 4096 MiB, 300 MHz, 1.47 W, 51, 0x0000000000000001
2026/10/07 04:46:03.332, 0 %, 56 MiB, 4096 MiB, 300 MHz, 1.47 W, 51, 0x0000000000000001
2026/10/07 04:46:05.357, 0 %, 56 MiB, 4096 MiB, 300 MHz, 1.49 W, 51, 0x0000000000000001
2026/10/07 04:46:07.379, 0 %, 56 MiB, 4096 MiB, 300 MHz, 1.51 W, 51, 0x0000000000000001
2026/10/07 04:46:09.403, 0 %, 56 MiB, 4096 MiB, 300 MHz, 1.71 W, 51, 0x0000000000000001
2026/10/07 04:46:11.425, 0 %, 56 MiB, 4096 MiB, 300 MHz, 1.53 W, 51, 0x0000000000000001
2026/10/07 04:46:13.448, 0 %, 56 MiB, 4096 MiB, 300 MHz, 1.51 W, 51, 0x0000000000000001
2026/10/07 04:46:15.472, 0 %, 56 MiB, 4096 MiB, 300 MHz, 1.48 W, 51, 0x0000000000000001
2026/10/07 04:46:17.493, 0 %, 56 MiB, 4096 MiB, 300 MHz, 1.55 W, 51, 0x0000000000000001
2026/10/07 04:46:19.516, 0 %, 56 MiB, 4096 MiB, 300 MHz, 1.40 W, 51, 0x0000000000000001
2026/10/07 04:46:21.539, 0 %, 56 MiB, 4096 MiB, 300 MHz, 1.49 W, 51, 0x0000000000000001
2026/10/07 04:46:23.560, 0 %, 56 MiB, 4096 MiB, 300 MHz, 1.57 W, 51, 0x0000000000000001
2026/10/07 04:46:25.586, 0 %, 56 MiB, 4096 MiB, 300 MHz, 1.60 W, 51, 0x0000000000000001
2026/10/07 04:46:27.608, 0 %, 56 MiB, 4096 MiB, 300 MHz, 2.09 W, 51, 0x0000000000000001
2026/10/07 04:46:29.631, 0 %, 56 MiB, 4096 MiB, 300 MHz, 1.54 W, 51, 0x0000000000000001
2026/10/07 04:46:31.656, 0 %, 56 MiB, 4096 MiB, 300 MHz, 1.51 W, 51, 0x0000000000000001
2026/10/07 04:46:33.677, 0 %, 56 MiB, 4096 MiB, 300 MHz, 1.50 W, 51, 0x0000000000000001
2026/10/07 04:46:35.702, 0 %, 56 MiB, 4096 MiB, 300 MHz, 1.55 W, 51, 0x0000000000000001
2026/10/07 04:46:37.724, 0 %, 56 MiB, 4096 MiB, 300 MHz, 1.75 W, 51, 0x0000000000000001
2026/10/07 04:46:39.745, 0 %, 56 MiB, 4096 MiB, 300 MHz, 1.47 W, 51, 0x0000000000000001
2026/10/07 04:46:41.768, 0 %, 56 MiB, 4096 MiB, 300 MHz, 1.46 W, 51, 0x0000000000000001
2026/10/07 04:46:43.792, 0 %, 56 MiB, 4096 MiB, 300 MHz, 1.47 W, 51, 0x0000000000000001
2026/10/07 04:46:45.816, 0 %, 56 MiB, 4096 MiB, 300 MHz, 1.44 W, 51, 0x0000000000000001
2026/10/07 04:46:47.837, 0 %, 56 MiB, 4096 MiB, 300 MHz, 1.72 W, 51, 0x0000000000000001
2026/10/07 04:46:49.862, 0 %, 56 MiB, 4096 MiB, 300 MHz, 1.54 W, 51, 0x0000000000000001
2026/10/07 04:46:51.884, 0 %, 56 MiB, 4096 MiB, 300 MHz, 1.49 W, 51, 0x0000000000000001
2026/10/07 04:46:53.906, 0 %, 56 MiB, 4096 MiB, 300 MHz, 1.54 W, 51, 0x0000000000000001
2026/10/07 04:46:55.931, 0 %, 56 MiB, 4096 MiB, 300 MHz, 1.52 W, 51, 0x0000000000000001
2026/10/07 04:46:57.954, 0 %, 56 MiB, 4096 MiB, 300 MHz, 1.53 W, 51, 0x0000000000000001
2026/10/07 04:46:59.978, 0 %, 56 MiB, 4096 MiB, 300 MHz, 1.50 W, 51, 0x0000000000000001
2026/10/07 04:47:01.999, 0 %, 56 MiB, 4096 MiB, 300 MHz, 1.52 W, 51, 0x0000000000000001
2026/10/07 04:47:04.025, 0 %, 56 MiB, 4096 MiB, 300 MHz, 1.51 W, 51, 0x0000000000000001
2026/10/07 04:47:06.050, 0 %, 56 MiB, 4096 MiB, 300 MHz, 1.82 W, 51, 0x0000000000000001
2026/10/07 04:47:08.072, 0 %, 56 MiB, 4096 MiB, 300 MHz, 1.49 W, 51, 0x0000000000000001
2026/10/07 04:47:10.095, 0 %, 56 MiB, 4096 MiB, 300 MHz, 1.50 W, 51, 0x0000000000000001
2026/10/07 04:47:12.116, 0 %, 56 MiB, 4096 MiB, 300 MHz, 1.58 W, 51, 0x0000000000000001
2026/10/07 04:47:14.138, 0 %, 56 MiB, 4096 MiB, 300 MHz, 1.54 W, 51, 0x0000000000000001
2026/10/07 04:47:16.162, 0 %, 56 MiB, 4096 MiB, 300 MHz, 1.75 W, 51, 0x0000000000000001
2026/10/07 04:47:18.186, 0 %, 56 MiB, 4096 MiB, 300 MHz, 1.55 W, 51, 0x0000000000000001
2026/10/07 04:47:20.208, 0 %, 56 MiB, 4096 MiB, 300 MHz, 1.55 W, 51, 0x0000000000000001
2026/10/07 04:47:22.231, 0 %, 56 MiB, 4096 MiB, 300 MHz, 1.56 W, 51, 0x0000000000000001
2026/10/07 04:47:24.255, 0 %, 56 MiB, 4096 MiB, 300 MHz, 1.56 W, 51, 0x0000000000000001
2026/10/07 04:47:26.278, 0 %, 56 MiB, 4096 MiB, 300 MHz, 1.37 W, 51, 0x0000000000000001
2026/10/07 04:47:28.305, 0 %, 56 MiB, 4096 MiB, 300 MHz, 1.52 W, 51, 0x0000000000000001
2026/10/07 04:47:30.329, 0 %, 56 MiB, 4096 MiB, 300 MHz, 1.55 W, 51, 0x0000000000000001
2026/10/07 04:47:32.351, 0 %, 56 MiB, 4096 MiB, 300 MHz, 1.54 W, 51, 0x0000000000000001
2026/10/07 04:47:34.375, 0 %, 56 MiB, 4096 MiB, 300 MHz, 1.78 W, 51, 0x0000000000000001
2026/10/07 04:47:36.398, 0 %, 56 MiB, 4096 MiB, 300 MHz, 1.49 W, 51, 0x0000000000000001
2026/10/07 04:47:38.420, 0 %, 56 MiB, 4096 MiB, 300 MHz, 1.47 W, 51, 0x0000000000000001
2026/10/07 04:47:40.445, 0 %, 56 MiB, 4096 MiB, 300 MHz, 1.50 W, 51, 0x0000000000000001
2026/10/07 04:47:42.469, 0 %, 56 MiB, 4096 MiB, 300 MHz, 1.52 W, 51, 0x0000000000000001
2026/10/07 04:47:44.493, 0 %, 56 MiB, 4096 MiB, 300 MHz, 1.55 W, 51, 0x0000000000000001
2026/10/07 04:47:46.515, 0 %, 56 MiB, 4096 MiB, 300 MHz, 1.59 W, 51, 0x0000000000000001
2026/10/07 04:47:48.538, 0 %, 56 MiB, 4096 MiB, 300 MHz, 1.60 W, 51, 0x0000000000000001
2026/10/07 04:47:50.561, 0 %, 56 MiB, 4096 MiB, 300 MHz, 1.67 W, 51, 0x0000000000000001
2026/10/07 04:47:52.585, 0 %, 56 MiB, 4096 MiB, 300 MHz, 1.92 W, 51, 0x0000000000000001
2026/10/07 04:47:54.609, 0 %, 56 MiB, 4096 MiB, 300 MHz, 1.54 W, 51, 0x0000000000000001
2026/10/07 04:47:56.631, 0 %, 56 MiB, 4096 MiB, 300 MHz, 1.56 W, 51, 0x0000000000000001
2026/10/07 04:47:58.653, 0 %, 56 MiB, 4096 MiB, 300 MHz, 1.54 W, 51, 0x0000000000000001
2026/10/07 04:48:00.677, 0 %, 56 MiB, 4096 MiB, 300 MHz, 1.49 W, 51, 0x0000000000000001
2026/10/07 04:48:02.699, 0 %, 56 MiB, 4096 MiB, 300 MHz, 1.77 W, 51, 0x0000000000000001
2026/10/07 04:48:04.721, 0 %, 56 MiB, 4096 MiB, 300 MHz, 1.63 W, 51, 0x0000000000000001
2026/10/07 04:48:06.747, 0 %, 56 MiB, 4096 MiB, 300 MHz, 1.53 W, 51, 0x0000000000000001
2026/10/07 04:48:08.772, 0 %, 56 MiB, 4096 MiB, 300 MHz, 1.54 W, 51, 0x0000000000000001
2026/10/07 04:48:10.793, 0 %, 56 MiB, 4096 MiB, 300 MHz, 1.53 W, 51, 0x0000000000000001
2026/10/07 04:48:12.818, 0 %, 56 MiB, 4096 MiB, 300 MHz, 1.49 W, 51, 0x0000000000000001
2026/10/07 04:48:14.841, 0 %, 56 MiB, 4096 MiB, 300 MHz, 1.47 W, 51, 0x0000000000000001
2026/10/07 04:48:16.862, 0 %, 56 MiB, 4096 MiB, 300 MHz, 1.47 W, 51, 0x0000000000000001
2026/10/07 04:48:18.886, 0 %, 56 MiB, 4096 MiB, 300 MHz, 1.47 W, 51, 0x0000000000000001
2026/10/07 04:48:20.910, 0 %, 56 MiB, 4096 MiB, 300 MHz, 1.85 W, 51, 0x0000000000000001
2026/10/07 04:48:22.934, 0 %, 56 MiB, 4096 MiB, 300 MHz, 1.56 W, 51, 0x0000000000000001
2026/10/07 04:48:24.956, 0 %, 56 MiB, 4096 MiB, 300 MHz, 1.64 W, 51, 0x0000000000000001
2026/10/07 04:48:26.980, 0 %, 56 MiB, 4096 MiB, 300 MHz, 1.52 W, 51, 0x0000000000000001
2026/10/07 04:48:29.004, 0 %, 56 MiB, 4096 MiB, 300 MHz, 1.57 W, 51, 0x0000000000000001
2026/10/07 04:48:31.028, 0 %, 56 MiB, 4096 MiB, 300 MHz, 1.64 W, 51, 0x0000000000000001
2026/10/07 04:48:33.049, 0 %, 56 MiB, 4096 MiB, 300 MHz, 1.55 W, 51, 0x0000000000000001
2026/10/07 04:48:35.071, 0 %, 56 MiB, 4096 MiB, 300 MHz, 1.51 W, 51, 0x0000000000000001
2026/10/07 04:48:37.095, 0 %, 56 MiB, 4096 MiB, 300 MHz, 1.52 W, 51, 0x0000000000000001
2026/10/07 04:48:39.120, 0 %, 56 MiB, 4096 MiB, 300 MHz, 2.07 W, 51, 0x0000000000000001
2026/10/07 04:48:41.144, 0 %, 56 MiB, 4096 MiB, 300 MHz, 1.57 W, 51, 0x0000000000000001
2026/10/07 04:48:43.165, 0 %, 56 MiB, 4096 MiB, 300 MHz, 1.57 W, 51, 0x0000000000000001
2026/10/07 04:48:45.188, 0 %, 56 MiB, 4096 MiB, 300 MHz, 1.51 W, 51, 0x0000000000000001
2026/10/07 04:48:47.211, 0 %, 56 MiB, 4096 MiB, 300 MHz, 1.52 W, 51, 0x0000000000000001
2026/10/07 04:48:49.236, 0 %, 56 MiB, 4096 MiB, 300 MHz, 1.85 W, 51, 0x0000000000000001
2026/10/07 04:48:51.259, 0 %, 56 MiB, 4096 MiB, 300 MHz, 1.52 W, 51, 0x0000000000000001
2026/10/07 04:48:53.281, 0 %, 56 MiB, 4096 MiB, 300 MHz, 1.59 W, 51, 0x0000000000000001
2026/10/07 04:48:55.306, 0 %, 56 MiB, 4096 MiB, 300 MHz, 1.58 W, 51, 0x0000000000000001
2026/10/07 04:48:57.329, 0 %, 56 MiB, 4096 MiB, 300 MHz, 1.62 W, 51, 0x0000000000000001
2026/10/07 04:48:59.352, 0 %, 56 MiB, 4096 MiB, 300 MHz, 1.70 W, 51, 0x0000000000000001
2026/10/07 04:49:01.378, 0 %, 56 MiB, 4096 MiB, 300 MHz, 1.58 W, 51, 0x0000000000000001
2026/10/07 04:49:03.401, 0 %, 56 MiB, 4096 MiB, 300 MHz, 1.51 W, 51, 0x0000000000000001
2026/10/07 04:49:05.426, 0 %, 56 MiB, 4096 MiB, 300 MHz, 1.58 W, 51, 0x0000000000000001
2026/10/07 04:49:07.451, 0 %, 56 MiB, 4096 MiB, 300 MHz, 1.79 W, 51, 0x0000000000000001
2026/10/07 04:49:09.477, 0 %, 56 MiB, 4096 MiB, 300 MHz, 1.48 W, 51, 0x0000000000000001
2026/10/07 04:49:11.498, 0 %, 56 MiB, 4096 MiB, 300 MHz, 1.50 W, 51, 0x0000000000000001
2026/10/07 04:49:13.522, 0 %, 56 MiB, 4096 MiB, 300 MHz, 1.52 W, 51, 0x0000000000000001
2026/10/07 04:49:15.543, 0 %, 56 MiB, 4096 MiB, 300 MHz, 1.48 W, 51, 0x0000000000000001
2026/10/07 04:49:17.569, 0 %, 56 MiB, 4096 MiB, 300 MHz, 1.69 W, 51, 0x0000000000000001
2026/10/07 04:49:19.591, 0 %, 56 MiB, 4096 MiB, 300 MHz, 1.60 W, 51, 0x0000000000000001
2026/10/07 04:49:21.613, 0 %, 56 MiB, 4096 MiB, 300 MHz, 1.52 W, 51, 0x0000000000000001
2026/10/07 04:49:23.635, 0 %, 56 MiB, 4096 MiB, 300 MHz, 1.56 W, 51, 0x0000000000000001
2026/10/07 04:49:25.658, 0 %, 56 MiB, 4096 MiB, 300 MHz, 1.59 W, 51, 0x0000000000000001
2026/10/07 04:49:27.680, 0 %, 56 MiB, 4096 MiB, 300 MHz, 1.60 W, 51, 0x0000000000000001
2026/10/07 04:49:29.705, 0 %, 56 MiB, 4096 MiB, 300 MHz, 1.41 W, 51, 0x0000000000000001
2026/10/07 04:49:31.732, 0 %, 66 MiB, 4096 MiB, 300 MHz, 1.54 W, 51, 0x0000000000000001
2026/10/07 04:49:33.754, 0 %, 66 MiB, 4096 MiB, 300 MHz, 1.52 W, 51, 0x0000000000000001
2026/10/07 04:49:35.779, 0 %, 58 MiB, 4096 MiB, 300 MHz, 1.87 W, 51, 0x0000000000000001
2026/10/07 04:49:37.801, 0 %, 58 MiB, 4096 MiB, 300 MHz, 1.51 W, 51, 0x0000000000000001
2026/10/07 04:49:39.830, 0 %, 58 MiB, 4096 MiB, 300 MHz, 1.59 W, 51, 0x0000000000000001
2026/10/07 04:49:41.851, 0 %, 58 MiB, 4096 MiB, 300 MHz, 1.55 W, 51, 0x0000000000000001
2026/10/07 04:49:43.876, 0 %, 58 MiB, 4096 MiB, 300 MHz, 1.93 W, 51, 0x0000000000000001
2026/10/07 04:49:45.904, 0 %, 58 MiB, 4096 MiB, 300 MHz, 1.46 W, 51, 0x0000000000000001
2026/10/07 04:49:47.925, 0 %, 58 MiB, 4096 MiB, 300 MHz, 1.51 W, 51, 0x0000000000000001
2026/10/07 04:49:49.950, 0 %, 58 MiB, 4096 MiB, 300 MHz, 1.37 W, 51, 0x0000000000000001
2026/10/07 04:49:51.971, 0 %, 58 MiB, 4096 MiB, 300 MHz, 1.50 W, 51, 0x0000000000000001
2026/10/07 04:49:53.993, 0 %, 58 MiB, 4096 MiB, 300 MHz, 1.85 W, 51, 0x0000000000000001
2026/10/07 04:49:56.017, 0 %, 58 MiB, 4096 MiB, 300 MHz, 1.55 W, 51, 0x0000000000000001
2026/10/07 04:49:58.044, 0 %, 58 MiB, 4096 MiB, 300 MHz, 1.53 W, 51, 0x0000000000000001
2026/10/07 04:50:00.066, 0 %, 58 MiB, 4096 MiB, 300 MHz, 1.52 W, 51, 0x0000000000000001
2026/10/07 04:50:02.090, 0 %, 56 MiB, 4096 MiB, 300 MHz, 1.58 W, 51, 0x0000000000000001
2026/10/07 04:50:04.114, 0 %, 56 MiB, 4096 MiB, 300 MHz, 1.74 W, 51, 0x0000000000000001
2026/10/07 04:50:06.137, 0 %, 56 MiB, 4096 MiB, 300 MHz, 1.60 W, 51, 0x0000000000000001
2026/10/07 04:50:08.163, 0 %, 56 MiB, 4096 MiB, 300 MHz, 1.58 W, 51, 0x0000000000000001
2026/10/07 04:50:10.184, 0 %, 56 MiB, 4096 MiB, 300 MHz, 1.58 W, 51, 0x0000000000000001
2026/10/07 04:50:12.209, 0 %, 56 MiB, 4096 MiB, 300 MHz, 1.73 W, 51, 0x0000000000000001
2026/10/07 04:50:14.246, 0 %, 56 MiB, 4096 MiB, 300 MHz, 1.48 W, 51, 0x0000000000000001
2026/10/07 04:50:16.270, 0 %, 56 MiB, 4096 MiB, 300 MHz, 1.46 W, 51, 0x0000000000000001
2026/10/07 04:50:18.292, 0 %, 56 MiB, 4096 MiB, 300 MHz, 1.54 W, 51, 0x0000000000000001
2026/10/07 04:50:20.313, 0 %, 56 MiB, 4096 MiB, 300 MHz, 1.75 W, 51, 0x0000000000000001
2026/10/07 04:50:22.338, 0 %, 56 MiB, 4096 MiB, 300 MHz, 1.49 W, 51, 0x0000000000000001
2026/10/07 04:50:24.363, 0 %, 56 MiB, 4096 MiB, 300 MHz, 1.45 W, 51, 0x0000000000000001
2026/10/07 04:50:26.384, 0 %, 56 MiB, 4096 MiB, 300 MHz, 1.41 W, 51, 0x0000000000000001
2026/10/07 04:50:28.407, 0 %, 56 MiB, 4096 MiB, 300 MHz, 1.46 W, 51, 0x0000000000000001
2026/10/07 04:50:30.429, 0 %, 56 MiB, 4096 MiB, 300 MHz, 1.69 W, 51, 0x0000000000000001
2026/10/07 04:50:32.451, 0 %, 56 MiB, 4096 MiB, 300 MHz, 1.50 W, 51, 0x0000000000000001
2026/10/07 04:50:34.473, 0 %, 56 MiB, 4096 MiB, 300 MHz, 1.50 W, 51, 0x0000000000000001
2026/10/07 04:50:36.496, 0 %, 56 MiB, 4096 MiB, 300 MHz, 1.60 W, 51, 0x0000000000000001
2026/10/07 04:50:38.521, 0 %, 56 MiB, 4096 MiB, 300 MHz, 1.52 W, 51, 0x0000000000000001
2026/10/07 04:50:40.543, 0 %, 56 MiB, 4096 MiB, 300 MHz, 1.50 W, 51, 0x0000000000000001
2026/10/07 04:50:42.566, 0 %, 56 MiB, 4096 MiB, 300 MHz, 1.48 W, 51, 0x0000000000000001
2026/10/07 04:50:44.590, 0 %, 56 MiB, 4096 MiB, 300 MHz, 1.49 W, 51, 0x0000000000000001
2026/10/07 04:50:46.612, 0 %, 56 MiB, 4096 MiB, 300 MHz, 1.44 W, 51, 0x0000000000000001
2026/10/07 04:50:48.635, 0 %, 56 MiB, 4096 MiB, 300 MHz, 1.88 W, 51, 0x0000000000000001
2026/10/07 04:50:50.657, 0 %, 56 MiB, 4096 MiB, 300 MHz, 1.53 W, 51, 0x0000000000000001
2026/10/07 04:50:52.683, 0 %, 56 MiB, 4096 MiB, 300 MHz, 1.52 W, 51, 0x0000000000000001
2026/10/07 04:50:54.705, 0 %, 56 MiB, 4096 MiB, 300 MHz, 1.58 W, 51, 0x0000000000000001
2026/10/07 04:50:56.727, 0 %, 56 MiB, 4096 MiB, 300 MHz, 1.54 W, 51, 0x0000000000000001
2026/10/07 04:50:58.751, 0 %, 56 MiB, 4096 MiB, 300 MHz, 1.72 W, 51, 0x0000000000000001
2026/10/07 04:51:00.775, 0 %, 56 MiB, 4096 MiB, 300 MHz, 1.57 W, 51, 0x0000000000000001
2026/10/07 04:51:02.799, 0 %, 56 MiB, 4096 MiB, 300 MHz, 1.52 W, 51, 0x0000000000000001
2026/10/07 04:51:04.820, 0 %, 56 MiB, 4096 MiB, 300 MHz, 1.50 W, 51, 0x0000000000000001
2026/10/07 04:51:06.841, 0 %, 56 MiB, 4096 MiB, 300 MHz, 1.51 W, 51, 0x0000000000000001
2026/10/07 04:51:08.863, 0 %, 56 MiB, 4096 MiB, 300 MHz, 1.63 W, 51, 0x0000000000000001
2026/10/07 04:51:10.885, 0 %, 56 MiB, 4096 MiB, 300 MHz, 1.54 W, 51, 0x0000000000000001
2026/10/07 04:51:12.910, 0 %, 56 MiB, 4096 MiB, 300 MHz, 1.53 W, 51, 0x0000000000000001
2026/10/07 04:51:14.931, 0 %, 56 MiB, 4096 MiB, 300 MHz, 1.54 W, 51, 0x0000000000000001
2026/10/07 04:51:16.953, 0 %, 56 MiB, 4096 MiB, 300 MHz, 2.00 W, 51, 0x0000000000000001
2026/10/07 04:51:18.978, 0 %, 56 MiB, 4096 MiB, 300 MHz, 1.61 W, 51, 0x0000000000000001
2026/10/07 04:51:20.999, 0 %, 56 MiB, 4096 MiB, 300 MHz, 1.46 W, 51, 0x0000000000000001
2026/10/07 04:51:23.023, 0 %, 56 MiB, 4096 MiB, 300 MHz, 1.52 W, 51, 0x0000000000000001
2026/10/07 04:51:25.044, 0 %, 56 MiB, 4096 MiB, 300 MHz, 1.48 W, 51, 0x0000000000000001
2026/10/07 04:51:27.067, 0 %, 56 MiB, 4096 MiB, 300 MHz, 2.01 W, 51, 0x0000000000000001
2026/10/07 04:51:29.091, 0 %, 56 MiB, 4096 MiB, 300 MHz, 1.58 W, 51, 0x0000000000000001
2026/10/07 04:51:31.112, 0 %, 56 MiB, 4096 MiB, 300 MHz, 1.55 W, 51, 0x0000000000000001
2026/10/07 04:51:33.135, 0 %, 56 MiB, 4096 MiB, 300 MHz, 1.54 W, 51, 0x0000000000000001
2026/10/07 04:51:35.159, 0 %, 56 MiB, 4096 MiB, 300 MHz, 1.55 W, 51, 0x0000000000000001
2026/10/07 04:51:37.183, 0 %, 56 MiB, 4096 MiB, 300 MHz, 1.79 W, 51, 0x0000000000000001
2026/10/07 04:51:39.208, 0 %, 56 MiB, 4096 MiB, 300 MHz, 1.58 W, 51, 0x0000000000000001
2026/10/07 04:51:41.230, 0 %, 56 MiB, 4096 MiB, 300 MHz, 1.57 W, 51, 0x0000000000000001
2026/10/07 04:51:43.251, 0 %, 56 MiB, 4096 MiB, 300 MHz, 1.62 W, 51, 0x0000000000000001
2026/10/07 04:51:45.274, 0 %, 56 MiB, 4096 MiB, 300 MHz, 1.61 W, 51, 0x0000000000000001
2026/10/07 04:51:47.297, 0 %, 56 MiB, 4096 MiB, 300 MHz, 1.65 W, 51, 0x0000000000000001
2026/10/07 04:51:49.322, 0 %, 56 MiB, 4096 MiB, 300 MHz, 1.53 W, 51, 0x0000000000000001
2026/10/07 04:51:51.344, 0 %, 56 MiB, 4096 MiB, 300 MHz, 1.52 W, 51, 0x0000000000000001
2026/10/07 04:51:53.369, 0 %, 56 MiB, 4096 MiB, 300 MHz, 1.55 W, 51, 0x0000000000000001
2026/10/07 04:51:55.391, 0 %, 56 MiB, 4096 MiB, 300 MHz, 1.93 W, 51, 0x0000000000000001
2026/10/07 04:51:57.415, 0 %, 56 MiB, 4096 MiB, 300 MHz, 1.46 W, 51, 0x0000000000000001
2026/10/07 04:51:59.437, 0 %, 56 MiB, 4096 MiB, 300 MHz, 1.51 W, 51, 0x0000000000000001
2026/10/07 04:52:01.460, 0 %, 56 MiB, 4096 MiB, 300 MHz, 1.49 W, 51, 0x0000000000000001
2026/10/07 04:52:03.482, 0 %, 56 MiB, 4096 MiB, 300 MHz, 1.54 W, 51, 0x0000000000000001
2026/10/07 04:52:05.505, 0 %, 56 MiB, 4096 MiB, 300 MHz, 1.86 W, 51, 0x0000000000000001
2026/10/07 04:52:07.533, 0 %, 56 MiB, 4096 MiB, 300 MHz, 1.55 W, 51, 0x0000000000000001
2026/10/07 04:52:09.557, 0 %, 56 MiB, 4096 MiB, 300 MHz, 1.50 W, 51, 0x0000000000000001
2026/10/07 04:52:11.582, 0 %, 56 MiB, 4096 MiB, 300 MHz, 1.50 W, 51, 0x0000000000000001
2026/10/07 04:52:13.604, 0 %, 56 MiB, 4096 MiB, 300 MHz, 1.56 W, 51, 0x0000000000000001
2026/10/07 04:52:15.625, 0 %, 56 MiB, 4096 MiB, 300 MHz, 1.35 W, 51, 0x0000000000000001
2026/10/07 04:52:17.648, 0 %, 56 MiB, 4096 MiB, 300 MHz, 1.50 W, 51, 0x0000000000000001
2026/10/07 04:52:19.671, 0 %, 56 MiB, 4096 MiB, 300 MHz, 1.50 W, 51, 0x0000000000000001
2026/10/07 04:52:21.692, 0 %, 56 MiB, 4096 MiB, 300 MHz, 1.49 W, 51, 0x0000000000000001
2026/10/07 04:52:23.720, 0 %, 56 MiB, 4096 MiB, 300 MHz, 1.90 W, 51, 0x0000000000000001
2026/10/07 04:52:25.741, 0 %, 56 MiB, 4096 MiB, 300 MHz, 1.55 W, 51, 0x0000000000000001
2026/10/07 04:52:27.767, 0 %, 56 MiB, 4096 MiB, 300 MHz, 1.58 W, 51, 0x0000000000000001
2026/10/07 04:52:29.788, 0 %, 56 MiB, 4096 MiB, 300 MHz, 1.55 W, 51, 0x0000000000000001
2026/10/07 04:52:31.810, 0 %, 56 MiB, 4096 MiB, 300 MHz, 1.57 W, 51, 0x0000000000000001
2026/10/07 04:52:33.833, 0 %, 56 MiB, 4096 MiB, 300 MHz, 1.74 W, 51, 0x0000000000000001
2026/10/07 04:52:35.855, 0 %, 56 MiB, 4096 MiB, 300 MHz, 1.52 W, 51, 0x0000000000000001
2026/10/07 04:52:37.877, 0 %, 56 MiB, 4096 MiB, 300 MHz, 1.55 W, 51, 0x0000000000000001
2026/10/07 04:52:39.901, 0 %, 56 MiB, 4096 MiB, 300 MHz, 1.47 W, 51, 0x0000000000000001
2026/10/07 04:52:41.924, 0 %, 56 MiB, 4096 MiB, 300 MHz, 1.49 W, 51, 0x0000000000000001
2026/10/07 04:52:43.949, 0 %, 56 MiB, 4096 MiB, 300 MHz, 1.56 W, 51, 0x0000000000000001
2026/10/07 04:52:45.971, 0 %, 56 MiB, 4096 MiB, 300 MHz, 1.52 W, 51, 0x0000000000000001
2026/10/07 04:52:47.993, 0 %, 56 MiB, 4096 MiB, 300 MHz, 1.52 W, 51, 0x0000000000000001
2026/10/07 04:52:50.015, 0 %, 56 MiB, 4096 MiB, 300 MHz, 1.53 W, 51, 0x0000000000000001
2026/10/07 04:52:52.038, 0 %, 56 MiB, 4096 MiB, 300 MHz, 1.87 W, 51, 0x0000000000000001
2026/10/07 04:52:54.062, 0 %, 56 MiB, 4096 MiB, 300 MHz, 1.50 W, 51, 0x0000000000000001
2026/10/07 04:52:56.086, 0 %, 56 MiB, 4096 MiB, 300 MHz, 1.52 W, 51, 0x0000000000000001
2026/10/07 04:52:58.107, 0 %, 56 MiB, 4096 MiB, 300 MHz, 1.46 W, 51, 0x0000000000000001
2026/10/07 04:53:00.130, 0 %, 56 MiB, 4096 MiB, 300 MHz, 1.48 W, 51, 0x0000000000000001
2026/10/07 04:53:02.154, 0 %, 56 MiB, 4096 MiB, 300 MHz, 1.86 W, 51, 0x0000000000000001
2026/10/07 04:53:04.176, 0 %, 56 MiB, 4096 MiB, 300 MHz, 1.56 W, 51, 0x0000000000000001
2026/10/07 04:53:06.201, 0 %, 56 MiB, 4096 MiB, 300 MHz, 1.54 W, 51, 0x0000000000000001
2026/10/07 04:53:08.223, 0 %, 56 MiB, 4096 MiB, 300 MHz, 1.57 W, 51, 0x0000000000000001
2026/10/07 04:53:10.249, 0 %, 56 MiB, 4096 MiB, 300 MHz, 1.53 W, 51, 0x0000000000000001
2026/10/07 04:53:12.272, 0 %, 56 MiB, 4096 MiB, 300 MHz, 1.67 W, 51, 0x0000000000000001
2026/10/07 04:53:14.297, 0 %, 56 MiB, 4096 MiB, 300 MHz, 1.54 W, 51, 0x0000000000000001
2026/10/07 04:53:16.319, 0 %, 56 MiB, 4096 MiB, 300 MHz, 1.48 W, 51, 0x0000000000000001
2026/10/07 04:53:18.342, 0 %, 56 MiB, 4096 MiB, 300 MHz, 1.52 W, 51, 0x0000000000000001
2026/10/07 04:53:20.366, 0 %, 56 MiB, 4096 MiB, 300 MHz, 2.02 W, 51, 0x0000000000000001
2026/10/07 04:53:22.388, 0 %, 56 MiB, 4096 MiB, 300 MHz, 1.55 W, 51, 0x0000000000000001
2026/10/07 04:53:24.409, 0 %, 56 MiB, 4096 MiB, 300 MHz, 1.62 W, 51, 0x0000000000000001
2026/10/07 04:53:26.431, 0 %, 56 MiB, 4096 MiB, 300 MHz, 1.72 W, 51, 0x0000000000000001
2026/10/07 04:53:28.452, 0 %, 56 MiB, 4096 MiB, 300 MHz, 1.58 W, 51, 0x0000000000000001
2026/10/07 04:53:30.474, 0 %, 56 MiB, 4096 MiB, 300 MHz, 1.91 W, 51, 0x0000000000000001
2026/10/07 04:53:32.500, 0 %, 56 MiB, 4096 MiB, 300 MHz, 1.49 W, 51, 0x0000000000000001
2026/10/07 04:53:34.523, 0 %, 56 MiB, 4096 MiB, 300 MHz, 1.54 W, 51, 0x0000000000000001
2026/10/07 04:53:36.545, 0 %, 56 MiB, 4096 MiB, 300 MHz, 1.47 W, 51, 0x0000000000000001
2026/10/07 04:53:38.568, 0 %, 56 MiB, 4096 MiB, 300 MHz, 1.65 W, 51, 0x0000000000000001
2026/10/07 04:53:40.593, 0 %, 56 MiB, 4096 MiB, 300 MHz, 1.76 W, 51, 0x0000000000000001
2026/10/07 04:53:42.615, 0 %, 56 MiB, 4096 MiB, 300 MHz, 1.54 W, 51, 0x0000000000000001
2026/10/07 04:53:44.639, 0 %, 56 MiB, 4096 MiB, 300 MHz, 1.53 W, 51, 0x0000000000000001
2026/10/07 04:53:46.662, 0 %, 56 MiB, 4096 MiB, 300 MHz, 1.50 W, 51, 0x0000000000000001
2026/10/07 04:53:48.685, 0 %, 56 MiB, 4096 MiB, 300 MHz, 1.48 W, 51, 0x0000000000000001
2026/10/07 04:53:50.714, 0 %, 56 MiB, 4096 MiB, 300 MHz, 1.45 W, 51, 0x0000000000000001
2026/10/07 04:53:52.736, 0 %, 56 MiB, 4096 MiB, 300 MHz, 1.44 W, 51, 0x0000000000000001
2026/10/07 04:53:54.760, 0 %, 56 MiB, 4096 MiB, 300 MHz, 1.46 W, 51, 0x0000000000000001
2026/10/07 04:53:56.783, 0 %, 56 MiB, 4096 MiB, 300 MHz, 1.48 W, 51, 0x0000000000000001
2026/10/07 04:53:58.804, 0 %, 56 MiB, 4096 MiB, 300 MHz, 1.92 W, 51, 0x0000000000000001
2026/10/07 04:54:00.828, 0 %, 56 MiB, 4096 MiB, 300 MHz, 1.58 W, 51, 0x0000000000000001
2026/10/07 04:54:02.849, 0 %, 56 MiB, 4096 MiB, 300 MHz, 1.56 W, 51, 0x0000000000000001
2026/10/07 04:54:04.871, 0 %, 56 MiB, 4096 MiB, 300 MHz, 1.56 W, 51, 0x0000000000000001
2026/10/07 04:54:06.892, 0 %, 56 MiB, 4096 MiB, 300 MHz, 1.48 W, 51, 0x0000000000000001
2026/10/07 04:54:08.917, 0 %, 56 MiB, 4096 MiB, 300 MHz, 1.78 W, 51, 0x0000000000000001
2026/10/07 04:54:10.939, 0 %, 56 MiB, 4096 MiB, 300 MHz, 1.50 W, 51, 0x0000000000000001
2026/10/07 04:54:12.961, 0 %, 56 MiB, 4096 MiB, 300 MHz, 1.57 W, 51, 0x0000000000000001
2026/10/07 04:54:14.984, 0 %, 56 MiB, 4096 MiB, 300 MHz, 1.55 W, 51, 0x0000000000000001
2026/10/07 04:54:17.008, 0 %, 56 MiB, 4096 MiB, 300 MHz, 1.50 W, 51, 0x0000000000000001
2026/10/07 04:54:19.030, 0 %, 56 MiB, 4096 MiB, 300 MHz, 1.72 W, 51, 0x0000000000000001
2026/10/07 04:54:21.053, 0 %, 56 MiB, 4096 MiB, 300 MHz, 1.55 W, 51, 0x0000000000000001
2026/10/07 04:54:23.076, 0 %, 56 MiB, 4096 MiB, 300 MHz, 1.51 W, 51, 0x0000000000000001
2026/10/07 04:54:25.099, 0 %, 56 MiB, 4096 MiB, 300 MHz, 1.50 W, 51, 0x0000000000000001
2026/10/07 04:54:27.123, 0 %, 56 MiB, 4096 MiB, 300 MHz, 1.53 W, 51, 0x0000000000000001
2026/10/07 04:54:29.147, 0 %, 56 MiB, 4096 MiB, 300 MHz, 1.57 W, 51, 0x0000000000000001
2026/10/07 04:54:31.173, 0 %, 56 MiB, 4096 MiB, 300 MHz, 1.56 W, 51, 0x0000000000000001
2026/10/07 04:54:33.197, 0 %, 56 MiB, 4096 MiB, 300 MHz, 1.56 W, 51, 0x0000000000000001
2026/10/07 04:54:35.222, 0 %, 56 MiB, 4096 MiB, 300 MHz, 1.49 W, 51, 0x0000000000000001
2026/10/07 04:54:37.244, 0 %, 56 MiB, 4096 MiB, 300 MHz, 1.83 W, 51, 0x0000000000000001
2026/10/07 04:54:39.267, 0 %, 56 MiB, 4096 MiB, 300 MHz, 1.48 W, 51, 0x0000000000000001
2026/10/07 04:54:41.291, 0 %, 56 MiB, 4096 MiB, 300 MHz, 1.52 W, 51, 0x0000000000000001
2026/10/07 04:54:43.313, 0 %, 56 MiB, 4096 MiB, 300 MHz, 1.51 W, 51, 0x0000000000000001
2026/10/07 04:54:45.338, 0 %, 56 MiB, 4096 MiB, 300 MHz, 1.56 W, 51, 0x0000000000000001
2026/10/07 04:54:47.363, 0 %, 56 MiB, 4096 MiB, 300 MHz, 1.56 W, 51, 0x0000000000000001
2026/10/07 04:54:49.386, 0 %, 56 MiB, 4096 MiB, 300 MHz, 1.60 W, 51, 0x0000000000000001
2026/10/07 04:54:51.411, 0 %, 56 MiB, 4096 MiB, 300 MHz, 1.60 W, 51, 0x0000000000000001
2026/10/07 04:54:53.433, 0 %, 56 MiB, 4096 MiB, 300 MHz, 1.54 W, 51, 0x0000000000000001
2026/10/07 04:54:55.457, 0 %, 56 MiB, 4096 MiB, 300 MHz, 2.03 W, 51, 0x0000000000000001
2026/10/07 04:54:57.482, 0 %, 56 MiB, 4096 MiB, 300 MHz, 1.59 W, 51, 0x0000000000000001
2026/10/07 04:54:59.504, 0 %, 56 MiB, 4096 MiB, 300 MHz, 1.59 W, 51, 0x0000000000000001
2026/10/07 04:55:01.528, 0 %, 56 MiB, 4096 MiB, 300 MHz, 1.59 W, 51, 0x0000000000000001
2026/10/07 04:55:03.552, 0 %, 56 MiB, 4096 MiB, 300 MHz, 1.58 W, 51, 0x0000000000000001
2026/10/07 04:55:05.577, 0 %, 56 MiB, 4096 MiB, 300 MHz, 1.71 W, 51, 0x0000000000000001
2026/10/07 04:55:07.601, 0 %, 56 MiB, 4096 MiB, 300 MHz, 1.55 W, 51, 0x0000000000000001
2026/10/07 04:55:09.622, 0 %, 56 MiB, 4096 MiB, 300 MHz, 1.55 W, 51, 0x0000000000000001
2026/10/07 04:55:11.647, 0 %, 56 MiB, 4096 MiB, 300 MHz, 1.51 W, 51, 0x0000000000000001
2026/10/07 04:55:13.669, 0 %, 56 MiB, 4096 MiB, 300 MHz, 1.99 W, 51, 0x0000000000000001
2026/10/07 04:55:15.693, 0 %, 56 MiB, 4096 MiB, 300 MHz, 1.51 W, 51, 0x0000000000000001
2026/10/07 04:55:17.718, 0 %, 56 MiB, 4096 MiB, 300 MHz, 1.46 W, 51, 0x0000000000000001
2026/10/07 04:55:19.740, 0 %, 56 MiB, 4096 MiB, 300 MHz, 1.52 W, 51, 0x0000000000000001
2026/10/07 04:55:21.765, 0 %, 56 MiB, 4096 MiB, 300 MHz, 1.48 W, 51, 0x0000000000000001
2026/10/07 04:55:23.787, 0 %, 56 MiB, 4096 MiB, 300 MHz, 1.80 W, 51, 0x0000000000000001
2026/10/07 04:55:25.809, 0 %, 56 MiB, 4096 MiB, 300 MHz, 1.56 W, 51, 0x0000000000000001
2026/10/07 04:55:27.834, 0 %, 66 MiB, 4096 MiB, 300 MHz, 1.60 W, 51, 0x0000000000000001
2026/10/07 04:55:29.855, 1 %, 68 MiB, 4096 MiB, 300 MHz, 1.50 W, 51, 0x0000000000000001
2026/10/07 04:55:31.876, 0 %, 59 MiB, 4096 MiB, 300 MHz, 1.50 W, 51, 0x0000000000000001
2026/10/07 04:55:33.897, 0 %, 59 MiB, 4096 MiB, 300 MHz, 1.73 W, 51, 0x0000000000000001
2026/10/07 04:55:35.920, 0 %, 59 MiB, 4096 MiB, 300 MHz, 1.50 W, 51, 0x0000000000000001
2026/10/07 04:55:37.943, 0 %, 59 MiB, 4096 MiB, 300 MHz, 1.58 W, 51, 0x0000000000000001
2026/10/07 04:55:39.969, 0 %, 59 MiB, 4096 MiB, 300 MHz, 1.57 W, 51, 0x0000000000000001
2026/10/07 04:55:41.991, 0 %, 59 MiB, 4096 MiB, 300 MHz, 1.54 W, 51, 0x0000000000000001
2026/10/07 04:55:44.012, 0 %, 59 MiB, 4096 MiB, 300 MHz, 1.72 W, 51, 0x0000000000000001
2026/10/07 04:55:46.037, 0 %, 59 MiB, 4096 MiB, 300 MHz, 1.55 W, 51, 0x0000000000000001
2026/10/07 04:55:48.058, 0 %, 59 MiB, 4096 MiB, 300 MHz, 1.62 W, 51, 0x0000000000000001
2026/10/07 04:55:50.082, 0 %, 59 MiB, 4096 MiB, 300 MHz, 1.59 W, 51, 0x0000000000000001
2026/10/07 04:55:52.112, 0 %, 59 MiB, 4096 MiB, 300 MHz, 1.89 W, 51, 0x0000000000000001
2026/10/07 04:55:54.133, 0 %, 59 MiB, 4096 MiB, 300 MHz, 1.63 W, 51, 0x0000000000000001
2026/10/07 04:55:56.157, 0 %, 59 MiB, 4096 MiB, 300 MHz, 1.71 W, 51, 0x0000000000000001
2026/10/07 04:55:58.182, 0 %, 59 MiB, 4096 MiB, 300 MHz, 1.62 W, 51, 0x0000000000000001
2026/10/07 04:56:00.204, 0 %, 58 MiB, 4096 MiB, 300 MHz, 1.57 W, 51, 0x0000000000000001
2026/10/07 04:56:02.229, 0 %, 58 MiB, 4096 MiB, 300 MHz, 1.68 W, 51, 0x0000000000000001
2026/10/07 04:56:04.253, 0 %, 58 MiB, 4096 MiB, 300 MHz, 1.53 W, 51, 0x0000000000000001
2026/10/07 04:56:06.277, 0 %, 58 MiB, 4096 MiB, 300 MHz, 1.54 W, 51, 0x0000000000000001
2026/10/07 04:56:08.298, 0 %, 58 MiB, 4096 MiB, 300 MHz, 1.57 W, 51, 0x0000000000000001
2026/10/07 04:56:10.321, 0 %, 58 MiB, 4096 MiB, 300 MHz, 1.93 W, 51, 0x0000000000000001
2026/10/07 04:56:12.346, 0 %, 58 MiB, 4096 MiB, 300 MHz, 1.53 W, 51, 0x0000000000000001
2026/10/07 04:56:14.368, 0 %, 58 MiB, 4096 MiB, 300 MHz, 1.58 W, 51, 0x0000000000000001
2026/10/07 04:56:16.392, 0 %, 58 MiB, 4096 MiB, 300 MHz, 1.55 W, 51, 0x0000000000000001
2026/10/07 04:56:18.415, 0 %, 58 MiB, 4096 MiB, 300 MHz, 1.49 W, 51, 0x0000000000000001
2026/10/07 04:56:20.438, 0 %, 58 MiB, 4096 MiB, 300 MHz, 1.89 W, 51, 0x0000000000000001
2026/10/07 04:56:22.462, 0 %, 58 MiB, 4096 MiB, 300 MHz, 1.56 W, 51, 0x0000000000000001
2026/10/07 04:56:24.484, 0 %, 58 MiB, 4096 MiB, 300 MHz, 1.54 W, 51, 0x0000000000000001
2026/10/07 04:56:26.507, 0 %, 58 MiB, 4096 MiB, 300 MHz, 1.61 W, 51, 0x0000000000000001
2026/10/07 04:56:28.530, 0 %, 58 MiB, 4096 MiB, 300 MHz, 1.54 W, 51, 0x0000000000000001
2026/10/07 04:56:30.552, 0 %, 58 MiB, 4096 MiB, 300 MHz, 1.62 W, 51, 0x0000000000000001
2026/10/07 04:56:32.573, 0 %, 58 MiB, 4096 MiB, 300 MHz, 1.50 W, 51, 0x0000000000000001
2026/10/07 04:56:34.599, 0 %, 58 MiB, 4096 MiB, 300 MHz, 1.46 W, 51, 0x0000000000000001
2026/10/07 04:56:36.621, 0 %, 58 MiB, 4096 MiB, 300 MHz, 1.47 W, 51, 0x0000000000000001
2026/10/07 04:56:38.642, 0 %, 58 MiB, 4096 MiB, 300 MHz, 1.93 W, 51, 0x0000000000000001
2026/10/07 04:56:40.667, 0 %, 58 MiB, 4096 MiB, 300 MHz, 1.50 W, 51, 0x0000000000000001
2026/10/07 04:56:42.693, 0 %, 58 MiB, 4096 MiB, 300 MHz, 1.49 W, 51, 0x0000000000000001
2026/10/07 04:56:44.720, 0 %, 58 MiB, 4096 MiB, 300 MHz, 1.48 W, 51, 0x0000000000000001
2026/10/07 04:56:46.741, 0 %, 58 MiB, 4096 MiB, 300 MHz, 1.59 W, 51, 0x0000000000000001
2026/10/07 04:56:48.765, 0 %, 58 MiB, 4096 MiB, 300 MHz, 1.39 W, 51, 0x0000000000000001
2026/10/07 04:56:50.788, 0 %, 58 MiB, 4096 MiB, 300 MHz, 1.49 W, 51, 0x0000000000000001
2026/10/07 04:56:52.814, 0 %, 58 MiB, 4096 MiB, 300 MHz, 1.45 W, 51, 0x0000000000000001
2026/10/07 04:56:54.838, 0 %, 58 MiB, 4096 MiB, 300 MHz, 1.51 W, 51, 0x0000000000000001
2026/10/07 04:56:56.860, 0 %, 58 MiB, 4096 MiB, 300 MHz, 1.47 W, 51, 0x0000000000000001
2026/10/07 04:56:58.882, 0 %, 58 MiB, 4096 MiB, 300 MHz, 1.54 W, 51, 0x0000000000000001
2026/10/07 04:57:00.904, 0 %, 58 MiB, 4096 MiB, 300 MHz, 1.53 W, 51, 0x0000000000000001
2026/10/07 04:57:02.929, 0 %, 58 MiB, 4096 MiB, 300 MHz, 1.57 W, 51, 0x0000000000000001
2026/10/07 04:57:04.950, 0 %, 58 MiB, 4096 MiB, 300 MHz, 1.52 W, 51, 0x0000000000000001
2026/10/07 04:57:06.975, 0 %, 58 MiB, 4096 MiB, 300 MHz, 1.83 W, 51, 0x0000000000000001
2026/10/07 04:57:08.997, 0 %, 58 MiB, 4096 MiB, 300 MHz, 1.55 W, 51, 0x0000000000000001
2026/10/07 04:57:11.021, 0 %, 58 MiB, 4096 MiB, 300 MHz, 1.51 W, 51, 0x0000000000000001
2026/10/07 04:57:13.044, 0 %, 58 MiB, 4096 MiB, 300 MHz, 1.51 W, 51, 0x0000000000000001
2026/10/07 04:57:15.072, 0 %, 59 MiB, 4096 MiB, 300 MHz, 1.94 W, 51, 0x0000000000000001
2026/10/07 04:57:17.096, 0 %, 66 MiB, 4096 MiB, 300 MHz, 1.80 W, 51, 0x0000000000000001
2026/10/07 04:57:19.122, 0 %, 58 MiB, 4096 MiB, 300 MHz, 1.57 W, 51, 0x0000000000000001
2026/10/07 04:57:21.146, 0 %, 58 MiB, 4096 MiB, 300 MHz, 1.56 W, 51, 0x0000000000000001
2026/10/07 04:57:23.168, 0 %, 58 MiB, 4096 MiB, 300 MHz, 1.54 W, 51, 0x0000000000000001
2026/10/07 04:57:25.192, 0 %, 58 MiB, 4096 MiB, 300 MHz, 1.95 W, 51, 0x0000000000000001
2026/10/07 04:57:27.216, 0 %, 58 MiB, 4096 MiB, 300 MHz, 1.53 W, 51, 0x0000000000000001
2026/10/07 04:57:29.238, 0 %, 58 MiB, 4096 MiB, 300 MHz, 1.48 W, 51, 0x0000000000000001
2026/10/07 04:57:31.262, 0 %, 58 MiB, 4096 MiB, 300 MHz, 1.05 W, 51, 0x0000000000000001
2026/10/07 04:57:33.283, 0 %, 58 MiB, 4096 MiB, 300 MHz, 1.49 W, 51, 0x0000000000000001
2026/10/07 04:57:35.308, 0 %, 58 MiB, 4096 MiB, 300 MHz, 1.71 W, 51, 0x0000000000000001
2026/10/07 04:57:37.330, 0 %, 58 MiB, 4096 MiB, 300 MHz, 1.56 W, 51, 0x0000000000000001
2026/10/07 04:57:39.355, 0 %, 58 MiB, 4096 MiB, 300 MHz, 1.56 W, 51, 0x0000000000000001
2026/10/07 04:57:41.376, 0 %, 58 MiB, 4096 MiB, 300 MHz, 1.55 W, 51, 0x0000000000000001
2026/10/07 04:57:43.398, 0 %, 58 MiB, 4096 MiB, 300 MHz, 1.51 W, 51, 0x0000000000000001
2026/10/07 04:57:45.421, 0 %, 58 MiB, 4096 MiB, 300 MHz, 1.58 W, 51, 0x0000000000000001
2026/10/07 04:57:47.444, 0 %, 56 MiB, 4096 MiB, 300 MHz, 1.50 W, 51, 0x0000000000000001
2026/10/07 04:57:49.468, 0 %, 56 MiB, 4096 MiB, 300 MHz, 1.50 W, 51, 0x0000000000000001
2026/10/07 04:57:51.490, 0 %, 56 MiB, 4096 MiB, 300 MHz, 1.48 W, 51, 0x0000000000000001
2026/10/07 04:57:53.515, 0 %, 56 MiB, 4096 MiB, 300 MHz, 1.93 W, 51, 0x0000000000000001
2026/10/07 04:57:55.537, 0 %, 56 MiB, 4096 MiB, 300 MHz, 1.59 W, 51, 0x0000000000000001
2026/10/07 04:57:57.562, 0 %, 56 MiB, 4096 MiB, 300 MHz, 1.60 W, 51, 0x0000000000000001
2026/10/07 04:57:59.584, 0 %, 56 MiB, 4096 MiB, 300 MHz, 1.51 W, 51, 0x0000000000000001
2026/10/07 04:58:01.605, 0 %, 56 MiB, 4096 MiB, 300 MHz, 1.55 W, 51, 0x0000000000000001
2026/10/07 04:58:03.630, 0 %, 56 MiB, 4096 MiB, 300 MHz, 1.78 W, 51, 0x0000000000000001
2026/10/07 04:58:05.655, 0 %, 56 MiB, 4096 MiB, 300 MHz, 1.56 W, 51, 0x0000000000000001
2026/10/07 04:58:07.677, 0 %, 56 MiB, 4096 MiB, 300 MHz, 1.50 W, 51, 0x0000000000000001
2026/10/07 04:58:09.702, 0 %, 56 MiB, 4096 MiB, 300 MHz, 1.54 W, 51, 0x0000000000000001
2026/10/07 04:58:11.723, 0 %, 56 MiB, 4096 MiB, 300 MHz, 1.56 W, 51, 0x0000000000000001
2026/10/07 04:58:13.746, 0 %, 56 MiB, 4096 MiB, 300 MHz, 1.67 W, 51, 0x0000000000000001
2026/10/07 04:58:15.769, 0 %, 56 MiB, 4096 MiB, 300 MHz, 1.31 W, 51, 0x0000000000000001
2026/10/07 04:58:17.794, 0 %, 56 MiB, 4096 MiB, 300 MHz, 1.56 W, 51, 0x0000000000000001
2026/10/07 04:58:19.818, 0 %, 56 MiB, 4096 MiB, 300 MHz, 1.61 W, 51, 0x0000000000000001
2026/10/07 04:58:21.840, 0 %, 56 MiB, 4096 MiB, 300 MHz, 1.89 W, 51, 0x0000000000000001
2026/10/07 04:58:23.863, 0 %, 56 MiB, 4096 MiB, 300 MHz, 1.37 W, 51, 0x0000000000000001
2026/10/07 04:58:25.886, 0 %, 56 MiB, 4096 MiB, 300 MHz, 1.51 W, 51, 0x0000000000000001
2026/10/07 04:58:27.910, 0 %, 56 MiB, 4096 MiB, 300 MHz, 1.54 W, 51, 0x0000000000000001
2026/10/07 04:58:29.932, 0 %, 56 MiB, 4096 MiB, 300 MHz, 1.55 W, 51, 0x0000000000000001
2026/10/07 04:58:31.955, 0 %, 56 MiB, 4096 MiB, 300 MHz, 1.82 W, 51, 0x0000000000000001
2026/10/07 04:58:33.976, 0 %, 56 MiB, 4096 MiB, 300 MHz, 1.56 W, 51, 0x0000000000000001
2026/10/07 04:58:35.998, 0 %, 56 MiB, 4096 MiB, 300 MHz, 1.64 W, 51, 0x0000000000000001
2026/10/07 04:58:38.023, 0 %, 56 MiB, 4096 MiB, 300 MHz, 1.53 W, 51, 0x0000000000000001
2026/10/07 04:58:40.045, 0 %, 56 MiB, 4096 MiB, 300 MHz, 1.62 W, 51, 0x0000000000000001
2026/10/07 04:58:42.069, 0 %, 56 MiB, 4096 MiB, 300 MHz, 1.77 W, 51, 0x0000000000000001
2026/10/07 04:58:44.092, 0 %, 56 MiB, 4096 MiB, 300 MHz, 1.61 W, 51, 0x0000000000000001
2026/10/07 04:58:46.117, 0 %, 56 MiB, 4096 MiB, 300 MHz, 1.63 W, 51, 0x0000000000000001
2026/10/07 04:58:48.141, 0 %, 56 MiB, 4096 MiB, 300 MHz, 1.58 W, 51, 0x0000000000000001
2026/10/07 04:58:50.173, 0 %, 56 MiB, 4096 MiB, 300 MHz, 1.90 W, 51, 0x0000000000000001
2026/10/07 04:58:52.194, 0 %, 56 MiB, 4096 MiB, 300 MHz, 1.62 W, 51, 0x0000000000000001
2026/10/07 04:58:54.219, 0 %, 56 MiB, 4096 MiB, 300 MHz, 1.64 W, 51, 0x0000000000000001
2026/10/07 04:58:56.241, 0 %, 56 MiB, 4096 MiB, 300 MHz, 1.62 W, 51, 0x0000000000000001
2026/10/07 04:58:58.262, 0 %, 56 MiB, 4096 MiB, 300 MHz, 1.66 W, 51, 0x0000000000000001
2026/10/07 04:59:00.285, 0 %, 56 MiB, 4096 MiB, 300 MHz, 1.71 W, 51, 0x0000000000000001
2026/10/07 04:59:02.309, 0 %, 56 MiB, 4096 MiB, 300 MHz, 1.53 W, 51, 0x0000000000000001
2026/10/07 04:59:04.332, 0 %, 56 MiB, 4096 MiB, 300 MHz, 1.63 W, 51, 0x0000000000000001
2026/10/07 04:59:06.354, 0 %, 56 MiB, 4096 MiB, 300 MHz, 1.56 W, 51, 0x0000000000000001
2026/10/07 04:59:08.378, 0 %, 56 MiB, 4096 MiB, 300 MHz, 2.04 W, 51, 0x0000000000000001
2026/10/07 04:59:10.404, 0 %, 56 MiB, 4096 MiB, 300 MHz, 1.53 W, 51, 0x0000000000000001
2026/10/07 04:59:12.426, 0 %, 56 MiB, 4096 MiB, 300 MHz, 1.52 W, 51, 0x0000000000000001
2026/10/07 04:59:14.450, 0 %, 56 MiB, 4096 MiB, 300 MHz, 1.53 W, 51, 0x0000000000000001
2026/10/07 04:59:16.472, 0 %, 56 MiB, 4096 MiB, 300 MHz, 1.55 W, 51, 0x0000000000000001
2026/10/07 04:59:18.496, 0 %, 56 MiB, 4096 MiB, 300 MHz, 1.84 W, 51, 0x0000000000000001
2026/10/07 04:59:20.524, 0 %, 56 MiB, 4096 MiB, 300 MHz, 1.54 W, 51, 0x0000000000000001
2026/10/07 04:59:22.549, 0 %, 56 MiB, 4096 MiB, 300 MHz, 1.55 W, 51, 0x0000000000000001
2026/10/07 04:59:24.571, 0 %, 56 MiB, 4096 MiB, 300 MHz, 1.48 W, 51, 0x0000000000000001
2026/10/07 04:59:26.593, 0 %, 56 MiB, 4096 MiB, 300 MHz, 1.51 W, 51, 0x0000000000000001
2026/10/07 04:59:28.617, 0 %, 56 MiB, 4096 MiB, 300 MHz, 1.62 W, 51, 0x0000000000000001
2026/10/07 04:59:30.640, 0 %, 56 MiB, 4096 MiB, 300 MHz, 1.56 W, 51, 0x0000000000000001
2026/10/07 04:59:32.663, 0 %, 56 MiB, 4096 MiB, 300 MHz, 1.60 W, 51, 0x0000000000000001
2026/10/07 04:59:34.686, 0 %, 56 MiB, 4096 MiB, 300 MHz, 1.54 W, 51, 0x0000000000000001
2026/10/07 04:59:36.707, 0 %, 56 MiB, 4096 MiB, 300 MHz, 1.89 W, 51, 0x0000000000000001
2026/10/07 04:59:38.733, 0 %, 56 MiB, 4096 MiB, 300 MHz, 1.49 W, 51, 0x0000000000000001
2026/10/07 04:59:40.755, 0 %, 56 MiB, 4096 MiB, 300 MHz, 1.51 W, 51, 0x0000000000000001
2026/10/07 04:59:42.778, 0 %, 56 MiB, 4096 MiB, 300 MHz, 1.46 W, 51, 0x0000000000000001
2026/10/07 04:59:44.804, 0 %, 56 MiB, 4096 MiB, 300 MHz, 1.57 W, 51, 0x0000000000000001
2026/10/07 04:59:46.826, 0 %, 56 MiB, 4096 MiB, 300 MHz, 1.67 W, 51, 0x0000000000000001
2026/10/07 04:59:48.852, 0 %, 56 MiB, 4096 MiB, 300 MHz, 1.50 W, 51, 0x0000000000000001
2026/10/07 04:59:50.874, 0 %, 56 MiB, 4096 MiB, 300 MHz, 1.64 W, 51, 0x0000000000000001
2026/10/07 04:59:52.900, 0 %, 56 MiB, 4096 MiB, 300 MHz, 1.58 W, 51, 0x0000000000000001
2026/10/07 04:59:54.924, 0 %, 56 MiB, 4096 MiB, 300 MHz, 1.54 W, 51, 0x0000000000000001
2026/10/07 04:59:56.946, 0 %, 56 MiB, 4096 MiB, 300 MHz, 1.51 W, 51, 0x0000000000000001
2026/10/07 04:59:58.969, 0 %, 56 MiB, 4096 MiB, 300 MHz, 1.50 W, 51, 0x0000000000000001
2026/10/07 05:00:00.994, 0 %, 56 MiB, 4096 MiB, 300 MHz, 1.50 W, 51, 0x0000000000000001
2026/10/07 05:00:03.022, 0 %, 56 MiB, 4096 MiB, 300 MHz, 1.47 W, 51, 0x0000000000000001
2026/10/07 05:00:05.050, 0 %, 56 MiB, 4096 MiB, 300 MHz, 1.60 W, 51, 0x0000000000000001
2026/10/07 05:00:07.072, 0 %, 56 MiB, 4096 MiB, 300 MHz, 1.52 W, 51, 0x0000000000000001
2026/10/07 05:00:09.093, 0 %, 56 MiB, 4096 MiB, 300 MHz, 1.56 W, 51, 0x0000000000000001
2026/10/07 05:00:11.116, 0 %, 56 MiB, 4096 MiB, 300 MHz, 1.62 W, 51, 0x0000000000000001
2026/10/07 05:00:13.141, 0 %, 56 MiB, 4096 MiB, 300 MHz, 2.05 W, 51, 0x0000000000000001
2026/10/07 05:00:15.165, 0 %, 56 MiB, 4096 MiB, 300 MHz, 1.59 W, 51, 0x0000000000000001
2026/10/07 05:00:17.187, 0 %, 56 MiB, 4096 MiB, 300 MHz, 1.55 W, 51, 0x0000000000000001
2026/10/07 05:00:19.212, 0 %, 56 MiB, 4096 MiB, 300 MHz, 1.63 W, 51, 0x0000000000000001
2026/10/07 05:00:21.236, 0 %, 56 MiB, 4096 MiB, 300 MHz, 1.56 W, 51, 0x0000000000000001
2026/10/07 05:00:23.260, 0 %, 56 MiB, 4096 MiB, 300 MHz, 1.77 W, 51, 0x0000000000000001
2026/10/07 05:00:25.281, 0 %, 56 MiB, 4096 MiB, 300 MHz, 1.63 W, 51, 0x0000000000000001
2026/10/07 05:00:27.306, 0 %, 56 MiB, 4096 MiB, 300 MHz, 1.67 W, 51, 0x0000000000000001
2026/10/07 05:00:29.330, 0 %, 56 MiB, 4096 MiB, 300 MHz, 1.67 W, 51, 0x0000000000000001
2026/10/07 05:00:31.354, 0 %, 56 MiB, 4096 MiB, 300 MHz, 1.55 W, 51, 0x0000000000000001
2026/10/07 05:00:33.376, 0 %, 56 MiB, 4096 MiB, 300 MHz, 1.64 W, 51, 0x0000000000000001
2026/10/07 05:00:35.400, 0 %, 56 MiB, 4096 MiB, 300 MHz, 1.50 W, 51, 0x0000000000000001
2026/10/07 05:00:37.423, 0 %, 56 MiB, 4096 MiB, 300 MHz, 1.48 W, 51, 0x0000000000000001
2026/10/07 05:00:39.446, 0 %, 56 MiB, 4096 MiB, 300 MHz, 1.51 W, 51, 0x0000000000000001
2026/10/07 05:00:41.470, 0 %, 56 MiB, 4096 MiB, 300 MHz, 1.88 W, 51, 0x0000000000000001
2026/10/07 05:00:43.495, 0 %, 56 MiB, 4096 MiB, 300 MHz, 1.43 W, 51, 0x0000000000000001
2026/10/07 05:00:45.521, 0 %, 56 MiB, 4096 MiB, 300 MHz, 1.58 W, 51, 0x0000000000000001
2026/10/07 05:00:47.547, 0 %, 56 MiB, 4096 MiB, 300 MHz, 1.58 W, 51, 0x0000000000000001
2026/10/07 05:00:49.568, 0 %, 56 MiB, 4096 MiB, 300 MHz, 1.50 W, 51, 0x0000000000000001
2026/10/07 05:00:51.590, 0 %, 56 MiB, 4096 MiB, 300 MHz, 1.66 W, 51, 0x0000000000000001
2026/10/07 05:00:53.614, 0 %, 56 MiB, 4096 MiB, 300 MHz, 1.55 W, 51, 0x0000000000000001
2026/10/07 05:00:55.639, 0 %, 56 MiB, 4096 MiB, 300 MHz, 1.49 W, 51, 0x0000000000000001
2026/10/07 05:00:57.661, 0 %, 56 MiB, 4096 MiB, 300 MHz, 1.58 W, 51, 0x0000000000000001
2026/10/07 05:00:59.685, 0 %, 56 MiB, 4096 MiB, 300 MHz, 1.92 W, 51, 0x0000000000000001
2026/10/07 05:01:01.707, 0 %, 56 MiB, 4096 MiB, 300 MHz, 1.58 W, 51, 0x0000000000000001
2026/10/07 05:01:03.731, 0 %, 56 MiB, 4096 MiB, 300 MHz, 1.59 W, 51, 0x0000000000000001
2026/10/07 05:01:05.754, 0 %, 56 MiB, 4096 MiB, 300 MHz, 1.56 W, 51, 0x0000000000000001
2026/10/07 05:01:07.778, 0 %, 56 MiB, 4096 MiB, 300 MHz, 1.55 W, 51, 0x0000000000000001
2026/10/07 05:01:09.800, 0 %, 56 MiB, 4096 MiB, 300 MHz, 1.75 W, 51, 0x0000000000000001
2026/10/07 05:01:11.822, 0 %, 56 MiB, 4096 MiB, 300 MHz, 1.46 W, 51, 0x0000000000000001
2026/10/07 05:01:13.847, 0 %, 56 MiB, 4096 MiB, 300 MHz, 1.50 W, 51, 0x0000000000000001
2026/10/07 05:01:15.869, 0 %, 56 MiB, 4096 MiB, 300 MHz, 1.53 W, 51, 0x0000000000000001
2026/10/07 05:01:17.893, 0 %, 56 MiB, 4096 MiB, 300 MHz, 1.51 W, 51, 0x0000000000000001
2026/10/07 05:01:19.915, 0 %, 56 MiB, 4096 MiB, 300 MHz, 1.72 W, 51, 0x0000000000000001
2026/10/07 05:01:21.939, 0 %, 56 MiB, 4096 MiB, 300 MHz, 1.61 W, 51, 0x0000000000000001
2026/10/07 05:01:23.961, 0 %, 56 MiB, 4096 MiB, 300 MHz, 1.54 W, 51, 0x0000000000000001
2026/10/07 05:01:25.984, 0 %, 56 MiB, 4096 MiB, 300 MHz, 1.54 W, 51, 0x0000000000000001
2026/10/07 05:01:28.006, 0 %, 56 MiB, 4096 MiB, 300 MHz, 1.96 W, 51, 0x0000000000000001
2026/10/07 05:01:30.032, 0 %, 56 MiB, 4096 MiB, 300 MHz, 1.47 W, 51, 0x0000000000000001
2026/10/07 05:01:32.056, 0 %, 56 MiB, 4096 MiB, 300 MHz, 1.46 W, 51, 0x0000000000000001
2026/10/07 05:01:34.078, 0 %, 56 MiB, 4096 MiB, 300 MHz, 1.52 W, 51, 0x0000000000000001
2026/10/07 05:01:36.102, 0 %, 56 MiB, 4096 MiB, 300 MHz, 1.53 W, 51, 0x0000000000000001
2026/10/07 05:01:38.124, 0 %, 56 MiB, 4096 MiB, 300 MHz, 1.79 W, 51, 0x0000000000000001
2026/10/07 05:01:40.149, 0 %, 56 MiB, 4096 MiB, 300 MHz, 1.60 W, 51, 0x0000000000000001
2026/10/07 05:01:42.170, 0 %, 56 MiB, 4096 MiB, 300 MHz, 1.52 W, 51, 0x0000000000000001
2026/10/07 05:01:44.194, 0 %, 56 MiB, 4096 MiB, 300 MHz, 1.63 W, 51, 0x0000000000000001
2026/10/07 05:01:46.219, 0 %, 56 MiB, 4096 MiB, 300 MHz, 1.63 W, 51, 0x0000000000000001
2026/10/07 05:01:48.241, 0 %, 56 MiB, 4096 MiB, 300 MHz, 1.65 W, 51, 0x0000000000000001
2026/10/07 05:01:50.264, 0 %, 56 MiB, 4096 MiB, 300 MHz, 1.57 W, 51, 0x0000000000000001
2026/10/07 05:01:52.287, 0 %, 56 MiB, 4096 MiB, 300 MHz, 1.56 W, 51, 0x0000000000000001
2026/10/07 05:01:54.312, 0 %, 56 MiB, 4096 MiB, 300 MHz, 1.56 W, 51, 0x0000000000000001
2026/10/07 05:01:56.340, 0 %, 56 MiB, 4096 MiB, 300 MHz, 1.98 W, 51, 0x0000000000000001
2026/10/07 05:01:58.364, 0 %, 56 MiB, 4096 MiB, 300 MHz, 1.66 W, 51, 0x0000000000000001
2026/10/07 05:02:00.385, 0 %, 56 MiB, 4096 MiB, 300 MHz, 1.65 W, 51, 0x0000000000000001
2026/10/07 05:02:02.410, 0 %, 56 MiB, 4096 MiB, 300 MHz, 1.71 W, 51, 0x0000000000000001
2026/10/07 05:02:04.433, 0 %, 56 MiB, 4096 MiB, 300 MHz, 1.63 W, 51, 0x0000000000000001
2026/10/07 05:02:06.458, 0 %, 56 MiB, 4096 MiB, 300 MHz, 1.64 W, 51, 0x0000000000000001
2026/10/07 05:02:08.482, 0 %, 56 MiB, 4096 MiB, 300 MHz, 1.55 W, 51, 0x0000000000000001
2026/10/07 05:02:10.504, 0 %, 56 MiB, 4096 MiB, 300 MHz, 1.55 W, 51, 0x0000000000000001
2026/10/07 05:02:12.527, 0 %, 56 MiB, 4096 MiB, 300 MHz, 1.53 W, 51, 0x0000000000000001
2026/10/07 05:02:14.550, 0 %, 56 MiB, 4096 MiB, 300 MHz, 1.50 W, 51, 0x0000000000000001
2026/10/07 05:02:16.573, 0 %, 56 MiB, 4096 MiB, 300 MHz, 1.59 W, 51, 0x0000000000000001
2026/10/07 05:02:18.595, 0 %, 56 MiB, 4096 MiB, 300 MHz, 1.56 W, 51, 0x0000000000000001
2026/10/07 05:02:20.618, 0 %, 56 MiB, 4096 MiB, 300 MHz, 1.52 W, 51, 0x0000000000000001
2026/10/07 05:02:22.643, 0 %, 56 MiB, 4096 MiB, 300 MHz, 1.56 W, 51, 0x0000000000000001
2026/10/07 05:02:24.665, 0 %, 56 MiB, 4096 MiB, 300 MHz, 1.86 W, 51, 0x0000000000000001
2026/10/07 05:02:26.689, 0 %, 56 MiB, 4096 MiB, 300 MHz, 1.50 W, 51, 0x0000000000000001
2026/10/07 05:02:28.714, 0 %, 56 MiB, 4096 MiB, 300 MHz, 1.56 W, 51, 0x0000000000000001
2026/10/07 05:02:30.736, 0 %, 56 MiB, 4096 MiB, 300 MHz, 1.49 W, 51, 0x0000000000000001
2026/10/07 05:02:32.760, 0 %, 56 MiB, 4096 MiB, 300 MHz, 1.50 W, 51, 0x0000000000000001
2026/10/07 05:02:34.782, 0 %, 56 MiB, 4096 MiB, 300 MHz, 1.69 W, 51, 0x0000000000000001
2026/10/07 05:02:36.807, 0 %, 56 MiB, 4096 MiB, 300 MHz, 1.54 W, 51, 0x0000000000000001
2026/10/07 05:02:38.828, 0 %, 56 MiB, 4096 MiB, 300 MHz, 1.55 W, 51, 0x0000000000000001
2026/10/07 05:02:40.852, 0 %, 56 MiB, 4096 MiB, 300 MHz, 1.59 W, 51, 0x0000000000000001
2026/10/07 05:02:42.874, 0 %, 56 MiB, 4096 MiB, 300 MHz, 1.60 W, 51, 0x0000000000000001
2026/10/07 05:02:44.898, 0 %, 56 MiB, 4096 MiB, 300 MHz, 1.55 W, 51, 0x0000000000000001
2026/10/07 05:02:46.924, 0 %, 56 MiB, 4096 MiB, 300 MHz, 1.58 W, 51, 0x0000000000000001
2026/10/07 05:02:48.946, 0 %, 56 MiB, 4096 MiB, 300 MHz, 1.48 W, 51, 0x0000000000000001
2026/10/07 05:02:50.970, 0 %, 56 MiB, 4096 MiB, 300 MHz, 1.50 W, 51, 0x0000000000000001
2026/10/07 05:02:52.992, 0 %, 56 MiB, 4096 MiB, 300 MHz, 1.90 W, 51, 0x0000000000000001
2026/10/07 05:02:55.016, 0 %, 56 MiB, 4096 MiB, 300 MHz, 1.57 W, 51, 0x0000000000000001
2026/10/07 05:02:57.037, 0 %, 56 MiB, 4096 MiB, 300 MHz, 1.59 W, 51, 0x0000000000000001
2026/10/07 05:02:59.063, 0 %, 56 MiB, 4096 MiB, 300 MHz, 1.56 W, 51, 0x0000000000000001
2026/10/07 05:03:01.086, 0 %, 56 MiB, 4096 MiB, 300 MHz, 1.59 W, 51, 0x0000000000000001
2026/10/07 05:03:03.108, 0 %, 56 MiB, 4096 MiB, 300 MHz, 1.66 W, 51, 0x0000000000000001
2026/10/07 05:03:05.133, 0 %, 56 MiB, 4096 MiB, 300 MHz, 1.53 W, 51, 0x0000000000000001
2026/10/07 05:03:07.154, 0 %, 56 MiB, 4096 MiB, 300 MHz, 1.47 W, 51, 0x0000000000000001
2026/10/07 05:03:09.177, 0 %, 56 MiB, 4096 MiB, 300 MHz, 1.49 W, 51, 0x0000000000000001
2026/10/07 05:03:11.202, 0 %, 56 MiB, 4096 MiB, 300 MHz, 1.58 W, 51, 0x0000000000000001
2026/10/07 05:03:13.224, 0 %, 56 MiB, 4096 MiB, 300 MHz, 1.68 W, 51, 0x0000000000000001
2026/10/07 05:03:15.251, 0 %, 56 MiB, 4096 MiB, 300 MHz, 1.72 W, 51, 0x0000000000000001
2026/10/07 05:03:17.276, 0 %, 56 MiB, 4096 MiB, 300 MHz, 1.66 W, 51, 0x0000000000000001
2026/10/07 05:03:19.303, 0 %, 56 MiB, 4096 MiB, 300 MHz, 1.60 W, 51, 0x0000000000000001
2026/10/07 05:03:21.325, 0 %, 56 MiB, 4096 MiB, 300 MHz, 1.83 W, 51, 0x0000000000000001
2026/10/07 05:03:23.347, 0 %, 56 MiB, 4096 MiB, 300 MHz, 1.53 W, 51, 0x0000000000000001
2026/10/07 05:03:25.369, 0 %, 56 MiB, 4096 MiB, 300 MHz, 1.51 W, 51, 0x0000000000000001
2026/10/07 05:03:27.391, 0 %, 56 MiB, 4096 MiB, 300 MHz, 1.53 W, 51, 0x0000000000000001
2026/10/07 05:03:29.413, 0 %, 56 MiB, 4096 MiB, 300 MHz, 1.53 W, 51, 0x0000000000000001
2026/10/07 05:03:31.437, 0 %, 56 MiB, 4096 MiB, 300 MHz, 1.64 W, 51, 0x0000000000000001
2026/10/07 05:03:33.459, 0 %, 56 MiB, 4096 MiB, 300 MHz, 1.58 W, 51, 0x0000000000000001
2026/10/07 05:03:35.481, 0 %, 56 MiB, 4096 MiB, 300 MHz, 1.58 W, 51, 0x0000000000000001
2026/10/07 05:03:37.507, 0 %, 56 MiB, 4096 MiB, 300 MHz, 1.56 W, 51, 0x0000000000000001
2026/10/07 05:03:39.532, 0 %, 56 MiB, 4096 MiB, 300 MHz, 2.00 W, 51, 0x0000000000000001
2026/10/07 05:03:41.554, 0 %, 56 MiB, 4096 MiB, 300 MHz, 1.62 W, 51, 0x0000000000000001
2026/10/07 05:03:43.579, 0 %, 56 MiB, 4096 MiB, 300 MHz, 1.55 W, 51, 0x0000000000000001
2026/10/07 05:03:45.601, 0 %, 56 MiB, 4096 MiB, 300 MHz, 1.55 W, 51, 0x0000000000000001
2026/10/07 05:03:47.623, 0 %, 56 MiB, 4096 MiB, 300 MHz, 1.63 W, 51, 0x0000000000000001
2026/10/07 05:03:49.646, 0 %, 56 MiB, 4096 MiB, 300 MHz, 1.83 W, 51, 0x0000000000000001
2026/10/07 05:03:51.668, 0 %, 56 MiB, 4096 MiB, 300 MHz, 1.55 W, 51, 0x0000000000000001
2026/10/07 05:03:53.689, 0 %, 56 MiB, 4096 MiB, 300 MHz, 1.59 W, 51, 0x0000000000000001
2026/10/07 05:03:55.713, 0 %, 56 MiB, 4096 MiB, 300 MHz, 1.53 W, 51, 0x0000000000000001
2026/10/07 05:03:57.735, 0 %, 56 MiB, 4096 MiB, 300 MHz, 1.52 W, 51, 0x0000000000000001
2026/10/07 05:03:59.759, 0 %, 56 MiB, 4096 MiB, 300 MHz, 1.74 W, 51, 0x0000000000000001
2026/10/07 05:04:01.782, 0 %, 56 MiB, 4096 MiB, 300 MHz, 1.50 W, 51, 0x0000000000000001
2026/10/07 05:04:03.806, 0 %, 56 MiB, 4096 MiB, 300 MHz, 1.52 W, 51, 0x0000000000000001
2026/10/07 05:04:05.827, 0 %, 56 MiB, 4096 MiB, 300 MHz, 1.44 W, 51, 0x0000000000000001
2026/10/07 05:04:07.851, 0 %, 56 MiB, 4096 MiB, 300 MHz, 1.52 W, 51, 0x0000000000000001
2026/10/07 05:04:09.874, 0 %, 56 MiB, 4096 MiB, 300 MHz, 1.63 W, 51, 0x0000000000000001
2026/10/07 05:04:11.897, 0 %, 56 MiB, 4096 MiB, 300 MHz, 1.58 W, 51, 0x0000000000000001
2026/10/07 05:04:13.920, 0 %, 56 MiB, 4096 MiB, 300 MHz, 1.38 W, 51, 0x0000000000000001
2026/10/07 05:04:15.942, 0 %, 56 MiB, 4096 MiB, 300 MHz, 1.57 W, 51, 0x0000000000000001
2026/10/07 05:04:17.964, 0 %, 56 MiB, 4096 MiB, 300 MHz, 1.56 W, 51, 0x0000000000000001
2026/10/07 05:04:19.988, 0 %, 56 MiB, 4096 MiB, 300 MHz, 1.49 W, 51, 0x0000000000000001
2026/10/07 05:04:22.009, 0 %, 56 MiB, 4096 MiB, 300 MHz, 1.54 W, 51, 0x0000000000000001
2026/10/07 05:04:24.031, 0 %, 56 MiB, 4096 MiB, 300 MHz, 1.57 W, 51, 0x0000000000000001
2026/10/07 05:04:26.055, 0 %, 56 MiB, 4096 MiB, 300 MHz, 1.45 W, 51, 0x0000000000000001
2026/10/07 05:04:28.076, 0 %, 56 MiB, 4096 MiB, 300 MHz, 1.92 W, 51, 0x0000000000000001
2026/10/07 05:04:30.097, 0 %, 56 MiB, 4096 MiB, 300 MHz, 1.57 W, 51, 0x0000000000000001
2026/10/07 05:04:32.122, 0 %, 56 MiB, 4096 MiB, 300 MHz, 1.52 W, 51, 0x0000000000000001
2026/10/07 05:04:34.144, 0 %, 56 MiB, 4096 MiB, 300 MHz, 1.51 W, 51, 0x0000000000000001
2026/10/07 05:04:36.168, 0 %, 56 MiB, 4096 MiB, 300 MHz, 1.58 W, 51, 0x0000000000000001
2026/10/07 05:04:38.190, 0 %, 56 MiB, 4096 MiB, 300 MHz, 1.72 W, 51, 0x0000000000000001
2026/10/07 05:04:40.214, 0 %, 56 MiB, 4096 MiB, 300 MHz, 1.50 W, 51, 0x0000000000000001
2026/10/07 05:04:42.238, 0 %, 56 MiB, 4096 MiB, 300 MHz, 1.60 W, 51, 0x0000000000000001
2026/10/07 05:04:44.259, 0 %, 56 MiB, 4096 MiB, 300 MHz, 1.47 W, 51, 0x0000000000000001
2026/10/07 05:04:46.281, 0 %, 56 MiB, 4096 MiB, 300 MHz, 1.48 W, 51, 0x0000000000000001
2026/10/07 05:04:48.302, 0 %, 56 MiB, 4096 MiB, 300 MHz, 1.87 W, 51, 0x0000000000000001
2026/10/07 05:04:50.326, 0 %, 56 MiB, 4096 MiB, 300 MHz, 1.59 W, 51, 0x0000000000000001
2026/10/07 05:04:52.351, 0 %, 56 MiB, 4096 MiB, 300 MHz, 1.59 W, 51, 0x0000000000000001
2026/10/07 05:04:54.376, 0 %, 56 MiB, 4096 MiB, 300 MHz, 1.70 W, 51, 0x0000000000000001
2026/10/07 05:04:56.400, 0 %, 56 MiB, 4096 MiB, 300 MHz, 1.98 W, 51, 0x0000000000000001
2026/10/07 05:04:58.424, 0 %, 56 MiB, 4096 MiB, 300 MHz, 1.58 W, 51, 0x0000000000000001
2026/10/07 05:05:00.458, 0 %, 56 MiB, 4096 MiB, 300 MHz, 1.58 W, 51, 0x0000000000000001
2026/10/07 05:05:02.479, 0 %, 56 MiB, 4096 MiB, 300 MHz, 1.55 W, 51, 0x0000000000000001
2026/10/07 05:05:04.503, 0 %, 56 MiB, 4096 MiB, 300 MHz, 1.53 W, 51, 0x0000000000000001
2026/10/07 05:05:06.525, 0 %, 56 MiB, 4096 MiB, 300 MHz, 1.68 W, 51, 0x0000000000000001
2026/10/07 05:05:08.549, 0 %, 56 MiB, 4096 MiB, 300 MHz, 1.26 W, 51, 0x0000000000000001
2026/10/07 05:05:10.571, 0 %, 56 MiB, 4096 MiB, 300 MHz, 1.55 W, 51, 0x0000000000000001
2026/10/07 05:05:12.592, 0 %, 56 MiB, 4096 MiB, 300 MHz, 1.56 W, 51, 0x0000000000000001
2026/10/07 05:05:14.617, 0 %, 56 MiB, 4096 MiB, 300 MHz, 1.56 W, 51, 0x0000000000000001
2026/10/07 05:05:16.639, 0 %, 56 MiB, 4096 MiB, 300 MHz, 1.66 W, 51, 0x0000000000000001
2026/10/07 05:05:18.666, 0 %, 56 MiB, 4096 MiB, 300 MHz, 1.62 W, 51, 0x0000000000000001
2026/10/07 05:05:20.688, 0 %, 56 MiB, 4096 MiB, 300 MHz, 1.67 W, 51, 0x0000000000000001
2026/10/07 05:05:22.710, 0 %, 56 MiB, 4096 MiB, 300 MHz, 1.62 W, 51, 0x0000000000000001
2026/10/07 05:05:24.734, 0 %, 56 MiB, 4096 MiB, 300 MHz, 1.85 W, 51, 0x0000000000000001
2026/10/07 05:05:26.755, 0 %, 56 MiB, 4096 MiB, 300 MHz, 1.53 W, 51, 0x0000000000000001
2026/10/07 05:05:28.783, 0 %, 56 MiB, 4096 MiB, 300 MHz, 1.57 W, 51, 0x0000000000000001
2026/10/07 05:05:30.804, 0 %, 56 MiB, 4096 MiB, 300 MHz, 1.56 W, 51, 0x0000000000000001
2026/10/07 05:05:32.829, 0 %, 56 MiB, 4096 MiB, 300 MHz, 1.50 W, 51, 0x0000000000000001
2026/10/07 05:05:34.850, 0 %, 56 MiB, 4096 MiB, 300 MHz, 1.69 W, 51, 0x0000000000000001
2026/10/07 05:05:36.872, 0 %, 56 MiB, 4096 MiB, 300 MHz, 1.54 W, 51, 0x0000000000000001
2026/10/07 05:05:38.896, 0 %, 56 MiB, 4096 MiB, 300 MHz, 1.50 W, 51, 0x0000000000000001
2026/10/07 05:05:40.920, 0 %, 56 MiB, 4096 MiB, 300 MHz, 1.48 W, 51, 0x0000000000000001
2026/10/07 05:05:42.941, 0 %, 56 MiB, 4096 MiB, 300 MHz, 1.57 W, 51, 0x0000000000000001
2026/10/07 05:05:44.963, 0 %, 56 MiB, 4096 MiB, 300 MHz, 1.59 W, 51, 0x0000000000000001
2026/10/07 05:05:46.988, 0 %, 56 MiB, 4096 MiB, 300 MHz, 1.54 W, 51, 0x0000000000000001
2026/10/07 05:05:49.011, 0 %, 56 MiB, 4096 MiB, 300 MHz, 1.53 W, 51, 0x0000000000000001
2026/10/07 05:05:51.032, 0 %, 56 MiB, 4096 MiB, 300 MHz, 1.49 W, 51, 0x0000000000000001
2026/10/07 05:05:53.057, 0 %, 56 MiB, 4096 MiB, 300 MHz, 1.92 W, 51, 0x0000000000000001
2026/10/07 05:05:55.080, 0 %, 56 MiB, 4096 MiB, 300 MHz, 1.11 W, 51, 0x0000000000000001
2026/10/07 05:05:57.105, 0 %, 56 MiB, 4096 MiB, 300 MHz, 1.53 W, 51, 0x0000000000000001
2026/10/07 05:05:59.129, 0 %, 56 MiB, 4096 MiB, 300 MHz, 1.54 W, 51, 0x0000000000000001
2026/10/07 05:06:01.150, 0 %, 56 MiB, 4096 MiB, 300 MHz, 1.43 W, 51, 0x0000000000000001
2026/10/07 05:06:03.173, 0 %, 66 MiB, 4096 MiB, 300 MHz, 1.77 W, 51, 0x0000000000000001
2026/10/07 05:06:05.196, 0 %, 66 MiB, 4096 MiB, 300 MHz, 1.61 W, 51, 0x0000000000000001
2026/10/07 05:06:07.225, 0 %, 58 MiB, 4096 MiB, 300 MHz, 1.52 W, 51, 0x0000000000000001
2026/10/07 05:06:09.247, 0 %, 58 MiB, 4096 MiB, 300 MHz, 1.48 W, 51, 0x0000000000000001
2026/10/07 05:06:11.269, 0 %, 58 MiB, 4096 MiB, 300 MHz, 1.97 W, 51, 0x0000000000000001
2026/10/07 05:06:13.293, 0 %, 58 MiB, 4096 MiB, 300 MHz, 1.40 W, 51, 0x0000000000000001
2026/10/07 05:06:15.317, 0 %, 58 MiB, 4096 MiB, 300 MHz, 1.58 W, 51, 0x0000000000000001
2026/10/07 05:06:17.340, 0 %, 58 MiB, 4096 MiB, 300 MHz, 1.58 W, 51, 0x0000000000000001
2026/10/07 05:06:19.362, 0 %, 58 MiB, 4096 MiB, 300 MHz, 1.56 W, 51, 0x0000000000000001
2026/10/07 05:06:21.397, 0 %, 58 MiB, 4096 MiB, 300 MHz, 1.64 W, 51, 0x0000000000000001
2026/10/07 05:06:23.419, 0 %, 58 MiB, 4096 MiB, 300 MHz, 1.56 W, 51, 0x0000000000000001
2026/10/07 05:06:25.443, 0 %, 58 MiB, 4096 MiB, 300 MHz, 1.62 W, 51, 0x0000000000000001
2026/10/07 05:06:27.465, 0 %, 58 MiB, 4096 MiB, 300 MHz, 1.54 W, 51, 0x0000000000000001
2026/10/07 05:06:29.486, 0 %, 58 MiB, 4096 MiB, 300 MHz, 1.98 W, 51, 0x0000000000000001
2026/10/07 05:06:31.509, 0 %, 58 MiB, 4096 MiB, 300 MHz, 1.55 W, 51, 0x0000000000000001
2026/10/07 05:06:33.530, 0 %, 58 MiB, 4096 MiB, 300 MHz, 1.57 W, 51, 0x0000000000000001
2026/10/07 05:06:35.555, 0 %, 56 MiB, 4096 MiB, 300 MHz, 1.57 W, 51, 0x0000000000000001
2026/10/07 05:06:37.579, 0 %, 56 MiB, 4096 MiB, 300 MHz, 1.53 W, 51, 0x0000000000000001
2026/10/07 05:06:39.601, 0 %, 56 MiB, 4096 MiB, 300 MHz, 1.81 W, 51, 0x0000000000000001
2026/10/07 05:06:41.622, 0 %, 56 MiB, 4096 MiB, 300 MHz, 1.55 W, 51, 0x0000000000000001
2026/10/07 05:06:43.645, 0 %, 56 MiB, 4096 MiB, 300 MHz, 1.52 W, 51, 0x0000000000000001
2026/10/07 05:06:45.666, 0 %, 56 MiB, 4096 MiB, 300 MHz, 1.56 W, 51, 0x0000000000000001
2026/10/07 05:06:47.691, 0 %, 56 MiB, 4096 MiB, 300 MHz, 1.54 W, 51, 0x0000000000000001
2026/10/07 05:06:49.712, 0 %, 56 MiB, 4096 MiB, 300 MHz, 1.66 W, 51, 0x0000000000000001
2026/10/07 05:06:51.737, 0 %, 56 MiB, 4096 MiB, 300 MHz, 1.53 W, 51, 0x0000000000000001
2026/10/07 05:06:53.759, 0 %, 56 MiB, 4096 MiB, 300 MHz, 1.56 W, 51, 0x0000000000000001
2026/10/07 05:06:55.783, 0 %, 56 MiB, 4096 MiB, 300 MHz, 1.54 W, 51, 0x0000000000000001
2026/10/07 05:06:57.805, 0 %, 56 MiB, 4096 MiB, 300 MHz, 1.51 W, 51, 0x0000000000000001
2026/10/07 05:06:59.828, 0 %, 56 MiB, 4096 MiB, 300 MHz, 1.62 W, 51, 0x0000000000000001
2026/10/07 05:07:01.851, 0 %, 56 MiB, 4096 MiB, 300 MHz, 1.52 W, 51, 0x0000000000000001
2026/10/07 05:07:03.876, 0 %, 56 MiB, 4096 MiB, 300 MHz, 1.53 W, 51, 0x0000000000000001
2026/10/07 05:07:05.898, 0 %, 56 MiB, 4096 MiB, 300 MHz, 1.59 W, 51, 0x0000000000000001
2026/10/07 05:07:07.919, 0 %, 56 MiB, 4096 MiB, 300 MHz, 1.99 W, 51, 0x0000000000000001
2026/10/07 05:07:09.942, 0 %, 56 MiB, 4096 MiB, 300 MHz, 1.59 W, 51, 0x0000000000000001
2026/10/07 05:07:11.966, 0 %, 56 MiB, 4096 MiB, 300 MHz, 1.63 W, 51, 0x0000000000000001
2026/10/07 05:07:13.988, 0 %, 56 MiB, 4096 MiB, 300 MHz, 1.62 W, 51, 0x0000000000000001
2026/10/07 05:07:16.009, 0 %, 56 MiB, 4096 MiB, 300 MHz, 1.57 W, 51, 0x0000000000000001
2026/10/07 05:07:18.031, 0 %, 56 MiB, 4096 MiB, 300 MHz, 1.95 W, 51, 0x0000000000000001
2026/10/07 05:07:20.055, 0 %, 56 MiB, 4096 MiB, 300 MHz, 1.47 W, 51, 0x0000000000000001
2026/10/07 05:07:22.077, 0 %, 56 MiB, 4096 MiB, 300 MHz, 1.41 W, 51, 0x0000000000000001
2026/10/07 05:07:24.102, 0 %, 56 MiB, 4096 MiB, 300 MHz, 1.51 W, 51, 0x0000000000000001
2026/10/07 05:07:26.124, 0 %, 56 MiB, 4096 MiB, 300 MHz, 1.48 W, 51, 0x0000000000000001
2026/10/07 05:07:28.147, 0 %, 56 MiB, 4096 MiB, 300 MHz, 1.76 W, 51, 0x0000000000000001
2026/10/07 05:07:30.170, 0 %, 56 MiB, 4096 MiB, 300 MHz, 1.58 W, 51, 0x0000000000000001
2026/10/07 05:07:32.193, 0 %, 56 MiB, 4096 MiB, 300 MHz, 1.62 W, 51, 0x0000000000000001
2026/10/07 05:07:34.218, 0 %, 56 MiB, 4096 MiB, 300 MHz, 1.54 W, 51, 0x0000000000000001
2026/10/07 05:07:36.240, 0 %, 56 MiB, 4096 MiB, 300 MHz, 1.55 W, 51, 0x0000000000000001
2026/10/07 05:07:38.261, 0 %, 56 MiB, 4096 MiB, 300 MHz, 1.61 W, 51, 0x0000000000000001
2026/10/07 05:07:40.284, 0 %, 56 MiB, 4096 MiB, 300 MHz, 1.49 W, 51, 0x0000000000000001
2026/10/07 05:07:42.307, 0 %, 56 MiB, 4096 MiB, 300 MHz, 1.51 W, 51, 0x0000000000000001
2026/10/07 05:07:44.330, 0 %, 56 MiB, 4096 MiB, 300 MHz, 1.50 W, 51, 0x0000000000000001
2026/10/07 05:07:46.352, 0 %, 56 MiB, 4096 MiB, 300 MHz, 1.93 W, 51, 0x0000000000000001
2026/10/07 05:07:48.376, 0 %, 56 MiB, 4096 MiB, 300 MHz, 1.58 W, 51, 0x0000000000000001
2026/10/07 05:07:50.401, 0 %, 56 MiB, 4096 MiB, 300 MHz, 1.54 W, 51, 0x0000000000000001
2026/10/07 05:07:52.436, 0 %, 56 MiB, 4096 MiB, 300 MHz, 1.53 W, 51, 0x0000000000000001
2026/10/07 05:07:54.458, 0 %, 56 MiB, 4096 MiB, 300 MHz, 1.60 W, 51, 0x0000000000000001
2026/10/07 05:07:56.480, 0 %, 56 MiB, 4096 MiB, 300 MHz, 1.62 W, 51, 0x0000000000000001
2026/10/07 05:07:58.503, 0 %, 56 MiB, 4096 MiB, 300 MHz, 1.51 W, 51, 0x0000000000000001
2026/10/07 05:08:00.524, 0 %, 56 MiB, 4096 MiB, 300 MHz, 1.57 W, 51, 0x0000000000000001
2026/10/07 05:08:02.549, 0 %, 56 MiB, 4096 MiB, 300 MHz, 1.60 W, 51, 0x0000000000000001
2026/10/07 05:08:04.571, 0 %, 56 MiB, 4096 MiB, 300 MHz, 1.92 W, 51, 0x0000000000000001
2026/10/07 05:08:06.597, 0 %, 56 MiB, 4096 MiB, 300 MHz, 1.52 W, 51, 0x0000000000000001
2026/10/07 05:08:08.622, 0 %, 56 MiB, 4096 MiB, 300 MHz, 1.61 W, 51, 0x0000000000000001
2026/10/07 05:08:10.644, 0 %, 56 MiB, 4096 MiB, 300 MHz, 1.55 W, 51, 0x0000000000000001
2026/10/07 05:08:12.669, 0 %, 56 MiB, 4096 MiB, 300 MHz, 1.54 W, 51, 0x0000000000000001
2026/10/07 05:08:14.694, 0 %, 56 MiB, 4096 MiB, 300 MHz, 1.51 W, 51, 0x0000000000000001
2026/10/07 05:08:16.716, 0 %, 56 MiB, 4096 MiB, 300 MHz, 1.49 W, 51, 0x0000000000000001
2026/10/07 05:08:18.737, 0 %, 56 MiB, 4096 MiB, 300 MHz, 1.50 W, 51, 0x0000000000000001
2026/10/07 05:08:20.762, 0 %, 56 MiB, 4096 MiB, 300 MHz, 1.30 W, 51, 0x0000000000000001
2026/10/07 05:08:22.786, 0 %, 56 MiB, 4096 MiB, 300 MHz, 1.96 W, 51, 0x0000000000000001
2026/10/07 05:08:24.807, 0 %, 56 MiB, 4096 MiB, 300 MHz, 1.56 W, 51, 0x0000000000000001
2026/10/07 05:08:26.833, 0 %, 56 MiB, 4096 MiB, 300 MHz, 1.52 W, 51, 0x0000000000000001
2026/10/07 05:08:28.856, 0 %, 56 MiB, 4096 MiB, 300 MHz, 1.55 W, 51, 0x0000000000000001
2026/10/07 05:08:30.879, 0 %, 56 MiB, 4096 MiB, 300 MHz, 1.59 W, 51, 0x0000000000000001
2026/10/07 05:08:32.905, 0 %, 56 MiB, 4096 MiB, 300 MHz, 1.70 W, 51, 0x0000000000000001
2026/10/07 05:08:34.930, 0 %, 56 MiB, 4096 MiB, 300 MHz, 1.56 W, 51, 0x0000000000000001
2026/10/07 05:08:36.952, 0 %, 56 MiB, 4096 MiB, 300 MHz, 1.56 W, 51, 0x0000000000000001
2026/10/07 05:08:38.976, 0 %, 56 MiB, 4096 MiB, 300 MHz, 1.66 W, 51, 0x0000000000000001
2026/10/07 05:08:40.999, 0 %, 56 MiB, 4096 MiB, 300 MHz, 2.08 W, 51, 0x0000000000000001
2026/10/07 05:08:43.023, 0 %, 56 MiB, 4096 MiB, 300 MHz, 1.64 W, 51, 0x0000000000000001
2026/10/07 05:08:45.046, 0 %, 56 MiB, 4096 MiB, 300 MHz, 1.62 W, 51, 0x0000000000000001
2026/10/07 05:08:47.067, 0 %, 56 MiB, 4096 MiB, 300 MHz, 1.59 W, 51, 0x0000000000000001
2026/10/07 05:08:49.090, 0 %, 56 MiB, 4096 MiB, 300 MHz, 1.56 W, 51, 0x0000000000000001
2026/10/07 05:08:51.113, 0 %, 56 MiB, 4096 MiB, 300 MHz, 1.85 W, 51, 0x0000000000000001
2026/10/07 05:08:53.135, 0 %, 56 MiB, 4096 MiB, 300 MHz, 1.53 W, 51, 0x0000000000000001
2026/10/07 05:08:55.160, 0 %, 56 MiB, 4096 MiB, 300 MHz, 1.52 W, 51, 0x0000000000000001
2026/10/07 05:08:57.181, 0 %, 56 MiB, 4096 MiB, 300 MHz, 1.54 W, 51, 0x0000000000000001
2026/10/07 05:08:59.206, 0 %, 56 MiB, 4096 MiB, 300 MHz, 1.49 W, 51, 0x0000000000000001
2026/10/07 05:09:01.227, 0 %, 56 MiB, 4096 MiB, 300 MHz, 1.76 W, 51, 0x0000000000000001
2026/10/07 05:09:03.249, 0 %, 56 MiB, 4096 MiB, 300 MHz, 1.52 W, 51, 0x0000000000000001
2026/10/07 05:09:05.281, 0 %, 56 MiB, 4096 MiB, 300 MHz, 1.54 W, 51, 0x0000000000000001
2026/10/07 05:09:07.305, 0 %, 56 MiB, 4096 MiB, 300 MHz, 1.57 W, 51, 0x0000000000000001
2026/10/07 05:09:09.327, 0 %, 56 MiB, 4096 MiB, 300 MHz, 1.99 W, 51, 0x0000000000000001
2026/10/07 05:09:11.351, 0 %, 56 MiB, 4096 MiB, 300 MHz, 1.54 W, 51, 0x0000000000000001
2026/10/07 05:09:13.374, 0 %, 56 MiB, 4096 MiB, 300 MHz, 1.56 W, 51, 0x0000000000000001
2026/10/07 05:09:15.398, 0 %, 56 MiB, 4096 MiB, 300 MHz, 1.50 W, 51, 0x0000000000000001
2026/10/07 05:09:17.421, 0 %, 56 MiB, 4096 MiB, 300 MHz, 1.51 W, 51, 0x0000000000000001
2026/10/07 05:09:19.445, 0 %, 56 MiB, 4096 MiB, 300 MHz, 1.76 W, 51, 0x0000000000000001
2026/10/07 05:09:21.469, 0 %, 56 MiB, 4096 MiB, 300 MHz, 1.56 W, 51, 0x0000000000000001
2026/10/07 05:09:23.494, 0 %, 56 MiB, 4096 MiB, 300 MHz, 1.59 W, 51, 0x0000000000000001
2026/10/07 05:09:25.519, 0 %, 56 MiB, 4096 MiB, 300 MHz, 1.57 W, 51, 0x0000000000000001
2026/10/07 05:09:27.541, 0 %, 56 MiB, 4096 MiB, 300 MHz, 2.01 W, 51, 0x0000000000000001
2026/10/07 05:09:29.562, 0 %, 56 MiB, 4096 MiB, 300 MHz, 1.59 W, 51, 0x0000000000000001
2026/10/07 05:09:31.588, 0 %, 56 MiB, 4096 MiB, 300 MHz, 1.60 W, 51, 0x0000000000000001
2026/10/07 05:09:33.613, 0 %, 56 MiB, 4096 MiB, 300 MHz, 1.61 W, 51, 0x0000000000000001
2026/10/07 05:09:35.638, 0 %, 56 MiB, 4096 MiB, 300 MHz, 1.54 W, 51, 0x0000000000000001
2026/10/07 05:09:37.659, 0 %, 56 MiB, 4096 MiB, 300 MHz, 1.71 W, 51, 0x0000000000000001
2026/10/07 05:09:39.683, 0 %, 56 MiB, 4096 MiB, 300 MHz, 1.49 W, 51, 0x0000000000000001
2026/10/07 05:09:41.705, 0 %, 56 MiB, 4096 MiB, 300 MHz, 1.58 W, 51, 0x0000000000000001
2026/10/07 05:09:43.728, 0 %, 56 MiB, 4096 MiB, 300 MHz, 1.59 W, 51, 0x0000000000000001
2026/10/07 05:09:45.750, 0 %, 56 MiB, 4096 MiB, 300 MHz, 1.55 W, 51, 0x0000000000000001
2026/10/07 05:09:47.774, 0 %, 56 MiB, 4096 MiB, 300 MHz, 1.61 W, 51, 0x0000000000000001
2026/10/07 05:09:49.798, 0 %, 56 MiB, 4096 MiB, 300 MHz, 1.50 W, 51, 0x0000000000000001
2026/10/07 05:09:51.819, 0 %, 56 MiB, 4096 MiB, 300 MHz, 1.41 W, 51, 0x0000000000000001
2026/10/07 05:09:53.845, 0 %, 56 MiB, 4096 MiB, 300 MHz, 1.51 W, 51, 0x0000000000000001
2026/10/07 05:09:55.866, 0 %, 56 MiB, 4096 MiB, 300 MHz, 1.93 W, 51, 0x0000000000000001
2026/10/07 05:09:57.891, 0 %, 56 MiB, 4096 MiB, 300 MHz, 1.58 W, 51, 0x0000000000000001
2026/10/07 05:09:59.912, 0 %, 56 MiB, 4096 MiB, 300 MHz, 1.59 W, 51, 0x0000000000000001
2026/10/07 05:10:01.937, 0 %, 56 MiB, 4096 MiB, 300 MHz, 1.61 W, 51, 0x0000000000000001
2026/10/07 05:10:03.959, 0 %, 56 MiB, 4096 MiB, 300 MHz, 1.54 W, 51, 0x0000000000000001
2026/10/07 05:10:05.984, 0 %, 56 MiB, 4096 MiB, 300 MHz, 1.77 W, 51, 0x0000000000000001
2026/10/07 05:10:08.007, 0 %, 56 MiB, 4096 MiB, 300 MHz, 1.53 W, 51, 0x0000000000000001
2026/10/07 05:10:10.030, 0 %, 56 MiB, 4096 MiB, 300 MHz, 1.54 W, 51, 0x0000000000000001
2026/10/07 05:10:12.054, 0 %, 56 MiB, 4096 MiB, 300 MHz, 1.59 W, 51, 0x0000000000000001
2026/10/07 05:10:14.078, 0 %, 56 MiB, 4096 MiB, 300 MHz, 2.10 W, 51, 0x0000000000000001
2026/10/07 05:10:16.101, 0 %, 56 MiB, 4096 MiB, 300 MHz, 1.60 W, 51, 0x0000000000000001
2026/10/07 05:10:18.126, 0 %, 56 MiB, 4096 MiB, 300 MHz, 1.64 W, 51, 0x0000000000000001
2026/10/07 05:10:20.148, 0 %, 56 MiB, 4096 MiB, 300 MHz, 1.66 W, 51, 0x0000000000000001
2026/10/07 05:10:22.172, 0 %, 56 MiB, 4096 MiB, 300 MHz, 1.61 W, 51, 0x0000000000000001
2026/10/07 05:10:24.194, 0 %, 56 MiB, 4096 MiB, 300 MHz, 1.85 W, 51, 0x0000000000000001
2026/10/07 05:10:26.217, 0 %, 56 MiB, 4096 MiB, 300 MHz, 1.50 W, 51, 0x0000000000000001
2026/10/07 05:10:28.239, 0 %, 56 MiB, 4096 MiB, 300 MHz, 1.51 W, 51, 0x0000000000000001
2026/10/07 05:10:30.271, 0 %, 56 MiB, 4096 MiB, 300 MHz, 1.49 W, 51, 0x0000000000000001
2026/10/07 05:10:32.292, 0 %, 56 MiB, 4096 MiB, 300 MHz, 1.51 W, 51, 0x0000000000000001
2026/10/07 05:10:34.314, 0 %, 56 MiB, 4096 MiB, 300 MHz, 1.61 W, 51, 0x0000000000000001
2026/10/07 05:10:36.346, 0 %, 56 MiB, 4096 MiB, 300 MHz, 1.60 W, 51, 0x0000000000000001
2026/10/07 05:10:38.369, 0 %, 56 MiB, 4096 MiB, 300 MHz, 1.56 W, 51, 0x0000000000000001
2026/10/07 05:10:40.393, 0 %, 56 MiB, 4096 MiB, 300 MHz, 1.54 W, 51, 0x0000000000000001
2026/10/07 05:10:42.425, 0 %, 56 MiB, 4096 MiB, 300 MHz, 1.54 W, 51, 0x0000000000000001
2026/10/07 05:10:44.449, 0 %, 56 MiB, 4096 MiB, 300 MHz, 1.52 W, 51, 0x0000000000000001
2026/10/07 05:10:46.471, 0 %, 56 MiB, 4096 MiB, 300 MHz, 1.54 W, 51, 0x0000000000000001
2026/10/07 05:10:48.492, 0 %, 56 MiB, 4096 MiB, 300 MHz, 1.53 W, 51, 0x0000000000000001
2026/10/07 05:10:50.517, 0 %, 56 MiB, 4096 MiB, 300 MHz, 1.83 W, 51, 0x0000000000000001
2026/10/07 05:10:52.539, 0 %, 56 MiB, 4096 MiB, 300 MHz, 1.60 W, 51, 0x0000000000000001
2026/10/07 05:10:54.562, 0 %, 56 MiB, 4096 MiB, 300 MHz, 1.60 W, 51, 0x0000000000000001
2026/10/07 05:10:56.585, 0 %, 56 MiB, 4096 MiB, 300 MHz, 1.59 W, 51, 0x0000000000000001
2026/10/07 05:10:58.608, 0 %, 56 MiB, 4096 MiB, 300 MHz, 1.64 W, 51, 0x0000000000000001
2026/10/07 05:11:00.632, 0 %, 56 MiB, 4096 MiB, 300 MHz, 1.71 W, 51, 0x0000000000000001
2026/10/07 05:11:02.657, 0 %, 56 MiB, 4096 MiB, 300 MHz, 1.44 W, 51, 0x0000000000000001
2026/10/07 05:11:04.678, 0 %, 56 MiB, 4096 MiB, 300 MHz, 1.46 W, 51, 0x0000000000000001
2026/10/07 05:11:06.703, 0 %, 56 MiB, 4096 MiB, 300 MHz, 1.50 W, 51, 0x0000000000000001
2026/10/07 05:11:08.724, 0 %, 56 MiB, 4096 MiB, 300 MHz, 1.52 W, 51, 0x0000000000000001
2026/10/07 05:11:10.748, 0 %, 56 MiB, 4096 MiB, 300 MHz, 1.61 W, 51, 0x0000000000000001
2026/10/07 05:11:12.773, 0 %, 56 MiB, 4096 MiB, 300 MHz, 1.55 W, 51, 0x0000000000000001
2026/10/07 05:11:14.798, 0 %, 56 MiB, 4096 MiB, 300 MHz, 1.53 W, 51, 0x0000000000000001
2026/10/07 05:11:16.820, 0 %, 56 MiB, 4096 MiB, 300 MHz, 1.54 W, 51, 0x0000000000000001
2026/10/07 05:11:18.844, 0 %, 56 MiB, 4096 MiB, 300 MHz, 1.72 W, 51, 0x0000000000000001
2026/10/07 05:11:20.868, 0 %, 56 MiB, 4096 MiB, 300 MHz, 1.46 W, 51, 0x0000000000000001
2026/10/07 05:11:22.891, 0 %, 56 MiB, 4096 MiB, 300 MHz, 1.50 W, 51, 0x0000000000000001
2026/10/07 05:11:24.916, 0 %, 56 MiB, 4096 MiB, 300 MHz, 1.56 W, 51, 0x0000000000000001
2026/10/07 05:11:26.940, 0 %, 56 MiB, 4096 MiB, 300 MHz, 1.53 W, 51, 0x0000000000000001
2026/10/07 05:11:28.965, 0 %, 56 MiB, 4096 MiB, 300 MHz, 1.55 W, 51, 0x0000000000000001
2026/10/07 05:11:30.988, 0 %, 56 MiB, 4096 MiB, 300 MHz, 1.51 W, 51, 0x0000000000000001
2026/10/07 05:11:33.014, 0 %, 56 MiB, 4096 MiB, 300 MHz, 1.55 W, 51, 0x0000000000000001
2026/10/07 05:11:35.039, 0 %, 56 MiB, 4096 MiB, 300 MHz, 1.54 W, 51, 0x0000000000000001
2026/10/07 05:11:37.060, 0 %, 56 MiB, 4096 MiB, 300 MHz, 1.83 W, 51, 0x0000000000000001
2026/10/07 05:11:39.082, 0 %, 56 MiB, 4096 MiB, 300 MHz, 1.51 W, 51, 0x0000000000000001
2026/10/07 05:11:41.103, 0 %, 56 MiB, 4096 MiB, 300 MHz, 1.55 W, 51, 0x0000000000000001
2026/10/07 05:11:43.131, 0 %, 56 MiB, 4096 MiB, 300 MHz, 1.55 W, 51, 0x0000000000000001
2026/10/07 05:11:45.152, 0 %, 56 MiB, 4096 MiB, 300 MHz, 1.49 W, 51, 0x0000000000000001
2026/10/07 05:11:47.178, 0 %, 56 MiB, 4096 MiB, 300 MHz, 1.84 W, 51, 0x0000000000000001
2026/10/07 05:11:49.200, 0 %, 56 MiB, 4096 MiB, 300 MHz, 1.64 W, 51, 0x0000000000000001
2026/10/07 05:11:51.224, 0 %, 56 MiB, 4096 MiB, 300 MHz, 1.57 W, 51, 0x0000000000000001
2026/10/07 05:11:53.246, 0 %, 56 MiB, 4096 MiB, 300 MHz, 1.59 W, 51, 0x0000000000000001
2026/10/07 05:11:55.271, 0 %, 56 MiB, 4096 MiB, 300 MHz, 1.85 W, 51, 0x0000000000000001
2026/10/07 05:11:57.294, 0 %, 56 MiB, 4096 MiB, 300 MHz, 1.16 W, 51, 0x0000000000000001
2026/10/07 05:11:59.318, 0 %, 56 MiB, 4096 MiB, 300 MHz, 1.55 W, 51, 0x0000000000000001
2026/10/07 05:12:01.340, 0 %, 56 MiB, 4096 MiB, 300 MHz, 1.49 W, 51, 0x0000000000000001
2026/10/07 05:12:03.364, 0 %, 56 MiB, 4096 MiB, 300 MHz, 1.50 W, 51, 0x0000000000000001
2026/10/07 05:12:05.388, 0 %, 56 MiB, 4096 MiB, 300 MHz, 1.79 W, 51, 0x0000000000000001
2026/10/07 05:12:07.409, 0 %, 56 MiB, 4096 MiB, 300 MHz, 1.54 W, 51, 0x0000000000000001
2026/10/07 05:12:09.433, 0 %, 56 MiB, 4096 MiB, 300 MHz, 1.32 W, 51, 0x0000000000000001
2026/10/07 05:12:11.459, 0 %, 56 MiB, 4096 MiB, 300 MHz, 1.52 W, 51, 0x0000000000000001
2026/10/07 05:12:13.481, 0 %, 56 MiB, 4096 MiB, 300 MHz, 1.58 W, 51, 0x0000000000000001
2026/10/07 05:12:15.503, 0 %, 56 MiB, 4096 MiB, 300 MHz, 1.58 W, 51, 0x0000000000000001
2026/10/07 05:12:17.528, 0 %, 56 MiB, 4096 MiB, 300 MHz, 1.67 W, 51, 0x0000000000000001
2026/10/07 05:12:19.550, 0 %, 56 MiB, 4096 MiB, 300 MHz, 1.52 W, 51, 0x0000000000000001
2026/10/07 05:12:21.572, 0 %, 56 MiB, 4096 MiB, 300 MHz, 1.56 W, 51, 0x0000000000000001
2026/10/07 05:12:23.595, 0 %, 56 MiB, 4096 MiB, 300 MHz, 1.47 W, 51, 0x0000000000000001
2026/10/07 05:12:25.616, 0 %, 56 MiB, 4096 MiB, 300 MHz, 1.57 W, 51, 0x0000000000000001
2026/10/07 05:12:27.640, 0 %, 56 MiB, 4096 MiB, 300 MHz, 1.55 W, 51, 0x0000000000000001
2026/10/07 05:12:29.664, 0 %, 56 MiB, 4096 MiB, 300 MHz, 1.59 W, 51, 0x0000000000000001
2026/10/07 05:12:31.686, 0 %, 56 MiB, 4096 MiB, 300 MHz, 1.61 W, 51, 0x0000000000000001
2026/10/07 05:12:33.707, 0 %, 56 MiB, 4096 MiB, 300 MHz, 1.89 W, 51, 0x0000000000000001
2026/10/07 05:12:35.729, 0 %, 56 MiB, 4096 MiB, 300 MHz, 1.51 W, 51, 0x0000000000000001
2026/10/07 05:12:37.754, 0 %, 56 MiB, 4096 MiB, 300 MHz, 1.52 W, 51, 0x0000000000000001
2026/10/07 05:12:39.775, 0 %, 56 MiB, 4096 MiB, 300 MHz, 1.49 W, 51, 0x0000000000000001
2026/10/07 05:12:41.798, 0 %, 56 MiB, 4096 MiB, 300 MHz, 1.50 W, 51, 0x0000000000000001
2026/10/07 05:12:43.824, 0 %, 56 MiB, 4096 MiB, 300 MHz, 1.75 W, 51, 0x0000000000000001
2026/10/07 05:12:45.846, 0 %, 56 MiB, 4096 MiB, 300 MHz, 1.54 W, 51, 0x0000000000000001
2026/10/07 05:12:47.869, 0 %, 56 MiB, 4096 MiB, 300 MHz, 1.58 W, 51, 0x0000000000000001
2026/10/07 05:12:49.891, 0 %, 56 MiB, 4096 MiB, 300 MHz, 1.61 W, 51, 0x0000000000000001
2026/10/07 05:12:51.915, 0 %, 56 MiB, 4096 MiB, 300 MHz, 1.54 W, 51, 0x0000000000000001
2026/10/07 05:12:53.936, 0 %, 56 MiB, 4096 MiB, 300 MHz, 1.67 W, 51, 0x0000000000000001
2026/10/07 05:12:55.961, 0 %, 56 MiB, 4096 MiB, 300 MHz, 1.52 W, 51, 0x0000000000000001
2026/10/07 05:12:57.983, 0 %, 56 MiB, 4096 MiB, 300 MHz, 1.60 W, 51, 0x0000000000000001
2026/10/07 05:13:00.006, 0 %, 56 MiB, 4096 MiB, 300 MHz, 1.48 W, 51, 0x0000000000000001
2026/10/07 05:13:02.029, 0 %, 56 MiB, 4096 MiB, 300 MHz, 1.96 W, 51, 0x0000000000000001
2026/10/07 05:13:04.053, 0 %, 56 MiB, 4096 MiB, 300 MHz, 1.56 W, 51, 0x0000000000000001
2026/10/07 05:13:06.075, 0 %, 56 MiB, 4096 MiB, 300 MHz, 1.59 W, 51, 0x0000000000000001
2026/10/07 05:13:08.099, 0 %, 56 MiB, 4096 MiB, 300 MHz, 1.58 W, 51, 0x0000000000000001
2026/10/07 05:13:10.120, 0 %, 56 MiB, 4096 MiB, 300 MHz, 1.67 W, 51, 0x0000000000000001
2026/10/07 05:13:12.146, 0 %, 56 MiB, 4096 MiB, 300 MHz, 1.83 W, 51, 0x0000000000000001
2026/10/07 05:13:14.168, 0 %, 56 MiB, 4096 MiB, 300 MHz, 1.55 W, 51, 0x0000000000000001
2026/10/07 05:13:16.190, 0 %, 56 MiB, 4096 MiB, 300 MHz, 1.51 W, 51, 0x0000000000000001
2026/10/07 05:13:18.214, 0 %, 56 MiB, 4096 MiB, 300 MHz, 1.49 W, 51, 0x0000000000000001
2026/10/07 05:13:20.236, 0 %, 56 MiB, 4096 MiB, 300 MHz, 1.61 W, 51, 0x0000000000000001
2026/10/07 05:13:22.260, 0 %, 56 MiB, 4096 MiB, 300 MHz, 1.80 W, 51, 0x0000000000000001
2026/10/07 05:13:24.283, 0 %, 56 MiB, 4096 MiB, 300 MHz, 1.58 W, 51, 0x0000000000000001
2026/10/07 05:13:26.308, 0 %, 56 MiB, 4096 MiB, 300 MHz, 1.62 W, 51, 0x0000000000000001
2026/10/07 05:13:28.331, 0 %, 56 MiB, 4096 MiB, 300 MHz, 1.54 W, 51, 0x0000000000000001
2026/10/07 05:13:30.352, 0 %, 56 MiB, 4096 MiB, 300 MHz, 1.66 W, 51, 0x0000000000000001
2026/10/07 05:13:32.376, 0 %, 56 MiB, 4096 MiB, 300 MHz, 1.60 W, 51, 0x0000000000000001
2026/10/07 05:13:34.401, 0 %, 56 MiB, 4096 MiB, 300 MHz, 1.57 W, 51, 0x0000000000000001
2026/10/07 05:13:36.424, 0 %, 56 MiB, 4096 MiB, 300 MHz, 1.62 W, 51, 0x0000000000000001
2026/10/07 05:13:38.445, 0 %, 56 MiB, 4096 MiB, 300 MHz, 1.62 W, 51, 0x0000000000000001
2026/10/07 05:13:40.468, 0 %, 56 MiB, 4096 MiB, 300 MHz, 1.94 W, 51, 0x0000000000000001
2026/10/07 05:13:42.492, 0 %, 56 MiB, 4096 MiB, 300 MHz, 1.59 W, 51, 0x0000000000000001
2026/10/07 05:13:44.515, 0 %, 56 MiB, 4096 MiB, 300 MHz, 1.58 W, 51, 0x0000000000000001
2026/10/07 05:13:46.540, 0 %, 56 MiB, 4096 MiB, 300 MHz, 1.54 W, 51, 0x0000000000000001
2026/10/07 05:13:48.563, 0 %, 56 MiB, 4096 MiB, 300 MHz, 1.51 W, 51, 0x0000000000000001
2026/10/07 05:13:50.587, 0 %, 56 MiB, 4096 MiB, 300 MHz, 1.78 W, 51, 0x0000000000000001
2026/10/07 05:13:52.609, 0 %, 56 MiB, 4096 MiB, 300 MHz, 1.52 W, 51, 0x0000000000000001
2026/10/07 05:13:54.630, 0 %, 56 MiB, 4096 MiB, 300 MHz, 1.53 W, 51, 0x0000000000000001
2026/10/07 05:13:56.651, 0 %, 56 MiB, 4096 MiB, 300 MHz, 1.54 W, 51, 0x0000000000000001
2026/10/07 05:13:58.675, 0 %, 56 MiB, 4096 MiB, 300 MHz, 1.02 W, 51, 0x0000000000000001
2026/10/07 05:14:00.697, 0 %, 56 MiB, 4096 MiB, 300 MHz, 1.82 W, 51, 0x0000000000000001
2026/10/07 05:14:02.719, 0 %, 56 MiB, 4096 MiB, 300 MHz, 1.62 W, 51, 0x0000000000000001
2026/10/07 05:14:04.742, 0 %, 56 MiB, 4096 MiB, 300 MHz, 1.58 W, 51, 0x0000000000000001
2026/10/07 05:14:06.766, 0 %, 56 MiB, 4096 MiB, 300 MHz, 1.59 W, 51, 0x0000000000000001
2026/10/07 05:14:08.789, 0 %, 56 MiB, 4096 MiB, 300 MHz, 1.59 W, 51, 0x0000000000000001
2026/10/07 05:14:10.814, 0 %, 56 MiB, 4096 MiB, 300 MHz, 1.54 W, 51, 0x0000000000000001
2026/10/07 05:14:12.837, 0 %, 56 MiB, 4096 MiB, 300 MHz, 1.58 W, 51, 0x0000000000000001
2026/10/07 05:14:14.859, 0 %, 56 MiB, 4096 MiB, 300 MHz, 1.53 W, 51, 0x0000000000000001
2026/10/07 05:14:16.884, 0 %, 56 MiB, 4096 MiB, 300 MHz, 1.52 W, 51, 0x0000000000000001
2026/10/07 05:14:18.905, 0 %, 56 MiB, 4096 MiB, 300 MHz, 1.98 W, 51, 0x0000000000000001
2026/10/07 05:14:20.929, 0 %, 56 MiB, 4096 MiB, 300 MHz, 1.55 W, 51, 0x0000000000000001
2026/10/07 05:14:22.953, 0 %, 56 MiB, 4096 MiB, 300 MHz, 1.54 W, 51, 0x0000000000000001
2026/10/07 05:14:24.975, 0 %, 56 MiB, 4096 MiB, 300 MHz, 1.55 W, 51, 0x0000000000000001
2026/10/07 05:14:26.998, 0 %, 56 MiB, 4096 MiB, 300 MHz, 1.57 W, 51, 0x0000000000000001
2026/10/07 05:14:29.023, 0 %, 56 MiB, 4096 MiB, 300 MHz, 1.77 W, 51, 0x0000000000000001
2026/10/07 05:14:31.045, 0 %, 56 MiB, 4096 MiB, 300 MHz, 1.54 W, 51, 0x0000000000000001
2026/10/07 05:14:33.066, 0 %, 56 MiB, 4096 MiB, 300 MHz, 1.53 W, 51, 0x0000000000000001
2026/10/07 05:14:35.090, 0 %, 56 MiB, 4096 MiB, 300 MHz, 1.47 W, 51, 0x0000000000000001
2026/10/07 05:14:37.117, 0 %, 56 MiB, 4096 MiB, 300 MHz, 1.48 W, 51, 0x0000000000000001
2026/10/07 05:14:39.139, 0 %, 56 MiB, 4096 MiB, 300 MHz, 1.65 W, 51, 0x0000000000000001
2026/10/07 05:14:41.164, 0 %, 56 MiB, 4096 MiB, 300 MHz, 1.56 W, 51, 0x0000000000000001
2026/10/07 05:14:43.185, 0 %, 56 MiB, 4096 MiB, 300 MHz, 1.61 W, 51, 0x0000000000000001
2026/10/07 05:14:45.207, 0 %, 56 MiB, 4096 MiB, 300 MHz, 1.55 W, 51, 0x0000000000000001
2026/10/07 05:14:47.230, 0 %, 56 MiB, 4096 MiB, 300 MHz, 1.55 W, 51, 0x0000000000000001
2026/10/07 05:14:49.252, 0 %, 56 MiB, 4096 MiB, 300 MHz, 1.59 W, 51, 0x0000000000000001
2026/10/07 05:14:51.274, 1 %, 68 MiB, 4096 MiB, 300 MHz, 1.57 W, 51, 0x0000000000000001
2026/10/07 05:14:53.299, 0 %, 67 MiB, 4096 MiB, 300 MHz, 1.51 W, 51, 0x0000000000000001
2026/10/07 05:14:55.323, 0 %, 59 MiB, 4096 MiB, 300 MHz, 1.54 W, 51, 0x0000000000000001
2026/10/07 05:14:57.347, 0 %, 59 MiB, 4096 MiB, 300 MHz, 1.96 W, 51, 0x0000000000000001
2026/10/07 05:14:59.369, 0 %, 59 MiB, 4096 MiB, 300 MHz, 1.66 W, 51, 0x0000000000000001
2026/10/07 05:15:01.391, 0 %, 59 MiB, 4096 MiB, 300 MHz, 1.67 W, 51, 0x0000000000000001
2026/10/07 05:15:03.413, 0 %, 59 MiB, 4096 MiB, 300 MHz, 1.64 W, 51, 0x0000000000000001
2026/10/07 05:15:05.434, 0 %, 59 MiB, 4096 MiB, 300 MHz, 1.61 W, 51, 0x0000000000000001
2026/10/07 05:15:07.456, 0 %, 59 MiB, 4096 MiB, 300 MHz, 1.88 W, 51, 0x0000000000000001
2026/10/07 05:15:09.478, 0 %, 59 MiB, 4096 MiB, 300 MHz, 1.49 W, 51, 0x0000000000000001
2026/10/07 05:15:11.503, 0 %, 59 MiB, 4096 MiB, 300 MHz, 1.47 W, 51, 0x0000000000000001
2026/10/07 05:15:13.525, 0 %, 59 MiB, 4096 MiB, 300 MHz, 1.56 W, 51, 0x0000000000000001
2026/10/07 05:15:15.548, 0 %, 59 MiB, 4096 MiB, 300 MHz, 1.52 W, 51, 0x0000000000000001
2026/10/07 05:15:17.572, 0 %, 59 MiB, 4096 MiB, 300 MHz, 1.74 W, 51, 0x0000000000000001
2026/10/07 05:15:19.594, 0 %, 59 MiB, 4096 MiB, 300 MHz, 1.56 W, 51, 0x0000000000000001
2026/10/07 05:15:21.615, 0 %, 58 MiB, 4096 MiB, 300 MHz, 1.55 W, 51, 0x0000000000000001
2026/10/07 05:15:23.641, 0 %, 58 MiB, 4096 MiB, 300 MHz, 1.55 W, 51, 0x0000000000000001
2026/10/07 05:15:25.664, 0 %, 58 MiB, 4096 MiB, 300 MHz, 1.57 W, 51, 0x0000000000000001
2026/10/07 05:15:27.685, 0 %, 58 MiB, 4096 MiB, 300 MHz, 1.60 W, 51, 0x0000000000000001
2026/10/07 05:15:29.710, 0 %, 58 MiB, 4096 MiB, 300 MHz, 1.45 W, 51, 0x0000000000000001
2026/10/07 05:15:31.732, 0 %, 58 MiB, 4096 MiB, 300 MHz, 1.49 W, 51, 0x0000000000000001
2026/10/07 05:15:33.756, 0 %, 58 MiB, 4096 MiB, 300 MHz, 1.51 W, 51, 0x0000000000000001
2026/10/07 05:15:35.778, 0 %, 58 MiB, 4096 MiB, 300 MHz, 1.52 W, 51, 0x0000000000000001
2026/10/07 05:15:37.801, 0 %, 58 MiB, 4096 MiB, 300 MHz, 1.67 W, 51, 0x0000000000000001
2026/10/07 05:15:39.824, 0 %, 58 MiB, 4096 MiB, 300 MHz, 1.61 W, 51, 0x0000000000000001
2026/10/07 05:15:41.846, 0 %, 58 MiB, 4096 MiB, 300 MHz, 1.57 W, 51, 0x0000000000000001
2026/10/07 05:15:43.868, 0 %, 58 MiB, 4096 MiB, 300 MHz, 1.62 W, 51, 0x0000000000000001
2026/10/07 05:15:45.892, 0 %, 67 MiB, 4096 MiB, 300 MHz, 2.06 W, 51, 0x0000000000000001
2026/10/07 05:15:47.921, 0 %, 66 MiB, 4096 MiB, 300 MHz, 1.48 W, 51, 0x0000000000000001
2026/10/07 05:15:49.945, 0 %, 58 MiB, 4096 MiB, 300 MHz, 1.53 W, 51, 0x0000000000000001
2026/10/07 05:15:51.967, 0 %, 58 MiB, 4096 MiB, 300 MHz, 1.58 W, 51, 0x0000000000000001
2026/10/07 05:15:53.990, 0 %, 58 MiB, 4096 MiB, 300 MHz, 1.54 W, 51, 0x0000000000000001
2026/10/07 05:15:56.014, 0 %, 58 MiB, 4096 MiB, 300 MHz, 1.75 W, 51, 0x0000000000000001
2026/10/07 05:15:58.039, 0 %, 58 MiB, 4096 MiB, 300 MHz, 1.56 W, 51, 0x0000000000000001
2026/10/07 05:16:00.061, 0 %, 58 MiB, 4096 MiB, 300 MHz, 1.53 W, 51, 0x0000000000000001
2026/10/07 05:16:02.083, 0 %, 58 MiB, 4096 MiB, 300 MHz, 1.51 W, 51, 0x0000000000000001
2026/10/07 05:16:04.109, 0 %, 58 MiB, 4096 MiB, 300 MHz, 1.92 W, 51, 0x0000000000000001
2026/10/07 05:16:06.132, 0 %, 58 MiB, 4096 MiB, 300 MHz, 1.52 W, 51, 0x0000000000000001
2026/10/07 05:16:08.159, 0 %, 58 MiB, 4096 MiB, 300 MHz, 1.53 W, 51, 0x0000000000000001
2026/10/07 05:16:10.181, 0 %, 58 MiB, 4096 MiB, 300 MHz, 1.51 W, 51, 0x0000000000000001
2026/10/07 05:16:12.203, 0 %, 58 MiB, 4096 MiB, 300 MHz, 1.53 W, 51, 0x0000000000000001
2026/10/07 05:16:14.228, 0 %, 58 MiB, 4096 MiB, 300 MHz, 1.78 W, 51, 0x0000000000000001
2026/10/07 05:16:16.250, 0 %, 58 MiB, 4096 MiB, 300 MHz, 1.53 W, 51, 0x0000000000000001
2026/10/07 05:16:18.274, 0 %, 58 MiB, 4096 MiB, 300 MHz, 1.53 W, 51, 0x0000000000000001
2026/10/07 05:16:20.295, 0 %, 58 MiB, 4096 MiB, 300 MHz, 1.47 W, 51, 0x0000000000000001
2026/10/07 05:16:22.317, 0 %, 56 MiB, 4096 MiB, 300 MHz, 1.60 W, 51, 0x0000000000000001
2026/10/07 05:16:24.341, 0 %, 56 MiB, 4096 MiB, 300 MHz, 1.64 W, 51, 0x0000000000000001
2026/10/07 05:16:26.362, 0 %, 56 MiB, 4096 MiB, 300 MHz, 1.55 W, 51, 0x0000000000000001
2026/10/07 05:16:28.384, 0 %, 56 MiB, 4096 MiB, 300 MHz, 1.53 W, 51, 0x0000000000000001
2026/10/07 05:16:30.407, 0 %, 56 MiB, 4096 MiB, 300 MHz, 1.49 W, 51, 0x0000000000000001
2026/10/07 05:16:32.430, 0 %, 56 MiB, 4096 MiB, 300 MHz, 1.53 W, 51, 0x0000000000000001
2026/10/07 05:16:34.454, 0 %, 56 MiB, 4096 MiB, 300 MHz, 1.69 W, 51, 0x0000000000000001
2026/10/07 05:16:36.477, 0 %, 56 MiB, 4096 MiB, 300 MHz, 1.61 W, 51, 0x0000000000000001
2026/10/07 05:16:38.502, 0 %, 56 MiB, 4096 MiB, 300 MHz, 1.50 W, 51, 0x0000000000000001
2026/10/07 05:16:40.526, 0 %, 56 MiB, 4096 MiB, 300 MHz, 1.51 W, 51, 0x0000000000000001
2026/10/07 05:16:42.547, 0 %, 56 MiB, 4096 MiB, 300 MHz, 1.94 W, 51, 0x0000000000000001
2026/10/07 05:16:44.570, 0 %, 56 MiB, 4096 MiB, 300 MHz, 1.55 W, 51, 0x0000000000000001
2026/10/07 05:16:46.592, 0 %, 56 MiB, 4096 MiB, 300 MHz, 1.55 W, 51, 0x0000000000000001
2026/10/07 05:16:48.616, 0 %, 56 MiB, 4096 MiB, 300 MHz, 1.29 W, 51, 0x0000000000000001
2026/10/07 05:16:50.637, 0 %, 56 MiB, 4096 MiB, 300 MHz, 1.56 W, 51, 0x0000000000000001
2026/10/07 05:16:52.662, 0 %, 56 MiB, 4096 MiB, 300 MHz, 1.84 W, 51, 0x0000000000000001
2026/10/07 05:16:54.685, 0 %, 56 MiB, 4096 MiB, 300 MHz, 1.50 W, 51, 0x0000000000000001
2026/10/07 05:16:56.707, 0 %, 56 MiB, 4096 MiB, 300 MHz, 1.58 W, 51, 0x0000000000000001
2026/10/07 05:16:58.728, 0 %, 56 MiB, 4096 MiB, 300 MHz, 1.59 W, 51, 0x0000000000000001
2026/10/07 05:17:00.752, 0 %, 56 MiB, 4096 MiB, 300 MHz, 1.60 W, 51, 0x0000000000000001
2026/10/07 05:17:02.777, 0 %, 56 MiB, 4096 MiB, 300 MHz, 1.81 W, 51, 0x0000000000000001
2026/10/07 05:17:04.799, 0 %, 56 MiB, 4096 MiB, 300 MHz, 1.68 W, 51, 0x0000000000000001
2026/10/07 05:17:06.822, 0 %, 56 MiB, 4096 MiB, 300 MHz, 1.61 W, 51, 0x0000000000000001
2026/10/07 05:17:08.846, 0 %, 56 MiB, 4096 MiB, 300 MHz, 1.76 W, 51, 0x0000000000000001
2026/10/07 05:17:10.869, 0 %, 56 MiB, 4096 MiB, 300 MHz, 1.63 W, 51, 0x0000000000000001
2026/10/07 05:17:12.891, 0 %, 56 MiB, 4096 MiB, 300 MHz, 1.64 W, 51, 0x0000000000000001
2026/10/07 05:17:14.915, 0 %, 56 MiB, 4096 MiB, 300 MHz, 1.56 W, 51, 0x0000000000000001
2026/10/07 05:17:16.938, 0 %, 56 MiB, 4096 MiB, 300 MHz, 1.56 W, 51, 0x0000000000000001
2026/10/07 05:17:18.959, 0 %, 56 MiB, 4096 MiB, 300 MHz, 1.54 W, 51, 0x0000000000000001
2026/10/07 05:17:20.981, 0 %, 56 MiB, 4096 MiB, 300 MHz, 2.06 W, 51, 0x0000000000000001
2026/10/07 05:17:23.009, 0 %, 56 MiB, 4096 MiB, 300 MHz, 1.49 W, 51, 0x0000000000000001
2026/10/07 05:17:25.031, 0 %, 56 MiB, 4096 MiB, 300 MHz, 1.48 W, 51, 0x0000000000000001
2026/10/07 05:17:27.052, 0 %, 56 MiB, 4096 MiB, 300 MHz, 1.50 W, 51, 0x0000000000000001
2026/10/07 05:17:29.078, 0 %, 56 MiB, 4096 MiB, 300 MHz, 1.56 W, 51, 0x0000000000000001
2026/10/07 05:17:31.100, 0 %, 56 MiB, 4096 MiB, 300 MHz, 1.72 W, 51, 0x0000000000000001
2026/10/07 05:17:33.124, 0 %, 56 MiB, 4096 MiB, 300 MHz, 1.51 W, 51, 0x0000000000000001
2026/10/07 05:17:35.146, 0 %, 56 MiB, 4096 MiB, 300 MHz, 1.53 W, 51, 0x0000000000000001
2026/10/07 05:17:37.168, 0 %, 56 MiB, 4096 MiB, 300 MHz, 1.50 W, 51, 0x0000000000000001
2026/10/07 05:17:39.190, 0 %, 56 MiB, 4096 MiB, 300 MHz, 1.51 W, 51, 0x0000000000000001
2026/10/07 05:17:41.216, 0 %, 56 MiB, 4096 MiB, 300 MHz, 1.38 W, 51, 0x0000000000000001
2026/10/07 05:17:43.238, 0 %, 56 MiB, 4096 MiB, 300 MHz, 1.53 W, 51, 0x0000000000000001
2026/10/07 05:17:45.263, 0 %, 56 MiB, 4096 MiB, 300 MHz, 1.55 W, 51, 0x0000000000000001
2026/10/07 05:17:47.286, 0 %, 56 MiB, 4096 MiB, 300 MHz, 1.53 W, 51, 0x0000000000000001
2026/10/07 05:17:49.308, 0 %, 56 MiB, 4096 MiB, 300 MHz, 1.90 W, 51, 0x0000000000000001
2026/10/07 05:17:51.333, 0 %, 56 MiB, 4096 MiB, 300 MHz, 1.53 W, 51, 0x0000000000000001
2026/10/07 05:17:53.355, 0 %, 56 MiB, 4096 MiB, 300 MHz, 1.56 W, 51, 0x0000000000000001
2026/10/07 05:17:55.379, 0 %, 56 MiB, 4096 MiB, 300 MHz, 1.50 W, 51, 0x0000000000000001
2026/10/07 05:17:57.401, 0 %, 56 MiB, 4096 MiB, 300 MHz, 1.49 W, 51, 0x0000000000000001
2026/10/07 05:17:59.427, 0 %, 56 MiB, 4096 MiB, 300 MHz, 1.77 W, 51, 0x0000000000000001
2026/10/07 05:18:01.451, 0 %, 56 MiB, 4096 MiB, 300 MHz, 1.53 W, 51, 0x0000000000000001
2026/10/07 05:18:03.473, 0 %, 56 MiB, 4096 MiB, 300 MHz, 1.53 W, 51, 0x0000000000000001
2026/10/07 05:18:05.498, 0 %, 56 MiB, 4096 MiB, 300 MHz, 1.55 W, 51, 0x0000000000000001
2026/10/07 05:18:07.520, 0 %, 56 MiB, 4096 MiB, 300 MHz, 1.58 W, 51, 0x0000000000000001
2026/10/07 05:18:09.543, 0 %, 56 MiB, 4096 MiB, 300 MHz, 1.53 W, 51, 0x0000000000000001
2026/10/07 05:18:11.566, 0 %, 56 MiB, 4096 MiB, 300 MHz, 1.30 W, 51, 0x0000000000000001
2026/10/07 05:18:13.592, 0 %, 56 MiB, 4096 MiB, 300 MHz, 1.45 W, 51, 0x0000000000000001
2026/10/07 05:18:15.616, 0 %, 56 MiB, 4096 MiB, 300 MHz, 1.50 W, 51, 0x0000000000000001
2026/10/07 05:18:17.637, 0 %, 56 MiB, 4096 MiB, 300 MHz, 1.86 W, 51, 0x0000000000000001
2026/10/07 05:18:19.659, 0 %, 56 MiB, 4096 MiB, 300 MHz, 1.50 W, 51, 0x0000000000000001
2026/10/07 05:18:21.681, 0 %, 56 MiB, 4096 MiB, 300 MHz, 1.55 W, 51, 0x0000000000000001
2026/10/07 05:18:23.703, 0 %, 56 MiB, 4096 MiB, 300 MHz, 1.55 W, 51, 0x0000000000000001
2026/10/07 05:18:25.724, 0 %, 56 MiB, 4096 MiB, 300 MHz, 1.53 W, 51, 0x0000000000000001
2026/10/07 05:18:27.750, 0 %, 56 MiB, 4096 MiB, 300 MHz, 1.77 W, 51, 0x0000000000000001
2026/10/07 05:18:29.772, 0 %, 56 MiB, 4096 MiB, 300 MHz, 1.54 W, 51, 0x0000000000000001
2026/10/07 05:18:31.794, 0 %, 56 MiB, 4096 MiB, 300 MHz, 1.54 W, 51, 0x0000000000000001
2026/10/07 05:18:33.820, 0 %, 56 MiB, 4096 MiB, 300 MHz, 1.55 W, 51, 0x0000000000000001
2026/10/07 05:18:35.841, 0 %, 56 MiB, 4096 MiB, 300 MHz, 1.54 W, 51, 0x0000000000000001
2026/10/07 05:18:37.865, 0 %, 56 MiB, 4096 MiB, 300 MHz, 1.70 W, 51, 0x0000000000000001
2026/10/07 05:18:39.890, 0 %, 56 MiB, 4096 MiB, 300 MHz, 1.66 W, 51, 0x0000000000000001
2026/10/07 05:18:41.911, 0 %, 56 MiB, 4096 MiB, 300 MHz, 1.60 W, 51, 0x0000000000000001
2026/10/07 05:18:43.933, 0 %, 56 MiB, 4096 MiB, 300 MHz, 1.58 W, 51, 0x0000000000000001
2026/10/07 05:18:45.958, 0 %, 56 MiB, 4096 MiB, 300 MHz, 1.97 W, 51, 0x0000000000000001
2026/10/07 05:18:47.983, 0 %, 56 MiB, 4096 MiB, 300 MHz, 1.50 W, 51, 0x0000000000000001
2026/10/07 05:18:50.004, 0 %, 56 MiB, 4096 MiB, 300 MHz, 1.52 W, 51, 0x0000000000000001
2026/10/07 05:18:52.026, 0 %, 56 MiB, 4096 MiB, 300 MHz, 1.58 W, 51, 0x0000000000000001
2026/10/07 05:18:54.050, 0 %, 56 MiB, 4096 MiB, 300 MHz, 1.58 W, 51, 0x0000000000000001
2026/10/07 05:18:56.071, 0 %, 56 MiB, 4096 MiB, 300 MHz, 1.87 W, 51, 0x0000000000000001
2026/10/07 05:18:58.095, 0 %, 56 MiB, 4096 MiB, 300 MHz, 1.55 W, 51, 0x0000000000000001
2026/10/07 05:19:00.117, 0 %, 56 MiB, 4096 MiB, 300 MHz, 1.52 W, 51, 0x0000000000000001
2026/10/07 05:19:02.139, 0 %, 56 MiB, 4096 MiB, 300 MHz, 1.54 W, 51, 0x0000000000000001
2026/10/07 05:19:04.163, 0 %, 56 MiB, 4096 MiB, 300 MHz, 1.51 W, 51, 0x0000000000000001
2026/10/07 05:19:06.190, 0 %, 56 MiB, 4096 MiB, 300 MHz, 1.61 W, 51, 0x0000000000000001
2026/10/07 05:19:08.214, 0 %, 56 MiB, 4096 MiB, 300 MHz, 1.48 W, 51, 0x0000000000000001
2026/10/07 05:19:10.238, 0 %, 56 MiB, 4096 MiB, 300 MHz, 1.51 W, 51, 0x0000000000000001
2026/10/07 05:19:12.259, 0 %, 56 MiB, 4096 MiB, 300 MHz, 1.55 W, 51, 0x0000000000000001
2026/10/07 05:19:14.285, 0 %, 56 MiB, 4096 MiB, 300 MHz, 1.99 W, 51, 0x0000000000000001
2026/10/07 05:19:16.307, 0 %, 56 MiB, 4096 MiB, 300 MHz, 1.63 W, 51, 0x0000000000000001
2026/10/07 05:19:18.331, 0 %, 56 MiB, 4096 MiB, 300 MHz, 1.60 W, 51, 0x0000000000000001
2026/10/07 05:19:20.352, 0 %, 56 MiB, 4096 MiB, 300 MHz, 1.51 W, 51, 0x0000000000000001
2026/10/07 05:19:22.374, 0 %, 56 MiB, 4096 MiB, 300 MHz, 1.53 W, 51, 0x0000000000000001
2026/10/07 05:19:24.396, 0 %, 56 MiB, 4096 MiB, 300 MHz, 1.81 W, 51, 0x0000000000000001
2026/10/07 05:19:26.424, 0 %, 56 MiB, 4096 MiB, 300 MHz, 1.58 W, 51, 0x0000000000000001
2026/10/07 05:19:28.448, 0 %, 56 MiB, 4096 MiB, 300 MHz, 1.49 W, 51, 0x0000000000000001
2026/10/07 05:19:30.470, 0 %, 56 MiB, 4096 MiB, 300 MHz, 1.52 W, 51, 0x0000000000000001
2026/10/07 05:19:32.494, 0 %, 56 MiB, 4096 MiB, 300 MHz, 1.44 W, 51, 0x0000000000000001
2026/10/07 05:19:34.515, 0 %, 56 MiB, 4096 MiB, 300 MHz, 1.76 W, 51, 0x0000000000000001
2026/10/07 05:19:36.541, 0 %, 56 MiB, 4096 MiB, 300 MHz, 1.53 W, 51, 0x0000000000000001
2026/10/07 05:19:38.563, 0 %, 56 MiB, 4096 MiB, 300 MHz, 1.51 W, 51, 0x0000000000000001
2026/10/07 05:19:40.584, 0 %, 56 MiB, 4096 MiB, 300 MHz, 1.58 W, 51, 0x0000000000000001
2026/10/07 05:19:42.609, 0 %, 56 MiB, 4096 MiB, 300 MHz, 1.91 W, 51, 0x0000000000000001
2026/10/07 05:19:44.631, 0 %, 56 MiB, 4096 MiB, 300 MHz, 1.52 W, 51, 0x0000000000000001
2026/10/07 05:19:46.656, 0 %, 56 MiB, 4096 MiB, 300 MHz, 1.52 W, 51, 0x0000000000000001
2026/10/07 05:19:48.678, 0 %, 56 MiB, 4096 MiB, 300 MHz, 1.52 W, 51, 0x0000000000000001
2026/10/07 05:19:50.700, 0 %, 56 MiB, 4096 MiB, 300 MHz, 1.48 W, 51, 0x0000000000000001
2026/10/07 05:19:52.724, 0 %, 56 MiB, 4096 MiB, 300 MHz, 1.82 W, 51, 0x0000000000000001
2026/10/07 05:19:54.746, 0 %, 56 MiB, 4096 MiB, 300 MHz, 1.55 W, 51, 0x0000000000000001
2026/10/07 05:19:56.769, 0 %, 56 MiB, 4096 MiB, 300 MHz, 1.30 W, 51, 0x0000000000000001
2026/10/07 05:19:58.794, 0 %, 56 MiB, 4096 MiB, 300 MHz, 1.54 W, 51, 0x0000000000000001
2026/10/07 05:20:00.815, 0 %, 56 MiB, 4096 MiB, 300 MHz, 1.53 W, 51, 0x0000000000000001
2026/10/07 05:20:02.840, 0 %, 56 MiB, 4096 MiB, 300 MHz, 1.70 W, 51, 0x0000000000000001
2026/10/07 05:20:04.862, 0 %, 56 MiB, 4096 MiB, 300 MHz, 1.59 W, 51, 0x0000000000000001
2026/10/07 05:20:06.886, 0 %, 56 MiB, 4096 MiB, 300 MHz, 1.57 W, 51, 0x0000000000000001
2026/10/07 05:20:08.907, 0 %, 56 MiB, 4096 MiB, 300 MHz, 1.52 W, 51, 0x0000000000000001
2026/10/07 05:20:10.929, 0 %, 56 MiB, 4096 MiB, 300 MHz, 2.06 W, 51, 0x0000000000000001
2026/10/07 05:20:12.955, 0 %, 56 MiB, 4096 MiB, 300 MHz, 1.66 W, 51, 0x0000000000000001
2026/10/07 05:20:14.977, 0 %, 56 MiB, 4096 MiB, 300 MHz, 1.65 W, 51, 0x0000000000000001
2026/10/07 05:20:17.006, 0 %, 56 MiB, 4096 MiB, 300 MHz, 1.69 W, 51, 0x0000000000000001
2026/10/07 05:20:19.028, 0 %, 56 MiB, 4096 MiB, 300 MHz, 1.70 W, 51, 0x0000000000000001
2026/10/07 05:20:21.050, 0 %, 56 MiB, 4096 MiB, 300 MHz, 1.80 W, 51, 0x0000000000000001
2026/10/07 05:20:23.071, 0 %, 56 MiB, 4096 MiB, 300 MHz, 1.55 W, 51, 0x0000000000000001
2026/10/07 05:20:25.093, 0 %, 56 MiB, 4096 MiB, 300 MHz, 1.54 W, 51, 0x0000000000000001
2026/10/07 05:20:27.118, 0 %, 56 MiB, 4096 MiB, 300 MHz, 1.54 W, 51, 0x0000000000000001
2026/10/07 05:20:29.140, 0 %, 56 MiB, 4096 MiB, 300 MHz, 1.57 W, 51, 0x0000000000000001
2026/10/07 05:20:31.164, 0 %, 56 MiB, 4096 MiB, 300 MHz, 1.66 W, 51, 0x0000000000000001
2026/10/07 05:20:33.186, 0 %, 56 MiB, 4096 MiB, 300 MHz, 1.57 W, 51, 0x0000000000000001
2026/10/07 05:20:35.210, 0 %, 56 MiB, 4096 MiB, 300 MHz, 1.56 W, 51, 0x0000000000000001
2026/10/07 05:20:37.232, 0 %, 56 MiB, 4096 MiB, 300 MHz, 1.60 W, 51, 0x0000000000000001
2026/10/07 05:20:39.256, 0 %, 56 MiB, 4096 MiB, 300 MHz, 2.01 W, 51, 0x0000000000000001
2026/10/07 05:20:41.281, 0 %, 56 MiB, 4096 MiB, 300 MHz, 1.54 W, 51, 0x0000000000000001
2026/10/07 05:20:43.303, 0 %, 56 MiB, 4096 MiB, 300 MHz, 1.55 W, 51, 0x0000000000000001
2026/10/07 05:20:45.325, 0 %, 56 MiB, 4096 MiB, 300 MHz, 1.32 W, 51, 0x0000000000000001
2026/10/07 05:20:47.350, 0 %, 56 MiB, 4096 MiB, 300 MHz, 1.53 W, 51, 0x0000000000000001
2026/10/07 05:20:49.372, 0 %, 56 MiB, 4096 MiB, 300 MHz, 1.96 W, 51, 0x0000000000000001
2026/10/07 05:20:51.394, 0 %, 56 MiB, 4096 MiB, 300 MHz, 1.58 W, 51, 0x0000000000000001
2026/10/07 05:20:53.419, 0 %, 56 MiB, 4096 MiB, 300 MHz, 1.60 W, 51, 0x0000000000000001
2026/10/07 05:20:55.441, 0 %, 56 MiB, 4096 MiB, 300 MHz, 1.51 W, 51, 0x0000000000000001
2026/10/07 05:20:57.463, 0 %, 56 MiB, 4096 MiB, 300 MHz, 1.50 W, 51, 0x0000000000000001
2026/10/07 05:20:59.487, 0 %, 56 MiB, 4096 MiB, 300 MHz, 1.70 W, 51, 0x0000000000000001
2026/10/07 05:21:01.512, 0 %, 56 MiB, 4096 MiB, 300 MHz, 1.49 W, 51, 0x0000000000000001
2026/10/07 05:21:03.538, 0 %, 56 MiB, 4096 MiB, 300 MHz, 1.47 W, 51, 0x0000000000000001
2026/10/07 05:21:05.564, 0 %, 56 MiB, 4096 MiB, 300 MHz, 1.57 W, 51, 0x0000000000000001
2026/10/07 05:21:07.589, 0 %, 56 MiB, 4096 MiB, 300 MHz, 1.91 W, 51, 0x0000000000000001
2026/10/07 05:21:09.612, 0 %, 56 MiB, 4096 MiB, 300 MHz, 1.59 W, 51, 0x0000000000000001
2026/10/07 05:21:11.633, 0 %, 56 MiB, 4096 MiB, 300 MHz, 1.56 W, 51, 0x0000000000000001
2026/10/07 05:21:13.658, 0 %, 56 MiB, 4096 MiB, 300 MHz, 1.52 W, 51, 0x0000000000000001
2026/10/07 05:21:15.683, 0 %, 56 MiB, 4096 MiB, 300 MHz, 1.54 W, 51, 0x0000000000000001
2026/10/07 05:21:17.707, 0 %, 56 MiB, 4096 MiB, 300 MHz, 1.67 W, 51, 0x0000000000000001
2026/10/07 05:21:19.728, 0 %, 56 MiB, 4096 MiB, 300 MHz, 1.50 W, 51, 0x0000000000000001
2026/10/07 05:21:21.750, 0 %, 56 MiB, 4096 MiB, 300 MHz, 1.53 W, 51, 0x0000000000000001
2026/10/07 05:21:23.775, 0 %, 56 MiB, 4096 MiB, 300 MHz, 1.53 W, 51, 0x0000000000000001
2026/10/07 05:21:25.797, 0 %, 56 MiB, 4096 MiB, 300 MHz, 1.65 W, 51, 0x0000000000000001
2026/10/07 05:21:27.822, 0 %, 56 MiB, 4096 MiB, 300 MHz, 1.64 W, 51, 0x0000000000000001
2026/10/07 05:21:29.844, 0 %, 56 MiB, 4096 MiB, 300 MHz, 1.58 W, 51, 0x0000000000000001
2026/10/07 05:21:31.866, 0 %, 56 MiB, 4096 MiB, 300 MHz, 1.61 W, 51, 0x0000000000000001
2026/10/07 05:21:33.889, 0 %, 56 MiB, 4096 MiB, 300 MHz, 1.55 W, 51, 0x0000000000000001
2026/10/07 05:21:35.914, 0 %, 56 MiB, 4096 MiB, 300 MHz, 1.96 W, 51, 0x0000000000000001
2026/10/07 05:21:37.936, 0 %, 56 MiB, 4096 MiB, 300 MHz, 1.54 W, 51, 0x0000000000000001
2026/10/07 05:21:39.961, 0 %, 56 MiB, 4096 MiB, 300 MHz, 1.60 W, 51, 0x0000000000000001
2026/10/07 05:21:41.985, 0 %, 56 MiB, 4096 MiB, 300 MHz, 1.59 W, 51, 0x0000000000000001
2026/10/07 05:21:44.010, 0 %, 56 MiB, 4096 MiB, 300 MHz, 1.56 W, 51, 0x0000000000000001
2026/10/07 05:21:46.035, 0 %, 56 MiB, 4096 MiB, 300 MHz, 1.73 W, 51, 0x0000000000000001
2026/10/07 05:21:48.056, 0 %, 56 MiB, 4096 MiB, 300 MHz, 1.61 W, 51, 0x0000000000000001
2026/10/07 05:21:50.078, 0 %, 56 MiB, 4096 MiB, 300 MHz, 1.61 W, 51, 0x0000000000000001
2026/10/07 05:21:52.103, 0 %, 56 MiB, 4096 MiB, 300 MHz, 1.61 W, 51, 0x0000000000000001
2026/10/07 05:21:54.125, 0 %, 56 MiB, 4096 MiB, 300 MHz, 1.60 W, 51, 0x0000000000000001
2026/10/07 05:21:56.146, 0 %, 56 MiB, 4096 MiB, 300 MHz, 1.66 W, 51, 0x0000000000000001
2026/10/07 05:21:58.169, 0 %, 56 MiB, 4096 MiB, 300 MHz, 1.65 W, 51, 0x0000000000000001
2026/10/07 05:22:00.193, 0 %, 56 MiB, 4096 MiB, 300 MHz, 1.61 W, 51, 0x0000000000000001
2026/10/07 05:22:02.216, 0 %, 56 MiB, 4096 MiB, 300 MHz, 1.69 W, 51, 0x0000000000000001
2026/10/07 05:22:04.237, 0 %, 56 MiB, 4096 MiB, 300 MHz, 2.02 W, 51, 0x0000000000000001
2026/10/07 05:22:06.261, 0 %, 56 MiB, 4096 MiB, 300 MHz, 1.56 W, 51, 0x0000000000000001
2026/10/07 05:22:08.285, 0 %, 56 MiB, 4096 MiB, 300 MHz, 1.63 W, 51, 0x0000000000000001
2026/10/07 05:22:10.307, 0 %, 56 MiB, 4096 MiB, 300 MHz, 1.54 W, 51, 0x0000000000000001
2026/10/07 05:22:12.331, 0 %, 56 MiB, 4096 MiB, 300 MHz, 1.59 W, 51, 0x0000000000000001
2026/10/07 05:22:14.353, 0 %, 56 MiB, 4096 MiB, 300 MHz, 1.92 W, 51, 0x0000000000000001
2026/10/07 05:22:16.376, 0 %, 56 MiB, 4096 MiB, 300 MHz, 1.54 W, 51, 0x0000000000000001
2026/10/07 05:22:18.399, 0 %, 56 MiB, 4096 MiB, 300 MHz, 1.51 W, 51, 0x0000000000000001
2026/10/07 05:22:20.421, 0 %, 56 MiB, 4096 MiB, 300 MHz, 1.50 W, 51, 0x0000000000000001
2026/10/07 05:22:22.452, 1 %, 66 MiB, 4096 MiB, 300 MHz, 1.34 W, 51, 0x0000000000000001
2026/10/07 05:22:24.474, 0 %, 66 MiB, 4096 MiB, 300 MHz, 1.68 W, 51, 0x0000000000000001
2026/10/07 05:22:26.497, 0 %, 58 MiB, 4096 MiB, 300 MHz, 1.54 W, 51, 0x0000000000000001
2026/10/07 05:22:28.521, 0 %, 58 MiB, 4096 MiB, 300 MHz, 1.50 W, 51, 0x0000000000000001
2026/10/07 05:22:30.548, 0 %, 58 MiB, 4096 MiB, 300 MHz, 1.57 W, 51, 0x0000000000000001
2026/10/07 05:22:32.570, 0 %, 58 MiB, 4096 MiB, 300 MHz, 1.86 W, 51, 0x0000000000000001
2026/10/07 05:22:34.594, 0 %, 58 MiB, 4096 MiB, 300 MHz, 1.52 W, 51, 0x0000000000000001
2026/10/07 05:22:36.616, 0 %, 58 MiB, 4096 MiB, 300 MHz, 1.51 W, 51, 0x0000000000000001
2026/10/07 05:22:38.639, 0 %, 58 MiB, 4096 MiB, 300 MHz, 1.49 W, 51, 0x0000000000000001
2026/10/07 05:22:40.663, 0 %, 58 MiB, 4096 MiB, 300 MHz, 1.51 W, 51, 0x0000000000000001
2026/10/07 05:22:42.686, 0 %, 58 MiB, 4096 MiB, 300 MHz, 1.74 W, 51, 0x0000000000000001
2026/10/07 05:22:44.710, 0 %, 58 MiB, 4096 MiB, 300 MHz, 1.54 W, 51, 0x0000000000000001
2026/10/07 05:22:46.731, 0 %, 58 MiB, 4096 MiB, 300 MHz, 1.28 W, 51, 0x0000000000000001
2026/10/07 05:22:48.754, 0 %, 58 MiB, 4096 MiB, 300 MHz, 1.57 W, 51, 0x0000000000000001
2026/10/07 05:22:50.777, 0 %, 58 MiB, 4096 MiB, 300 MHz, 1.65 W, 51, 0x0000000000000001
2026/10/07 05:22:52.799, 0 %, 58 MiB, 4096 MiB, 300 MHz, 1.77 W, 51, 0x0000000000000001
2026/10/07 05:22:54.824, 0 %, 56 MiB, 4096 MiB, 300 MHz, 1.54 W, 51, 0x0000000000000001
2026/10/07 05:22:56.846, 0 %, 56 MiB, 4096 MiB, 300 MHz, 1.50 W, 51, 0x0000000000000001
2026/10/07 05:22:58.869, 0 %, 56 MiB, 4096 MiB, 300 MHz, 1.51 W, 51, 0x0000000000000001
2026/10/07 05:23:00.891, 0 %, 56 MiB, 4096 MiB, 300 MHz, 1.54 W, 51, 0x0000000000000001
2026/10/07 05:23:02.913, 0 %, 56 MiB, 4096 MiB, 300 MHz, 1.62 W, 51, 0x0000000000000001
2026/10/07 05:23:04.935, 0 %, 56 MiB, 4096 MiB, 300 MHz, 1.62 W, 51, 0x0000000000000001
2026/10/07 05:23:06.958, 0 %, 56 MiB, 4096 MiB, 300 MHz, 1.65 W, 51, 0x0000000000000001
2026/10/07 05:23:08.980, 0 %, 56 MiB, 4096 MiB, 300 MHz, 1.62 W, 51, 0x0000000000000001
2026/10/07 05:23:11.005, 0 %, 56 MiB, 4096 MiB, 300 MHz, 1.87 W, 51, 0x0000000000000001
2026/10/07 05:23:13.027, 0 %, 56 MiB, 4096 MiB, 300 MHz, 1.53 W, 51, 0x0000000000000001
2026/10/07 05:23:15.051, 0 %, 56 MiB, 4096 MiB, 300 MHz, 1.48 W, 51, 0x0000000000000001
2026/10/07 05:23:17.073, 0 %, 56 MiB, 4096 MiB, 300 MHz, 1.47 W, 51, 0x0000000000000001
2026/10/07 05:23:19.096, 0 %, 56 MiB, 4096 MiB, 300 MHz, 1.50 W, 51, 0x0000000000000001
2026/10/07 05:23:21.118, 0 %, 56 MiB, 4096 MiB, 300 MHz, 1.79 W, 51, 0x0000000000000001
2026/10/07 05:23:23.143, 0 %, 56 MiB, 4096 MiB, 300 MHz, 1.62 W, 51, 0x0000000000000001
2026/10/07 05:23:25.164, 0 %, 56 MiB, 4096 MiB, 300 MHz, 1.58 W, 51, 0x0000000000000001
2026/10/07 05:23:27.188, 0 %, 56 MiB, 4096 MiB, 300 MHz, 1.55 W, 51, 0x0000000000000001
2026/10/07 05:23:29.213, 0 %, 56 MiB, 4096 MiB, 300 MHz, 1.58 W, 51, 0x0000000000000001
2026/10/07 05:23:31.235, 0 %, 56 MiB, 4096 MiB, 300 MHz, 1.61 W, 51, 0x0000000000000001
2026/10/07 05:23:33.260, 0 %, 56 MiB, 4096 MiB, 300 MHz, 1.55 W, 51, 0x0000000000000001
2026/10/07 05:23:35.282, 0 %, 56 MiB, 4096 MiB, 300 MHz, 1.59 W, 51, 0x0000000000000001
2026/10/07 05:23:37.304, 0 %, 56 MiB, 4096 MiB, 300 MHz, 1.56 W, 51, 0x0000000000000001
2026/10/07 05:23:39.329, 0 %, 56 MiB, 4096 MiB, 300 MHz, 1.98 W, 51, 0x0000000000000001
2026/10/07 05:23:41.352, 0 %, 56 MiB, 4096 MiB, 300 MHz, 1.69 W, 51, 0x0000000000000001
2026/10/07 05:23:43.377, 0 %, 56 MiB, 4096 MiB, 300 MHz, 1.59 W, 51, 0x0000000000000001
2026/10/07 05:23:45.402, 0 %, 56 MiB, 4096 MiB, 300 MHz, 1.57 W, 51, 0x0000000000000001
2026/10/07 05:23:47.427, 0 %, 56 MiB, 4096 MiB, 300 MHz, 1.56 W, 51, 0x0000000000000001
2026/10/07 05:23:49.449, 0 %, 56 MiB, 4096 MiB, 300 MHz, 1.68 W, 51, 0x0000000000000001
2026/10/07 05:23:51.471, 0 %, 56 MiB, 4096 MiB, 300 MHz, 1.42 W, 51, 0x0000000000000001
2026/10/07 05:23:53.498, 0 %, 56 MiB, 4096 MiB, 300 MHz, 1.54 W, 51, 0x0000000000000001
2026/10/07 05:23:55.521, 0 %, 56 MiB, 4096 MiB, 300 MHz, 1.51 W, 51, 0x0000000000000001
2026/10/07 05:23:57.543, 0 %, 56 MiB, 4096 MiB, 300 MHz, 1.50 W, 51, 0x0000000000000001
2026/10/07 05:23:59.565, 0 %, 56 MiB, 4096 MiB, 300 MHz, 1.66 W, 51, 0x0000000000000001
2026/10/07 05:24:01.590, 0 %, 56 MiB, 4096 MiB, 300 MHz, 1.58 W, 51, 0x0000000000000001
2026/10/07 05:24:03.612, 0 %, 56 MiB, 4096 MiB, 300 MHz, 1.55 W, 51, 0x0000000000000001
2026/10/07 05:24:05.634, 0 %, 56 MiB, 4096 MiB, 300 MHz, 1.54 W, 51, 0x0000000000000001
2026/10/07 05:24:07.655, 0 %, 56 MiB, 4096 MiB, 300 MHz, 1.88 W, 51, 0x0000000000000001
2026/10/07 05:24:09.682, 0 %, 56 MiB, 4096 MiB, 300 MHz, 1.50 W, 51, 0x0000000000000001
2026/10/07 05:24:11.704, 0 %, 56 MiB, 4096 MiB, 300 MHz, 1.52 W, 51, 0x0000000000000001
2026/10/07 05:24:13.729, 0 %, 56 MiB, 4096 MiB, 300 MHz, 1.52 W, 51, 0x0000000000000001
2026/10/07 05:24:15.753, 0 %, 56 MiB, 4096 MiB, 300 MHz, 1.52 W, 51, 0x0000000000000001
2026/10/07 05:24:17.774, 0 %, 56 MiB, 4096 MiB, 300 MHz, 1.82 W, 51, 0x0000000000000001
2026/10/07 05:24:19.798, 0 %, 56 MiB, 4096 MiB, 300 MHz, 1.60 W, 51, 0x0000000000000001
2026/10/07 05:24:21.820, 0 %, 56 MiB, 4096 MiB, 300 MHz, 1.59 W, 51, 0x0000000000000001
2026/10/07 05:24:23.844, 0 %, 56 MiB, 4096 MiB, 300 MHz, 1.60 W, 51, 0x0000000000000001
2026/10/07 05:24:25.866, 0 %, 56 MiB, 4096 MiB, 300 MHz, 1.60 W, 51, 0x0000000000000001
2026/10/07 05:24:27.887, 0 %, 56 MiB, 4096 MiB, 300 MHz, 1.64 W, 51, 0x0000000000000001
2026/10/07 05:24:29.911, 0 %, 56 MiB, 4096 MiB, 300 MHz, 1.54 W, 51, 0x0000000000000001
2026/10/07 05:24:31.932, 0 %, 56 MiB, 4096 MiB, 300 MHz, 1.57 W, 51, 0x0000000000000001
2026/10/07 05:24:33.954, 0 %, 56 MiB, 4096 MiB, 300 MHz, 1.50 W, 51, 0x0000000000000001
2026/10/07 05:24:35.981, 0 %, 56 MiB, 4096 MiB, 300 MHz, 2.05 W, 51, 0x0000000000000001
2026/10/07 05:24:38.003, 0 %, 56 MiB, 4096 MiB, 300 MHz, 1.68 W, 51, 0x0000000000000001
2026/10/07 05:24:40.027, 0 %, 56 MiB, 4096 MiB, 300 MHz, 1.59 W, 51, 0x0000000000000001
2026/10/07 05:24:42.052, 0 %, 56 MiB, 4096 MiB, 300 MHz, 1.61 W, 51, 0x0000000000000001
2026/10/07 05:24:44.074, 0 %, 56 MiB, 4096 MiB, 300 MHz, 1.66 W, 51, 0x0000000000000001
2026/10/07 05:24:46.097, 0 %, 56 MiB, 4096 MiB, 300 MHz, 1.76 W, 51, 0x0000000000000001
2026/10/07 05:24:48.119, 0 %, 56 MiB, 4096 MiB, 300 MHz, 1.54 W, 51, 0x0000000000000001
2026/10/07 05:24:50.144, 0 %, 56 MiB, 4096 MiB, 300 MHz, 1.53 W, 51, 0x0000000000000001
2026/10/07 05:24:52.165, 0 %, 56 MiB, 4096 MiB, 300 MHz, 1.52 W, 51, 0x0000000000000001
2026/10/07 05:24:54.188, 0 %, 56 MiB, 4096 MiB, 300 MHz, 1.53 W, 51, 0x0000000000000001
2026/10/07 05:24:56.215, 0 %, 56 MiB, 4096 MiB, 300 MHz, 1.74 W, 51, 0x0000000000000001
2026/10/07 05:24:58.237, 0 %, 56 MiB, 4096 MiB, 300 MHz, 1.61 W, 51, 0x0000000000000001
2026/10/07 05:25:00.260, 0 %, 56 MiB, 4096 MiB, 300 MHz, 1.63 W, 51, 0x0000000000000001
2026/10/07 05:25:02.282, 0 %, 56 MiB, 4096 MiB, 300 MHz, 1.67 W, 51, 0x0000000000000001
2026/10/07 05:25:04.303, 0 %, 56 MiB, 4096 MiB, 300 MHz, 1.82 W, 51, 0x0000000000000001
2026/10/07 05:25:06.329, 0 %, 56 MiB, 4096 MiB, 300 MHz, 1.55 W, 51, 0x0000000000000001
2026/10/07 05:25:08.350, 0 %, 56 MiB, 4096 MiB, 300 MHz, 1.58 W, 51, 0x0000000000000001
2026/10/07 05:25:10.376, 0 %, 56 MiB, 4096 MiB, 300 MHz, 1.48 W, 51, 0x0000000000000001
2026/10/07 05:25:12.400, 0 %, 56 MiB, 4096 MiB, 300 MHz, 1.60 W, 51, 0x0000000000000001
2026/10/07 05:25:14.427, 0 %, 56 MiB, 4096 MiB, 300 MHz, 1.73 W, 51, 0x0000000000000001
2026/10/07 05:25:16.458, 0 %, 56 MiB, 4096 MiB, 300 MHz, 1.54 W, 51, 0x0000000000000001
2026/10/07 05:25:18.479, 0 %, 56 MiB, 4096 MiB, 300 MHz, 1.55 W, 51, 0x0000000000000001
2026/10/07 05:25:20.503, 0 %, 56 MiB, 4096 MiB, 300 MHz, 1.59 W, 51, 0x0000000000000001
2026/10/07 05:25:22.525, 0 %, 56 MiB, 4096 MiB, 300 MHz, 1.90 W, 51, 0x0000000000000001
2026/10/07 05:25:24.549, 0 %, 56 MiB, 4096 MiB, 300 MHz, 1.52 W, 51, 0x0000000000000001
2026/10/07 05:25:26.571, 0 %, 56 MiB, 4096 MiB, 300 MHz, 1.52 W, 51, 0x0000000000000001
2026/10/07 05:25:28.595, 0 %, 56 MiB, 4096 MiB, 300 MHz, 1.50 W, 51, 0x0000000000000001
2026/10/07 05:25:30.617, 0 %, 56 MiB, 4096 MiB, 300 MHz, 1.49 W, 51, 0x0000000000000001
2026/10/07 05:25:32.641, 0 %, 56 MiB, 4096 MiB, 300 MHz, 1.80 W, 51, 0x0000000000000001
2026/10/07 05:25:34.663, 0 %, 56 MiB, 4096 MiB, 300 MHz, 1.55 W, 51, 0x0000000000000001
2026/10/07 05:25:36.687, 0 %, 56 MiB, 4096 MiB, 300 MHz, 1.57 W, 51, 0x0000000000000001
2026/10/07 05:25:38.709, 0 %, 56 MiB, 4096 MiB, 300 MHz, 1.54 W, 51, 0x0000000000000001
2026/10/07 05:25:40.731, 0 %, 56 MiB, 4096 MiB, 300 MHz, 1.56 W, 51, 0x0000000000000001
2026/10/07 05:25:42.752, 0 %, 56 MiB, 4096 MiB, 300 MHz, 1.73 W, 51, 0x0000000000000001
2026/10/07 05:25:44.774, 0 %, 56 MiB, 4096 MiB, 300 MHz, 1.54 W, 51, 0x0000000000000001
2026/10/07 05:25:46.800, 0 %, 56 MiB, 4096 MiB, 300 MHz, 1.50 W, 51, 0x0000000000000001
2026/10/07 05:25:48.825, 0 %, 56 MiB, 4096 MiB, 300 MHz, 1.51 W, 51, 0x0000000000000001
2026/10/07 05:25:50.849, 0 %, 56 MiB, 4096 MiB, 300 MHz, 1.57 W, 51, 0x0000000000000001
2026/10/07 05:25:52.871, 0 %, 56 MiB, 4096 MiB, 300 MHz, 1.63 W, 51, 0x0000000000000001
2026/10/07 05:25:54.893, 0 %, 56 MiB, 4096 MiB, 300 MHz, 1.60 W, 51, 0x0000000000000001
2026/10/07 05:25:56.917, 0 %, 56 MiB, 4096 MiB, 300 MHz, 1.59 W, 51, 0x0000000000000001
2026/10/07 05:25:58.939, 0 %, 56 MiB, 4096 MiB, 300 MHz, 1.59 W, 51, 0x0000000000000001
2026/10/07 05:26:00.962, 0 %, 56 MiB, 4096 MiB, 300 MHz, 1.85 W, 51, 0x0000000000000001
2026/10/07 05:26:02.987, 0 %, 56 MiB, 4096 MiB, 300 MHz, 1.53 W, 51, 0x0000000000000001
2026/10/07 05:26:05.008, 0 %, 56 MiB, 4096 MiB, 300 MHz, 1.17 W, 51, 0x0000000000000001
2026/10/07 05:26:07.035, 0 %, 56 MiB, 4096 MiB, 300 MHz, 1.58 W, 51, 0x0000000000000001
2026/10/07 05:26:09.056, 0 %, 56 MiB, 4096 MiB, 300 MHz, 1.56 W, 51, 0x0000000000000001
2026/10/07 05:26:11.080, 0 %, 56 MiB, 4096 MiB, 300 MHz, 1.71 W, 51, 0x0000000000000001
2026/10/07 05:26:13.105, 0 %, 56 MiB, 4096 MiB, 300 MHz, 1.56 W, 51, 0x0000000000000001
2026/10/07 05:26:15.127, 0 %, 56 MiB, 4096 MiB, 300 MHz, 1.57 W, 51, 0x0000000000000001
2026/10/07 05:26:17.151, 0 %, 56 MiB, 4096 MiB, 300 MHz, 1.57 W, 51, 0x0000000000000001
2026/10/07 05:26:19.177, 0 %, 56 MiB, 4096 MiB, 300 MHz, 1.97 W, 51, 0x0000000000000001
2026/10/07 05:26:21.199, 0 %, 56 MiB, 4096 MiB, 300 MHz, 1.65 W, 51, 0x0000000000000001
2026/10/07 05:26:23.223, 0 %, 56 MiB, 4096 MiB, 300 MHz, 1.58 W, 51, 0x0000000000000001
2026/10/07 05:26:25.245, 0 %, 56 MiB, 4096 MiB, 300 MHz, 1.52 W, 51, 0x0000000000000001
2026/10/07 05:26:27.268, 0 %, 56 MiB, 4096 MiB, 300 MHz, 1.61 W, 51, 0x0000000000000001
2026/10/07 05:26:29.290, 0 %, 56 MiB, 4096 MiB, 300 MHz, 1.90 W, 51, 0x0000000000000001
2026/10/07 05:26:31.312, 0 %, 56 MiB, 4096 MiB, 300 MHz, 1.60 W, 51, 0x0000000000000001
2026/10/07 05:26:33.335, 0 %, 56 MiB, 4096 MiB, 300 MHz, 1.60 W, 51, 0x0000000000000001
2026/10/07 05:26:35.359, 0 %, 56 MiB, 4096 MiB, 300 MHz, 1.62 W, 51, 0x0000000000000001
2026/10/07 05:26:37.383, 0 %, 56 MiB, 4096 MiB, 300 MHz, 1.58 W, 51, 0x0000000000000001
2026/10/07 05:26:39.409, 0 %, 56 MiB, 4096 MiB, 300 MHz, 1.56 W, 51, 0x0000000000000001
2026/10/07 05:26:41.431, 0 %, 56 MiB, 4096 MiB, 300 MHz, 1.49 W, 51, 0x0000000000000001
2026/10/07 05:26:43.465, 0 %, 56 MiB, 4096 MiB, 300 MHz, 1.52 W, 51, 0x0000000000000001
2026/10/07 05:26:45.489, 0 %, 56 MiB, 4096 MiB, 300 MHz, 1.52 W, 51, 0x0000000000000001
2026/10/07 05:26:47.511, 0 %, 56 MiB, 4096 MiB, 300 MHz, 1.76 W, 51, 0x0000000000000001
2026/10/07 05:26:49.536, 0 %, 56 MiB, 4096 MiB, 300 MHz, 1.56 W, 51, 0x0000000000000001
2026/10/07 05:26:51.558, 0 %, 56 MiB, 4096 MiB, 300 MHz, 1.52 W, 51, 0x0000000000000001
2026/10/07 05:26:53.582, 0 %, 56 MiB, 4096 MiB, 300 MHz, 1.57 W, 51, 0x0000000000000001
2026/10/07 05:26:55.604, 0 %, 56 MiB, 4096 MiB, 300 MHz, 1.24 W, 51, 0x0000000000000001
2026/10/07 05:26:57.627, 0 %, 56 MiB, 4096 MiB, 300 MHz, 1.52 W, 51, 0x0000000000000001
2026/10/07 05:26:59.651, 0 %, 56 MiB, 4096 MiB, 300 MHz, 1.50 W, 51, 0x0000000000000001
2026/10/07 05:27:01.675, 0 %, 56 MiB, 4096 MiB, 300 MHz, 1.53 W, 51, 0x0000000000000001
2026/10/07 05:27:03.699, 0 %, 56 MiB, 4096 MiB, 300 MHz, 1.52 W, 51, 0x0000000000000001
2026/10/07 05:27:05.720, 0 %, 56 MiB, 4096 MiB, 300 MHz, 1.91 W, 51, 0x0000000000000001
2026/10/07 05:27:07.745, 0 %, 56 MiB, 4096 MiB, 300 MHz, 1.57 W, 51, 0x0000000000000001
2026/10/07 05:27:09.768, 0 %, 56 MiB, 4096 MiB, 300 MHz, 1.53 W, 51, 0x0000000000000001
2026/10/07 05:27:11.792, 0 %, 56 MiB, 4096 MiB, 300 MHz, 1.54 W, 51, 0x0000000000000001
2026/10/07 05:27:13.820, 0 %, 56 MiB, 4096 MiB, 300 MHz, 1.58 W, 51, 0x0000000000000001
2026/10/07 05:27:15.841, 0 %, 56 MiB, 4096 MiB, 300 MHz, 1.60 W, 51, 0x0000000000000001
2026/10/07 05:27:17.864, 0 %, 56 MiB, 4096 MiB, 300 MHz, 1.54 W, 51, 0x0000000000000001
2026/10/07 05:27:19.897, 0 %, 56 MiB, 4096 MiB, 300 MHz, 1.49 W, 51, 0x0000000000000001
2026/10/07 05:27:21.919, 0 %, 56 MiB, 4096 MiB, 300 MHz, 1.48 W, 51, 0x0000000000000001
2026/10/07 05:27:23.944, 0 %, 56 MiB, 4096 MiB, 300 MHz, 1.82 W, 51, 0x0000000000000001
2026/10/07 05:27:25.966, 0 %, 56 MiB, 4096 MiB, 300 MHz, 1.62 W, 51, 0x0000000000000001
2026/10/07 05:27:27.989, 0 %, 56 MiB, 4096 MiB, 300 MHz, 1.52 W, 51, 0x0000000000000001
2026/10/07 05:27:30.011, 0 %, 56 MiB, 4096 MiB, 300 MHz, 1.50 W, 51, 0x0000000000000001
2026/10/07 05:27:32.037, 0 %, 56 MiB, 4096 MiB, 300 MHz, 1.59 W, 51, 0x0000000000000001
2026/10/07 05:27:34.058, 0 %, 56 MiB, 4096 MiB, 300 MHz, 1.74 W, 51, 0x0000000000000001
2026/10/07 05:27:36.083, 0 %, 56 MiB, 4096 MiB, 300 MHz, 1.57 W, 51, 0x0000000000000001
2026/10/07 05:27:38.104, 0 %, 56 MiB, 4096 MiB, 300 MHz, 1.72 W, 51, 0x0000000000000001
2026/10/07 05:27:40.129, 0 %, 56 MiB, 4096 MiB, 300 MHz, 1.53 W, 51, 0x0000000000000001
2026/10/07 05:27:42.151, 0 %, 56 MiB, 4096 MiB, 300 MHz, 1.56 W, 51, 0x0000000000000001
2026/10/07 05:27:44.172, 0 %, 56 MiB, 4096 MiB, 300 MHz, 1.72 W, 51, 0x0000000000000001
2026/10/07 05:27:46.198, 0 %, 56 MiB, 4096 MiB, 300 MHz, 1.63 W, 51, 0x0000000000000001
2026/10/07 05:27:48.222, 0 %, 56 MiB, 4096 MiB, 300 MHz, 1.56 W, 51, 0x0000000000000001
2026/10/07 05:27:50.247, 0 %, 56 MiB, 4096 MiB, 300 MHz, 1.58 W, 51, 0x0000000000000001
2026/10/07 05:27:52.269, 0 %, 56 MiB, 4096 MiB, 300 MHz, 1.85 W, 51, 0x0000000000000001
2026/10/07 05:27:54.291, 0 %, 56 MiB, 4096 MiB, 300 MHz, 1.66 W, 51, 0x0000000000000001
2026/10/07 05:27:56.315, 0 %, 56 MiB, 4096 MiB, 300 MHz, 1.64 W, 51, 0x0000000000000001
2026/10/07 05:27:58.337, 0 %, 56 MiB, 4096 MiB, 300 MHz, 1.64 W, 51, 0x0000000000000001
2026/10/07 05:28:00.359, 0 %, 56 MiB, 4096 MiB, 300 MHz, 1.63 W, 51, 0x0000000000000001
2026/10/07 05:28:02.380, 0 %, 56 MiB, 4096 MiB, 300 MHz, 1.74 W, 51, 0x0000000000000001
2026/10/07 05:28:04.403, 0 %, 56 MiB, 4096 MiB, 300 MHz, 1.54 W, 51, 0x0000000000000001
2026/10/07 05:28:06.424, 0 %, 56 MiB, 4096 MiB, 300 MHz, 1.52 W, 51, 0x0000000000000001
2026/10/07 05:28:08.450, 0 %, 56 MiB, 4096 MiB, 300 MHz, 1.56 W, 51, 0x0000000000000001
2026/10/07 05:28:10.471, 0 %, 56 MiB, 4096 MiB, 300 MHz, 1.59 W, 51, 0x0000000000000001
2026/10/07 05:28:12.493, 0 %, 56 MiB, 4096 MiB, 300 MHz, 1.67 W, 51, 0x0000000000000001
2026/10/07 05:28:14.518, 0 %, 56 MiB, 4096 MiB, 300 MHz, 1.61 W, 51, 0x0000000000000001
2026/10/07 05:28:16.539, 0 %, 56 MiB, 4096 MiB, 300 MHz, 1.60 W, 51, 0x0000000000000001
2026/10/07 05:28:18.564, 0 %, 56 MiB, 4096 MiB, 300 MHz, 1.55 W, 51, 0x0000000000000001
2026/10/07 05:28:20.586, 0 %, 56 MiB, 4096 MiB, 300 MHz, 1.95 W, 51, 0x0000000000000001
2026/10/07 05:28:22.610, 0 %, 56 MiB, 4096 MiB, 300 MHz, 1.50 W, 51, 0x0000000000000001
2026/10/07 05:28:24.632, 0 %, 56 MiB, 4096 MiB, 300 MHz, 1.53 W, 51, 0x0000000000000001
2026/10/07 05:28:26.654, 0 %, 56 MiB, 4096 MiB, 300 MHz, 1.50 W, 51, 0x0000000000000001
2026/10/07 05:28:28.679, 0 %, 56 MiB, 4096 MiB, 300 MHz, 1.51 W, 51, 0x0000000000000001
2026/10/07 05:28:30.704, 0 %, 56 MiB, 4096 MiB, 300 MHz, 1.76 W, 51, 0x0000000000000001
2026/10/07 05:28:32.727, 0 %, 56 MiB, 4096 MiB, 300 MHz, 1.57 W, 51, 0x0000000000000001
2026/10/07 05:28:34.752, 0 %, 56 MiB, 4096 MiB, 300 MHz, 1.52 W, 51, 0x0000000000000001
2026/10/07 05:28:36.777, 0 %, 56 MiB, 4096 MiB, 300 MHz, 1.50 W, 51, 0x0000000000000001
2026/10/07 05:28:38.798, 0 %, 56 MiB, 4096 MiB, 300 MHz, 1.56 W, 51, 0x0000000000000001
2026/10/07 05:28:40.823, 0 %, 56 MiB, 4096 MiB, 300 MHz, 1.50 W, 51, 0x0000000000000001
2026/10/07 05:28:42.847, 0 %, 56 MiB, 4096 MiB, 300 MHz, 1.56 W, 51, 0x0000000000000001
2026/10/07 05:28:44.869, 0 %, 56 MiB, 4096 MiB, 300 MHz, 1.53 W, 51, 0x0000000000000001
2026/10/07 05:28:46.890, 0 %, 56 MiB, 4096 MiB, 300 MHz, 1.51 W, 51, 0x0000000000000001
2026/10/07 05:28:48.914, 0 %, 56 MiB, 4096 MiB, 300 MHz, 1.85 W, 51, 0x0000000000000001
2026/10/07 05:28:50.937, 0 %, 56 MiB, 4096 MiB, 300 MHz, 1.66 W, 51, 0x0000000000000001
2026/10/07 05:28:52.963, 0 %, 56 MiB, 4096 MiB, 300 MHz, 1.53 W, 51, 0x0000000000000001
2026/10/07 05:28:54.984, 0 %, 56 MiB, 4096 MiB, 300 MHz, 1.55 W, 51, 0x0000000000000001
2026/10/07 05:28:57.007, 0 %, 56 MiB, 4096 MiB, 300 MHz, 1.53 W, 51, 0x0000000000000001
2026/10/07 05:28:59.030, 1 %, 68 MiB, 4096 MiB, 300 MHz, 1.72 W, 51, 0x0000000000000001
2026/10/07 05:29:01.055, 0 %, 67 MiB, 4096 MiB, 300 MHz, 1.48 W, 51, 0x0000000000000001
2026/10/07 05:29:03.076, 0 %, 59 MiB, 4096 MiB, 300 MHz, 1.67 W, 51, 0x0000000000000001
2026/10/07 05:29:05.100, 0 %, 59 MiB, 4096 MiB, 300 MHz, 1.60 W, 51, 0x0000000000000001
2026/10/07 05:29:07.124, 0 %, 59 MiB, 4096 MiB, 300 MHz, 1.51 W, 51, 0x0000000000000001
2026/10/07 05:29:09.147, 0 %, 59 MiB, 4096 MiB, 300 MHz, 1.62 W, 51, 0x0000000000000001
2026/10/07 05:29:11.170, 0 %, 59 MiB, 4096 MiB, 300 MHz, 1.71 W, 51, 0x0000000000000001
2026/10/07 05:29:13.193, 0 %, 59 MiB, 4096 MiB, 300 MHz, 1.63 W, 51, 0x0000000000000001
2026/10/07 05:29:15.217, 0 %, 59 MiB, 4096 MiB, 300 MHz, 1.63 W, 51, 0x0000000000000001
2026/10/07 05:29:17.238, 0 %, 59 MiB, 4096 MiB, 300 MHz, 1.93 W, 51, 0x0000000000000001
2026/10/07 05:29:19.260, 0 %, 59 MiB, 4096 MiB, 300 MHz, 1.50 W, 51, 0x0000000000000001
2026/10/07 05:29:21.281, 0 %, 59 MiB, 4096 MiB, 300 MHz, 1.57 W, 51, 0x0000000000000001
2026/10/07 05:29:23.303, 0 %, 59 MiB, 4096 MiB, 300 MHz, 1.51 W, 51, 0x0000000000000001
2026/10/07 05:29:25.325, 0 %, 59 MiB, 4096 MiB, 300 MHz, 1.48 W, 51, 0x0000000000000001
2026/10/07 05:29:27.350, 0 %, 59 MiB, 4096 MiB, 300 MHz, 1.79 W, 51, 0x0000000000000001
2026/10/07 05:29:29.374, 0 %, 58 MiB, 4096 MiB, 300 MHz, 1.55 W, 51, 0x0000000000000001
2026/10/07 05:29:31.399, 0 %, 58 MiB, 4096 MiB, 300 MHz, 1.58 W, 51, 0x0000000000000001
2026/10/07 05:29:33.424, 0 %, 58 MiB, 4096 MiB, 300 MHz, 1.58 W, 51, 0x0000000000000001
2026/10/07 05:29:35.446, 0 %, 58 MiB, 4096 MiB, 300 MHz, 1.58 W, 51, 0x0000000000000001
2026/10/07 05:29:37.467, 0 %, 58 MiB, 4096 MiB, 300 MHz, 1.72 W, 51, 0x0000000000000001
2026/10/07 05:29:39.494, 0 %, 58 MiB, 4096 MiB, 300 MHz, 1.53 W, 51, 0x0000000000000001
2026/10/07 05:29:41.516, 0 %, 58 MiB, 4096 MiB, 300 MHz, 1.53 W, 51, 0x0000000000000001
2026/10/07 05:29:43.541, 0 %, 58 MiB, 4096 MiB, 300 MHz, 1.46 W, 51, 0x0000000000000001
2026/10/07 05:29:45.564, 0 %, 58 MiB, 4096 MiB, 300 MHz, 1.86 W, 51, 0x0000000000000001
2026/10/07 05:29:47.589, 0 %, 58 MiB, 4096 MiB, 300 MHz, 1.53 W, 51, 0x0000000000000001
2026/10/07 05:29:49.611, 0 %, 58 MiB, 4096 MiB, 300 MHz, 1.56 W, 51, 0x0000000000000001
2026/10/07 05:29:51.633, 0 %, 58 MiB, 4096 MiB, 300 MHz, 1.63 W, 51, 0x0000000000000001
2026/10/07 05:29:53.657, 1 %, 67 MiB, 4096 MiB, 300 MHz, 1.46 W, 51, 0x0000000000000001
2026/10/07 05:29:55.682, 0 %, 66 MiB, 4096 MiB, 300 MHz, 1.67 W, 51, 0x0000000000000001
2026/10/07 05:29:57.704, 0 %, 58 MiB, 4096 MiB, 300 MHz, 1.47 W, 51, 0x0000000000000001
2026/10/07 05:29:59.726, 0 %, 58 MiB, 4096 MiB, 300 MHz, 1.50 W, 51, 0x0000000000000001
2026/10/07 05:30:01.748, 0 %, 58 MiB, 4096 MiB, 300 MHz, 1.54 W, 51, 0x0000000000000001
2026/10/07 05:30:03.771, 0 %, 58 MiB, 4096 MiB, 300 MHz, 1.50 W, 51, 0x0000000000000001
2026/10/07 05:30:05.799, 0 %, 58 MiB, 4096 MiB, 300 MHz, 1.62 W, 51, 0x0000000000000001
2026/10/07 05:30:07.820, 0 %, 58 MiB, 4096 MiB, 300 MHz, 1.67 W, 51, 0x0000000000000001
2026/10/07 05:30:09.843, 0 %, 58 MiB, 4096 MiB, 300 MHz, 1.67 W, 51, 0x0000000000000001
2026/10/07 05:30:11.867, 0 %, 58 MiB, 4096 MiB, 300 MHz, 1.65 W, 51, 0x0000000000000001
2026/10/07 05:30:13.891, 0 %, 58 MiB, 4096 MiB, 300 MHz, 1.97 W, 51, 0x0000000000000001
2026/10/07 05:30:15.913, 0 %, 58 MiB, 4096 MiB, 300 MHz, 1.59 W, 51, 0x0000000000000001
2026/10/07 05:30:17.939, 0 %, 58 MiB, 4096 MiB, 300 MHz, 1.59 W, 51, 0x0000000000000001
2026/10/07 05:30:19.960, 0 %, 58 MiB, 4096 MiB, 300 MHz, 1.60 W, 51, 0x0000000000000001
2026/10/07 05:30:21.982, 0 %, 58 MiB, 4096 MiB, 300 MHz, 1.64 W, 51, 0x0000000000000001
2026/10/07 05:30:24.008, 0 %, 58 MiB, 4096 MiB, 300 MHz, 1.71 W, 51, 0x0000000000000001
2026/10/07 05:30:26.033, 0 %, 58 MiB, 4096 MiB, 300 MHz, 1.59 W, 51, 0x0000000000000001
2026/10/07 05:30:28.056, 0 %, 58 MiB, 4096 MiB, 300 MHz, 1.60 W, 51, 0x0000000000000001
2026/10/07 05:30:30.081, 0 %, 56 MiB, 4096 MiB, 300 MHz, 1.49 W, 51, 0x0000000000000001
2026/10/07 05:30:32.106, 0 %, 56 MiB, 4096 MiB, 300 MHz, 1.64 W, 51, 0x0000000000000001
2026/10/07 05:30:34.130, 0 %, 56 MiB, 4096 MiB, 300 MHz, 1.57 W, 51, 0x0000000000000001
2026/10/07 05:30:36.151, 0 %, 56 MiB, 4096 MiB, 300 MHz, 1.50 W, 51, 0x0000000000000001
2026/10/07 05:30:38.176, 0 %, 56 MiB, 4096 MiB, 300 MHz, 1.51 W, 51, 0x0000000000000001
2026/10/07 05:30:40.201, 0 %, 56 MiB, 4096 MiB, 300 MHz, 1.54 W, 51, 0x0000000000000001
2026/10/07 05:30:42.226, 0 %, 56 MiB, 4096 MiB, 300 MHz, 1.71 W, 51, 0x0000000000000001
2026/10/07 05:30:44.248, 0 %, 56 MiB, 4096 MiB, 300 MHz, 1.56 W, 51, 0x0000000000000001
2026/10/07 05:30:46.272, 0 %, 56 MiB, 4096 MiB, 300 MHz, 1.52 W, 51, 0x0000000000000001
2026/10/07 05:30:48.294, 0 %, 56 MiB, 4096 MiB, 300 MHz, 1.57 W, 51, 0x0000000000000001
2026/10/07 05:30:50.319, 0 %, 56 MiB, 4096 MiB, 300 MHz, 1.95 W, 51, 0x0000000000000001
2026/10/07 05:30:52.342, 0 %, 56 MiB, 4096 MiB, 300 MHz, 1.50 W, 51, 0x0000000000000001
2026/10/07 05:30:54.364, 0 %, 56 MiB, 4096 MiB, 300 MHz, 1.52 W, 51, 0x0000000000000001
2026/10/07 05:30:56.387, 0 %, 56 MiB, 4096 MiB, 300 MHz, 1.49 W, 51, 0x0000000000000001
2026/10/07 05:30:58.410, 0 %, 56 MiB, 4096 MiB, 300 MHz, 1.51 W, 51, 0x0000000000000001
2026/10/07 05:31:00.436, 0 %, 56 MiB, 4096 MiB, 300 MHz, 1.85 W, 51, 0x0000000000000001
2026/10/07 05:31:02.460, 0 %, 56 MiB, 4096 MiB, 300 MHz, 1.62 W, 51, 0x0000000000000001
2026/10/07 05:31:04.482, 0 %, 56 MiB, 4096 MiB, 300 MHz, 1.58 W, 51, 0x0000000000000001
2026/10/07 05:31:06.506, 0 %, 56 MiB, 4096 MiB, 300 MHz, 1.56 W, 51, 0x0000000000000001
2026/10/07 05:31:08.528, 0 %, 56 MiB, 4096 MiB, 300 MHz, 1.57 W, 51, 0x0000000000000001
2026/10/07 05:31:10.549, 0 %, 56 MiB, 4096 MiB, 300 MHz, 1.65 W, 51, 0x0000000000000001
2026/10/07 05:31:12.572, 0 %, 56 MiB, 4096 MiB, 300 MHz, 1.51 W, 51, 0x0000000000000001
2026/10/07 05:31:14.597, 0 %, 56 MiB, 4096 MiB, 300 MHz, 1.51 W, 51, 0x0000000000000001
2026/10/07 05:31:16.622, 0 %, 56 MiB, 4096 MiB, 300 MHz, 1.62 W, 51, 0x0000000000000001
2026/10/07 05:31:18.645, 0 %, 56 MiB, 4096 MiB, 300 MHz, 1.95 W, 51, 0x0000000000000001
2026/10/07 05:31:20.670, 0 %, 56 MiB, 4096 MiB, 300 MHz, 1.65 W, 51, 0x0000000000000001
2026/10/07 05:31:22.694, 0 %, 56 MiB, 4096 MiB, 300 MHz, 1.53 W, 51, 0x0000000000000001
2026/10/07 05:31:24.716, 0 %, 56 MiB, 4096 MiB, 300 MHz, 1.56 W, 51, 0x0000000000000001
2026/10/07 05:31:26.740, 0 %, 56 MiB, 4096 MiB, 300 MHz, 1.59 W, 51, 0x0000000000000001
2026/10/07 05:31:28.765, 0 %, 56 MiB, 4096 MiB, 300 MHz, 1.69 W, 51, 0x0000000000000001
2026/10/07 05:31:30.789, 0 %, 56 MiB, 4096 MiB, 300 MHz, 1.38 W, 51, 0x0000000000000001
2026/10/07 05:31:32.811, 0 %, 56 MiB, 4096 MiB, 300 MHz, 1.55 W, 51, 0x0000000000000001
2026/10/07 05:31:34.836, 0 %, 56 MiB, 4096 MiB, 300 MHz, 1.53 W, 51, 0x0000000000000001
2026/10/07 05:31:36.858, 0 %, 56 MiB, 4096 MiB, 300 MHz, 1.55 W, 51, 0x0000000000000001
2026/10/07 05:31:38.880, 0 %, 56 MiB, 4096 MiB, 300 MHz, 1.62 W, 51, 0x0000000000000001
2026/10/07 05:31:40.902, 0 %, 56 MiB, 4096 MiB, 300 MHz, 1.57 W, 51, 0x0000000000000001
2026/10/07 05:31:42.926, 0 %, 56 MiB, 4096 MiB, 300 MHz, 1.54 W, 51, 0x0000000000000001
2026/10/07 05:31:44.948, 0 %, 56 MiB, 4096 MiB, 300 MHz, 1.57 W, 51, 0x0000000000000001
2026/10/07 05:31:46.970, 0 %, 56 MiB, 4096 MiB, 300 MHz, 2.00 W, 51, 0x0000000000000001
2026/10/07 05:31:48.993, 0 %, 56 MiB, 4096 MiB, 300 MHz, 1.61 W, 51, 0x0000000000000001
2026/10/07 05:31:51.018, 0 %, 56 MiB, 4096 MiB, 300 MHz, 1.63 W, 51, 0x0000000000000001
2026/10/07 05:31:53.040, 0 %, 56 MiB, 4096 MiB, 300 MHz, 1.58 W, 51, 0x0000000000000001
2026/10/07 05:31:55.065, 0 %, 56 MiB, 4096 MiB, 300 MHz, 1.58 W, 51, 0x0000000000000001
2026/10/07 05:31:57.089, 0 %, 56 MiB, 4096 MiB, 300 MHz, 1.71 W, 51, 0x0000000000000001
2026/10/07 05:31:59.111, 0 %, 56 MiB, 4096 MiB, 300 MHz, 1.56 W, 51, 0x0000000000000001
2026/10/07 05:32:01.135, 0 %, 56 MiB, 4096 MiB, 300 MHz, 1.56 W, 51, 0x0000000000000001
2026/10/07 05:32:03.157, 0 %, 56 MiB, 4096 MiB, 300 MHz, 1.58 W, 51, 0x0000000000000001
2026/10/07 05:32:05.182, 0 %, 56 MiB, 4096 MiB, 300 MHz, 1.55 W, 51, 0x0000000000000001
2026/10/07 05:32:07.207, 0 %, 56 MiB, 4096 MiB, 300 MHz, 1.57 W, 51, 0x0000000000000001
2026/10/07 05:32:09.229, 0 %, 56 MiB, 4096 MiB, 300 MHz, 1.52 W, 51, 0x0000000000000001
2026/10/07 05:32:11.253, 0 %, 56 MiB, 4096 MiB, 300 MHz, 1.52 W, 51, 0x0000000000000001
2026/10/07 05:32:13.275, 0 %, 56 MiB, 4096 MiB, 300 MHz, 1.59 W, 51, 0x0000000000000001
2026/10/07 05:32:15.298, 0 %, 56 MiB, 4096 MiB, 300 MHz, 1.93 W, 51, 0x0000000000000001
2026/10/07 05:32:17.320, 0 %, 56 MiB, 4096 MiB, 300 MHz, 1.51 W, 51, 0x0000000000000001
2026/10/07 05:32:19.346, 0 %, 56 MiB, 4096 MiB, 300 MHz, 1.64 W, 51, 0x0000000000000001
2026/10/07 05:32:21.369, 0 %, 56 MiB, 4096 MiB, 300 MHz, 1.49 W, 51, 0x0000000000000001
2026/10/07 05:32:23.394, 0 %, 56 MiB, 4096 MiB, 300 MHz, 1.55 W, 51, 0x0000000000000001
2026/10/07 05:32:25.418, 0 %, 56 MiB, 4096 MiB, 300 MHz, 1.69 W, 51, 0x0000000000000001
2026/10/07 05:32:27.443, 0 %, 56 MiB, 4096 MiB, 300 MHz, 1.50 W, 51, 0x0000000000000001
2026/10/07 05:32:29.465, 0 %, 56 MiB, 4096 MiB, 300 MHz, 1.47 W, 51, 0x0000000000000001
2026/10/07 05:32:31.487, 0 %, 56 MiB, 4096 MiB, 300 MHz, 1.50 W, 51, 0x0000000000000001
2026/10/07 05:32:33.510, 0 %, 56 MiB, 4096 MiB, 300 MHz, 2.05 W, 51, 0x0000000000000001
2026/10/07 05:32:35.533, 0 %, 56 MiB, 4096 MiB, 300 MHz, 1.54 W, 51, 0x0000000000000001
2026/10/07 05:32:37.558, 0 %, 56 MiB, 4096 MiB, 300 MHz, 1.67 W, 51, 0x0000000000000001
2026/10/07 05:32:39.582, 0 %, 56 MiB, 4096 MiB, 300 MHz, 1.61 W, 51, 0x0000000000000001
2026/10/07 05:32:41.604, 0 %, 56 MiB, 4096 MiB, 300 MHz, 1.58 W, 51, 0x0000000000000001
2026/10/07 05:32:43.625, 0 %, 56 MiB, 4096 MiB, 300 MHz, 1.97 W, 51, 0x0000000000000001
2026/10/07 05:32:45.650, 0 %, 56 MiB, 4096 MiB, 300 MHz, 1.50 W, 51, 0x0000000000000001
2026/10/07 05:32:47.672, 0 %, 56 MiB, 4096 MiB, 300 MHz, 1.47 W, 51, 0x0000000000000001
2026/10/07 05:32:49.693, 0 %, 56 MiB, 4096 MiB, 300 MHz, 1.50 W, 51, 0x0000000000000001
2026/10/07 05:32:51.718, 0 %, 56 MiB, 4096 MiB, 300 MHz, 1.51 W, 51, 0x0000000000000001
2026/10/07 05:32:53.740, 0 %, 56 MiB, 4096 MiB, 300 MHz, 1.72 W, 51, 0x0000000000000001
2026/10/07 05:32:55.762, 0 %, 56 MiB, 4096 MiB, 300 MHz, 1.55 W, 51, 0x0000000000000001
2026/10/07 05:32:57.784, 0 %, 56 MiB, 4096 MiB, 300 MHz, 1.52 W, 51, 0x0000000000000001
2026/10/07 05:32:59.808, 0 %, 56 MiB, 4096 MiB, 300 MHz, 1.53 W, 51, 0x0000000000000001
2026/10/07 05:33:01.830, 0 %, 56 MiB, 4096 MiB, 300 MHz, 1.50 W, 51, 0x0000000000000001
2026/10/07 05:33:03.852, 0 %, 56 MiB, 4096 MiB, 300 MHz, 1.62 W, 51, 0x0000000000000001
2026/10/07 05:33:05.878, 0 %, 56 MiB, 4096 MiB, 300 MHz, 1.48 W, 51, 0x0000000000000001
2026/10/07 05:33:07.903, 0 %, 56 MiB, 4096 MiB, 300 MHz, 1.53 W, 51, 0x0000000000000001
2026/10/07 05:33:09.924, 0 %, 56 MiB, 4096 MiB, 300 MHz, 1.59 W, 51, 0x0000000000000001
2026/10/07 05:33:11.950, 0 %, 56 MiB, 4096 MiB, 300 MHz, 1.89 W, 51, 0x0000000000000001
2026/10/07 05:33:13.975, 0 %, 56 MiB, 4096 MiB, 300 MHz, 1.61 W, 51, 0x0000000000000001
2026/10/07 05:33:15.996, 0 %, 56 MiB, 4096 MiB, 300 MHz, 1.62 W, 51, 0x0000000000000001
2026/10/07 05:33:18.018, 0 %, 56 MiB, 4096 MiB, 300 MHz, 1.54 W, 51, 0x0000000000000001
2026/10/07 05:33:20.042, 0 %, 56 MiB, 4096 MiB, 300 MHz, 1.57 W, 51, 0x0000000000000001
2026/10/07 05:33:22.064, 0 %, 56 MiB, 4096 MiB, 300 MHz, 1.79 W, 51, 0x0000000000000001
2026/10/07 05:33:24.089, 0 %, 56 MiB, 4096 MiB, 300 MHz, 1.58 W, 51, 0x0000000000000001
2026/10/07 05:33:26.111, 0 %, 56 MiB, 4096 MiB, 300 MHz, 1.64 W, 51, 0x0000000000000001
2026/10/07 05:33:28.134, 0 %, 56 MiB, 4096 MiB, 300 MHz, 1.62 W, 51, 0x0000000000000001
2026/10/07 05:33:30.157, 0 %, 56 MiB, 4096 MiB, 300 MHz, 1.57 W, 51, 0x0000000000000001
2026/10/07 05:33:32.179, 0 %, 56 MiB, 4096 MiB, 300 MHz, 1.73 W, 51, 0x0000000000000001
2026/10/07 05:33:34.203, 0 %, 56 MiB, 4096 MiB, 300 MHz, 1.41 W, 51, 0x0000000000000001
2026/10/07 05:33:36.226, 0 %, 56 MiB, 4096 MiB, 300 MHz, 1.56 W, 51, 0x0000000000000001
2026/10/07 05:33:38.251, 0 %, 56 MiB, 4096 MiB, 300 MHz, 1.53 W, 51, 0x0000000000000001
2026/10/07 05:33:40.277, 0 %, 56 MiB, 4096 MiB, 300 MHz, 1.81 W, 51, 0x0000000000000001
2026/10/07 05:33:42.298, 0 %, 56 MiB, 4096 MiB, 300 MHz, 1.47 W, 51, 0x0000000000000001
2026/10/07 05:33:44.323, 0 %, 56 MiB, 4096 MiB, 300 MHz, 1.54 W, 51, 0x0000000000000001
2026/10/07 05:33:46.346, 0 %, 56 MiB, 4096 MiB, 300 MHz, 1.57 W, 51, 0x0000000000000001
2026/10/07 05:33:48.368, 0 %, 56 MiB, 4096 MiB, 300 MHz, 1.49 W, 51, 0x0000000000000001
2026/10/07 05:33:50.390, 0 %, 56 MiB, 4096 MiB, 300 MHz, 1.85 W, 51, 0x0000000000000001
2026/10/07 05:33:52.413, 0 %, 56 MiB, 4096 MiB, 300 MHz, 1.51 W, 51, 0x0000000000000001
2026/10/07 05:33:54.437, 0 %, 56 MiB, 4096 MiB, 300 MHz, 1.55 W, 51, 0x0000000000000001
2026/10/07 05:33:56.460, 0 %, 56 MiB, 4096 MiB, 300 MHz, 1.51 W, 51, 0x0000000000000001
2026/10/07 05:33:58.484, 0 %, 56 MiB, 4096 MiB, 300 MHz, 1.57 W, 51, 0x0000000000000001
2026/10/07 05:34:00.505, 0 %, 56 MiB, 4096 MiB, 300 MHz, 1.61 W, 51, 0x0000000000000001
2026/10/07 05:34:02.528, 0 %, 56 MiB, 4096 MiB, 300 MHz, 1.57 W, 51, 0x0000000000000001
2026/10/07 05:34:04.552, 0 %, 56 MiB, 4096 MiB, 300 MHz, 1.60 W, 51, 0x0000000000000001
2026/10/07 05:34:06.574, 0 %, 56 MiB, 4096 MiB, 300 MHz, 1.49 W, 51, 0x0000000000000001
2026/10/07 05:34:08.598, 0 %, 56 MiB, 4096 MiB, 300 MHz, 1.49 W, 51, 0x0000000000000001
2026/10/07 05:34:10.620, 0 %, 56 MiB, 4096 MiB, 300 MHz, 1.68 W, 51, 0x0000000000000001
2026/10/07 05:34:12.646, 0 %, 56 MiB, 4096 MiB, 300 MHz, 1.56 W, 51, 0x0000000000000001
2026/10/07 05:34:14.668, 0 %, 56 MiB, 4096 MiB, 300 MHz, 1.59 W, 51, 0x0000000000000001
2026/10/07 05:34:16.689, 0 %, 56 MiB, 4096 MiB, 300 MHz, 1.61 W, 51, 0x0000000000000001
2026/10/07 05:34:18.714, 1 %, 66 MiB, 4096 MiB, 300 MHz, 1.83 W, 51, 0x0000000000000001
2026/10/07 05:34:20.737, 0 %, 66 MiB, 4096 MiB, 300 MHz, 1.50 W, 51, 0x0000000000000001
2026/10/07 05:34:22.762, 0 %, 58 MiB, 4096 MiB, 300 MHz, 1.55 W, 51, 0x0000000000000001
2026/10/07 05:34:24.784, 0 %, 58 MiB, 4096 MiB, 300 MHz, 1.52 W, 51, 0x0000000000000001
2026/10/07 05:34:26.808, 0 %, 58 MiB, 4096 MiB, 300 MHz, 1.46 W, 51, 0x0000000000000001
2026/10/07 05:34:28.833, 0 %, 58 MiB, 4096 MiB, 300 MHz, 1.65 W, 51, 0x0000000000000001
2026/10/07 05:34:30.856, 0 %, 58 MiB, 4096 MiB, 300 MHz, 1.54 W, 51, 0x0000000000000001
2026/10/07 05:34:32.881, 0 %, 58 MiB, 4096 MiB, 300 MHz, 1.59 W, 51, 0x0000000000000001
2026/10/07 05:34:34.903, 0 %, 58 MiB, 4096 MiB, 300 MHz, 1.62 W, 51, 0x0000000000000001
2026/10/07 05:34:36.926, 0 %, 58 MiB, 4096 MiB, 300 MHz, 1.93 W, 51, 0x0000000000000001
2026/10/07 05:34:38.947, 0 %, 58 MiB, 4096 MiB, 300 MHz, 1.51 W, 51, 0x0000000000000001
2026/10/07 05:34:40.969, 0 %, 58 MiB, 4096 MiB, 300 MHz, 1.56 W, 51, 0x0000000000000001
2026/10/07 05:34:42.993, 0 %, 58 MiB, 4096 MiB, 300 MHz, 1.50 W, 51, 0x0000000000000001
2026/10/07 05:34:45.016, 0 %, 58 MiB, 4096 MiB, 300 MHz, 1.56 W, 51, 0x0000000000000001
2026/10/07 05:34:47.039, 0 %, 58 MiB, 4096 MiB, 300 MHz, 1.93 W, 51, 0x0000000000000001
2026/10/07 05:34:49.061, 0 %, 58 MiB, 4096 MiB, 300 MHz, 1.56 W, 51, 0x0000000000000001
2026/10/07 05:34:51.086, 0 %, 56 MiB, 4096 MiB, 300 MHz, 1.59 W, 51, 0x0000000000000001
2026/10/07 05:34:53.108, 0 %, 56 MiB, 4096 MiB, 300 MHz, 1.53 W, 51, 0x0000000000000001
2026/10/07 05:34:55.129, 0 %, 56 MiB, 4096 MiB, 300 MHz, 1.51 W, 51, 0x0000000000000001
2026/10/07 05:34:57.152, 0 %, 56 MiB, 4096 MiB, 300 MHz, 1.76 W, 51, 0x0000000000000001
2026/10/07 05:34:59.176, 0 %, 56 MiB, 4096 MiB, 300 MHz, 1.47 W, 51, 0x0000000000000001
2026/10/07 05:35:01.198, 0 %, 56 MiB, 4096 MiB, 300 MHz, 1.49 W, 51, 0x0000000000000001
2026/10/07 05:35:03.220, 0 %, 56 MiB, 4096 MiB, 300 MHz, 1.51 W, 51, 0x0000000000000001
2026/10/07 05:35:05.241, 0 %, 56 MiB, 4096 MiB, 300 MHz, 1.53 W, 51, 0x0000000000000001
2026/10/07 05:35:07.263, 0 %, 56 MiB, 4096 MiB, 300 MHz, 1.71 W, 51, 0x0000000000000001
2026/10/07 05:35:09.286, 0 %, 56 MiB, 4096 MiB, 300 MHz, 1.62 W, 51, 0x0000000000000001
2026/10/07 05:35:11.310, 0 %, 56 MiB, 4096 MiB, 300 MHz, 1.58 W, 51, 0x0000000000000001
2026/10/07 05:35:13.331, 0 %, 56 MiB, 4096 MiB, 300 MHz, 1.59 W, 51, 0x0000000000000001
2026/10/07 05:35:15.355, 0 %, 56 MiB, 4096 MiB, 300 MHz, 1.58 W, 51, 0x0000000000000001
2026/10/07 05:35:17.377, 0 %, 56 MiB, 4096 MiB, 300 MHz, 1.65 W, 51, 0x0000000000000001
2026/10/07 05:35:19.400, 0 %, 56 MiB, 4096 MiB, 300 MHz, 1.58 W, 51, 0x0000000000000001
2026/10/07 05:35:21.423, 0 %, 56 MiB, 4096 MiB, 300 MHz, 1.62 W, 51, 0x0000000000000001
2026/10/07 05:35:23.447, 0 %, 56 MiB, 4096 MiB, 300 MHz, 1.60 W, 51, 0x0000000000000001
2026/10/07 05:35:25.469, 0 %, 56 MiB, 4096 MiB, 300 MHz, 1.99 W, 51, 0x0000000000000001
2026/10/07 05:35:27.492, 0 %, 56 MiB, 4096 MiB, 300 MHz, 1.53 W, 51, 0x0000000000000001
2026/10/07 05:35:29.515, 0 %, 56 MiB, 4096 MiB, 300 MHz, 1.57 W, 51, 0x0000000000000001
2026/10/07 05:35:31.539, 0 %, 56 MiB, 4096 MiB, 300 MHz, 1.54 W, 51, 0x0000000000000001
2026/10/07 05:35:33.562, 0 %, 56 MiB, 4096 MiB, 300 MHz, 1.52 W, 51, 0x0000000000000001
2026/10/07 05:35:35.583, 0 %, 56 MiB, 4096 MiB, 300 MHz, 1.82 W, 51, 0x0000000000000001
2026/10/07 05:35:37.605, 0 %, 56 MiB, 4096 MiB, 300 MHz, 1.52 W, 51, 0x0000000000000001
2026/10/07 05:35:39.633, 0 %, 56 MiB, 4096 MiB, 300 MHz, 1.52 W, 51, 0x0000000000000001
2026/10/07 05:35:41.660, 0 %, 56 MiB, 4096 MiB, 300 MHz, 1.53 W, 51, 0x0000000000000001
2026/10/07 05:35:43.682, 0 %, 56 MiB, 4096 MiB, 300 MHz, 2.05 W, 51, 0x0000000000000001
2026/10/07 05:35:45.706, 0 %, 56 MiB, 4096 MiB, 300 MHz, 1.61 W, 51, 0x0000000000000001
2026/10/07 05:35:47.728, 0 %, 56 MiB, 4096 MiB, 300 MHz, 1.57 W, 51, 0x0000000000000001
2026/10/07 05:35:49.752, 0 %, 56 MiB, 4096 MiB, 300 MHz, 1.57 W, 51, 0x0000000000000001
2026/10/07 05:35:51.775, 0 %, 56 MiB, 4096 MiB, 300 MHz, 1.59 W, 51, 0x0000000000000001
2026/10/07 05:35:53.800, 0 %, 56 MiB, 4096 MiB, 300 MHz, 1.77 W, 51, 0x0000000000000001
2026/10/07 05:35:55.822, 0 %, 56 MiB, 4096 MiB, 300 MHz, 1.51 W, 51, 0x0000000000000001
2026/10/07 05:35:57.845, 0 %, 56 MiB, 4096 MiB, 300 MHz, 1.53 W, 51, 0x0000000000000001
2026/10/07 05:35:59.870, 0 %, 56 MiB, 4096 MiB, 300 MHz, 1.53 W, 51, 0x0000000000000001
2026/10/07 05:36:01.892, 0 %, 56 MiB, 4096 MiB, 300 MHz, 1.29 W, 51, 0x0000000000000001
2026/10/07 05:36:03.915, 0 %, 56 MiB, 4096 MiB, 300 MHz, 1.67 W, 51, 0x0000000000000001
2026/10/07 05:36:05.939, 0 %, 56 MiB, 4096 MiB, 300 MHz, 1.54 W, 51, 0x0000000000000001
2026/10/07 05:36:07.961, 0 %, 56 MiB, 4096 MiB, 300 MHz, 1.51 W, 51, 0x0000000000000001
2026/10/07 05:36:09.984, 0 %, 56 MiB, 4096 MiB, 300 MHz, 1.55 W, 51, 0x0000000000000001
2026/10/07 05:36:12.009, 0 %, 56 MiB, 4096 MiB, 300 MHz, 1.93 W, 51, 0x0000000000000001
2026/10/07 05:36:14.033, 0 %, 56 MiB, 4096 MiB, 300 MHz, 1.52 W, 51, 0x0000000000000001
2026/10/07 05:36:16.055, 0 %, 56 MiB, 4096 MiB, 300 MHz, 1.52 W, 51, 0x0000000000000001
2026/10/07 05:36:18.077, 0 %, 56 MiB, 4096 MiB, 300 MHz, 1.55 W, 51, 0x0000000000000001
2026/10/07 05:36:20.098, 0 %, 56 MiB, 4096 MiB, 300 MHz, 1.52 W, 51, 0x0000000000000001
2026/10/07 05:36:22.120, 0 %, 56 MiB, 4096 MiB, 300 MHz, 1.98 W, 51, 0x0000000000000001
2026/10/07 05:36:24.144, 0 %, 56 MiB, 4096 MiB, 300 MHz, 1.53 W, 51, 0x0000000000000001
2026/10/07 05:36:26.166, 0 %, 56 MiB, 4096 MiB, 300 MHz, 1.55 W, 51, 0x0000000000000001
2026/10/07 05:36:28.189, 0 %, 56 MiB, 4096 MiB, 300 MHz, 1.60 W, 51, 0x0000000000000001
2026/10/07 05:36:30.211, 0 %, 56 MiB, 4096 MiB, 300 MHz, 1.61 W, 51, 0x0000000000000001
2026/10/07 05:36:32.236, 0 %, 56 MiB, 4096 MiB, 300 MHz, 1.72 W, 51, 0x0000000000000001
2026/10/07 05:36:34.268, 0 %, 56 MiB, 4096 MiB, 300 MHz, 1.50 W, 51, 0x0000000000000001
2026/10/07 05:36:36.292, 0 %, 56 MiB, 4096 MiB, 300 MHz, 1.50 W, 51, 0x0000000000000001
2026/10/07 05:36:38.314, 0 %, 56 MiB, 4096 MiB, 300 MHz, 1.49 W, 51, 0x0000000000000001
2026/10/07 05:36:40.336, 0 %, 56 MiB, 4096 MiB, 300 MHz, 1.90 W, 51, 0x0000000000000001
2026/10/07 05:36:42.360, 0 %, 56 MiB, 4096 MiB, 300 MHz, 1.57 W, 51, 0x0000000000000001
2026/10/07 05:36:44.381, 0 %, 56 MiB, 4096 MiB, 300 MHz, 1.48 W, 51, 0x0000000000000001
2026/10/07 05:36:46.405, 0 %, 56 MiB, 4096 MiB, 300 MHz, 1.62 W, 51, 0x0000000000000001
2026/10/07 05:36:48.429, 0 %, 56 MiB, 4096 MiB, 300 MHz, 1.61 W, 51, 0x0000000000000001
2026/10/07 05:36:50.454, 0 %, 56 MiB, 4096 MiB, 300 MHz, 1.68 W, 51, 0x0000000000000001
2026/10/07 05:36:52.476, 0 %, 56 MiB, 4096 MiB, 300 MHz, 1.54 W, 51, 0x0000000000000001
2026/10/07 05:36:54.500, 0 %, 56 MiB, 4096 MiB, 300 MHz, 1.52 W, 51, 0x0000000000000001
2026/10/07 05:36:56.523, 0 %, 56 MiB, 4096 MiB, 300 MHz, 1.49 W, 51, 0x0000000000000001
2026/10/07 05:36:58.545, 0 %, 56 MiB, 4096 MiB, 300 MHz, 1.53 W, 51, 0x0000000000000001
2026/10/07 05:37:00.566, 0 %, 56 MiB, 4096 MiB, 300 MHz, 1.71 W, 51, 0x0000000000000001
2026/10/07 05:37:02.590, 0 %, 56 MiB, 4096 MiB, 300 MHz, 1.59 W, 51, 0x0000000000000001
2026/10/07 05:37:04.613, 0 %, 56 MiB, 4096 MiB, 300 MHz, 1.72 W, 51, 0x0000000000000001
2026/10/07 05:37:06.638, 0 %, 56 MiB, 4096 MiB, 300 MHz, 1.62 W, 51, 0x0000000000000001
2026/10/07 05:37:08.660, 0 %, 56 MiB, 4096 MiB, 300 MHz, 1.91 W, 51, 0x0000000000000001
2026/10/07 05:37:10.683, 0 %, 56 MiB, 4096 MiB, 300 MHz, 1.54 W, 51, 0x0000000000000001
2026/10/07 05:37:12.706, 0 %, 56 MiB, 4096 MiB, 300 MHz, 1.50 W, 51, 0x0000000000000001
2026/10/07 05:37:14.729, 0 %, 56 MiB, 4096 MiB, 300 MHz, 1.53 W, 51, 0x0000000000000001
2026/10/07 05:37:16.756, 0 %, 56 MiB, 4096 MiB, 300 MHz, 1.54 W, 51, 0x0000000000000001
2026/10/07 05:37:18.777, 0 %, 56 MiB, 4096 MiB, 300 MHz, 1.80 W, 51, 0x0000000000000001
2026/10/07 05:37:20.799, 0 %, 56 MiB, 4096 MiB, 300 MHz, 1.56 W, 51, 0x0000000000000001
2026/10/07 05:37:22.823, 0 %, 56 MiB, 4096 MiB, 300 MHz, 1.77 W, 51, 0x0000000000000001
2026/10/07 05:37:24.846, 0 %, 56 MiB, 4096 MiB, 300 MHz, 1.59 W, 51, 0x0000000000000001
2026/10/07 05:37:26.869, 0 %, 56 MiB, 4096 MiB, 300 MHz, 1.55 W, 51, 0x0000000000000001
2026/10/07 05:37:28.891, 0 %, 56 MiB, 4096 MiB, 300 MHz, 1.65 W, 51, 0x0000000000000001
2026/10/07 05:37:30.919, 0 %, 56 MiB, 4096 MiB, 300 MHz, 1.49 W, 51, 0x0000000000000001
2026/10/07 05:37:32.943, 0 %, 56 MiB, 4096 MiB, 300 MHz, 1.45 W, 51, 0x0000000000000001
2026/10/07 05:37:34.967, 0 %, 56 MiB, 4096 MiB, 300 MHz, 1.53 W, 51, 0x0000000000000001
2026/10/07 05:37:36.989, 0 %, 56 MiB, 4096 MiB, 300 MHz, 1.91 W, 51, 0x0000000000000001
2026/10/07 05:37:39.010, 0 %, 56 MiB, 4096 MiB, 300 MHz, 1.65 W, 51, 0x0000000000000001
2026/10/07 05:37:41.033, 0 %, 56 MiB, 4096 MiB, 300 MHz, 1.56 W, 51, 0x0000000000000001
2026/10/07 05:37:43.056, 0 %, 56 MiB, 4096 MiB, 300 MHz, 1.56 W, 51, 0x0000000000000001
2026/10/07 05:37:45.078, 0 %, 56 MiB, 4096 MiB, 300 MHz, 1.54 W, 51, 0x0000000000000001
2026/10/07 05:37:47.102, 0 %, 56 MiB, 4096 MiB, 300 MHz, 1.73 W, 51, 0x0000000000000001
2026/10/07 05:37:49.131, 0 %, 56 MiB, 4096 MiB, 300 MHz, 1.50 W, 51, 0x0000000000000001
2026/10/07 05:37:51.152, 0 %, 56 MiB, 4096 MiB, 300 MHz, 1.55 W, 51, 0x0000000000000001
2026/10/07 05:37:53.174, 0 %, 56 MiB, 4096 MiB, 300 MHz, 1.49 W, 51, 0x0000000000000001
2026/10/07 05:37:55.199, 0 %, 56 MiB, 4096 MiB, 300 MHz, 1.50 W, 51, 0x0000000000000001
2026/10/07 05:37:57.222, 0 %, 56 MiB, 4096 MiB, 300 MHz, 1.57 W, 51, 0x0000000000000001
2026/10/07 05:37:59.248, 0 %, 56 MiB, 4096 MiB, 300 MHz, 1.60 W, 51, 0x0000000000000001
2026/10/07 05:38:01.270, 0 %, 56 MiB, 4096 MiB, 300 MHz, 1.55 W, 51, 0x0000000000000001
2026/10/07 05:38:03.294, 0 %, 56 MiB, 4096 MiB, 300 MHz, 1.54 W, 51, 0x0000000000000001
2026/10/07 05:38:05.318, 0 %, 56 MiB, 4096 MiB, 300 MHz, 1.73 W, 51, 0x0000000000000001
2026/10/07 05:38:07.340, 0 %, 56 MiB, 4096 MiB, 300 MHz, 1.47 W, 51, 0x0000000000000001
2026/10/07 05:38:09.364, 0 %, 56 MiB, 4096 MiB, 300 MHz, 1.46 W, 51, 0x0000000000000001
2026/10/07 05:38:11.385, 0 %, 56 MiB, 4096 MiB, 300 MHz, 1.48 W, 51, 0x0000000000000001
2026/10/07 05:38:13.409, 0 %, 56 MiB, 4096 MiB, 300 MHz, 1.48 W, 51, 0x0000000000000001
2026/10/07 05:38:15.431, 0 %, 56 MiB, 4096 MiB, 300 MHz, 1.83 W, 51, 0x0000000000000001
2026/10/07 05:38:17.454, 0 %, 56 MiB, 4096 MiB, 300 MHz, 1.62 W, 51, 0x0000000000000001
2026/10/07 05:38:19.478, 0 %, 56 MiB, 4096 MiB, 300 MHz, 1.52 W, 51, 0x0000000000000001
2026/10/07 05:38:21.504, 0 %, 56 MiB, 4096 MiB, 300 MHz, 1.52 W, 51, 0x0000000000000001
2026/10/07 05:38:23.525, 0 %, 56 MiB, 4096 MiB, 300 MHz, 1.90 W, 51, 0x0000000000000001
2026/10/07 05:38:25.550, 0 %, 56 MiB, 4096 MiB, 300 MHz, 1.49 W, 51, 0x0000000000000001
2026/10/07 05:38:27.573, 0 %, 56 MiB, 4096 MiB, 300 MHz, 1.58 W, 51, 0x0000000000000001
2026/10/07 05:38:29.595, 0 %, 56 MiB, 4096 MiB, 300 MHz, 1.56 W, 51, 0x0000000000000001
2026/10/07 05:38:31.616, 0 %, 56 MiB, 4096 MiB, 300 MHz, 1.59 W, 51, 0x0000000000000001
2026/10/07 05:38:33.638, 0 %, 56 MiB, 4096 MiB, 300 MHz, 1.98 W, 51, 0x0000000000000001
2026/10/07 05:38:35.662, 0 %, 56 MiB, 4096 MiB, 300 MHz, 1.52 W, 51, 0x0000000000000001
2026/10/07 05:38:37.686, 0 %, 56 MiB, 4096 MiB, 300 MHz, 1.58 W, 51, 0x0000000000000001
2026/10/07 05:38:39.708, 0 %, 56 MiB, 4096 MiB, 300 MHz, 1.55 W, 51, 0x0000000000000001
2026/10/07 05:38:41.730, 0 %, 56 MiB, 4096 MiB, 300 MHz, 1.58 W, 51, 0x0000000000000001
2026/10/07 05:38:43.755, 1 %, 68 MiB, 4096 MiB, 300 MHz, 1.76 W, 51, 0x0000000000000001
2026/10/07 05:38:45.785, 0 %, 67 MiB, 4096 MiB, 300 MHz, 1.59 W, 51, 0x0000000000000001
2026/10/07 05:38:47.806, 0 %, 59 MiB, 4096 MiB, 300 MHz, 1.54 W, 51, 0x0000000000000001
2026/10/07 05:38:49.831, 0 %, 59 MiB, 4096 MiB, 300 MHz, 1.52 W, 51, 0x0000000000000001
2026/10/07 05:38:51.853, 0 %, 59 MiB, 4096 MiB, 300 MHz, 1.57 W, 51, 0x0000000000000001
2026/10/07 05:38:53.875, 0 %, 59 MiB, 4096 MiB, 300 MHz, 1.59 W, 51, 0x0000000000000001
2026/10/07 05:38:55.897, 0 %, 59 MiB, 4096 MiB, 300 MHz, 1.50 W, 51, 0x0000000000000001
2026/10/07 05:38:57.921, 0 %, 59 MiB, 4096 MiB, 300 MHz, 1.52 W, 51, 0x0000000000000001
2026/10/07 05:38:59.943, 0 %, 59 MiB, 4096 MiB, 300 MHz, 1.58 W, 51, 0x0000000000000001
2026/10/07 05:39:01.968, 0 %, 59 MiB, 4096 MiB, 300 MHz, 1.87 W, 51, 0x0000000000000001
2026/10/07 05:39:03.989, 0 %, 59 MiB, 4096 MiB, 300 MHz, 1.54 W, 51, 0x0000000000000001
2026/10/07 05:39:06.013, 0 %, 59 MiB, 4096 MiB, 300 MHz, 1.55 W, 51, 0x0000000000000001
2026/10/07 05:39:08.037, 0 %, 59 MiB, 4096 MiB, 300 MHz, 1.48 W, 51, 0x0000000000000001
2026/10/07 05:39:10.070, 0 %, 59 MiB, 4096 MiB, 300 MHz, 1.51 W, 51, 0x0000000000000001
2026/10/07 05:39:12.092, 0 %, 59 MiB, 4096 MiB, 300 MHz, 1.55 W, 51, 0x0000000000000001
2026/10/07 05:39:14.115, 0 %, 58 MiB, 4096 MiB, 300 MHz, 1.45 W, 51, 0x0000000000000001
2026/10/07 05:39:16.147, 0 %, 58 MiB, 4096 MiB, 300 MHz, 1.50 W, 51, 0x0000000000000001
2026/10/07 05:39:18.169, 0 %, 58 MiB, 4096 MiB, 300 MHz, 1.54 W, 51, 0x0000000000000001
2026/10/07 05:39:20.195, 0 %, 58 MiB, 4096 MiB, 300 MHz, 1.58 W, 51, 0x0000000000000001
2026/10/07 05:39:22.219, 0 %, 58 MiB, 4096 MiB, 300 MHz, 1.56 W, 51, 0x0000000000000001
2026/10/07 05:39:24.240, 0 %, 58 MiB, 4096 MiB, 300 MHz, 1.56 W, 51, 0x0000000000000001
2026/10/07 05:39:26.265, 0 %, 58 MiB, 4096 MiB, 300 MHz, 1.33 W, 51, 0x0000000000000001
2026/10/07 05:39:28.299, 0 %, 58 MiB, 4096 MiB, 300 MHz, 1.75 W, 51, 0x0000000000000001
2026/10/07 05:39:30.323, 0 %, 58 MiB, 4096 MiB, 300 MHz, 1.47 W, 51, 0x0000000000000001
2026/10/07 05:39:32.348, 0 %, 58 MiB, 4096 MiB, 300 MHz, 1.47 W, 51, 0x0000000000000001
2026/10/07 05:39:34.370, 0 %, 58 MiB, 4096 MiB, 300 MHz, 1.49 W, 51, 0x0000000000000001
2026/10/07 05:39:36.393, 0 %, 58 MiB, 4096 MiB, 300 MHz, 1.51 W, 51, 0x0000000000000001
2026/10/07 05:39:38.414, 0 %, 58 MiB, 4096 MiB, 300 MHz, 1.58 W, 51, 0x0000000000000001
2026/10/07 05:39:40.436, 1 %, 67 MiB, 4096 MiB, 300 MHz, 1.55 W, 51, 0x0000000000000001
2026/10/07 05:39:42.460, 0 %, 58 MiB, 4096 MiB, 300 MHz, 1.55 W, 51, 0x0000000000000001
2026/10/07 05:39:44.485, 0 %, 58 MiB, 4096 MiB, 300 MHz, 1.53 W, 51, 0x0000000000000001
2026/10/07 05:39:46.507, 0 %, 58 MiB, 4096 MiB, 300 MHz, 1.95 W, 51, 0x0000000000000001
2026/10/07 05:39:48.528, 0 %, 58 MiB, 4096 MiB, 300 MHz, 1.48 W, 51, 0x0000000000000001
2026/10/07 05:39:50.552, 0 %, 58 MiB, 4096 MiB, 300 MHz, 1.49 W, 51, 0x0000000000000001
2026/10/07 05:39:52.574, 0 %, 58 MiB, 4096 MiB, 300 MHz, 1.53 W, 51, 0x0000000000000001
2026/10/07 05:39:54.597, 0 %, 58 MiB, 4096 MiB, 300 MHz, 1.54 W, 51, 0x0000000000000001
2026/10/07 05:39:56.620, 0 %, 58 MiB, 4096 MiB, 300 MHz, 1.81 W, 51, 0x0000000000000001
2026/10/07 05:39:58.647, 0 %, 58 MiB, 4096 MiB, 300 MHz, 1.65 W, 51, 0x0000000000000001
2026/10/07 05:40:00.668, 0 %, 58 MiB, 4096 MiB, 300 MHz, 1.63 W, 51, 0x0000000000000001
2026/10/07 05:40:02.692, 0 %, 58 MiB, 4096 MiB, 300 MHz, 1.58 W, 51, 0x0000000000000001
2026/10/07 05:40:04.717, 0 %, 58 MiB, 4096 MiB, 300 MHz, 1.59 W, 51, 0x0000000000000001
2026/10/07 05:40:06.739, 0 %, 58 MiB, 4096 MiB, 300 MHz, 1.55 W, 51, 0x0000000000000001
2026/10/07 05:40:08.764, 0 %, 58 MiB, 4096 MiB, 300 MHz, 1.46 W, 51, 0x0000000000000001
2026/10/07 05:40:10.786, 0 %, 58 MiB, 4096 MiB, 300 MHz, 1.49 W, 51, 0x0000000000000001
2026/10/07 05:40:12.807, 0 %, 58 MiB, 4096 MiB, 300 MHz, 1.50 W, 51, 0x0000000000000001
2026/10/07 05:40:14.834, 0 %, 56 MiB, 4096 MiB, 300 MHz, 1.88 W, 51, 0x0000000000000001
2026/10/07 05:40:16.857, 0 %, 56 MiB, 4096 MiB, 300 MHz, 1.55 W, 51, 0x0000000000000001
2026/10/07 05:40:18.881, 0 %, 56 MiB, 4096 MiB, 300 MHz, 1.52 W, 51, 0x0000000000000001
2026/10/07 05:40:20.905, 0 %, 56 MiB, 4096 MiB, 300 MHz, 1.68 W, 51, 0x0000000000000001
2026/10/07 05:40:22.928, 0 %, 56 MiB, 4096 MiB, 300 MHz, 1.56 W, 51, 0x0000000000000001
2026/10/07 05:40:24.951, 0 %, 56 MiB, 4096 MiB, 300 MHz, 1.61 W, 51, 0x0000000000000001
2026/10/07 05:40:26.973, 0 %, 56 MiB, 4096 MiB, 300 MHz, 1.46 W, 51, 0x0000000000000001
2026/10/07 05:40:28.996, 0 %, 56 MiB, 4096 MiB, 300 MHz, 1.48 W, 51, 0x0000000000000001
2026/10/07 05:40:31.017, 0 %, 56 MiB, 4096 MiB, 300 MHz, 1.50 W, 51, 0x0000000000000001
2026/10/07 05:40:33.047, 0 %, 56 MiB, 4096 MiB, 300 MHz, 1.90 W, 51, 0x0000000000000001
2026/10/07 05:40:35.072, 0 %, 56 MiB, 4096 MiB, 300 MHz, 1.54 W, 51, 0x0000000000000001
2026/10/07 05:40:37.094, 0 %, 56 MiB, 4096 MiB, 300 MHz, 1.53 W, 51, 0x0000000000000001
2026/10/07 05:40:39.118, 0 %, 56 MiB, 4096 MiB, 300 MHz, 1.50 W, 51, 0x0000000000000001
2026/10/07 05:40:41.140, 0 %, 56 MiB, 4096 MiB, 300 MHz, 1.57 W, 51, 0x0000000000000001
2026/10/07 05:40:43.163, 0 %, 56 MiB, 4096 MiB, 300 MHz, 1.66 W, 51, 0x0000000000000001
2026/10/07 05:40:45.185, 0 %, 56 MiB, 4096 MiB, 300 MHz, 1.48 W, 51, 0x0000000000000001
2026/10/07 05:40:47.211, 0 %, 56 MiB, 4096 MiB, 300 MHz, 1.50 W, 51, 0x0000000000000001
2026/10/07 05:40:49.235, 0 %, 56 MiB, 4096 MiB, 300 MHz, 1.50 W, 51, 0x0000000000000001
2026/10/07 05:40:51.260, 0 %, 56 MiB, 4096 MiB, 300 MHz, 1.98 W, 51, 0x0000000000000001
2026/10/07 05:40:53.285, 0 %, 56 MiB, 4096 MiB, 300 MHz, 1.53 W, 51, 0x0000000000000001
2026/10/07 05:40:55.308, 0 %, 56 MiB, 4096 MiB, 300 MHz, 1.52 W, 51, 0x0000000000000001
2026/10/07 05:40:57.331, 0 %, 56 MiB, 4096 MiB, 300 MHz, 1.55 W, 51, 0x0000000000000001
2026/10/07 05:40:59.353, 0 %, 56 MiB, 4096 MiB, 300 MHz, 1.60 W, 51, 0x0000000000000001
2026/10/07 05:41:01.378, 0 %, 56 MiB, 4096 MiB, 300 MHz, 1.76 W, 51, 0x0000000000000001
2026/10/07 05:41:03.402, 0 %, 56 MiB, 4096 MiB, 300 MHz, 1.49 W, 51, 0x0000000000000001
2026/10/07 05:41:05.426, 0 %, 56 MiB, 4096 MiB, 300 MHz, 1.51 W, 51, 0x0000000000000001
2026/10/07 05:41:07.449, 0 %, 56 MiB, 4096 MiB, 300 MHz, 1.47 W, 51, 0x0000000000000001
2026/10/07 05:41:09.471, 0 %, 56 MiB, 4096 MiB, 300 MHz, 1.47 W, 51, 0x0000000000000001
2026/10/07 05:41:11.496, 0 %, 56 MiB, 4096 MiB, 300 MHz, 1.48 W, 51, 0x0000000000000001
2026/10/07 05:41:13.520, 0 %, 56 MiB, 4096 MiB, 300 MHz, 1.54 W, 51, 0x0000000000000001
2026/10/07 05:41:15.543, 0 %, 56 MiB, 4096 MiB, 300 MHz, 1.52 W, 51, 0x0000000000000001
2026/10/07 05:41:17.567, 0 %, 56 MiB, 4096 MiB, 300 MHz, 1.53 W, 51, 0x0000000000000001
2026/10/07 05:41:19.589, 0 %, 56 MiB, 4096 MiB, 300 MHz, 1.77 W, 51, 0x0000000000000001
2026/10/07 05:41:21.612, 0 %, 56 MiB, 4096 MiB, 300 MHz, 1.53 W, 51, 0x0000000000000001
2026/10/07 05:41:23.635, 0 %, 56 MiB, 4096 MiB, 300 MHz, 1.60 W, 51, 0x0000000000000001
2026/10/07 05:41:25.662, 0 %, 56 MiB, 4096 MiB, 300 MHz, 1.52 W, 51, 0x0000000000000001
2026/10/07 05:41:27.683, 0 %, 56 MiB, 4096 MiB, 300 MHz, 1.51 W, 51, 0x0000000000000001
2026/10/07 05:41:29.705, 0 %, 56 MiB, 4096 MiB, 300 MHz, 1.72 W, 51, 0x0000000000000001
2026/10/07 05:41:31.731, 0 %, 56 MiB, 4096 MiB, 300 MHz, 1.67 W, 51, 0x0000000000000001
2026/10/07 05:41:33.755, 0 %, 56 MiB, 4096 MiB, 300 MHz, 1.60 W, 51, 0x0000000000000001
2026/10/07 05:41:35.777, 0 %, 56 MiB, 4096 MiB, 300 MHz, 1.55 W, 51, 0x0000000000000001
2026/10/07 05:41:37.801, 0 %, 56 MiB, 4096 MiB, 300 MHz, 1.90 W, 51, 0x0000000000000001
2026/10/07 05:41:39.823, 0 %, 56 MiB, 4096 MiB, 300 MHz, 1.54 W, 51, 0x0000000000000001
2026/10/07 05:41:41.848, 0 %, 56 MiB, 4096 MiB, 300 MHz, 1.50 W, 51, 0x0000000000000001
2026/10/07 05:41:43.870, 0 %, 56 MiB, 4096 MiB, 300 MHz, 1.47 W, 51, 0x0000000000000001
2026/10/07 05:41:45.891, 0 %, 56 MiB, 4096 MiB, 300 MHz, 1.46 W, 51, 0x0000000000000001
2026/10/07 05:41:47.912, 0 %, 56 MiB, 4096 MiB, 300 MHz, 1.92 W, 51, 0x0000000000000001
2026/10/07 05:41:49.933, 0 %, 56 MiB, 4096 MiB, 300 MHz, 1.58 W, 51, 0x0000000000000001
2026/10/07 05:41:51.956, 0 %, 56 MiB, 4096 MiB, 300 MHz, 1.56 W, 51, 0x0000000000000001
2026/10/07 05:41:53.980, 0 %, 56 MiB, 4096 MiB, 300 MHz, 1.59 W, 51, 0x0000000000000001
2026/10/07 05:41:56.002, 0 %, 56 MiB, 4096 MiB, 300 MHz, 1.58 W, 51, 0x0000000000000001
2026/10/07 05:41:58.026, 0 %, 56 MiB, 4096 MiB, 300 MHz, 1.76 W, 51, 0x0000000000000001
2026/10/07 05:42:00.048, 0 %, 56 MiB, 4096 MiB, 300 MHz, 1.49 W, 51, 0x0000000000000001
2026/10/07 05:42:02.069, 0 %, 56 MiB, 4096 MiB, 300 MHz, 1.49 W, 51, 0x0000000000000001
2026/10/07 05:42:04.095, 0 %, 56 MiB, 4096 MiB, 300 MHz, 1.47 W, 51, 0x0000000000000001
2026/10/07 05:42:06.117, 0 %, 56 MiB, 4096 MiB, 300 MHz, 1.49 W, 51, 0x0000000000000001
2026/10/07 05:42:08.141, 0 %, 56 MiB, 4096 MiB, 300 MHz, 1.62 W, 51, 0x0000000000000001
2026/10/07 05:42:10.164, 0 %, 56 MiB, 4096 MiB, 300 MHz, 1.55 W, 51, 0x0000000000000001
2026/10/07 05:42:12.189, 0 %, 56 MiB, 4096 MiB, 300 MHz, 1.57 W, 51, 0x0000000000000001
2026/10/07 05:42:14.211, 0 %, 56 MiB, 4096 MiB, 300 MHz, 1.52 W, 51, 0x0000000000000001
2026/10/07 05:42:16.234, 0 %, 56 MiB, 4096 MiB, 300 MHz, 1.51 W, 51, 0x0000000000000001
2026/10/07 05:42:18.256, 0 %, 56 MiB, 4096 MiB, 300 MHz, 1.48 W, 51, 0x0000000000000001
2026/10/07 05:42:20.280, 0 %, 56 MiB, 4096 MiB, 300 MHz, 1.46 W, 51, 0x0000000000000001
2026/10/07 05:42:22.302, 0 %, 56 MiB, 4096 MiB, 300 MHz, 1.49 W, 51, 0x0000000000000001
2026/10/07 05:42:24.326, 0 %, 56 MiB, 4096 MiB, 300 MHz, 1.44 W, 51, 0x0000000000000001
2026/10/07 05:42:26.352, 0 %, 56 MiB, 4096 MiB, 300 MHz, 1.75 W, 51, 0x0000000000000001
2026/10/07 05:42:28.378, 0 %, 56 MiB, 4096 MiB, 300 MHz, 1.59 W, 51, 0x0000000000000001
2026/10/07 05:42:30.401, 0 %, 56 MiB, 4096 MiB, 300 MHz, 1.61 W, 51, 0x0000000000000001
2026/10/07 05:42:32.426, 0 %, 56 MiB, 4096 MiB, 300 MHz, 1.51 W, 51, 0x0000000000000001
2026/10/07 05:42:34.450, 0 %, 56 MiB, 4096 MiB, 300 MHz, 1.55 W, 51, 0x0000000000000001
2026/10/07 05:42:36.471, 0 %, 56 MiB, 4096 MiB, 300 MHz, 1.55 W, 51, 0x0000000000000001
2026/10/07 05:42:38.495, 0 %, 56 MiB, 4096 MiB, 300 MHz, 1.52 W, 51, 0x0000000000000001
2026/10/07 05:42:40.516, 0 %, 56 MiB, 4096 MiB, 300 MHz, 1.50 W, 51, 0x0000000000000001
2026/10/07 05:42:42.540, 0 %, 56 MiB, 4096 MiB, 300 MHz, 1.51 W, 51, 0x0000000000000001
2026/10/07 05:42:44.562, 0 %, 56 MiB, 4096 MiB, 300 MHz, 1.97 W, 51, 0x0000000000000001
2026/10/07 05:42:46.587, 0 %, 56 MiB, 4096 MiB, 300 MHz, 1.55 W, 51, 0x0000000000000001
2026/10/07 05:42:48.608, 0 %, 56 MiB, 4096 MiB, 300 MHz, 1.56 W, 51, 0x0000000000000001
2026/10/07 05:42:50.633, 0 %, 56 MiB, 4096 MiB, 300 MHz, 1.54 W, 51, 0x0000000000000001
2026/10/07 05:42:52.655, 0 %, 56 MiB, 4096 MiB, 300 MHz, 1.53 W, 51, 0x0000000000000001
2026/10/07 05:42:54.680, 0 %, 56 MiB, 4096 MiB, 300 MHz, 1.73 W, 51, 0x0000000000000001
2026/10/07 05:42:56.703, 0 %, 56 MiB, 4096 MiB, 300 MHz, 1.51 W, 51, 0x0000000000000001
2026/10/07 05:42:58.726, 0 %, 56 MiB, 4096 MiB, 300 MHz, 1.54 W, 51, 0x0000000000000001
2026/10/07 05:43:00.747, 0 %, 56 MiB, 4096 MiB, 300 MHz, 1.59 W, 51, 0x0000000000000001
2026/10/07 05:43:02.772, 0 %, 56 MiB, 4096 MiB, 300 MHz, 1.54 W, 51, 0x0000000000000001
2026/10/07 05:43:04.793, 0 %, 56 MiB, 4096 MiB, 300 MHz, 1.74 W, 51, 0x0000000000000001
2026/10/07 05:43:06.817, 0 %, 56 MiB, 4096 MiB, 300 MHz, 1.65 W, 51, 0x0000000000000001
2026/10/07 05:43:08.840, 0 %, 56 MiB, 4096 MiB, 300 MHz, 1.61 W, 51, 0x0000000000000001
2026/10/07 05:43:10.865, 0 %, 56 MiB, 4096 MiB, 300 MHz, 1.60 W, 51, 0x0000000000000001
2026/10/07 05:43:12.887, 0 %, 56 MiB, 4096 MiB, 300 MHz, 1.94 W, 51, 0x0000000000000001
2026/10/07 05:43:14.912, 0 %, 56 MiB, 4096 MiB, 300 MHz, 1.47 W, 51, 0x0000000000000001
2026/10/07 05:43:16.933, 0 %, 56 MiB, 4096 MiB, 300 MHz, 1.51 W, 51, 0x0000000000000001
2026/10/07 05:43:18.955, 0 %, 56 MiB, 4096 MiB, 300 MHz, 1.53 W, 51, 0x0000000000000001
2026/10/07 05:43:20.980, 0 %, 56 MiB, 4096 MiB, 300 MHz, 1.52 W, 51, 0x0000000000000001
2026/10/07 05:43:23.002, 0 %, 56 MiB, 4096 MiB, 300 MHz, 1.85 W, 51, 0x0000000000000001
2026/10/07 05:43:25.026, 0 %, 56 MiB, 4096 MiB, 300 MHz, 1.57 W, 51, 0x0000000000000001
2026/10/07 05:43:27.051, 0 %, 56 MiB, 4096 MiB, 300 MHz, 1.57 W, 51, 0x0000000000000001
2026/10/07 05:43:29.074, 0 %, 56 MiB, 4096 MiB, 300 MHz, 1.55 W, 51, 0x0000000000000001
2026/10/07 05:43:31.102, 0 %, 56 MiB, 4096 MiB, 300 MHz, 1.94 W, 51, 0x0000000000000001
2026/10/07 05:43:33.123, 0 %, 56 MiB, 4096 MiB, 300 MHz, 1.46 W, 51, 0x0000000000000001
2026/10/07 05:43:35.145, 0 %, 56 MiB, 4096 MiB, 300 MHz, 1.51 W, 51, 0x0000000000000001
2026/10/07 05:43:37.170, 0 %, 56 MiB, 4096 MiB, 300 MHz, 1.52 W, 51, 0x0000000000000001
2026/10/07 05:43:39.194, 0 %, 66 MiB, 4096 MiB, 300 MHz, 1.52 W, 51, 0x0000000000000001
2026/10/07 05:43:41.217, 0 %, 66 MiB, 4096 MiB, 300 MHz, 1.88 W, 51, 0x0000000000000001
2026/10/07 05:43:43.239, 0 %, 58 MiB, 4096 MiB, 300 MHz, 1.52 W, 51, 0x0000000000000001
2026/10/07 05:43:45.261, 0 %, 58 MiB, 4096 MiB, 300 MHz, 1.56 W, 51, 0x0000000000000001
2026/10/07 05:43:47.283, 0 %, 58 MiB, 4096 MiB, 300 MHz, 1.54 W, 51, 0x0000000000000001
2026/10/07 05:43:49.309, 0 %, 58 MiB, 4096 MiB, 300 MHz, 1.56 W, 51, 0x0000000000000001
2026/10/07 05:43:51.332, 0 %, 58 MiB, 4096 MiB, 300 MHz, 1.68 W, 51, 0x0000000000000001
2026/10/07 05:43:53.356, 0 %, 58 MiB, 4096 MiB, 300 MHz, 1.51 W, 51, 0x0000000000000001
2026/10/07 05:43:55.378, 0 %, 58 MiB, 4096 MiB, 300 MHz, 1.61 W, 51, 0x0000000000000001
2026/10/07 05:43:57.400, 0 %, 58 MiB, 4096 MiB, 300 MHz, 1.48 W, 51, 0x0000000000000001
2026/10/07 05:43:59.425, 0 %, 58 MiB, 4096 MiB, 300 MHz, 2.02 W, 51, 0x0000000000000001
2026/10/07 05:44:01.449, 0 %, 58 MiB, 4096 MiB, 300 MHz, 1.54 W, 51, 0x0000000000000001
2026/10/07 05:44:03.475, 0 %, 58 MiB, 4096 MiB, 300 MHz, 1.50 W, 51, 0x0000000000000001
2026/10/07 05:44:05.498, 0 %, 58 MiB, 4096 MiB, 300 MHz, 1.55 W, 51, 0x0000000000000001
2026/10/07 05:44:07.522, 0 %, 58 MiB, 4096 MiB, 300 MHz, 1.58 W, 51, 0x0000000000000001
2026/10/07 05:44:09.546, 0 %, 56 MiB, 4096 MiB, 300 MHz, 1.78 W, 51, 0x0000000000000001
2026/10/07 05:44:11.569, 0 %, 56 MiB, 4096 MiB, 300 MHz, 1.52 W, 51, 0x0000000000000001
2026/10/07 05:44:13.590, 0 %, 56 MiB, 4096 MiB, 300 MHz, 1.46 W, 51, 0x0000000000000001
2026/10/07 05:44:15.620, 0 %, 56 MiB, 4096 MiB, 300 MHz, 1.48 W, 51, 0x0000000000000001
2026/10/07 05:44:17.641, 0 %, 56 MiB, 4096 MiB, 300 MHz, 1.51 W, 51, 0x0000000000000001
2026/10/07 05:44:19.665, 0 %, 56 MiB, 4096 MiB, 300 MHz, 1.64 W, 51, 0x0000000000000001
2026/10/07 05:44:21.688, 0 %, 56 MiB, 4096 MiB, 300 MHz, 1.61 W, 51, 0x0000000000000001
2026/10/07 05:44:23.711, 0 %, 56 MiB, 4096 MiB, 300 MHz, 1.62 W, 51, 0x0000000000000001
2026/10/07 05:44:25.736, 0 %, 56 MiB, 4096 MiB, 300 MHz, 1.64 W, 51, 0x0000000000000001
2026/10/07 05:44:27.757, 0 %, 56 MiB, 4096 MiB, 300 MHz, 1.95 W, 51, 0x0000000000000001
2026/10/07 05:44:29.782, 0 %, 56 MiB, 4096 MiB, 300 MHz, 1.54 W, 51, 0x0000000000000001
2026/10/07 05:44:31.803, 0 %, 56 MiB, 4096 MiB, 300 MHz, 1.54 W, 51, 0x0000000000000001
2026/10/07 05:44:33.827, 0 %, 56 MiB, 4096 MiB, 300 MHz, 1.47 W, 51, 0x0000000000000001
2026/10/07 05:44:35.852, 0 %, 56 MiB, 4096 MiB, 300 MHz, 1.52 W, 51, 0x0000000000000001
2026/10/07 05:44:37.874, 0 %, 56 MiB, 4096 MiB, 300 MHz, 1.80 W, 51, 0x0000000000000001
2026/10/07 05:44:39.896, 0 %, 56 MiB, 4096 MiB, 300 MHz, 1.49 W, 51, 0x0000000000000001
2026/10/07 05:44:41.922, 0 %, 56 MiB, 4096 MiB, 300 MHz, 1.56 W, 51, 0x0000000000000001
2026/10/07 05:44:43.944, 0 %, 56 MiB, 4096 MiB, 300 MHz, 1.56 W, 51, 0x0000000000000001
2026/10/07 05:44:45.971, 0 %, 56 MiB, 4096 MiB, 300 MHz, 1.52 W, 51, 0x0000000000000001
2026/10/07 05:44:47.992, 0 %, 56 MiB, 4096 MiB, 300 MHz, 1.52 W, 51, 0x0000000000000001
2026/10/07 05:44:50.018, 0 %, 56 MiB, 4096 MiB, 300 MHz, 1.49 W, 51, 0x0000000000000001
2026/10/07 05:44:52.040, 0 %, 56 MiB, 4096 MiB, 300 MHz, 1.50 W, 51, 0x0000000000000001
2026/10/07 05:44:54.061, 0 %, 56 MiB, 4096 MiB, 300 MHz, 1.49 W, 51, 0x0000000000000001
2026/10/07 05:44:56.084, 0 %, 56 MiB, 4096 MiB, 300 MHz, 1.99 W, 51, 0x0000000000000001
2026/10/07 05:44:58.106, 0 %, 56 MiB, 4096 MiB, 300 MHz, 1.56 W, 51, 0x0000000000000001
2026/10/07 05:45:00.130, 0 %, 56 MiB, 4096 MiB, 300 MHz, 1.66 W, 51, 0x0000000000000001
2026/10/07 05:45:02.154, 0 %, 56 MiB, 4096 MiB, 300 MHz, 1.58 W, 51, 0x0000000000000001
2026/10/07 05:45:04.178, 0 %, 56 MiB, 4096 MiB, 300 MHz, 1.56 W, 51, 0x0000000000000001
2026/10/07 05:45:06.200, 0 %, 56 MiB, 4096 MiB, 300 MHz, 1.79 W, 51, 0x0000000000000001
2026/10/07 05:45:08.224, 0 %, 56 MiB, 4096 MiB, 300 MHz, 1.45 W, 51, 0x0000000000000001
2026/10/07 05:45:10.245, 0 %, 56 MiB, 4096 MiB, 300 MHz, 1.49 W, 51, 0x0000000000000001
2026/10/07 05:45:12.270, 0 %, 56 MiB, 4096 MiB, 300 MHz, 1.55 W, 51, 0x0000000000000001
2026/10/07 05:45:14.292, 0 %, 56 MiB, 4096 MiB, 300 MHz, 1.51 W, 51, 0x0000000000000001
2026/10/07 05:45:16.314, 0 %, 56 MiB, 4096 MiB, 300 MHz, 1.69 W, 51, 0x0000000000000001
2026/10/07 05:45:18.335, 0 %, 56 MiB, 4096 MiB, 300 MHz, 1.66 W, 51, 0x0000000000000001
2026/10/07 05:45:20.359, 0 %, 56 MiB, 4096 MiB, 300 MHz, 1.52 W, 51, 0x0000000000000001
2026/10/07 05:45:22.383, 0 %, 56 MiB, 4096 MiB, 300 MHz, 1.52 W, 51, 0x0000000000000001
2026/10/07 05:45:24.405, 0 %, 56 MiB, 4096 MiB, 300 MHz, 1.53 W, 51, 0x0000000000000001
2026/10/07 05:45:26.427, 0 %, 56 MiB, 4096 MiB, 300 MHz, 1.56 W, 51, 0x0000000000000001
2026/10/07 05:45:28.452, 0 %, 56 MiB, 4096 MiB, 300 MHz, 1.46 W, 51, 0x0000000000000001
2026/10/07 05:45:30.477, 0 %, 56 MiB, 4096 MiB, 300 MHz, 1.52 W, 51, 0x0000000000000001
2026/10/07 05:45:32.498, 0 %, 56 MiB, 4096 MiB, 300 MHz, 1.50 W, 51, 0x0000000000000001
2026/10/07 05:45:34.523, 0 %, 56 MiB, 4096 MiB, 300 MHz, 1.88 W, 51, 0x0000000000000001
2026/10/07 05:45:36.545, 0 %, 56 MiB, 4096 MiB, 300 MHz, 1.58 W, 51, 0x0000000000000001
2026/10/07 05:45:38.567, 0 %, 56 MiB, 4096 MiB, 300 MHz, 1.55 W, 51, 0x0000000000000001
2026/10/07 05:45:40.592, 0 %, 56 MiB, 4096 MiB, 300 MHz, 1.58 W, 51, 0x0000000000000001
2026/10/07 05:45:42.615, 0 %, 56 MiB, 4096 MiB, 300 MHz, 1.58 W, 51, 0x0000000000000001
2026/10/07 05:45:44.638, 0 %, 56 MiB, 4096 MiB, 300 MHz, 1.71 W, 51, 0x0000000000000001
2026/10/07 05:45:46.659, 0 %, 56 MiB, 4096 MiB, 300 MHz, 1.43 W, 51, 0x0000000000000001
2026/10/07 05:45:48.683, 0 %, 56 MiB, 4096 MiB, 300 MHz, 1.50 W, 51, 0x0000000000000001
2026/10/07 05:45:50.706, 0 %, 56 MiB, 4096 MiB, 300 MHz, 1.54 W, 51, 0x0000000000000001
2026/10/07 05:45:52.730, 0 %, 56 MiB, 4096 MiB, 300 MHz, 1.42 W, 51, 0x0000000000000001
2026/10/07 05:45:54.753, 0 %, 56 MiB, 4096 MiB, 300 MHz, 1.72 W, 51, 0x0000000000000001
2026/10/07 05:45:56.778, 0 %, 56 MiB, 4096 MiB, 300 MHz, 1.59 W, 51, 0x0000000000000001
2026/10/07 05:45:58.803, 0 %, 56 MiB, 4096 MiB, 300 MHz, 1.59 W, 51, 0x0000000000000001
2026/10/07 05:46:00.825, 0 %, 56 MiB, 4096 MiB, 300 MHz, 1.65 W, 51, 0x0000000000000001
2026/10/07 05:46:02.850, 0 %, 56 MiB, 4096 MiB, 300 MHz, 1.76 W, 51, 0x0000000000000001
2026/10/07 05:46:04.872, 0 %, 56 MiB, 4096 MiB, 300 MHz, 1.52 W, 51, 0x0000000000000001
2026/10/07 05:46:06.894, 0 %, 56 MiB, 4096 MiB, 300 MHz, 1.45 W, 51, 0x0000000000000001
2026/10/07 05:46:08.919, 0 %, 56 MiB, 4096 MiB, 300 MHz, 1.51 W, 51, 0x0000000000000001
2026/10/07 05:46:10.941, 0 %, 56 MiB, 4096 MiB, 300 MHz, 1.46 W, 51, 0x0000000000000001
2026/10/07 05:46:12.962, 0 %, 56 MiB, 4096 MiB, 300 MHz, 1.76 W, 51, 0x0000000000000001
2026/10/07 05:46:14.985, 0 %, 56 MiB, 4096 MiB, 300 MHz, 1.45 W, 51, 0x0000000000000001
2026/10/07 05:46:17.006, 0 %, 56 MiB, 4096 MiB, 300 MHz, 1.53 W, 51, 0x0000000000000001
2026/10/07 05:46:19.030, 0 %, 56 MiB, 4096 MiB, 300 MHz, 1.55 W, 51, 0x0000000000000001
2026/10/07 05:46:21.054, 0 %, 56 MiB, 4096 MiB, 300 MHz, 1.42 W, 51, 0x0000000000000001
2026/10/07 05:46:23.079, 0 %, 56 MiB, 4096 MiB, 300 MHz, 1.59 W, 51, 0x0000000000000001
2026/10/07 05:46:25.103, 0 %, 56 MiB, 4096 MiB, 300 MHz, 1.50 W, 51, 0x0000000000000001
2026/10/07 05:46:27.126, 0 %, 56 MiB, 4096 MiB, 300 MHz, 1.47 W, 51, 0x0000000000000001
2026/10/07 05:46:29.151, 0 %, 56 MiB, 4096 MiB, 300 MHz, 1.53 W, 51, 0x0000000000000001
2026/10/07 05:46:31.173, 0 %, 56 MiB, 4096 MiB, 300 MHz, 1.99 W, 51, 0x0000000000000001
2026/10/07 05:46:33.198, 0 %, 56 MiB, 4096 MiB, 300 MHz, 1.54 W, 51, 0x0000000000000001
2026/10/07 05:46:35.223, 0 %, 56 MiB, 4096 MiB, 300 MHz, 1.54 W, 51, 0x0000000000000001
2026/10/07 05:46:37.247, 0 %, 56 MiB, 4096 MiB, 300 MHz, 1.58 W, 51, 0x0000000000000001
2026/10/07 05:46:39.273, 0 %, 56 MiB, 4096 MiB, 300 MHz, 1.57 W, 51, 0x0000000000000001
2026/10/07 05:46:41.298, 0 %, 56 MiB, 4096 MiB, 300 MHz, 1.60 W, 51, 0x0000000000000001
2026/10/07 05:46:43.324, 0 %, 56 MiB, 4096 MiB, 300 MHz, 1.49 W, 51, 0x0000000000000001
2026/10/07 05:46:45.348, 0 %, 56 MiB, 4096 MiB, 300 MHz, 1.49 W, 51, 0x0000000000000001
2026/10/07 05:46:47.371, 0 %, 56 MiB, 4096 MiB, 300 MHz, 1.44 W, 51, 0x0000000000000001
2026/10/07 05:46:49.392, 0 %, 56 MiB, 4096 MiB, 300 MHz, 1.81 W, 51, 0x0000000000000001
2026/10/07 05:46:51.416, 0 %, 56 MiB, 4096 MiB, 300 MHz, 1.52 W, 51, 0x0000000000000001
2026/10/07 05:46:53.440, 0 %, 56 MiB, 4096 MiB, 300 MHz, 1.50 W, 51, 0x0000000000000001
2026/10/07 05:46:55.465, 0 %, 56 MiB, 4096 MiB, 300 MHz, 1.54 W, 51, 0x0000000000000001
2026/10/07 05:46:57.487, 0 %, 56 MiB, 4096 MiB, 300 MHz, 1.55 W, 51, 0x0000000000000001
2026/10/07 05:46:59.512, 0 %, 56 MiB, 4096 MiB, 300 MHz, 1.65 W, 51, 0x0000000000000001
2026/10/07 05:47:01.534, 0 %, 56 MiB, 4096 MiB, 300 MHz, 1.45 W, 51, 0x0000000000000001
2026/10/07 05:47:03.558, 0 %, 56 MiB, 4096 MiB, 300 MHz, 1.48 W, 51, 0x0000000000000001
2026/10/07 05:47:05.580, 0 %, 56 MiB, 4096 MiB, 300 MHz, 1.50 W, 51, 0x0000000000000001
2026/10/07 05:47:07.602, 0 %, 56 MiB, 4096 MiB, 300 MHz, 1.50 W, 51, 0x0000000000000001
2026/10/07 05:47:09.625, 0 %, 56 MiB, 4096 MiB, 300 MHz, 1.61 W, 51, 0x0000000000000001
2026/10/07 05:47:11.650, 0 %, 56 MiB, 4096 MiB, 300 MHz, 1.55 W, 51, 0x0000000000000001
2026/10/07 05:47:13.673, 0 %, 56 MiB, 4096 MiB, 300 MHz, 1.57 W, 51, 0x0000000000000001
2026/10/07 05:47:15.697, 0 %, 56 MiB, 4096 MiB, 300 MHz, 1.59 W, 51, 0x0000000000000001
2026/10/07 05:47:17.719, 0 %, 56 MiB, 4096 MiB, 300 MHz, 1.87 W, 51, 0x0000000000000001
2026/10/07 05:47:19.742, 0 %, 56 MiB, 4096 MiB, 300 MHz, 1.51 W, 51, 0x0000000000000001
2026/10/07 05:47:21.764, 0 %, 56 MiB, 4096 MiB, 300 MHz, 1.46 W, 51, 0x0000000000000001
2026/10/07 05:47:23.788, 0 %, 56 MiB, 4096 MiB, 300 MHz, 1.46 W, 51, 0x0000000000000001
2026/10/07 05:47:25.813, 0 %, 56 MiB, 4096 MiB, 300 MHz, 1.55 W, 51, 0x0000000000000001
2026/10/07 05:47:27.834, 0 %, 56 MiB, 4096 MiB, 300 MHz, 1.75 W, 51, 0x0000000000000001
2026/10/07 05:47:29.860, 0 %, 56 MiB, 4096 MiB, 300 MHz, 1.63 W, 51, 0x0000000000000001
2026/10/07 05:47:31.884, 0 %, 56 MiB, 4096 MiB, 300 MHz, 1.56 W, 51, 0x0000000000000001
2026/10/07 05:47:33.907, 0 %, 56 MiB, 4096 MiB, 300 MHz, 1.56 W, 51, 0x0000000000000001
2026/10/07 05:47:35.928, 1 %, 66 MiB, 4096 MiB, 300 MHz, 1.77 W, 51, 0x0000000000000001
2026/10/07 05:47:37.950, 0 %, 67 MiB, 4096 MiB, 300 MHz, 1.47 W, 51, 0x0000000000000001
2026/10/07 05:47:39.976, 0 %, 59 MiB, 4096 MiB, 300 MHz, 1.46 W, 51, 0x0000000000000001
2026/10/07 05:47:42.004, 0 %, 59 MiB, 4096 MiB, 300 MHz, 1.51 W, 51, 0x0000000000000001
2026/10/07 05:47:44.027, 0 %, 59 MiB, 4096 MiB, 300 MHz, 1.54 W, 51, 0x0000000000000001
2026/10/07 05:47:46.050, 0 %, 59 MiB, 4096 MiB, 300 MHz, 1.80 W, 51, 0x0000000000000001
2026/10/07 05:47:48.075, 0 %, 59 MiB, 4096 MiB, 300 MHz, 1.55 W, 51, 0x0000000000000001
2026/10/07 05:47:50.100, 0 %, 59 MiB, 4096 MiB, 300 MHz, 1.57 W, 51, 0x0000000000000001
2026/10/07 05:47:52.123, 0 %, 59 MiB, 4096 MiB, 300 MHz, 1.54 W, 51, 0x0000000000000001
2026/10/07 05:47:54.148, 0 %, 59 MiB, 4096 MiB, 300 MHz, 2.00 W, 51, 0x0000000000000001
2026/10/07 05:47:56.174, 0 %, 59 MiB, 4096 MiB, 300 MHz, 1.49 W, 51, 0x0000000000000001
2026/10/07 05:47:58.200, 0 %, 59 MiB, 4096 MiB, 300 MHz, 1.56 W, 51, 0x0000000000000001
2026/10/07 05:48:00.222, 0 %, 59 MiB, 4096 MiB, 300 MHz, 1.53 W, 51, 0x0000000000000001
2026/10/07 05:48:02.248, 0 %, 59 MiB, 4096 MiB, 300 MHz, 1.52 W, 51, 0x0000000000000001
2026/10/07 05:48:04.271, 0 %, 59 MiB, 4096 MiB, 300 MHz, 1.83 W, 51, 0x0000000000000001
2026/10/07 05:48:06.295, 0 %, 58 MiB, 4096 MiB, 300 MHz, 1.65 W, 51, 0x0000000000000001
2026/10/07 05:48:08.320, 0 %, 58 MiB, 4096 MiB, 300 MHz, 1.58 W, 51, 0x0000000000000001
2026/10/07 05:48:10.342, 0 %, 58 MiB, 4096 MiB, 300 MHz, 1.50 W, 51, 0x0000000000000001
2026/10/07 05:48:12.367, 0 %, 58 MiB, 4096 MiB, 300 MHz, 1.53 W, 51, 0x0000000000000001
2026/10/07 05:48:14.389, 0 %, 58 MiB, 4096 MiB, 300 MHz, 1.56 W, 51, 0x0000000000000001
2026/10/07 05:48:16.414, 0 %, 58 MiB, 4096 MiB, 300 MHz, 1.48 W, 51, 0x0000000000000001
2026/10/07 05:48:18.436, 0 %, 58 MiB, 4096 MiB, 300 MHz, 1.51 W, 51, 0x0000000000000001
2026/10/07 05:48:20.462, 0 %, 58 MiB, 4096 MiB, 300 MHz, 1.51 W, 51, 0x0000000000000001
2026/10/07 05:48:22.484, 0 %, 58 MiB, 4096 MiB, 300 MHz, 1.90 W, 51, 0x0000000000000001
2026/10/07 05:48:24.508, 0 %, 58 MiB, 4096 MiB, 300 MHz, 1.57 W, 51, 0x0000000000000001
2026/10/07 05:48:26.530, 0 %, 58 MiB, 4096 MiB, 300 MHz, 1.56 W, 51, 0x0000000000000001
2026/10/07 05:48:28.556, 0 %, 58 MiB, 4096 MiB, 300 MHz, 1.55 W, 51, 0x0000000000000001
2026/10/07 05:48:30.578, 0 %, 58 MiB, 4096 MiB, 300 MHz, 1.53 W, 51, 0x0000000000000001
2026/10/07 05:48:32.603, 0 %, 58 MiB, 4096 MiB, 300 MHz, 1.70 W, 51, 0x0000000000000001
2026/10/07 05:48:34.625, 0 %, 58 MiB, 4096 MiB, 300 MHz, 1.47 W, 51, 0x0000000000000001
2026/10/07 05:48:36.648, 0 %, 58 MiB, 4096 MiB, 300 MHz, 1.48 W, 51, 0x0000000000000001
2026/10/07 05:48:38.674, 0 %, 58 MiB, 4096 MiB, 300 MHz, 1.53 W, 51, 0x0000000000000001
2026/10/07 05:48:40.698, 0 %, 58 MiB, 4096 MiB, 300 MHz, 1.49 W, 51, 0x0000000000000001
2026/10/07 05:48:42.720, 0 %, 58 MiB, 4096 MiB, 300 MHz, 1.67 W, 51, 0x0000000000000001
2026/10/07 05:48:44.743, 0 %, 58 MiB, 4096 MiB, 300 MHz, 1.58 W, 51, 0x0000000000000001
2026/10/07 05:48:46.765, 0 %, 58 MiB, 4096 MiB, 300 MHz, 1.58 W, 51, 0x0000000000000001
2026/10/07 05:48:48.790, 0 %, 58 MiB, 4096 MiB, 300 MHz, 1.55 W, 51, 0x0000000000000001
2026/10/07 05:48:50.812, 0 %, 58 MiB, 4096 MiB, 300 MHz, 1.94 W, 51, 0x0000000000000001
2026/10/07 05:48:52.835, 0 %, 58 MiB, 4096 MiB, 300 MHz, 1.50 W, 51, 0x0000000000000001
2026/10/07 05:48:54.863, 0 %, 58 MiB, 4096 MiB, 300 MHz, 1.52 W, 51, 0x0000000000000001
2026/10/07 05:48:56.886, 0 %, 58 MiB, 4096 MiB, 300 MHz, 1.50 W, 51, 0x0000000000000001
2026/10/07 05:48:58.908, 0 %, 58 MiB, 4096 MiB, 300 MHz, 1.47 W, 51, 0x0000000000000001
2026/10/07 05:49:00.933, 0 %, 58 MiB, 4096 MiB, 300 MHz, 1.87 W, 51, 0x0000000000000001
2026/10/07 05:49:02.955, 0 %, 58 MiB, 4096 MiB, 300 MHz, 1.64 W, 51, 0x0000000000000001
2026/10/07 05:49:04.981, 0 %, 58 MiB, 4096 MiB, 300 MHz, 1.62 W, 51, 0x0000000000000001
2026/10/07 05:49:07.004, 0 %, 58 MiB, 4096 MiB, 300 MHz, 1.64 W, 51, 0x0000000000000001
2026/10/07 05:49:09.025, 0 %, 58 MiB, 4096 MiB, 300 MHz, 1.66 W, 51, 0x0000000000000001
2026/10/07 05:49:11.047, 0 %, 58 MiB, 4096 MiB, 300 MHz, 1.62 W, 51, 0x0000000000000001
2026/10/07 05:49:13.072, 0 %, 58 MiB, 4096 MiB, 300 MHz, 1.55 W, 51, 0x0000000000000001
2026/10/07 05:49:15.097, 0 %, 58 MiB, 4096 MiB, 300 MHz, 1.52 W, 51, 0x0000000000000001
2026/10/07 05:49:17.121, 0 %, 58 MiB, 4096 MiB, 300 MHz, 1.49 W, 51, 0x0000000000000001
2026/10/07 05:49:19.143, 0 %, 58 MiB, 4096 MiB, 300 MHz, 1.98 W, 51, 0x0000000000000001
2026/10/07 05:49:21.176, 0 %, 58 MiB, 4096 MiB, 300 MHz, 1.53 W, 51, 0x0000000000000001
2026/10/07 05:49:23.201, 0 %, 58 MiB, 4096 MiB, 300 MHz, 1.56 W, 51, 0x0000000000000001
2026/10/07 05:49:25.229, 0 %, 58 MiB, 4096 MiB, 300 MHz, 1.55 W, 51, 0x0000000000000001
2026/10/07 05:49:27.253, 0 %, 58 MiB, 4096 MiB, 300 MHz, 1.86 W, 51, 0x0000000000000001
2026/10/07 05:49:29.276, 0 %, 58 MiB, 4096 MiB, 300 MHz, 1.51 W, 51, 0x0000000000000001
2026/10/07 05:49:31.300, 0 %, 58 MiB, 4096 MiB, 300 MHz, 1.55 W, 51, 0x0000000000000001
2026/10/07 05:49:33.323, 0 %, 58 MiB, 4096 MiB, 300 MHz, 1.57 W, 51, 0x0000000000000001
2026/10/07 05:49:35.351, 0 %, 58 MiB, 4096 MiB, 300 MHz, 1.57 W, 51, 0x0000000000000001
2026/10/07 05:49:37.377, 0 %, 66 MiB, 4096 MiB, 300 MHz, 1.64 W, 51, 0x0000000000000001
2026/10/07 05:49:39.404, 0 %, 58 MiB, 4096 MiB, 300 MHz, 1.53 W, 51, 0x0000000000000001
2026/10/07 05:49:41.427, 0 %, 58 MiB, 4096 MiB, 300 MHz, 1.57 W, 51, 0x0000000000000001
2026/10/07 05:49:43.452, 0 %, 58 MiB, 4096 MiB, 300 MHz, 1.58 W, 51, 0x0000000000000001
2026/10/07 05:49:45.474, 0 %, 58 MiB, 4096 MiB, 300 MHz, 1.87 W, 51, 0x0000000000000001
2026/10/07 05:49:47.496, 0 %, 58 MiB, 4096 MiB, 300 MHz, 1.58 W, 51, 0x0000000000000001
2026/10/07 05:49:49.521, 0 %, 58 MiB, 4096 MiB, 300 MHz, 1.55 W, 51, 0x0000000000000001
2026/10/07 05:49:51.544, 0 %, 58 MiB, 4096 MiB, 300 MHz, 1.58 W, 51, 0x0000000000000001
2026/10/07 05:49:53.567, 0 %, 58 MiB, 4096 MiB, 300 MHz, 1.48 W, 51, 0x0000000000000001
2026/10/07 05:49:55.594, 0 %, 58 MiB, 4096 MiB, 300 MHz, 1.65 W, 51, 0x0000000000000001
2026/10/07 05:49:57.618, 0 %, 58 MiB, 4096 MiB, 300 MHz, 1.49 W, 51, 0x0000000000000001
2026/10/07 05:49:59.639, 0 %, 58 MiB, 4096 MiB, 300 MHz, 1.51 W, 51, 0x0000000000000001
2026/10/07 05:50:01.665, 0 %, 58 MiB, 4096 MiB, 300 MHz, 1.54 W, 51, 0x0000000000000001
2026/10/07 05:50:03.687, 0 %, 58 MiB, 4096 MiB, 300 MHz, 1.98 W, 51, 0x0000000000000001
2026/10/07 05:50:05.710, 0 %, 58 MiB, 4096 MiB, 300 MHz, 1.56 W, 51, 0x0000000000000001
2026/10/07 05:50:07.732, 0 %, 56 MiB, 4096 MiB, 300 MHz, 1.54 W, 51, 0x0000000000000001
2026/10/07 05:50:09.756, 0 %, 56 MiB, 4096 MiB, 300 MHz, 1.51 W, 51, 0x0000000000000001
2026/10/07 05:50:11.778, 0 %, 56 MiB, 4096 MiB, 300 MHz, 1.52 W, 51, 0x0000000000000001
2026/10/07 05:50:13.800, 0 %, 56 MiB, 4096 MiB, 300 MHz, 1.87 W, 51, 0x0000000000000001
2026/10/07 05:50:15.826, 0 %, 56 MiB, 4096 MiB, 300 MHz, 1.47 W, 51, 0x0000000000000001
2026/10/07 05:50:17.849, 0 %, 56 MiB, 4096 MiB, 300 MHz, 1.50 W, 51, 0x0000000000000001
2026/10/07 05:50:19.872, 0 %, 56 MiB, 4096 MiB, 300 MHz, 1.54 W, 51, 0x0000000000000001
2026/10/07 05:50:21.902, 0 %, 56 MiB, 4096 MiB, 300 MHz, 1.58 W, 51, 0x0000000000000001
2026/10/07 05:50:23.924, 0 %, 56 MiB, 4096 MiB, 300 MHz, 1.66 W, 51, 0x0000000000000001
2026/10/07 05:50:25.948, 0 %, 56 MiB, 4096 MiB, 300 MHz, 1.59 W, 51, 0x0000000000000001
2026/10/07 05:50:27.970, 0 %, 56 MiB, 4096 MiB, 300 MHz, 1.59 W, 51, 0x0000000000000001
2026/10/07 05:50:29.996, 0 %, 56 MiB, 4096 MiB, 300 MHz, 1.52 W, 51, 0x0000000000000001
2026/10/07 05:50:32.019, 0 %, 56 MiB, 4096 MiB, 300 MHz, 1.96 W, 51, 0x0000000000000001
2026/10/07 05:50:34.044, 0 %, 56 MiB, 4096 MiB, 300 MHz, 1.55 W, 51, 0x0000000000000001
2026/10/07 05:50:36.070, 0 %, 56 MiB, 4096 MiB, 300 MHz, 1.53 W, 51, 0x0000000000000001
2026/10/07 05:50:38.092, 0 %, 56 MiB, 4096 MiB, 300 MHz, 1.55 W, 51, 0x0000000000000001
2026/10/07 05:50:40.117, 0 %, 56 MiB, 4096 MiB, 300 MHz, 1.61 W, 51, 0x0000000000000001
2026/10/07 05:50:42.139, 0 %, 56 MiB, 4096 MiB, 300 MHz, 1.73 W, 51, 0x0000000000000001
2026/10/07 05:50:44.162, 0 %, 56 MiB, 4096 MiB, 300 MHz, 1.64 W, 51, 0x0000000000000001
2026/10/07 05:50:46.187, 0 %, 56 MiB, 4096 MiB, 300 MHz, 1.59 W, 51, 0x0000000000000001
2026/10/07 05:50:48.209, 0 %, 56 MiB, 4096 MiB, 300 MHz, 1.65 W, 51, 0x0000000000000001
2026/10/07 05:50:50.233, 0 %, 56 MiB, 4096 MiB, 300 MHz, 1.92 W, 51, 0x0000000000000001
2026/10/07 05:50:52.257, 0 %, 56 MiB, 4096 MiB, 300 MHz, 1.54 W, 51, 0x0000000000000001
2026/10/07 05:50:54.278, 0 %, 56 MiB, 4096 MiB, 300 MHz, 1.57 W, 51, 0x0000000000000001
2026/10/07 05:50:56.303, 0 %, 56 MiB, 4096 MiB, 300 MHz, 1.61 W, 51, 0x0000000000000001
2026/10/07 05:50:58.326, 0 %, 56 MiB, 4096 MiB, 300 MHz, 1.47 W, 51, 0x0000000000000001
2026/10/07 05:51:00.348, 0 %, 56 MiB, 4096 MiB, 300 MHz, 1.93 W, 51, 0x0000000000000001
2026/10/07 05:51:02.369, 0 %, 56 MiB, 4096 MiB, 300 MHz, 1.68 W, 51, 0x0000000000000001
2026/10/07 05:51:04.393, 0 %, 56 MiB, 4096 MiB, 300 MHz, 1.55 W, 51, 0x0000000000000001
2026/10/07 05:51:06.419, 0 %, 56 MiB, 4096 MiB, 300 MHz, 1.53 W, 51, 0x0000000000000001
2026/10/07 05:51:08.441, 0 %, 56 MiB, 4096 MiB, 300 MHz, 1.57 W, 51, 0x0000000000000001
2026/10/07 05:51:10.464, 0 %, 56 MiB, 4096 MiB, 300 MHz, 1.62 W, 51, 0x0000000000000001
2026/10/07 05:51:12.489, 0 %, 56 MiB, 4096 MiB, 300 MHz, 1.51 W, 51, 0x0000000000000001
2026/10/07 05:51:14.511, 0 %, 56 MiB, 4096 MiB, 300 MHz, 1.55 W, 51, 0x0000000000000001
2026/10/07 05:51:16.535, 0 %, 56 MiB, 4096 MiB, 300 MHz, 1.49 W, 51, 0x0000000000000001
2026/10/07 05:51:18.557, 0 %, 56 MiB, 4096 MiB, 300 MHz, 1.50 W, 51, 0x0000000000000001
2026/10/07 05:51:20.580, 0 %, 56 MiB, 4096 MiB, 300 MHz, 1.58 W, 51, 0x0000000000000001
2026/10/07 05:51:22.603, 0 %, 56 MiB, 4096 MiB, 300 MHz, 1.52 W, 51, 0x0000000000000001
2026/10/07 05:51:24.629, 0 %, 56 MiB, 4096 MiB, 300 MHz, 1.54 W, 51, 0x0000000000000001
2026/10/07 05:51:26.651, 0 %, 56 MiB, 4096 MiB, 300 MHz, 1.55 W, 51, 0x0000000000000001
2026/10/07 05:51:28.675, 0 %, 56 MiB, 4096 MiB, 300 MHz, 1.83 W, 51, 0x0000000000000001
2026/10/07 05:51:30.699, 0 %, 56 MiB, 4096 MiB, 300 MHz, 1.53 W, 51, 0x0000000000000001
2026/10/07 05:51:32.721, 0 %, 56 MiB, 4096 MiB, 300 MHz, 1.55 W, 51, 0x0000000000000001
2026/10/07 05:51:34.745, 0 %, 56 MiB, 4096 MiB, 300 MHz, 1.50 W, 51, 0x0000000000000001
2026/10/07 05:51:36.770, 0 %, 56 MiB, 4096 MiB, 300 MHz, 1.63 W, 51, 0x0000000000000001
2026/10/07 05:51:38.794, 0 %, 56 MiB, 4096 MiB, 300 MHz, 1.66 W, 51, 0x0000000000000001
2026/10/07 05:51:40.820, 0 %, 56 MiB, 4096 MiB, 300 MHz, 1.53 W, 51, 0x0000000000000001
2026/10/07 05:51:42.842, 0 %, 56 MiB, 4096 MiB, 300 MHz, 1.59 W, 51, 0x0000000000000001
2026/10/07 05:51:44.863, 0 %, 56 MiB, 4096 MiB, 300 MHz, 1.60 W, 51, 0x0000000000000001
2026/10/07 05:51:46.887, 0 %, 56 MiB, 4096 MiB, 300 MHz, 1.98 W, 51, 0x0000000000000001
2026/10/07 05:51:48.917, 0 %, 56 MiB, 4096 MiB, 300 MHz, 1.51 W, 51, 0x0000000000000001
2026/10/07 05:51:50.938, 0 %, 56 MiB, 4096 MiB, 300 MHz, 1.41 W, 51, 0x0000000000000001
2026/10/07 05:51:52.967, 0 %, 56 MiB, 4096 MiB, 300 MHz, 1.47 W, 51, 0x0000000000000001
2026/10/07 05:51:54.989, 0 %, 56 MiB, 4096 MiB, 300 MHz, 1.51 W, 51, 0x0000000000000001
2026/10/07 05:51:57.014, 0 %, 56 MiB, 4096 MiB, 300 MHz, 1.63 W, 51, 0x0000000000000001
2026/10/07 05:51:59.036, 0 %, 56 MiB, 4096 MiB, 300 MHz, 1.56 W, 51, 0x0000000000000001
2026/10/07 05:52:01.060, 0 %, 56 MiB, 4096 MiB, 300 MHz, 1.56 W, 51, 0x0000000000000001
2026/10/07 05:52:03.084, 0 %, 56 MiB, 4096 MiB, 300 MHz, 1.58 W, 51, 0x0000000000000001
2026/10/07 05:52:05.105, 0 %, 56 MiB, 4096 MiB, 300 MHz, 2.00 W, 51, 0x0000000000000001
2026/10/07 05:52:07.129, 0 %, 56 MiB, 4096 MiB, 300 MHz, 1.56 W, 51, 0x0000000000000001
2026/10/07 05:52:09.152, 0 %, 56 MiB, 4096 MiB, 300 MHz, 1.52 W, 51, 0x0000000000000001
2026/10/07 05:52:11.177, 0 %, 56 MiB, 4096 MiB, 300 MHz, 1.51 W, 51, 0x0000000000000001
2026/10/07 05:52:13.200, 0 %, 56 MiB, 4096 MiB, 300 MHz, 1.51 W, 51, 0x0000000000000001
2026/10/07 05:52:15.223, 0 %, 56 MiB, 4096 MiB, 300 MHz, 1.85 W, 51, 0x0000000000000001
2026/10/07 05:52:17.247, 0 %, 56 MiB, 4096 MiB, 300 MHz, 1.59 W, 51, 0x0000000000000001
2026/10/07 05:52:19.269, 0 %, 56 MiB, 4096 MiB, 300 MHz, 1.64 W, 51, 0x0000000000000001
2026/10/07 05:52:21.295, 0 %, 56 MiB, 4096 MiB, 300 MHz, 1.61 W, 51, 0x0000000000000001
2026/10/07 05:52:23.316, 0 %, 56 MiB, 4096 MiB, 300 MHz, 1.63 W, 51, 0x0000000000000001
2026/10/07 05:52:25.341, 0 %, 56 MiB, 4096 MiB, 300 MHz, 1.71 W, 51, 0x0000000000000001
2026/10/07 05:52:27.363, 0 %, 56 MiB, 4096 MiB, 300 MHz, 1.48 W, 51, 0x0000000000000001
2026/10/07 05:52:29.384, 0 %, 56 MiB, 4096 MiB, 300 MHz, 1.49 W, 51, 0x0000000000000001
2026/10/07 05:52:31.410, 0 %, 56 MiB, 4096 MiB, 300 MHz, 1.50 W, 51, 0x0000000000000001
2026/10/07 05:52:33.433, 0 %, 56 MiB, 4096 MiB, 300 MHz, 1.98 W, 51, 0x0000000000000001
2026/10/07 05:52:35.455, 0 %, 56 MiB, 4096 MiB, 300 MHz, 1.60 W, 51, 0x0000000000000001
2026/10/07 05:52:37.479, 0 %, 56 MiB, 4096 MiB, 300 MHz, 1.62 W, 51, 0x0000000000000001
2026/10/07 05:52:39.503, 0 %, 56 MiB, 4096 MiB, 300 MHz, 1.61 W, 51, 0x0000000000000001
2026/10/07 05:52:41.527, 0 %, 56 MiB, 4096 MiB, 300 MHz, 1.58 W, 51, 0x0000000000000001
2026/10/07 05:52:43.549, 0 %, 56 MiB, 4096 MiB, 300 MHz, 1.80 W, 51, 0x0000000000000001
2026/10/07 05:52:45.571, 0 %, 56 MiB, 4096 MiB, 300 MHz, 1.51 W, 51, 0x0000000000000001
2026/10/07 05:52:47.594, 0 %, 56 MiB, 4096 MiB, 300 MHz, 1.49 W, 51, 0x0000000000000001
2026/10/07 05:52:49.621, 0 %, 56 MiB, 4096 MiB, 300 MHz, 1.57 W, 51, 0x0000000000000001
2026/10/07 05:52:51.645, 0 %, 56 MiB, 4096 MiB, 300 MHz, 1.50 W, 51, 0x0000000000000001
2026/10/07 05:52:53.669, 0 %, 56 MiB, 4096 MiB, 300 MHz, 1.57 W, 51, 0x0000000000000001
2026/10/07 05:52:55.692, 0 %, 56 MiB, 4096 MiB, 300 MHz, 1.55 W, 51, 0x0000000000000001
2026/10/07 05:52:57.717, 0 %, 56 MiB, 4096 MiB, 300 MHz, 1.65 W, 51, 0x0000000000000001
2026/10/07 05:52:59.740, 0 %, 56 MiB, 4096 MiB, 300 MHz, 1.62 W, 51, 0x0000000000000001
2026/10/07 05:53:01.762, 0 %, 56 MiB, 4096 MiB, 300 MHz, 1.84 W, 51, 0x0000000000000001
2026/10/07 05:53:03.786, 0 %, 56 MiB, 4096 MiB, 300 MHz, 1.48 W, 51, 0x0000000000000001
2026/10/07 05:53:05.808, 0 %, 56 MiB, 4096 MiB, 300 MHz, 1.60 W, 51, 0x0000000000000001
2026/10/07 05:53:07.832, 0 %, 56 MiB, 4096 MiB, 300 MHz, 1.56 W, 51, 0x0000000000000001
2026/10/07 05:53:09.854, 0 %, 56 MiB, 4096 MiB, 300 MHz, 1.51 W, 51, 0x0000000000000001
2026/10/07 05:53:11.878, 0 %, 56 MiB, 4096 MiB, 300 MHz, 1.76 W, 51, 0x0000000000000001
2026/10/07 05:53:13.900, 0 %, 56 MiB, 4096 MiB, 300 MHz, 1.58 W, 51, 0x0000000000000001
2026/10/07 05:53:15.923, 0 %, 56 MiB, 4096 MiB, 300 MHz, 1.52 W, 51, 0x0000000000000001
2026/10/07 05:53:17.945, 0 %, 56 MiB, 4096 MiB, 300 MHz, 1.54 W, 51, 0x0000000000000001
2026/10/07 05:53:19.971, 0 %, 56 MiB, 4096 MiB, 300 MHz, 1.55 W, 51, 0x0000000000000001
2026/10/07 05:53:21.994, 0 %, 56 MiB, 4096 MiB, 300 MHz, 1.50 W, 51, 0x0000000000000001
2026/10/07 05:53:24.016, 0 %, 56 MiB, 4096 MiB, 300 MHz, 1.49 W, 51, 0x0000000000000001
2026/10/07 05:53:26.039, 0 %, 56 MiB, 4096 MiB, 300 MHz, 1.55 W, 51, 0x0000000000000001
2026/10/07 05:53:28.064, 0 %, 56 MiB, 4096 MiB, 300 MHz, 1.53 W, 51, 0x0000000000000001
2026/10/07 05:53:30.088, 0 %, 56 MiB, 4096 MiB, 300 MHz, 1.92 W, 51, 0x0000000000000001
2026/10/07 05:53:32.112, 0 %, 56 MiB, 4096 MiB, 300 MHz, 1.53 W, 51, 0x0000000000000001
2026/10/07 05:53:34.133, 0 %, 56 MiB, 4096 MiB, 300 MHz, 1.58 W, 51, 0x0000000000000001
2026/10/07 05:53:36.159, 0 %, 56 MiB, 4096 MiB, 300 MHz, 1.51 W, 51, 0x0000000000000001
2026/10/07 05:53:38.181, 0 %, 56 MiB, 4096 MiB, 300 MHz, 1.52 W, 51, 0x0000000000000001
2026/10/07 05:53:40.205, 0 %, 56 MiB, 4096 MiB, 300 MHz, 1.71 W, 51, 0x0000000000000001
2026/10/07 05:53:42.227, 0 %, 56 MiB, 4096 MiB, 300 MHz, 1.54 W, 51, 0x0000000000000001
2026/10/07 05:53:44.251, 0 %, 56 MiB, 4096 MiB, 300 MHz, 1.65 W, 51, 0x0000000000000001
2026/10/07 05:53:46.273, 0 %, 56 MiB, 4096 MiB, 300 MHz, 1.64 W, 51, 0x0000000000000001
2026/10/07 05:53:48.298, 0 %, 56 MiB, 4096 MiB, 300 MHz, 2.13 W, 51, 0x0000000000000001
2026/10/07 05:53:50.323, 0 %, 56 MiB, 4096 MiB, 300 MHz, 1.64 W, 51, 0x0000000000000001
2026/10/07 05:53:52.347, 0 %, 56 MiB, 4096 MiB, 300 MHz, 1.70 W, 51, 0x0000000000000001
2026/10/07 05:53:54.371, 0 %, 56 MiB, 4096 MiB, 300 MHz, 1.57 W, 51, 0x0000000000000001
2026/10/07 05:53:56.393, 0 %, 56 MiB, 4096 MiB, 300 MHz, 1.69 W, 51, 0x0000000000000001
2026/10/07 05:53:58.417, 0 %, 56 MiB, 4096 MiB, 300 MHz, 1.78 W, 51, 0x0000000000000001
2026/10/07 05:54:00.441, 0 %, 56 MiB, 4096 MiB, 300 MHz, 1.51 W, 51, 0x0000000000000001
2026/10/07 05:54:02.462, 0 %, 56 MiB, 4096 MiB, 300 MHz, 1.52 W, 51, 0x0000000000000001
2026/10/07 05:54:04.496, 0 %, 56 MiB, 4096 MiB, 300 MHz, 1.61 W, 51, 0x0000000000000001
2026/10/07 05:54:06.518, 0 %, 56 MiB, 4096 MiB, 300 MHz, 1.49 W, 51, 0x0000000000000001
2026/10/07 05:54:08.540, 0 %, 56 MiB, 4096 MiB, 300 MHz, 1.61 W, 51, 0x0000000000000001
2026/10/07 05:54:10.565, 0 %, 56 MiB, 4096 MiB, 300 MHz, 1.55 W, 51, 0x0000000000000001
2026/10/07 05:54:12.587, 0 %, 56 MiB, 4096 MiB, 300 MHz, 1.57 W, 51, 0x0000000000000001
2026/10/07 05:54:14.611, 0 %, 56 MiB, 4096 MiB, 300 MHz, 1.57 W, 51, 0x0000000000000001
2026/10/07 05:54:16.633, 0 %, 56 MiB, 4096 MiB, 300 MHz, 1.80 W, 51, 0x0000000000000001
2026/10/07 05:54:18.656, 0 %, 56 MiB, 4096 MiB, 300 MHz, 1.51 W, 51, 0x0000000000000001
2026/10/07 05:54:20.682, 0 %, 56 MiB, 4096 MiB, 300 MHz, 1.48 W, 51, 0x0000000000000001
2026/10/07 05:54:22.704, 0 %, 56 MiB, 4096 MiB, 300 MHz, 1.46 W, 51, 0x0000000000000001
2026/10/07 05:54:24.725, 0 %, 56 MiB, 4096 MiB, 300 MHz, 1.45 W, 51, 0x0000000000000001
2026/10/07 05:54:26.748, 0 %, 56 MiB, 4096 MiB, 300 MHz, 1.69 W, 51, 0x0000000000000001
2026/10/07 05:54:28.773, 0 %, 56 MiB, 4096 MiB, 300 MHz, 1.52 W, 51, 0x0000000000000001
2026/10/07 05:54:30.796, 0 %, 56 MiB, 4096 MiB, 300 MHz, 1.53 W, 51, 0x0000000000000001
2026/10/07 05:54:32.818, 0 %, 56 MiB, 4096 MiB, 300 MHz, 1.55 W, 51, 0x0000000000000001
2026/10/07 05:54:34.843, 0 %, 56 MiB, 4096 MiB, 300 MHz, 1.56 W, 51, 0x0000000000000001
2026/10/07 05:54:36.865, 0 %, 56 MiB, 4096 MiB, 300 MHz, 1.53 W, 51, 0x0000000000000001
2026/10/07 05:54:38.890, 0 %, 56 MiB, 4096 MiB, 300 MHz, 1.53 W, 51, 0x0000000000000001
2026/10/07 05:54:40.912, 0 %, 56 MiB, 4096 MiB, 300 MHz, 1.48 W, 51, 0x0000000000000001
2026/10/07 05:54:42.937, 0 %, 56 MiB, 4096 MiB, 300 MHz, 1.47 W, 51, 0x0000000000000001
2026/10/07 05:54:44.959, 0 %, 56 MiB, 4096 MiB, 300 MHz, 1.92 W, 51, 0x0000000000000001
2026/10/07 05:54:46.983, 0 %, 56 MiB, 4096 MiB, 300 MHz, 1.52 W, 51, 0x0000000000000001
2026/10/07 05:54:49.007, 0 %, 56 MiB, 4096 MiB, 300 MHz, 1.53 W, 51, 0x0000000000000001
2026/10/07 05:54:51.028, 0 %, 56 MiB, 4096 MiB, 300 MHz, 1.55 W, 51, 0x0000000000000001
2026/10/07 05:54:53.053, 0 %, 56 MiB, 4096 MiB, 300 MHz, 1.60 W, 51, 0x0000000000000001
2026/10/07 05:54:55.075, 0 %, 56 MiB, 4096 MiB, 300 MHz, 1.67 W, 51, 0x0000000000000001
2026/10/07 05:54:57.096, 0 %, 56 MiB, 4096 MiB, 300 MHz, 1.49 W, 51, 0x0000000000000001
2026/10/07 05:54:59.124, 0 %, 56 MiB, 4096 MiB, 300 MHz, 1.51 W, 51, 0x0000000000000001
2026/10/07 05:55:01.146, 0 %, 56 MiB, 4096 MiB, 300 MHz, 1.51 W, 51, 0x0000000000000001
2026/10/07 05:55:03.170, 0 %, 56 MiB, 4096 MiB, 300 MHz, 1.95 W, 51, 0x0000000000000001
2026/10/07 05:55:05.195, 0 %, 56 MiB, 4096 MiB, 300 MHz, 1.50 W, 51, 0x0000000000000001
2026/10/07 05:55:07.216, 0 %, 56 MiB, 4096 MiB, 300 MHz, 1.54 W, 51, 0x0000000000000001
2026/10/07 05:55:09.239, 0 %, 56 MiB, 4096 MiB, 300 MHz, 1.64 W, 51, 0x0000000000000001
2026/10/07 05:55:11.262, 0 %, 56 MiB, 4096 MiB, 300 MHz, 1.50 W, 51, 0x0000000000000001
2026/10/07 05:55:13.284, 0 %, 56 MiB, 4096 MiB, 300 MHz, 1.91 W, 51, 0x0000000000000001
2026/10/07 05:55:15.306, 0 %, 56 MiB, 4096 MiB, 300 MHz, 1.60 W, 51, 0x0000000000000001
2026/10/07 05:55:17.328, 0 %, 56 MiB, 4096 MiB, 300 MHz, 1.61 W, 51, 0x0000000000000001
2026/10/07 05:55:19.349, 0 %, 56 MiB, 4096 MiB, 300 MHz, 1.49 W, 51, 0x0000000000000001
2026/10/07 05:55:21.374, 0 %, 56 MiB, 4096 MiB, 300 MHz, 1.52 W, 51, 0x0000000000000001
2026/10/07 05:55:23.398, 0 %, 56 MiB, 4096 MiB, 300 MHz, 1.67 W, 51, 0x0000000000000001
2026/10/07 05:55:25.420, 0 %, 56 MiB, 4096 MiB, 300 MHz, 1.64 W, 51, 0x0000000000000001
2026/10/07 05:55:27.443, 0 %, 56 MiB, 4096 MiB, 300 MHz, 1.54 W, 51, 0x0000000000000001
2026/10/07 05:55:29.466, 0 %, 56 MiB, 4096 MiB, 300 MHz, 1.59 W, 51, 0x0000000000000001
2026/10/07 05:55:31.492, 0 %, 56 MiB, 4096 MiB, 300 MHz, 1.60 W, 51, 0x0000000000000001
2026/10/07 05:55:33.517, 0 %, 56 MiB, 4096 MiB, 300 MHz, 1.51 W, 51, 0x0000000000000001
2026/10/07 05:55:35.543, 0 %, 56 MiB, 4096 MiB, 300 MHz, 1.47 W, 51, 0x0000000000000001
2026/10/07 05:55:37.568, 0 %, 56 MiB, 4096 MiB, 300 MHz, 1.15 W, 51, 0x0000000000000001
2026/10/07 05:55:39.591, 0 %, 56 MiB, 4096 MiB, 300 MHz, 1.38 W, 51, 0x0000000000000001
2026/10/07 05:55:41.612, 0 %, 56 MiB, 4096 MiB, 300 MHz, 1.84 W, 51, 0x0000000000000001
2026/10/07 05:55:43.637, 0 %, 56 MiB, 4096 MiB, 300 MHz, 1.57 W, 51, 0x0000000000000001
2026/10/07 05:55:45.658, 0 %, 56 MiB, 4096 MiB, 300 MHz, 1.57 W, 51, 0x0000000000000001
2026/10/07 05:55:47.683, 0 %, 56 MiB, 4096 MiB, 300 MHz, 1.56 W, 51, 0x0000000000000001
2026/10/07 05:55:49.705, 0 %, 56 MiB, 4096 MiB, 300 MHz, 1.57 W, 51, 0x0000000000000001
2026/10/07 05:55:51.729, 0 %, 56 MiB, 4096 MiB, 300 MHz, 1.63 W, 51, 0x0000000000000001
2026/10/07 05:55:53.752, 0 %, 56 MiB, 4096 MiB, 300 MHz, 1.46 W, 51, 0x0000000000000001
2026/10/07 05:55:55.779, 0 %, 56 MiB, 4096 MiB, 300 MHz, 1.50 W, 51, 0x0000000000000001
2026/10/07 05:55:57.800, 0 %, 56 MiB, 4096 MiB, 300 MHz, 1.52 W, 51, 0x0000000000000001
2026/10/07 05:55:59.822, 0 %, 56 MiB, 4096 MiB, 300 MHz, 1.46 W, 51, 0x0000000000000001
2026/10/07 05:56:01.845, 0 %, 56 MiB, 4096 MiB, 300 MHz, 1.41 W, 51, 0x0000000000000001
2026/10/07 05:56:03.867, 0 %, 56 MiB, 4096 MiB, 300 MHz, 1.57 W, 51, 0x0000000000000001
2026/10/07 05:56:05.890, 0 %, 56 MiB, 4096 MiB, 300 MHz, 1.48 W, 51, 0x0000000000000001
2026/10/07 05:56:07.917, 0 %, 56 MiB, 4096 MiB, 300 MHz, 1.49 W, 51, 0x0000000000000001
2026/10/07 05:56:09.938, 0 %, 56 MiB, 4096 MiB, 300 MHz, 1.77 W, 51, 0x0000000000000001
2026/10/07 05:56:11.965, 0 %, 56 MiB, 4096 MiB, 300 MHz, 1.49 W, 51, 0x0000000000000001
2026/10/07 05:56:13.986, 0 %, 56 MiB, 4096 MiB, 300 MHz, 1.52 W, 51, 0x0000000000000001
2026/10/07 05:56:16.008, 0 %, 56 MiB, 4096 MiB, 300 MHz, 1.48 W, 51, 0x0000000000000001
2026/10/07 05:56:18.029, 0 %, 56 MiB, 4096 MiB, 300 MHz, 1.63 W, 51, 0x0000000000000001
2026/10/07 05:56:20.051, 0 %, 56 MiB, 4096 MiB, 300 MHz, 1.89 W, 51, 0x0000000000000001
2026/10/07 05:56:22.072, 0 %, 56 MiB, 4096 MiB, 300 MHz, 1.53 W, 51, 0x0000000000000001
2026/10/07 05:56:24.094, 0 %, 56 MiB, 4096 MiB, 300 MHz, 1.54 W, 51, 0x0000000000000001
2026/10/07 05:56:26.118, 0 %, 56 MiB, 4096 MiB, 300 MHz, 1.52 W, 51, 0x0000000000000001
2026/10/07 05:56:28.140, 0 %, 56 MiB, 4096 MiB, 300 MHz, 1.57 W, 51, 0x0000000000000001
2026/10/07 05:56:30.166, 0 %, 56 MiB, 4096 MiB, 300 MHz, 1.67 W, 51, 0x0000000000000001
2026/10/07 05:56:32.190, 0 %, 56 MiB, 4096 MiB, 300 MHz, 1.50 W, 51, 0x0000000000000001
2026/10/07 05:56:34.211, 0 %, 56 MiB, 4096 MiB, 300 MHz, 1.50 W, 51, 0x0000000000000001
2026/10/07 05:56:36.235, 0 %, 56 MiB, 4096 MiB, 300 MHz, 1.46 W, 51, 0x0000000000000001
2026/10/07 05:56:38.256, 0 %, 56 MiB, 4096 MiB, 300 MHz, 1.49 W, 51, 0x0000000000000001
2026/10/07 05:56:40.281, 0 %, 56 MiB, 4096 MiB, 300 MHz, 1.60 W, 51, 0x0000000000000001
2026/10/07 05:56:42.303, 0 %, 56 MiB, 4096 MiB, 300 MHz, 1.54 W, 51, 0x0000000000000001
2026/10/07 05:56:44.326, 0 %, 56 MiB, 4096 MiB, 300 MHz, 1.52 W, 51, 0x0000000000000001
2026/10/07 05:56:46.349, 0 %, 56 MiB, 4096 MiB, 300 MHz, 1.57 W, 51, 0x0000000000000001
2026/10/07 05:56:48.370, 0 %, 56 MiB, 4096 MiB, 300 MHz, 1.91 W, 51, 0x0000000000000001
2026/10/07 05:56:50.397, 0 %, 56 MiB, 4096 MiB, 300 MHz, 1.52 W, 51, 0x0000000000000001
2026/10/07 05:56:52.418, 0 %, 56 MiB, 4096 MiB, 300 MHz, 1.50 W, 51, 0x0000000000000001
2026/10/07 05:56:54.444, 0 %, 56 MiB, 4096 MiB, 300 MHz, 1.47 W, 51, 0x0000000000000001
2026/10/07 05:56:56.476, 0 %, 56 MiB, 4096 MiB, 300 MHz, 1.50 W, 51, 0x0000000000000001
2026/10/07 05:56:58.498, 0 %, 56 MiB, 4096 MiB, 300 MHz, 1.58 W, 51, 0x0000000000000001
2026/10/07 05:57:00.528, 0 %, 56 MiB, 4096 MiB, 300 MHz, 1.49 W, 51, 0x0000000000000001
2026/10/07 05:57:02.549, 0 %, 56 MiB, 4096 MiB, 300 MHz, 1.54 W, 51, 0x0000000000000001
2026/10/07 05:57:04.572, 0 %, 56 MiB, 4096 MiB, 300 MHz, 1.53 W, 51, 0x0000000000000001
2026/10/07 05:57:06.594, 0 %, 56 MiB, 4096 MiB, 300 MHz, 1.85 W, 51, 0x0000000000000001
2026/10/07 05:57:08.618, 0 %, 56 MiB, 4096 MiB, 300 MHz, 1.63 W, 51, 0x0000000000000001
2026/10/07 05:57:10.643, 0 %, 56 MiB, 4096 MiB, 300 MHz, 1.64 W, 51, 0x0000000000000001
2026/10/07 05:57:12.667, 0 %, 56 MiB, 4096 MiB, 300 MHz, 1.60 W, 51, 0x0000000000000001
2026/10/07 05:57:14.689, 0 %, 56 MiB, 4096 MiB, 300 MHz, 1.59 W, 51, 0x0000000000000001
2026/10/07 05:57:16.713, 0 %, 56 MiB, 4096 MiB, 300 MHz, 1.64 W, 51, 0x0000000000000001
2026/10/07 05:57:18.735, 0 %, 56 MiB, 4096 MiB, 300 MHz, 1.49 W, 51, 0x0000000000000001
2026/10/07 05:57:20.757, 0 %, 56 MiB, 4096 MiB, 300 MHz, 1.57 W, 51, 0x0000000000000001
2026/10/07 05:57:22.784, 0 %, 56 MiB, 4096 MiB, 300 MHz, 1.42 W, 51, 0x0000000000000001
2026/10/07 05:57:24.805, 0 %, 56 MiB, 4096 MiB, 300 MHz, 1.52 W, 51, 0x0000000000000001
2026/10/07 05:57:26.828, 0 %, 56 MiB, 4096 MiB, 300 MHz, 1.45 W, 51, 0x0000000000000001
2026/10/07 05:57:28.850, 0 %, 56 MiB, 4096 MiB, 300 MHz, 1.47 W, 51, 0x0000000000000001
2026/10/07 05:57:30.874, 0 %, 56 MiB, 4096 MiB, 300 MHz, 1.48 W, 51, 0x0000000000000001
2026/10/07 05:57:32.895, 0 %, 56 MiB, 4096 MiB, 300 MHz, 1.49 W, 51, 0x0000000000000001
2026/10/07 05:57:34.918, 0 %, 56 MiB, 4096 MiB, 300 MHz, 2.04 W, 51, 0x0000000000000001
2026/10/07 05:57:36.949, 0 %, 56 MiB, 4096 MiB, 300 MHz, 1.52 W, 51, 0x0000000000000001
2026/10/07 05:57:38.974, 0 %, 56 MiB, 4096 MiB, 300 MHz, 1.53 W, 51, 0x0000000000000001
2026/10/07 05:57:40.996, 0 %, 56 MiB, 4096 MiB, 300 MHz, 1.54 W, 51, 0x0000000000000001
2026/10/07 05:57:43.018, 0 %, 56 MiB, 4096 MiB, 300 MHz, 1.50 W, 51, 0x0000000000000001
2026/10/07 05:57:45.041, 0 %, 56 MiB, 4096 MiB, 300 MHz, 1.62 W, 51, 0x0000000000000001
2026/10/07 05:57:47.066, 0 %, 56 MiB, 4096 MiB, 300 MHz, 1.47 W, 51, 0x0000000000000001
2026/10/07 05:57:49.088, 0 %, 56 MiB, 4096 MiB, 300 MHz, 1.48 W, 51, 0x0000000000000001
2026/10/07 05:57:51.110, 0 %, 56 MiB, 4096 MiB, 300 MHz, 1.53 W, 51, 0x0000000000000001
2026/10/07 05:57:53.133, 0 %, 56 MiB, 4096 MiB, 300 MHz, 1.97 W, 51, 0x0000000000000001
2026/10/07 05:57:55.157, 0 %, 56 MiB, 4096 MiB, 300 MHz, 1.53 W, 51, 0x0000000000000001
2026/10/07 05:57:57.179, 0 %, 56 MiB, 4096 MiB, 300 MHz, 1.56 W, 51, 0x0000000000000001
2026/10/07 05:57:59.201, 0 %, 56 MiB, 4096 MiB, 300 MHz, 1.68 W, 51, 0x0000000000000001
2026/10/07 05:58:01.225, 0 %, 56 MiB, 4096 MiB, 300 MHz, 1.53 W, 51, 0x0000000000000001
2026/10/07 05:58:03.247, 0 %, 56 MiB, 4096 MiB, 300 MHz, 1.94 W, 51, 0x0000000000000001
2026/10/07 05:58:05.271, 0 %, 56 MiB, 4096 MiB, 300 MHz, 1.50 W, 51, 0x0000000000000001
2026/10/07 05:58:07.292, 0 %, 56 MiB, 4096 MiB, 300 MHz, 1.47 W, 51, 0x0000000000000001
2026/10/07 05:58:09.318, 0 %, 56 MiB, 4096 MiB, 300 MHz, 1.48 W, 51, 0x0000000000000001
2026/10/07 05:58:11.340, 0 %, 56 MiB, 4096 MiB, 300 MHz, 1.49 W, 51, 0x0000000000000001
2026/10/07 05:58:13.363, 0 %, 56 MiB, 4096 MiB, 300 MHz, 1.70 W, 51, 0x0000000000000001
2026/10/07 05:58:15.384, 0 %, 56 MiB, 4096 MiB, 300 MHz, 1.55 W, 51, 0x0000000000000001
2026/10/07 05:58:17.407, 0 %, 56 MiB, 4096 MiB, 300 MHz, 1.53 W, 51, 0x0000000000000001
2026/10/07 05:58:19.430, 0 %, 56 MiB, 4096 MiB, 300 MHz, 1.54 W, 51, 0x0000000000000001
2026/10/07 05:58:21.456, 0 %, 56 MiB, 4096 MiB, 300 MHz, 1.54 W, 51, 0x0000000000000001
2026/10/07 05:58:23.478, 0 %, 56 MiB, 4096 MiB, 300 MHz, 1.55 W, 51, 0x0000000000000001
2026/10/07 05:58:25.500, 0 %, 56 MiB, 4096 MiB, 300 MHz, 1.49 W, 51, 0x0000000000000001
2026/10/07 05:58:27.521, 0 %, 56 MiB, 4096 MiB, 300 MHz, 1.52 W, 51, 0x0000000000000001
2026/10/07 05:58:29.545, 0 %, 56 MiB, 4096 MiB, 300 MHz, 1.55 W, 51, 0x0000000000000001
2026/10/07 05:58:31.567, 0 %, 56 MiB, 4096 MiB, 300 MHz, 1.99 W, 51, 0x0000000000000001
2026/10/07 05:58:33.591, 0 %, 56 MiB, 4096 MiB, 300 MHz, 1.56 W, 51, 0x0000000000000001
2026/10/07 05:58:35.612, 0 %, 56 MiB, 4096 MiB, 300 MHz, 1.53 W, 51, 0x0000000000000001
2026/10/07 05:58:37.637, 1 %, 66 MiB, 4096 MiB, 300 MHz, 1.53 W, 51, 0x0000000000000001
2026/10/07 05:58:39.662, 0 %, 58 MiB, 4096 MiB, 300 MHz, 1.52 W, 51, 0x0000000000000001
2026/10/07 05:58:41.683, 0 %, 58 MiB, 4096 MiB, 300 MHz, 1.92 W, 51, 0x0000000000000001
2026/10/07 05:58:43.708, 0 %, 58 MiB, 4096 MiB, 300 MHz, 1.52 W, 51, 0x0000000000000001
2026/10/07 05:58:45.732, 0 %, 58 MiB, 4096 MiB, 300 MHz, 1.62 W, 51, 0x0000000000000001
2026/10/07 05:58:47.754, 0 %, 58 MiB, 4096 MiB, 300 MHz, 1.57 W, 51, 0x0000000000000001
2026/10/07 05:58:49.778, 0 %, 58 MiB, 4096 MiB, 300 MHz, 1.51 W, 51, 0x0000000000000001
2026/10/07 05:58:51.801, 0 %, 58 MiB, 4096 MiB, 300 MHz, 1.77 W, 51, 0x0000000000000001
2026/10/07 05:58:53.826, 0 %, 58 MiB, 4096 MiB, 300 MHz, 1.53 W, 51, 0x0000000000000001
2026/10/07 05:58:55.848, 0 %, 58 MiB, 4096 MiB, 300 MHz, 1.60 W, 51, 0x0000000000000001
2026/10/07 05:58:57.869, 0 %, 58 MiB, 4096 MiB, 300 MHz, 1.60 W, 51, 0x0000000000000001
2026/10/07 05:58:59.894, 0 %, 58 MiB, 4096 MiB, 300 MHz, 1.95 W, 51, 0x0000000000000001
2026/10/07 05:59:01.919, 0 %, 58 MiB, 4096 MiB, 300 MHz, 1.54 W, 51, 0x0000000000000001
2026/10/07 05:59:03.940, 0 %, 58 MiB, 4096 MiB, 300 MHz, 1.52 W, 51, 0x0000000000000001
2026/10/07 05:59:05.962, 0 %, 58 MiB, 4096 MiB, 300 MHz, 1.53 W, 51, 0x0000000000000001
2026/10/07 05:59:07.985, 0 %, 56 MiB, 4096 MiB, 300 MHz, 1.49 W, 51, 0x0000000000000001
2026/10/07 05:59:10.007, 0 %, 56 MiB, 4096 MiB, 300 MHz, 1.99 W, 51, 0x0000000000000001
2026/10/07 05:59:12.029, 0 %, 56 MiB, 4096 MiB, 300 MHz, 1.52 W, 51, 0x0000000000000001
2026/10/07 05:59:14.052, 0 %, 56 MiB, 4096 MiB, 300 MHz, 1.39 W, 51, 0x0000000000000001
2026/10/07 05:59:16.074, 0 %, 56 MiB, 4096 MiB, 300 MHz, 1.36 W, 51, 0x0000000000000001
2026/10/07 05:59:18.099, 0 %, 56 MiB, 4096 MiB, 300 MHz, 1.58 W, 51, 0x0000000000000001
2026/10/07 05:59:20.121, 0 %, 56 MiB, 4096 MiB, 300 MHz, 1.88 W, 51, 0x0000000000000001
2026/10/07 05:59:22.143, 0 %, 56 MiB, 4096 MiB, 300 MHz, 1.53 W, 51, 0x0000000000000001
2026/10/07 05:59:24.167, 0 %, 56 MiB, 4096 MiB, 300 MHz, 1.51 W, 51, 0x0000000000000001
2026/10/07 05:59:26.188, 0 %, 56 MiB, 4096 MiB, 300 MHz, 1.53 W, 51, 0x0000000000000001
2026/10/07 05:59:28.214, 0 %, 56 MiB, 4096 MiB, 300 MHz, 1.40 W, 51, 0x0000000000000001
2026/10/07 05:59:30.242, 0 %, 56 MiB, 4096 MiB, 300 MHz, 1.64 W, 51, 0x0000000000000001
2026/10/07 05:59:32.265, 0 %, 56 MiB, 4096 MiB, 300 MHz, 1.57 W, 51, 0x0000000000000001
2026/10/07 05:59:34.287, 0 %, 56 MiB, 4096 MiB, 300 MHz, 1.60 W, 51, 0x0000000000000001
2026/10/07 05:59:36.311, 0 %, 56 MiB, 4096 MiB, 300 MHz, 1.60 W, 51, 0x0000000000000001
2026/10/07 05:59:38.333, 0 %, 56 MiB, 4096 MiB, 300 MHz, 2.02 W, 51, 0x0000000000000001
2026/10/07 05:59:40.355, 0 %, 56 MiB, 4096 MiB, 300 MHz, 1.61 W, 51, 0x0000000000000001
2026/10/07 05:59:42.379, 0 %, 56 MiB, 4096 MiB, 300 MHz, 1.50 W, 51, 0x0000000000000001
2026/10/07 05:59:44.400, 0 %, 56 MiB, 4096 MiB, 300 MHz, 1.57 W, 51, 0x0000000000000001
2026/10/07 05:59:46.423, 0 %, 56 MiB, 4096 MiB, 300 MHz, 1.57 W, 51, 0x0000000000000001
2026/10/07 05:59:48.445, 0 %, 56 MiB, 4096 MiB, 300 MHz, 1.83 W, 51, 0x0000000000000001
2026/10/07 05:59:50.470, 0 %, 56 MiB, 4096 MiB, 300 MHz, 1.53 W, 51, 0x0000000000000001
2026/10/07 05:59:52.491, 0 %, 56 MiB, 4096 MiB, 300 MHz, 1.56 W, 51, 0x0000000000000001
2026/10/07 05:59:54.515, 0 %, 56 MiB, 4096 MiB, 300 MHz, 1.55 W, 51, 0x0000000000000001
2026/10/07 05:59:56.537, 0 %, 56 MiB, 4096 MiB, 300 MHz, 1.58 W, 51, 0x0000000000000001
2026/10/07 05:59:58.558, 0 %, 56 MiB, 4096 MiB, 300 MHz, 1.75 W, 51, 0x0000000000000001
2026/10/07 06:00:00.582, 0 %, 56 MiB, 4096 MiB, 300 MHz, 1.45 W, 51, 0x0000000000000001
2026/10/07 06:00:02.605, 0 %, 56 MiB, 4096 MiB, 300 MHz, 1.54 W, 51, 0x0000000000000001
2026/10/07 06:00:04.628, 0 %, 56 MiB, 4096 MiB, 300 MHz, 1.53 W, 51, 0x0000000000000001
2026/10/07 06:00:06.651, 0 %, 56 MiB, 4096 MiB, 300 MHz, 1.48 W, 51, 0x0000000000000001
2026/10/07 06:00:08.674, 0 %, 56 MiB, 4096 MiB, 300 MHz, 1.68 W, 51, 0x0000000000000001
2026/10/07 06:00:10.698, 0 %, 56 MiB, 4096 MiB, 300 MHz, 1.56 W, 51, 0x0000000000000001
2026/10/07 06:00:12.721, 0 %, 56 MiB, 4096 MiB, 300 MHz, 1.60 W, 51, 0x0000000000000001
2026/10/07 06:00:14.747, 0 %, 56 MiB, 4096 MiB, 300 MHz, 1.51 W, 51, 0x0000000000000001
2026/10/07 06:00:16.769, 0 %, 56 MiB, 4096 MiB, 300 MHz, 1.92 W, 51, 0x0000000000000001
2026/10/07 06:00:18.793, 0 %, 56 MiB, 4096 MiB, 300 MHz, 1.50 W, 51, 0x0000000000000001
2026/10/07 06:00:20.815, 0 %, 56 MiB, 4096 MiB, 300 MHz, 1.53 W, 51, 0x0000000000000001
2026/10/07 06:00:22.838, 0 %, 56 MiB, 4096 MiB, 300 MHz, 1.53 W, 51, 0x0000000000000001
2026/10/07 06:00:24.863, 0 %, 56 MiB, 4096 MiB, 300 MHz, 1.56 W, 51, 0x0000000000000001
2026/10/07 06:00:26.889, 0 %, 56 MiB, 4096 MiB, 300 MHz, 1.47 W, 51, 0x0000000000000001
2026/10/07 06:00:28.911, 0 %, 56 MiB, 4096 MiB, 300 MHz, 1.57 W, 51, 0x0000000000000001
2026/10/07 06:00:30.932, 0 %, 56 MiB, 4096 MiB, 300 MHz, 1.54 W, 51, 0x0000000000000001
2026/10/07 06:00:32.956, 0 %, 56 MiB, 4096 MiB, 300 MHz, 1.59 W, 51, 0x0000000000000001
2026/10/07 06:00:34.981, 0 %, 56 MiB, 4096 MiB, 300 MHz, 1.51 W, 51, 0x0000000000000001
2026/10/07 06:00:37.006, 0 %, 56 MiB, 4096 MiB, 300 MHz, 1.55 W, 51, 0x0000000000000001
2026/10/07 06:00:39.034, 0 %, 56 MiB, 4096 MiB, 300 MHz, 1.59 W, 51, 0x0000000000000001
2026/10/07 06:00:41.055, 0 %, 56 MiB, 4096 MiB, 300 MHz, 1.53 W, 51, 0x0000000000000001
2026/10/07 06:00:43.079, 0 %, 56 MiB, 4096 MiB, 300 MHz, 1.53 W, 51, 0x0000000000000001
2026/10/07 06:00:45.101, 0 %, 56 MiB, 4096 MiB, 300 MHz, 1.86 W, 51, 0x0000000000000001
2026/10/07 06:00:47.124, 0 %, 56 MiB, 4096 MiB, 300 MHz, 1.54 W, 51, 0x0000000000000001
2026/10/07 06:00:49.145, 0 %, 56 MiB, 4096 MiB, 300 MHz, 1.53 W, 51, 0x0000000000000001
2026/10/07 06:00:51.167, 0 %, 56 MiB, 4096 MiB, 300 MHz, 1.50 W, 51, 0x0000000000000001
2026/10/07 06:00:53.189, 0 %, 56 MiB, 4096 MiB, 300 MHz, 1.54 W, 51, 0x0000000000000001
2026/10/07 06:00:55.214, 0 %, 56 MiB, 4096 MiB, 300 MHz, 1.73 W, 51, 0x0000000000000001
2026/10/07 06:00:57.235, 0 %, 56 MiB, 4096 MiB, 300 MHz, 1.52 W, 51, 0x0000000000000001
2026/10/07 06:00:59.258, 0 %, 56 MiB, 4096 MiB, 300 MHz, 1.51 W, 51, 0x0000000000000001
2026/10/07 06:01:01.283, 0 %, 56 MiB, 4096 MiB, 300 MHz, 1.56 W, 51, 0x0000000000000001
2026/10/07 06:01:03.305, 0 %, 56 MiB, 4096 MiB, 300 MHz, 1.50 W, 51, 0x0000000000000001
2026/10/07 06:01:05.329, 0 %, 56 MiB, 4096 MiB, 300 MHz, 1.70 W, 51, 0x0000000000000001
2026/10/07 06:01:07.351, 0 %, 56 MiB, 4096 MiB, 300 MHz, 1.51 W, 51, 0x0000000000000001
2026/10/07 06:01:09.378, 0 %, 56 MiB, 4096 MiB, 300 MHz, 1.54 W, 51, 0x0000000000000001
2026/10/07 06:01:11.400, 0 %, 56 MiB, 4096 MiB, 300 MHz, 1.60 W, 51, 0x0000000000000001
2026/10/07 06:01:13.421, 0 %, 56 MiB, 4096 MiB, 300 MHz, 1.97 W, 51, 0x0000000000000001
2026/10/07 06:01:15.446, 0 %, 56 MiB, 4096 MiB, 300 MHz, 1.58 W, 51, 0x0000000000000001
2026/10/07 06:01:17.471, 0 %, 56 MiB, 4096 MiB, 300 MHz, 1.58 W, 51, 0x0000000000000001
2026/10/07 06:01:19.493, 0 %, 56 MiB, 4096 MiB, 300 MHz, 1.63 W, 51, 0x0000000000000001
2026/10/07 06:01:21.516, 0 %, 56 MiB, 4096 MiB, 300 MHz, 1.41 W, 51, 0x0000000000000001
2026/10/07 06:01:23.539, 0 %, 56 MiB, 4096 MiB, 300 MHz, 1.77 W, 51, 0x0000000000000001
2026/10/07 06:01:25.564, 0 %, 56 MiB, 4096 MiB, 300 MHz, 1.49 W, 51, 0x0000000000000001
2026/10/07 06:01:27.586, 0 %, 56 MiB, 4096 MiB, 300 MHz, 1.46 W, 51, 0x0000000000000001
2026/10/07 06:01:29.607, 0 %, 56 MiB, 4096 MiB, 300 MHz, 1.48 W, 51, 0x0000000000000001
2026/10/07 06:01:31.631, 0 %, 56 MiB, 4096 MiB, 300 MHz, 1.54 W, 51, 0x0000000000000001
2026/10/07 06:01:33.653, 0 %, 56 MiB, 4096 MiB, 300 MHz, 1.73 W, 51, 0x0000000000000001
2026/10/07 06:01:35.678, 0 %, 56 MiB, 4096 MiB, 300 MHz, 1.54 W, 51, 0x0000000000000001
2026/10/07 06:01:37.700, 0 %, 56 MiB, 4096 MiB, 300 MHz, 1.51 W, 51, 0x0000000000000001
2026/10/07 06:01:39.724, 0 %, 56 MiB, 4096 MiB, 300 MHz, 1.49 W, 51, 0x0000000000000001
2026/10/07 06:01:41.749, 0 %, 56 MiB, 4096 MiB, 300 MHz, 1.93 W, 51, 0x0000000000000001
2026/10/07 06:01:43.771, 0 %, 56 MiB, 4096 MiB, 300 MHz, 1.49 W, 51, 0x0000000000000001
2026/10/07 06:01:45.803, 0 %, 56 MiB, 4096 MiB, 300 MHz, 1.51 W, 51, 0x0000000000000001
2026/10/07 06:01:47.824, 0 %, 56 MiB, 4096 MiB, 300 MHz, 1.53 W, 51, 0x0000000000000001
2026/10/07 06:01:49.846, 0 %, 56 MiB, 4096 MiB, 300 MHz, 1.51 W, 51, 0x0000000000000001
2026/10/07 06:01:51.871, 0 %, 56 MiB, 4096 MiB, 300 MHz, 1.73 W, 51, 0x0000000000000001
2026/10/07 06:01:53.894, 0 %, 56 MiB, 4096 MiB, 300 MHz, 1.57 W, 51, 0x0000000000000001
2026/10/07 06:01:55.919, 0 %, 56 MiB, 4096 MiB, 300 MHz, 1.54 W, 51, 0x0000000000000001
2026/10/07 06:01:57.941, 0 %, 56 MiB, 4096 MiB, 300 MHz, 1.52 W, 51, 0x0000000000000001
2026/10/07 06:01:59.963, 0 %, 56 MiB, 4096 MiB, 300 MHz, 1.61 W, 51, 0x0000000000000001
2026/10/07 06:02:01.984, 0 %, 56 MiB, 4096 MiB, 300 MHz, 1.53 W, 51, 0x0000000000000001
2026/10/07 06:02:04.009, 0 %, 56 MiB, 4096 MiB, 300 MHz, 1.51 W, 51, 0x0000000000000001
2026/10/07 06:02:06.031, 0 %, 56 MiB, 4096 MiB, 300 MHz, 1.48 W, 51, 0x0000000000000001
2026/10/07 06:02:08.055, 0 %, 56 MiB, 4096 MiB, 300 MHz, 1.50 W, 51, 0x0000000000000001
2026/10/07 06:02:10.078, 0 %, 56 MiB, 4096 MiB, 300 MHz, 1.90 W, 51, 0x0000000000000001
2026/10/07 06:02:12.103, 0 %, 56 MiB, 4096 MiB, 300 MHz, 1.54 W, 51, 0x0000000000000001
2026/10/07 06:02:14.125, 0 %, 56 MiB, 4096 MiB, 300 MHz, 1.50 W, 51, 0x0000000000000001
2026/10/07 06:02:16.160, 0 %, 56 MiB, 4096 MiB, 300 MHz, 1.51 W, 51, 0x0000000000000001
2026/10/07 06:02:18.182, 0 %, 56 MiB, 4096 MiB, 300 MHz, 1.93 W, 51, 0x0000000000000001
2026/10/07 06:02:20.207, 0 %, 56 MiB, 4096 MiB, 300 MHz, 1.48 W, 51, 0x0000000000000001
2026/10/07 06:02:22.228, 0 %, 56 MiB, 4096 MiB, 300 MHz, 1.52 W, 51, 0x0000000000000001
2026/10/07 06:02:24.252, 0 %, 56 MiB, 4096 MiB, 300 MHz, 1.49 W, 51, 0x0000000000000001
2026/10/07 06:02:26.275, 0 %, 56 MiB, 4096 MiB, 300 MHz, 1.49 W, 51, 0x0000000000000001
2026/10/07 06:02:28.300, 0 %, 56 MiB, 4096 MiB, 300 MHz, 1.76 W, 51, 0x0000000000000001
2026/10/07 06:02:30.323, 0 %, 56 MiB, 4096 MiB, 300 MHz, 1.34 W, 51, 0x0000000000000001
2026/10/07 06:02:32.346, 0 %, 56 MiB, 4096 MiB, 300 MHz, 1.52 W, 51, 0x0000000000000001
2026/10/07 06:02:34.369, 0 %, 56 MiB, 4096 MiB, 300 MHz, 1.56 W, 51, 0x0000000000000001
2026/10/07 06:02:36.391, 0 %, 56 MiB, 4096 MiB, 300 MHz, 1.54 W, 51, 0x0000000000000001
2026/10/07 06:02:38.416, 0 %, 56 MiB, 4096 MiB, 300 MHz, 1.61 W, 51, 0x0000000000000001
2026/10/07 06:02:40.438, 0 %, 56 MiB, 4096 MiB, 300 MHz, 1.54 W, 51, 0x0000000000000001
2026/10/07 06:02:42.460, 0 %, 56 MiB, 4096 MiB, 300 MHz, 1.63 W, 51, 0x0000000000000001
2026/10/07 06:02:44.484, 0 %, 56 MiB, 4096 MiB, 300 MHz, 1.52 W, 51, 0x0000000000000001
2026/10/07 06:02:46.506, 0 %, 56 MiB, 4096 MiB, 300 MHz, 2.01 W, 51, 0x0000000000000001
2026/10/07 06:02:48.530, 0 %, 56 MiB, 4096 MiB, 300 MHz, 1.63 W, 51, 0x0000000000000001
2026/10/07 06:02:50.556, 0 %, 56 MiB, 4096 MiB, 300 MHz, 1.60 W, 51, 0x0000000000000001
2026/10/07 06:02:52.578, 0 %, 56 MiB, 4096 MiB, 300 MHz, 1.58 W, 51, 0x0000000000000001
2026/10/07 06:02:54.601, 0 %, 56 MiB, 4096 MiB, 300 MHz, 1.64 W, 51, 0x0000000000000001
2026/10/07 06:02:56.626, 0 %, 56 MiB, 4096 MiB, 300 MHz, 1.83 W, 51, 0x0000000000000001
2026/10/07 06:02:58.650, 0 %, 56 MiB, 4096 MiB, 300 MHz, 1.53 W, 51, 0x0000000000000001
2026/10/07 06:03:00.672, 0 %, 56 MiB, 4096 MiB, 300 MHz, 1.53 W, 51, 0x0000000000000001
2026/10/07 06:03:02.695, 0 %, 56 MiB, 4096 MiB, 300 MHz, 1.48 W, 51, 0x0000000000000001
2026/10/07 06:03:04.717, 0 %, 56 MiB, 4096 MiB, 300 MHz, 1.50 W, 51, 0x0000000000000001
2026/10/07 06:03:06.741, 0 %, 56 MiB, 4096 MiB, 300 MHz, 1.64 W, 51, 0x0000000000000001
2026/10/07 06:03:08.764, 0 %, 56 MiB, 4096 MiB, 300 MHz, 1.55 W, 51, 0x0000000000000001
2026/10/07 06:03:10.788, 0 %, 56 MiB, 4096 MiB, 300 MHz, 1.57 W, 51, 0x0000000000000001
2026/10/07 06:03:12.810, 0 %, 56 MiB, 4096 MiB, 300 MHz, 1.59 W, 51, 0x0000000000000001
2026/10/07 06:03:14.833, 0 %, 56 MiB, 4096 MiB, 300 MHz, 1.89 W, 51, 0x0000000000000001
2026/10/07 06:03:16.858, 0 %, 56 MiB, 4096 MiB, 300 MHz, 1.55 W, 51, 0x0000000000000001
2026/10/07 06:03:18.879, 0 %, 56 MiB, 4096 MiB, 300 MHz, 1.51 W, 51, 0x0000000000000001
2026/10/07 06:03:20.904, 0 %, 56 MiB, 4096 MiB, 300 MHz, 1.44 W, 51, 0x0000000000000001
2026/10/07 06:03:22.926, 0 %, 56 MiB, 4096 MiB, 300 MHz, 1.50 W, 51, 0x0000000000000001
2026/10/07 06:03:24.947, 0 %, 56 MiB, 4096 MiB, 300 MHz, 1.86 W, 51, 0x0000000000000001
2026/10/07 06:03:26.970, 0 %, 56 MiB, 4096 MiB, 300 MHz, 1.55 W, 51, 0x0000000000000001
2026/10/07 06:03:28.994, 0 %, 56 MiB, 4096 MiB, 300 MHz, 1.61 W, 51, 0x0000000000000001
2026/10/07 06:03:31.017, 0 %, 56 MiB, 4096 MiB, 300 MHz, 1.59 W, 51, 0x0000000000000001
2026/10/07 06:03:33.039, 0 %, 56 MiB, 4096 MiB, 300 MHz, 1.55 W, 51, 0x0000000000000001
2026/10/07 06:03:35.061, 0 %, 56 MiB, 4096 MiB, 300 MHz, 1.74 W, 51, 0x0000000000000001
2026/10/07 06:03:37.082, 0 %, 56 MiB, 4096 MiB, 300 MHz, 1.46 W, 51, 0x0000000000000001
2026/10/07 06:03:39.105, 0 %, 56 MiB, 4096 MiB, 300 MHz, 1.47 W, 51, 0x0000000000000001
2026/10/07 06:03:41.137, 0 %, 56 MiB, 4096 MiB, 300 MHz, 1.49 W, 51, 0x0000000000000001
2026/10/07 06:03:43.160, 0 %, 56 MiB, 4096 MiB, 300 MHz, 1.87 W, 51, 0x0000000000000001
2026/10/07 06:03:45.182, 0 %, 56 MiB, 4096 MiB, 300 MHz, 1.53 W, 51, 0x0000000000000001
2026/10/07 06:03:47.205, 0 %, 56 MiB, 4096 MiB, 300 MHz, 1.61 W, 51, 0x0000000000000001
2026/10/07 06:03:49.227, 0 %, 56 MiB, 4096 MiB, 300 MHz, 1.57 W, 51, 0x0000000000000001
2026/10/07 06:03:51.248, 0 %, 56 MiB, 4096 MiB, 300 MHz, 1.57 W, 51, 0x0000000000000001
2026/10/07 06:03:53.275, 0 %, 56 MiB, 4096 MiB, 300 MHz, 1.83 W, 51, 0x0000000000000001
2026/10/07 06:03:55.297, 0 %, 56 MiB, 4096 MiB, 300 MHz, 1.46 W, 51, 0x0000000000000001
2026/10/07 06:03:57.319, 0 %, 56 MiB, 4096 MiB, 300 MHz, 1.49 W, 51, 0x0000000000000001
2026/10/07 06:03:59.343, 0 %, 56 MiB, 4096 MiB, 300 MHz, 1.50 W, 51, 0x0000000000000001
2026/10/07 06:04:01.365, 0 %, 56 MiB, 4096 MiB, 300 MHz, 1.53 W, 51, 0x0000000000000001
2026/10/07 06:04:03.388, 0 %, 56 MiB, 4096 MiB, 300 MHz, 1.81 W, 51, 0x0000000000000001
2026/10/07 06:04:05.410, 0 %, 56 MiB, 4096 MiB, 300 MHz, 1.54 W, 51, 0x0000000000000001
2026/10/07 06:04:07.431, 0 %, 56 MiB, 4096 MiB, 300 MHz, 1.55 W, 51, 0x0000000000000001
2026/10/07 06:04:09.456, 0 %, 56 MiB, 4096 MiB, 300 MHz, 1.51 W, 51, 0x0000000000000001
2026/10/07 06:04:11.479, 0 %, 56 MiB, 4096 MiB, 300 MHz, 1.54 W, 51, 0x0000000000000001
2026/10/07 06:04:13.504, 0 %, 56 MiB, 4096 MiB, 300 MHz, 1.59 W, 51, 0x0000000000000001
2026/10/07 06:04:15.526, 0 %, 56 MiB, 4096 MiB, 300 MHz, 1.58 W, 51, 0x0000000000000001
2026/10/07 06:04:17.550, 0 %, 56 MiB, 4096 MiB, 300 MHz, 1.55 W, 51, 0x0000000000000001
2026/10/07 06:04:19.577, 0 %, 56 MiB, 4096 MiB, 300 MHz, 1.50 W, 51, 0x0000000000000001
2026/10/07 06:04:21.598, 0 %, 56 MiB, 4096 MiB, 300 MHz, 1.99 W, 51, 0x0000000000000001
2026/10/07 06:04:23.622, 0 %, 56 MiB, 4096 MiB, 300 MHz, 1.56 W, 51, 0x0000000000000001
2026/10/07 06:04:25.644, 0 %, 56 MiB, 4096 MiB, 300 MHz, 1.54 W, 51, 0x0000000000000001
2026/10/07 06:04:27.666, 0 %, 56 MiB, 4096 MiB, 300 MHz, 1.53 W, 51, 0x0000000000000001
2026/10/07 06:04:29.689, 0 %, 56 MiB, 4096 MiB, 300 MHz, 1.49 W, 51, 0x0000000000000001
2026/10/07 06:04:31.713, 0 %, 56 MiB, 4096 MiB, 300 MHz, 1.79 W, 51, 0x0000000000000001
2026/10/07 06:04:33.737, 0 %, 56 MiB, 4096 MiB, 300 MHz, 1.52 W, 51, 0x0000000000000001
2026/10/07 06:04:35.759, 0 %, 56 MiB, 4096 MiB, 300 MHz, 1.57 W, 51, 0x0000000000000001
2026/10/07 06:04:37.784, 0 %, 56 MiB, 4096 MiB, 300 MHz, 1.59 W, 51, 0x0000000000000001
2026/10/07 06:04:39.805, 0 %, 56 MiB, 4096 MiB, 300 MHz, 1.57 W, 51, 0x0000000000000001
2026/10/07 06:04:41.827, 0 %, 56 MiB, 4096 MiB, 300 MHz, 1.71 W, 51, 0x0000000000000001
2026/10/07 06:04:43.848, 0 %, 56 MiB, 4096 MiB, 300 MHz, 1.53 W, 51, 0x0000000000000001
2026/10/07 06:04:45.873, 0 %, 56 MiB, 4096 MiB, 300 MHz, 1.50 W, 51, 0x0000000000000001
2026/10/07 06:04:47.895, 0 %, 56 MiB, 4096 MiB, 300 MHz, 1.55 W, 51, 0x0000000000000001
2026/10/07 06:04:49.919, 0 %, 56 MiB, 4096 MiB, 300 MHz, 1.57 W, 51, 0x0000000000000001
2026/10/07 06:04:51.941, 0 %, 56 MiB, 4096 MiB, 300 MHz, 1.57 W, 51, 0x0000000000000001
2026/10/07 06:04:53.964, 0 %, 56 MiB, 4096 MiB, 300 MHz, 1.54 W, 51, 0x0000000000000001
2026/10/07 06:04:55.988, 0 %, 56 MiB, 4096 MiB, 300 MHz, 1.35 W, 51, 0x0000000000000001
2026/10/07 06:04:58.012, 0 %, 56 MiB, 4096 MiB, 300 MHz, 1.48 W, 51, 0x0000000000000001
2026/10/07 06:05:00.034, 0 %, 56 MiB, 4096 MiB, 300 MHz, 1.98 W, 51, 0x0000000000000001
2026/10/07 06:05:02.056, 0 %, 56 MiB, 4096 MiB, 300 MHz, 1.55 W, 51, 0x0000000000000001
2026/10/07 06:05:04.082, 0 %, 56 MiB, 4096 MiB, 300 MHz, 1.59 W, 51, 0x0000000000000001
2026/10/07 06:05:06.103, 0 %, 56 MiB, 4096 MiB, 300 MHz, 1.71 W, 51, 0x0000000000000001
2026/10/07 06:05:08.128, 0 %, 56 MiB, 4096 MiB, 300 MHz, 1.59 W, 51, 0x0000000000000001
2026/10/07 06:05:10.150, 0 %, 56 MiB, 4096 MiB, 300 MHz, 1.72 W, 51, 0x0000000000000001
2026/10/07 06:05:12.171, 0 %, 56 MiB, 4096 MiB, 300 MHz, 1.52 W, 51, 0x0000000000000001
2026/10/07 06:05:14.194, 0 %, 56 MiB, 4096 MiB, 300 MHz, 1.51 W, 51, 0x0000000000000001
2026/10/07 06:05:16.223, 0 %, 56 MiB, 4096 MiB, 300 MHz, 1.48 W, 51, 0x0000000000000001
2026/10/07 06:05:18.248, 0 %, 56 MiB, 4096 MiB, 300 MHz, 2.04 W, 51, 0x0000000000000001
2026/10/07 06:05:20.270, 0 %, 56 MiB, 4096 MiB, 300 MHz, 1.52 W, 51, 0x0000000000000001
2026/10/07 06:05:22.293, 0 %, 56 MiB, 4096 MiB, 300 MHz, 1.58 W, 51, 0x0000000000000001
2026/10/07 06:05:24.319, 0 %, 56 MiB, 4096 MiB, 300 MHz, 1.55 W, 51, 0x0000000000000001
2026/10/07 06:05:26.341, 0 %, 56 MiB, 4096 MiB, 300 MHz, 1.53 W, 51, 0x0000000000000001
2026/10/07 06:05:28.362, 0 %, 56 MiB, 4096 MiB, 300 MHz, 1.83 W, 51, 0x0000000000000001
2026/10/07 06:05:30.383, 0 %, 56 MiB, 4096 MiB, 300 MHz, 1.51 W, 51, 0x0000000000000001
2026/10/07 06:05:32.407, 0 %, 56 MiB, 4096 MiB, 300 MHz, 1.53 W, 51, 0x0000000000000001
2026/10/07 06:05:34.430, 0 %, 56 MiB, 4096 MiB, 300 MHz, 1.50 W, 51, 0x0000000000000001
2026/10/07 06:05:36.455, 0 %, 56 MiB, 4096 MiB, 300 MHz, 1.48 W, 51, 0x0000000000000001
2026/10/07 06:05:38.477, 0 %, 56 MiB, 4096 MiB, 300 MHz, 1.68 W, 51, 0x0000000000000001
2026/10/07 06:05:40.503, 0 %, 56 MiB, 4096 MiB, 300 MHz, 1.60 W, 51, 0x0000000000000001
2026/10/07 06:05:42.527, 0 %, 56 MiB, 4096 MiB, 300 MHz, 1.61 W, 51, 0x0000000000000001
2026/10/07 06:05:44.553, 0 %, 56 MiB, 4096 MiB, 300 MHz, 1.55 W, 51, 0x0000000000000001
2026/10/07 06:05:46.575, 0 %, 56 MiB, 4096 MiB, 300 MHz, 1.96 W, 51, 0x0000000000000001
2026/10/07 06:05:48.599, 0 %, 56 MiB, 4096 MiB, 300 MHz, 1.55 W, 51, 0x0000000000000001
2026/10/07 06:05:50.621, 0 %, 56 MiB, 4096 MiB, 300 MHz, 1.53 W, 51, 0x0000000000000001
2026/10/07 06:05:52.644, 0 %, 56 MiB, 4096 MiB, 300 MHz, 1.55 W, 51, 0x0000000000000001
2026/10/07 06:05:54.666, 0 %, 56 MiB, 4096 MiB, 300 MHz, 1.52 W, 51, 0x0000000000000001
2026/10/07 06:05:56.690, 0 %, 56 MiB, 4096 MiB, 300 MHz, 1.81 W, 51, 0x0000000000000001
2026/10/07 06:05:58.714, 0 %, 56 MiB, 4096 MiB, 300 MHz, 1.52 W, 51, 0x0000000000000001
2026/10/07 06:06:00.737, 0 %, 56 MiB, 4096 MiB, 300 MHz, 1.57 W, 51, 0x0000000000000001
2026/10/07 06:06:02.761, 0 %, 56 MiB, 4096 MiB, 300 MHz, 1.54 W, 51, 0x0000000000000001
2026/10/07 06:06:04.783, 0 %, 56 MiB, 4096 MiB, 300 MHz, 1.52 W, 51, 0x0000000000000001
2026/10/07 06:06:06.805, 0 %, 56 MiB, 4096 MiB, 300 MHz, 1.74 W, 51, 0x0000000000000001
2026/10/07 06:06:08.830, 0 %, 56 MiB, 4096 MiB, 300 MHz, 1.60 W, 51, 0x0000000000000001
2026/10/07 06:06:10.855, 0 %, 56 MiB, 4096 MiB, 300 MHz, 1.55 W, 51, 0x0000000000000001
2026/10/07 06:06:12.879, 0 %, 56 MiB, 4096 MiB, 300 MHz, 1.60 W, 51, 0x0000000000000001
2026/10/07 06:06:14.903, 0 %, 56 MiB, 4096 MiB, 300 MHz, 1.95 W, 51, 0x0000000000000001
2026/10/07 06:06:16.925, 0 %, 56 MiB, 4096 MiB, 300 MHz, 1.57 W, 51, 0x0000000000000001
2026/10/07 06:06:18.950, 0 %, 56 MiB, 4096 MiB, 300 MHz, 1.54 W, 51, 0x0000000000000001
2026/10/07 06:06:20.973, 0 %, 56 MiB, 4096 MiB, 300 MHz, 1.54 W, 51, 0x0000000000000001
2026/10/07 06:06:22.995, 0 %, 56 MiB, 4096 MiB, 300 MHz, 1.52 W, 51, 0x0000000000000001
2026/10/07 06:06:25.019, 0 %, 56 MiB, 4096 MiB, 300 MHz, 1.73 W, 51, 0x0000000000000001
2026/10/07 06:06:27.041, 0 %, 56 MiB, 4096 MiB, 300 MHz, 1.52 W, 51, 0x0000000000000001
2026/10/07 06:06:29.068, 0 %, 56 MiB, 4096 MiB, 300 MHz, 1.55 W, 51, 0x0000000000000001
2026/10/07 06:06:31.091, 0 %, 56 MiB, 4096 MiB, 300 MHz, 1.46 W, 51, 0x0000000000000001
2026/10/07 06:06:33.115, 0 %, 56 MiB, 4096 MiB, 300 MHz, 1.56 W, 51, 0x0000000000000001
2026/10/07 06:06:35.137, 0 %, 56 MiB, 4096 MiB, 300 MHz, 1.65 W, 51, 0x0000000000000001
2026/10/07 06:06:37.162, 0 %, 56 MiB, 4096 MiB, 300 MHz, 1.57 W, 51, 0x0000000000000001
2026/10/07 06:06:39.186, 0 %, 56 MiB, 4096 MiB, 300 MHz, 1.53 W, 51, 0x0000000000000001
2026/10/07 06:06:41.208, 0 %, 56 MiB, 4096 MiB, 300 MHz, 1.52 W, 51, 0x0000000000000001
2026/10/07 06:06:43.229, 0 %, 56 MiB, 4096 MiB, 300 MHz, 1.83 W, 51, 0x0000000000000001
2026/10/07 06:06:45.254, 0 %, 56 MiB, 4096 MiB, 300 MHz, 1.48 W, 51, 0x0000000000000001
2026/10/07 06:06:47.277, 0 %, 56 MiB, 4096 MiB, 300 MHz, 1.46 W, 51, 0x0000000000000001
2026/10/07 06:06:49.298, 0 %, 56 MiB, 4096 MiB, 300 MHz, 1.50 W, 51, 0x0000000000000001
2026/10/07 06:06:51.322, 0 %, 56 MiB, 4096 MiB, 300 MHz, 1.48 W, 51, 0x0000000000000001
2026/10/07 06:06:53.346, 0 %, 56 MiB, 4096 MiB, 300 MHz, 1.77 W, 51, 0x0000000000000001
2026/10/07 06:06:55.369, 0 %, 56 MiB, 4096 MiB, 300 MHz, 1.56 W, 51, 0x0000000000000001
2026/10/07 06:06:57.391, 0 %, 56 MiB, 4096 MiB, 300 MHz, 1.56 W, 51, 0x0000000000000001
2026/10/07 06:06:59.415, 0 %, 56 MiB, 4096 MiB, 300 MHz, 1.49 W, 51, 0x0000000000000001
2026/10/07 06:07:01.439, 0 %, 56 MiB, 4096 MiB, 300 MHz, 1.49 W, 51, 0x0000000000000001
2026/10/07 06:07:03.461, 0 %, 56 MiB, 4096 MiB, 300 MHz, 1.60 W, 51, 0x0000000000000001
2026/10/07 06:07:05.486, 0 %, 56 MiB, 4096 MiB, 300 MHz, 1.58 W, 51, 0x0000000000000001
2026/10/07 06:07:07.508, 0 %, 56 MiB, 4096 MiB, 300 MHz, 1.51 W, 51, 0x0000000000000001
2026/10/07 06:07:09.533, 0 %, 56 MiB, 4096 MiB, 300 MHz, 1.52 W, 51, 0x0000000000000001
2026/10/07 06:07:11.555, 0 %, 56 MiB, 4096 MiB, 300 MHz, 2.02 W, 51, 0x0000000000000001
2026/10/07 06:07:13.579, 0 %, 56 MiB, 4096 MiB, 300 MHz, 1.52 W, 51, 0x0000000000000001
2026/10/07 06:07:15.603, 0 %, 56 MiB, 4096 MiB, 300 MHz, 1.50 W, 51, 0x0000000000000001
2026/10/07 06:07:17.628, 0 %, 56 MiB, 4096 MiB, 300 MHz, 1.53 W, 51, 0x0000000000000001
2026/10/07 06:07:19.650, 0 %, 56 MiB, 4096 MiB, 300 MHz, 1.58 W, 51, 0x0000000000000001
2026/10/07 06:07:21.672, 0 %, 56 MiB, 4096 MiB, 300 MHz, 1.72 W, 51, 0x0000000000000001
2026/10/07 06:07:23.696, 0 %, 56 MiB, 4096 MiB, 300 MHz, 1.50 W, 51, 0x0000000000000001
2026/10/07 06:07:25.717, 0 %, 56 MiB, 4096 MiB, 300 MHz, 1.50 W, 51, 0x0000000000000001
2026/10/07 06:07:27.743, 0 %, 56 MiB, 4096 MiB, 300 MHz, 1.52 W, 51, 0x0000000000000001
2026/10/07 06:07:29.764, 0 %, 56 MiB, 4096 MiB, 300 MHz, 1.47 W, 51, 0x0000000000000001
2026/10/07 06:07:31.789, 0 %, 56 MiB, 4096 MiB, 300 MHz, 1.60 W, 51, 0x0000000000000001
2026/10/07 06:07:33.811, 0 %, 56 MiB, 4096 MiB, 300 MHz, 1.52 W, 51, 0x0000000000000001
2026/10/07 06:07:35.833, 0 %, 56 MiB, 4096 MiB, 300 MHz, 1.50 W, 51, 0x0000000000000001
2026/10/07 06:07:37.858, 1 %, 67 MiB, 4096 MiB, 300 MHz, 1.60 W, 51, 0x0000000000000001
2026/10/07 06:07:39.880, 0 %, 67 MiB, 4096 MiB, 300 MHz, 1.95 W, 51, 0x0000000000000001
2026/10/07 06:07:41.902, 0 %, 59 MiB, 4096 MiB, 300 MHz, 1.56 W, 50, 0x0000000000000001
2026/10/07 06:07:43.924, 0 %, 5 MiB, 4096 MiB, 300 MHz, 1.52 W, 50, 0x0000000000000001
2026/10/07 06:07:45.945, 0 %, 5 MiB, 4096 MiB, 300 MHz, 1.48 W, 49, 0x0000000000000001
