timestamp, utilization.gpu [%], memory.used [MiB], memory.total [MiB], clocks.current.sm [MHz], power.draw [W], temperature.gpu, clocks_event_reasons.active
2026/10/07 01:07:03.642, 0 %, 5 MiB, 4096 MiB, 300 MHz, 1.57 W, 52, 0x0000000000000001
2026/10/07 01:07:05.664, 0 %, 98 MiB, 4096 MiB, 855 MHz, 13.19 W, 53, 0x0000000000000000
2026/10/07 01:07:07.680, 26 %, 1897 MiB, 4096 MiB, 1365 MHz, 33.20 W, 57, 0x0000000000000004
2026/10/07 01:07:09.690, 100 %, 1887 MiB, 4096 MiB, 1395 MHz, 34.47 W, 57, 0x0000000000000004
2026/10/07 01:07:11.692, 20 %, 1894 MiB, 4096 MiB, 1800 MHz, 17.90 W, 55, 0x0000000000000000
2026/10/07 01:07:13.695, 100 %, 1896 MiB, 4096 MiB, 1365 MHz, 37.72 W, 58, 0x0000000000000004
2026/10/07 01:07:15.698, 100 %, 1888 MiB, 4096 MiB, 1395 MHz, 35.63 W, 58, 0x0000000000000004
2026/10/07 01:07:17.702, 41 %, 1891 MiB, 4096 MiB, 1365 MHz, 33.26 W, 58, 0x0000000000000004
2026/10/07 01:07:19.704, 100 %, 1891 MiB, 4096 MiB, 1395 MHz, 34.64 W, 58, 0x0000000000000004
2026/10/07 01:07:21.707, 14 %, 270 MiB, 4096 MiB, 1785 MHz, 18.08 W, 56, 0x0000000000000000
2026/10/07 01:07:23.714, 100 %, 1958 MiB, 4096 MiB, 1395 MHz, 33.53 W, 58, 0x0000000000000004
2026/10/07 01:07:25.716, 100 %, 1950 MiB, 4096 MiB, 1380 MHz, 34.93 W, 59, 0x0000000000000004
2026/10/07 01:07:27.719, 100 %, 1950 MiB, 4096 MiB, 1275 MHz, 35.19 W, 59, 0x0000000000000004
2026/10/07 01:07:29.722, 100 %, 1950 MiB, 4096 MiB, 1290 MHz, 34.51 W, 59, 0x0000000000000004
2026/10/07 01:07:31.727, 100 %, 1950 MiB, 4096 MiB, 1335 MHz, 33.03 W, 59, 0x0000000000000004
2026/10/07 01:07:33.729, 100 %, 1950 MiB, 4096 MiB, 1395 MHz, 32.60 W, 59, 0x0000000000000004
2026/10/07 01:07:35.740, 60 %, 716 MiB, 4096 MiB, 1785 MHz, 18.87 W, 57, 0x0000000000000000
2026/10/07 01:07:37.743, 44 %, 1949 MiB, 4096 MiB, 1350 MHz, 32.20 W, 59, 0x0000000000000004
2026/10/07 01:07:39.745, 100 %, 1949 MiB, 4096 MiB, 1350 MHz, 33.74 W, 59, 0x0000000000000004
2026/10/07 01:07:41.747, 100 %, 1949 MiB, 4096 MiB, 1320 MHz, 37.23 W, 59, 0x0000000000000004
2026/10/07 01:07:43.756, 100 %, 1949 MiB, 4096 MiB, 1335 MHz, 35.14 W, 60, 0x0000000000000004
2026/10/07 01:07:45.758, 100 %, 1949 MiB, 4096 MiB, 1350 MHz, 34.37 W, 59, 0x0000000000000004
2026/10/07 01:07:47.761, 100 %, 1949 MiB, 4096 MiB, 1395 MHz, 33.17 W, 60, 0x0000000000000004
2026/10/07 01:07:49.767, 25 %, 1821 MiB, 4096 MiB, 1470 MHz, 19.39 W, 59, 0x0000000000000004
2026/10/07 01:07:51.778, 100 %, 1958 MiB, 4096 MiB, 1395 MHz, 34.60 W, 59, 0x0000000000000004
2026/10/07 01:07:53.781, 100 %, 1950 MiB, 4096 MiB, 1365 MHz, 35.88 W, 60, 0x0000000000000004
2026/10/07 01:07:55.783, 100 %, 1950 MiB, 4096 MiB, 1290 MHz, 35.33 W, 60, 0x0000000000000004
2026/10/07 01:07:57.785, 100 %, 1950 MiB, 4096 MiB, 1260 MHz, 35.65 W, 59, 0x0000000000000004
2026/10/07 01:07:59.788, 100 %, 1950 MiB, 4096 MiB, 1305 MHz, 35.33 W, 60, 0x0000000000000004
2026/10/07 01:08:01.797, 100 %, 1950 MiB, 4096 MiB, 1785 MHz, 17.91 W, 57, 0x0000000000000000
2026/10/07 01:08:03.799, 17 %, 716 MiB, 4096 MiB, 1785 MHz, 17.91 W, 57, 0x0000000000000000
2026/10/07 01:08:05.801, 50 %, 1622 MiB, 4096 MiB, 1395 MHz, 34.71 W, 60, 0x0000000000000004
2026/10/07 01:08:07.812, 100 %, 1614 MiB, 4096 MiB, 1350 MHz, 32.92 W, 60, 0x0000000000000004
2026/10/07 01:08:09.815, 100 %, 1614 MiB, 4096 MiB, 1350 MHz, 36.07 W, 60, 0x0000000000000004
2026/10/07 01:08:11.817, 100 %, 1614 MiB, 4096 MiB, 1335 MHz, 35.35 W, 60, 0x0000000000000004
2026/10/07 01:08:13.819, 100 %, 1614 MiB, 4096 MiB, 1335 MHz, 34.60 W, 60, 0x0000000000000004
2026/10/07 01:08:15.822, 100 %, 1614 MiB, 4096 MiB, 1335 MHz, 34.47 W, 59, 0x0000000000000004
2026/10/07 01:08:17.825, 14 %, 2035 MiB, 4096 MiB, 1410 MHz, 26.05 W, 59, 0x0000000000000004
2026/10/07 01:08:19.828, 0 %, 1623 MiB, 4096 MiB, 1395 MHz, 35.63 W, 59, 0x0000000000000004
2026/10/07 01:08:21.831, 100 %, 1615 MiB, 4096 MiB, 1380 MHz, 34.13 W, 60, 0x0000000000000004
2026/10/07 01:08:23.834, 100 %, 1615 MiB, 4096 MiB, 1380 MHz, 34.78 W, 60, 0x0000000000000004
2026/10/07 01:08:25.837, 100 %, 1615 MiB, 4096 MiB, 1380 MHz, 35.63 W, 60, 0x0000000000000004
2026/10/07 01:08:27.840, 100 %, 1615 MiB, 4096 MiB, 1380 MHz, 35.37 W, 60, 0x0000000000000004
2026/10/07 01:08:29.842, 100 %, 1615 MiB, 4096 MiB, 1410 MHz, 35.23 W, 60, 0x0000000000000004
2026/10/07 01:08:31.845, 76 %, 1615 MiB, 4096 MiB, 1710 MHz, 17.08 W, 57, 0x0000000000000001
2026/10/07 01:08:33.860, 10 %, 1577 MiB, 4096 MiB, 1380 MHz, 34.69 W, 59, 0x0000000000000004
2026/10/07 01:08:35.863, 100 %, 1623 MiB, 4096 MiB, 1290 MHz, 35.18 W, 60, 0x0000000000000004
2026/10/07 01:08:37.869, 100 %, 1613 MiB, 4096 MiB, 1305 MHz, 35.41 W, 60, 0x0000000000000004
2026/10/07 01:08:39.871, 100 %, 1613 MiB, 4096 MiB, 1485 MHz, 34.00 W, 60, 0x0000000000000004
2026/10/07 01:08:41.880, 100 %, 1613 MiB, 4096 MiB, 1365 MHz, 32.15 W, 60, 0x0000000000000004
2026/10/07 01:08:43.883, 100 %, 1613 MiB, 4096 MiB, 1350 MHz, 33.83 W, 60, 0x0000000000000004
2026/10/07 01:08:45.887, 100 %, 1613 MiB, 4096 MiB, 1785 MHz, 17.97 W, 57, 0x0000000000000000
2026/10/07 01:08:47.890, 0 %, 240 MiB, 4096 MiB, 375 MHz, 10.11 W, 56, 0x0000000000000001
2026/10/07 01:08:49.914, 51 %, 1969 MiB, 4096 MiB, 1380 MHz, 35.68 W, 59, 0x0000000000000004
2026/10/07 01:08:51.917, 100 %, 1961 MiB, 4096 MiB, 1395 MHz, 35.22 W, 60, 0x0000000000000004
2026/10/07 01:08:53.919, 100 %, 1961 MiB, 4096 MiB, 1335 MHz, 35.87 W, 60, 0x0000000000000004
2026/10/07 01:08:55.922, 100 %, 1961 MiB, 4096 MiB, 1350 MHz, 35.63 W, 60, 0x0000000000000004
2026/10/07 01:08:57.924, 2 %, 724 MiB, 4096 MiB, 1395 MHz, 34.72 W, 59, 0x0000000000000004
2026/10/07 01:08:59.926, 71 %, 1969 MiB, 4096 MiB, 1365 MHz, 36.04 W, 60, 0x0000000000000004
2026/10/07 01:09:01.929, 100 %, 1961 MiB, 4096 MiB, 1380 MHz, 35.38 W, 60, 0x0000000000000004
2026/10/07 01:09:03.931, 100 %, 1961 MiB, 4096 MiB, 1395 MHz, 35.18 W, 60, 0x0000000000000004
2026/10/07 01:09:05.934, 100 %, 1960 MiB, 4096 MiB, 1785 MHz, 17.96 W, 57, 0x0000000000000000
2026/10/07 01:09:07.936, 48 %, 1969 MiB, 4096 MiB, 1365 MHz, 33.07 W, 60, 0x0000000000000004
2026/10/07 01:09:09.940, 100 %, 1969 MiB, 4096 MiB, 1395 MHz, 34.78 W, 60, 0x0000000000000004
2026/10/07 01:09:11.942, 100 %, 1961 MiB, 4096 MiB, 1410 MHz, 35.47 W, 60, 0x0000000000000004
2026/10/07 01:09:13.946, 100 %, 1961 MiB, 4096 MiB, 1455 MHz, 33.49 W, 60, 0x0000000000000004
2026/10/07 01:09:15.948, 8 %, 725 MiB, 4096 MiB, 1395 MHz, 31.10 W, 59, 0x0000000000000004
2026/10/07 01:09:17.953, 39 %, 2084 MiB, 4096 MiB, 1230 MHz, 35.03 W, 59, 0x0000000000000004
2026/10/07 01:09:19.955, 100 %, 2084 MiB, 4096 MiB, 1365 MHz, 34.96 W, 60, 0x0000000000000004
2026/10/07 01:09:21.958, 100 %, 2084 MiB, 4096 MiB, 1380 MHz, 35.41 W, 60, 0x0000000000000004
2026/10/07 01:09:23.960, 100 %, 2084 MiB, 4096 MiB, 1425 MHz, 35.38 W, 60, 0x0000000000000004
2026/10/07 01:09:25.963, 100 %, 2084 MiB, 4096 MiB, 1380 MHz, 35.14 W, 60, 0x0000000000000004
2026/10/07 01:09:27.971, 100 %, 2084 MiB, 4096 MiB, 1395 MHz, 35.42 W, 60, 0x0000000000000004
2026/10/07 01:09:29.973, 100 %, 2084 MiB, 4096 MiB, 1320 MHz, 35.76 W, 60, 0x0000000000000004
2026/10/07 01:09:31.981, 100 %, 2084 MiB, 4096 MiB, 1260 MHz, 35.14 W, 60, 0x0000000000000004
2026/10/07 01:09:33.984, 20 %, 2330 MiB, 4096 MiB, 1785 MHz, 17.97 W, 57, 0x0000000000000000
2026/10/07 01:09:35.986, 37 %, 2093 MiB, 4096 MiB, 1380 MHz, 35.40 W, 60, 0x0000000000000004
2026/10/07 01:09:37.989, 100 %, 2084 MiB, 4096 MiB, 1365 MHz, 35.70 W, 60, 0x0000000000000004
2026/10/07 01:09:39.991, 100 %, 2084 MiB, 4096 MiB, 1395 MHz, 35.20 W, 60, 0x0000000000000004
2026/10/07 01:09:41.994, 100 %, 2084 MiB, 4096 MiB, 1395 MHz, 35.32 W, 60, 0x0000000000000004
2026/10/07 01:09:43.996, 100 %, 2084 MiB, 4096 MiB, 1395 MHz, 35.26 W, 60, 0x0000000000000004
2026/10/07 01:09:45.999, 100 %, 2084 MiB, 4096 MiB, 1410 MHz, 35.44 W, 60, 0x0000000000000004
2026/10/07 01:09:48.005, 100 %, 2084 MiB, 4096 MiB, 1410 MHz, 35.83 W, 60, 0x0000000000000004
2026/10/07 01:09:50.007, 100 %, 2084 MiB, 4096 MiB, 1395 MHz, 35.36 W, 60, 0x0000000000000004
2026/10/07 01:09:52.009, 22 %, 2524 MiB, 4096 MiB, 1380 MHz, 34.40 W, 59, 0x0000000000000004
2026/10/07 01:09:54.012, 58 %, 2093 MiB, 4096 MiB, 1230 MHz, 34.87 W, 59, 0x0000000000000004
2026/10/07 01:09:56.019, 100 %, 2085 MiB, 4096 MiB, 1365 MHz, 34.51 W, 60, 0x0000000000000004
2026/10/07 01:09:58.021, 100 %, 2085 MiB, 4096 MiB, 1380 MHz, 35.35 W, 60, 0x0000000000000004
2026/10/07 01:10:00.024, 100 %, 2085 MiB, 4096 MiB, 1410 MHz, 35.40 W, 60, 0x0000000000000004
2026/10/07 01:10:02.026, 100 %, 2085 MiB, 4096 MiB, 1395 MHz, 35.71 W, 60, 0x0000000000000004
2026/10/07 01:10:04.028, 100 %, 2085 MiB, 4096 MiB, 1395 MHz, 35.36 W, 60, 0x0000000000000004
2026/10/07 01:10:06.032, 100 %, 2083 MiB, 4096 MiB, 1380 MHz, 35.65 W, 60, 0x0000000000000004
2026/10/07 01:10:08.034, 100 %, 2083 MiB, 4096 MiB, 1260 MHz, 35.27 W, 60, 0x0000000000000004
2026/10/07 01:10:10.037, 1 %, 240 MiB, 4096 MiB, 1785 MHz, 19.02 W, 57, 0x0000000000000000
2026/10/07 01:10:12.039, 0 %, 723 MiB, 4096 MiB, 1785 MHz, 17.95 W, 57, 0x0000000000000000
2026/10/07 01:10:14.041, 100 %, 1663 MiB, 4096 MiB, 1350 MHz, 34.06 W, 60, 0x0000000000000004
2026/10/07 01:10:16.044, 100 %, 1663 MiB, 4096 MiB, 1410 MHz, 34.89 W, 60, 0x0000000000000004
2026/10/07 01:10:18.046, 100 %, 1663 MiB, 4096 MiB, 1395 MHz, 35.84 W, 60, 0x0000000000000004
2026/10/07 01:10:20.049, 100 %, 1663 MiB, 4096 MiB, 1365 MHz, 35.44 W, 60, 0x0000000000000004
2026/10/07 01:10:22.054, 100 %, 1663 MiB, 4096 MiB, 1365 MHz, 35.50 W, 60, 0x0000000000000004
2026/10/07 01:10:24.056, 100 %, 1663 MiB, 4096 MiB, 1260 MHz, 34.90 W, 60, 0x0000000000000004
2026/10/07 01:10:26.060, 100 %, 1663 MiB, 4096 MiB, 1290 MHz, 34.95 W, 60, 0x0000000000000004
2026/10/07 01:10:28.062, 82 %, 1663 MiB, 4096 MiB, 1785 MHz, 17.99 W, 58, 0x0000000000000000
2026/10/07 01:10:30.064, 48 %, 725 MiB, 4096 MiB, 1785 MHz, 17.98 W, 57, 0x0000000000000000
2026/10/07 01:10:32.067, 100 %, 1664 MiB, 4096 MiB, 1395 MHz, 35.73 W, 60, 0x0000000000000004
2026/10/07 01:10:34.071, 100 %, 1664 MiB, 4096 MiB, 1290 MHz, 35.73 W, 60, 0x0000000000000004
2026/10/07 01:10:36.074, 100 %, 1664 MiB, 4096 MiB, 1275 MHz, 35.59 W, 60, 0x0000000000000004
2026/10/07 01:10:38.076, 100 %, 1664 MiB, 4096 MiB, 1305 MHz, 34.73 W, 60, 0x0000000000000004
2026/10/07 01:10:40.078, 100 %, 1664 MiB, 4096 MiB, 1485 MHz, 33.55 W, 60, 0x0000000000000004
2026/10/07 01:10:42.083, 100 %, 1664 MiB, 4096 MiB, 1350 MHz, 30.90 W, 60, 0x0000000000000004
2026/10/07 01:10:44.086, 100 %, 1664 MiB, 4096 MiB, 1335 MHz, 34.70 W, 60, 0x0000000000000004
2026/10/07 01:10:46.089, 100 %, 1664 MiB, 4096 MiB, 1320 MHz, 35.93 W, 60, 0x0000000000000004
2026/10/07 01:10:48.093, 52 %, 725 MiB, 4096 MiB, 1395 MHz, 34.72 W, 60, 0x0000000000000004
2026/10/07 01:10:50.095, 1 %, 1673 MiB, 4096 MiB, 1350 MHz, 35.57 W, 60, 0x0000000000000004
2026/10/07 01:10:52.097, 100 %, 1664 MiB, 4096 MiB, 1425 MHz, 33.92 W, 60, 0x0000000000000004
2026/10/07 01:10:54.100, 100 %, 1664 MiB, 4096 MiB, 1380 MHz, 35.08 W, 60, 0x0000000000000004
2026/10/07 01:10:56.108, 100 %, 1664 MiB, 4096 MiB, 1380 MHz, 34.29 W, 60, 0x0000000000000004
2026/10/07 01:10:58.110, 100 %, 1664 MiB, 4096 MiB, 1380 MHz, 35.66 W, 60, 0x0000000000000004
2026/10/07 01:11:00.114, 100 %, 1664 MiB, 4096 MiB, 1380 MHz, 35.73 W, 60, 0x0000000000000004
2026/10/07 01:11:02.116, 100 %, 1664 MiB, 4096 MiB, 1395 MHz, 35.57 W, 60, 0x0000000000000004
2026/10/07 01:11:04.118, 100 %, 1664 MiB, 4096 MiB, 1395 MHz, 35.22 W, 60, 0x0000000000000004
2026/10/07 01:11:06.121, 98 %, 1663 MiB, 4096 MiB, 1785 MHz, 17.96 W, 57, 0x0000000000000000
2026/10/07 01:11:08.123, 0 %, 708 MiB, 4096 MiB, 855 MHz, 10.83 W, 56, 0x0000000000000001
2026/10/07 01:11:10.142, 35 %, 1882 MiB, 4096 MiB, 1365 MHz, 34.57 W, 60, 0x0000000000000004
2026/10/07 01:11:12.145, 100 %, 1874 MiB, 4096 MiB, 1380 MHz, 35.47 W, 60, 0x0000000000000004
2026/10/07 01:11:14.147, 13 %, 709 MiB, 4096 MiB, 1785 MHz, 17.96 W, 57, 0x0000000000000000
2026/10/07 01:11:16.149, 95 %, 1883 MiB, 4096 MiB, 1335 MHz, 35.59 W, 60, 0x0000000000000004
2026/10/07 01:11:18.152, 100 %, 1875 MiB, 4096 MiB, 1785 MHz, 17.93 W, 57, 0x0000000000000000
2026/10/07 01:11:20.154, 16 %, 1884 MiB, 4096 MiB, 1335 MHz, 35.58 W, 60, 0x0000000000000004
2026/10/07 01:11:22.158, 100 %, 1883 MiB, 4096 MiB, 1320 MHz, 35.23 W, 60, 0x0000000000000004
2026/10/07 01:11:24.161, 49 %, 711 MiB, 4096 MiB, 1785 MHz, 22.26 W, 57, 0x0000000000000000
2026/10/07 01:11:26.163, 38 %, 1983 MiB, 4096 MiB, 1320 MHz, 36.17 W, 60, 0x0000000000000004
2026/10/07 01:11:28.165, 100 %, 1975 MiB, 4096 MiB, 1335 MHz, 34.20 W, 59, 0x0000000000000004
2026/10/07 01:11:30.171, 100 %, 1975 MiB, 4096 MiB, 1500 MHz, 31.39 W, 60, 0x0000000000000004
2026/10/07 01:11:32.173, 100 %, 1975 MiB, 4096 MiB, 1365 MHz, 33.90 W, 60, 0x0000000000000004
2026/10/07 01:11:34.176, 100 %, 1975 MiB, 4096 MiB, 1335 MHz, 37.17 W, 60, 0x0000000000000004
2026/10/07 01:11:36.179, 100 %, 1974 MiB, 4096 MiB, 1335 MHz, 34.17 W, 60, 0x0000000000000004
2026/10/07 01:11:38.181, 31 %, 710 MiB, 4096 MiB, 1785 MHz, 18.84 W, 57, 0x0000000000000000
2026/10/07 01:11:40.183, 65 %, 1984 MiB, 4096 MiB, 1350 MHz, 34.13 W, 60, 0x0000000000000004
2026/10/07 01:11:42.186, 100 %, 1976 MiB, 4096 MiB, 1350 MHz, 37.44 W, 60, 0x0000000000000004
2026/10/07 01:11:44.189, 100 %, 1976 MiB, 4096 MiB, 1320 MHz, 35.47 W, 60, 0x0000000000000004
2026/10/07 01:11:46.191, 100 %, 1976 MiB, 4096 MiB, 1335 MHz, 34.41 W, 60, 0x0000000000000004
2026/10/07 01:11:48.194, 100 %, 1976 MiB, 4096 MiB, 1425 MHz, 34.09 W, 60, 0x0000000000000004
2026/10/07 01:11:50.200, 100 %, 1976 MiB, 4096 MiB, 1395 MHz, 34.58 W, 60, 0x0000000000000004
2026/10/07 01:11:52.202, 14 %, 711 MiB, 4096 MiB, 1785 MHz, 17.88 W, 57, 0x0000000000000000
2026/10/07 01:11:54.204, 100 %, 1985 MiB, 4096 MiB, 1395 MHz, 34.88 W, 60, 0x0000000000000004
2026/10/07 01:11:56.207, 100 %, 1977 MiB, 4096 MiB, 1380 MHz, 35.93 W, 60, 0x0000000000000004
2026/10/07 01:11:58.210, 100 %, 1977 MiB, 4096 MiB, 1395 MHz, 35.36 W, 60, 0x0000000000000004
2026/10/07 01:12:00.212, 100 %, 1977 MiB, 4096 MiB, 1395 MHz, 35.29 W, 60, 0x0000000000000004
2026/10/07 01:12:02.214, 100 %, 1977 MiB, 4096 MiB, 1395 MHz, 35.50 W, 60, 0x0000000000000004
2026/10/07 01:12:04.217, 100 %, 1977 MiB, 4096 MiB, 1395 MHz, 35.64 W, 60, 0x0000000000000004
2026/10/07 01:12:06.219, 18 %, 707 MiB, 4096 MiB, 1785 MHz, 17.94 W, 57, 0x0000000000000000
2026/10/07 01:12:08.221, 34 %, 1634 MiB, 4096 MiB, 1350 MHz, 31.83 W, 60, 0x0000000000000004
2026/10/07 01:12:10.224, 100 %, 1626 MiB, 4096 MiB, 1410 MHz, 34.25 W, 60, 0x0000000000000004
2026/10/07 01:12:12.230, 100 %, 1626 MiB, 4096 MiB, 1395 MHz, 35.16 W, 60, 0x0000000000000004
2026/10/07 01:12:14.233, 100 %, 1626 MiB, 4096 MiB, 1365 MHz, 35.41 W, 60, 0x0000000000000004
2026/10/07 01:12:16.242, 100 %, 1626 MiB, 4096 MiB, 1320 MHz, 35.58 W, 60, 0x0000000000000004
2026/10/07 01:12:18.245, 100 %, 1626 MiB, 4096 MiB, 1290 MHz, 35.32 W, 60, 0x0000000000000004
2026/10/07 01:12:20.255, 31 %, 1626 MiB, 4096 MiB, 1785 MHz, 17.92 W, 57, 0x0000000000000000
2026/10/07 01:12:22.257, 6 %, 709 MiB, 4096 MiB, 1785 MHz, 17.93 W, 57, 0x0000000000000000
2026/10/07 01:12:24.259, 100 %, 1636 MiB, 4096 MiB, 1350 MHz, 35.88 W, 60, 0x0000000000000004
2026/10/07 01:12:26.265, 100 %, 1628 MiB, 4096 MiB, 1395 MHz, 35.60 W, 60, 0x0000000000000004
2026/10/07 01:12:28.268, 100 %, 1628 MiB, 4096 MiB, 1380 MHz, 35.27 W, 60, 0x0000000000000004
2026/10/07 01:12:30.272, 100 %, 1628 MiB, 4096 MiB, 1380 MHz, 35.23 W, 60, 0x0000000000000004
2026/10/07 01:12:32.274, 100 %, 1628 MiB, 4096 MiB, 1425 MHz, 35.39 W, 60, 0x0000000000000004
2026/10/07 01:12:34.277, 100 %, 1628 MiB, 4096 MiB, 1785 MHz, 35.82 W, 58, 0x0000000000000000
2026/10/07 01:12:36.284, 15 %, 708 MiB, 4096 MiB, 1785 MHz, 17.93 W, 57, 0x0000000000000000
2026/10/07 01:12:38.286, 51 %, 1627 MiB, 4096 MiB, 1395 MHz, 32.32 W, 59, 0x0000000000000004
2026/10/07 01:12:40.289, 100 %, 1627 MiB, 4096 MiB, 1395 MHz, 33.98 W, 60, 0x0000000000000004
2026/10/07 01:12:42.293, 100 %, 1627 MiB, 4096 MiB, 1365 MHz, 35.00 W, 60, 0x0000000000000004
2026/10/07 01:12:44.296, 100 %, 1627 MiB, 4096 MiB, 1365 MHz, 35.86 W, 60, 0x0000000000000004
2026/10/07 01:12:46.298, 100 %, 1627 MiB, 4096 MiB, 1260 MHz, 35.50 W, 60, 0x0000000000000004
2026/10/07 01:12:48.305, 100 %, 1627 MiB, 4096 MiB, 1305 MHz, 34.12 W, 60, 0x0000000000000004
2026/10/07 01:12:50.308, 14 %, 1629 MiB, 4096 MiB, 1785 MHz, 18.02 W, 57, 0x0000000000000000
2026/10/07 01:12:52.310, 42 %, 1934 MiB, 4096 MiB, 1080 MHz, 26.33 W, 57, 0x0000000000000001
2026/10/07 01:12:54.327, 100 %, 1925 MiB, 4096 MiB, 1335 MHz, 33.34 W, 60, 0x0000000000000004
2026/10/07 01:12:56.332, 79 %, 1925 MiB, 4096 MiB, 1785 MHz, 17.99 W, 57, 0x0000000000000000
2026/10/07 01:12:58.334, 68 %, 1935 MiB, 4096 MiB, 1350 MHz, 35.48 W, 60, 0x0000000000000004
2026/10/07 01:13:00.337, 100 %, 1934 MiB, 4096 MiB, 1350 MHz, 35.17 W, 60, 0x0000000000000004
2026/10/07 01:13:02.339, 16 %, 1935 MiB, 4096 MiB, 1350 MHz, 41.13 W, 59, 0x0000000000000004
2026/10/07 01:13:04.343, 100 %, 1935 MiB, 4096 MiB, 1350 MHz, 36.61 W, 60, 0x0000000000000004
2026/10/07 01:13:06.345, 65 %, 1929 MiB, 4096 MiB, 1785 MHz, 17.94 W, 57, 0x0000000000000000
2026/10/07 01:13:08.347, 53 %, 1979 MiB, 4096 MiB, 1230 MHz, 35.38 W, 59, 0x0000000000000004
2026/10/07 01:13:10.350, 100 %, 1971 MiB, 4096 MiB, 1365 MHz, 34.56 W, 60, 0x0000000000000004
2026/10/07 01:13:12.354, 100 %, 1971 MiB, 4096 MiB, 1380 MHz, 35.35 W, 60, 0x0000000000000004
2026/10/07 01:13:14.356, 100 %, 1971 MiB, 4096 MiB, 1425 MHz, 35.35 W, 60, 0x0000000000000004
2026/10/07 01:13:16.359, 100 %, 1971 MiB, 4096 MiB, 1395 MHz, 35.55 W, 60, 0x0000000000000004
2026/10/07 01:13:18.361, 100 %, 1971 MiB, 4096 MiB, 1380 MHz, 35.16 W, 60, 0x0000000000000004
2026/10/07 01:13:20.364, 17 %, 713 MiB, 4096 MiB, 1785 MHz, 29.31 W, 57, 0x0000000000000000
2026/10/07 01:13:22.373, 100 %, 1980 MiB, 4096 MiB, 1335 MHz, 36.33 W, 60, 0x0000000000000004
2026/10/07 01:13:24.376, 100 %, 1971 MiB, 4096 MiB, 1350 MHz, 35.13 W, 60, 0x0000000000000004
2026/10/07 01:13:26.380, 100 %, 1971 MiB, 4096 MiB, 1440 MHz, 35.00 W, 60, 0x0000000000000004
2026/10/07 01:13:28.383, 100 %, 1971 MiB, 4096 MiB, 1395 MHz, 33.22 W, 60, 0x0000000000000004
2026/10/07 01:13:30.385, 100 %, 1971 MiB, 4096 MiB, 1380 MHz, 34.81 W, 60, 0x0000000000000004
2026/10/07 01:13:32.387, 100 %, 1971 MiB, 4096 MiB, 1380 MHz, 35.75 W, 60, 0x0000000000000004
2026/10/07 01:13:34.390, 16 %, 1835 MiB, 4096 MiB, 1350 MHz, 35.69 W, 60, 0x0000000000000004
2026/10/07 01:13:36.395, 100 %, 1977 MiB, 4096 MiB, 1305 MHz, 34.42 W, 60, 0x0000000000000004
2026/10/07 01:13:38.398, 100 %, 1969 MiB, 4096 MiB, 1335 MHz, 34.85 W, 59, 0x0000000000000004
2026/10/07 01:13:40.401, 100 %, 1969 MiB, 4096 MiB, 1395 MHz, 33.56 W, 60, 0x0000000000000004
2026/10/07 01:13:42.411, 100 %, 1969 MiB, 4096 MiB, 1350 MHz, 30.59 W, 60, 0x0000000000000004
2026/10/07 01:13:44.413, 100 %, 1969 MiB, 4096 MiB, 1335 MHz, 34.37 W, 60, 0x0000000000000004
2026/10/07 01:13:46.419, 71 %, 1969 MiB, 4096 MiB, 1785 MHz, 17.98 W, 57, 0x0000000000000000
2026/10/07 01:13:48.421, 0 %, 1586 MiB, 4096 MiB, 975 MHz, 13.76 W, 57, 0x0000000000000001
2026/10/07 01:13:50.439, 100 %, 1634 MiB, 4096 MiB, 1380 MHz, 35.25 W, 60, 0x0000000000000004
2026/10/07 01:13:52.442, 100 %, 1626 MiB, 4096 MiB, 1380 MHz, 35.27 W, 60, 0x0000000000000004
2026/10/07 01:13:54.444, 100 %, 1626 MiB, 4096 MiB, 1365 MHz, 36.09 W, 60, 0x0000000000000004
2026/10/07 01:13:56.447, 100 %, 1626 MiB, 4096 MiB, 1260 MHz, 34.93 W, 60, 0x0000000000000004
2026/10/07 01:13:58.449, 100 %, 1626 MiB, 4096 MiB, 1275 MHz, 35.56 W, 60, 0x0000000000000004
2026/10/07 01:14:00.452, 81 %, 1626 MiB, 4096 MiB, 1785 MHz, 18.01 W, 58, 0x0000000000000000
2026/10/07 01:14:02.454, 5 %, 1587 MiB, 4096 MiB, 1365 MHz, 33.71 W, 59, 0x0000000000000004
2026/10/07 01:14:04.456, 100 %, 1636 MiB, 4096 MiB, 1290 MHz, 35.82 W, 60, 0x0000000000000004
2026/10/07 01:14:06.462, 100 %, 1626 MiB, 4096 MiB, 1260 MHz, 35.24 W, 60, 0x0000000000000004
2026/10/07 01:14:08.464, 100 %, 1626 MiB, 4096 MiB, 1335 MHz, 34.13 W, 60, 0x0000000000000004
2026/10/07 01:14:10.472, 100 %, 1626 MiB, 4096 MiB, 1485 MHz, 31.69 W, 60, 0x0000000000000004
2026/10/07 01:14:12.475, 100 %, 1626 MiB, 4096 MiB, 1335 MHz, 33.78 W, 60, 0x0000000000000004
2026/10/07 01:14:14.483, 61 %, 1626 MiB, 4096 MiB, 1785 MHz, 18.00 W, 58, 0x0000000000000000
2026/10/07 01:14:16.485, 41 %, 1635 MiB, 4096 MiB, 1365 MHz, 36.58 W, 60, 0x0000000000000004
2026/10/07 01:14:18.488, 100 %, 1635 MiB, 4096 MiB, 1350 MHz, 35.18 W, 60, 0x0000000000000004
2026/10/07 01:14:20.490, 100 %, 1627 MiB, 4096 MiB, 1350 MHz, 35.90 W, 60, 0x0000000000000004
2026/10/07 01:14:22.498, 100 %, 1627 MiB, 4096 MiB, 1350 MHz, 34.95 W, 60, 0x0000000000000004
2026/10/07 01:14:24.500, 100 %, 1627 MiB, 4096 MiB, 1380 MHz, 34.65 W, 60, 0x0000000000000004
2026/10/07 01:14:26.508, 100 %, 1627 MiB, 4096 MiB, 1380 MHz, 34.10 W, 60, 0x0000000000000004
2026/10/07 01:14:28.511, 100 %, 1628 MiB, 4096 MiB, 1785 MHz, 17.99 W, 57, 0x0000000000000000
2026/10/07 01:14:30.513, 0 %, 729 MiB, 4096 MiB, 1785 MHz, 17.23 W, 57, 0x0000000000000000
2026/10/07 01:14:32.515, 62 %, 2078 MiB, 4096 MiB, 1395 MHz, 35.74 W, 60, 0x0000000000000004
2026/10/07 01:14:34.517, 100 %, 2078 MiB, 4096 MiB, 1395 MHz, 35.57 W, 60, 0x0000000000000004
2026/10/07 01:14:36.520, 100 %, 2076 MiB, 4096 MiB, 1365 MHz, 36.59 W, 60, 0x0000000000000004
2026/10/07 01:14:38.522, 100 %, 2076 MiB, 4096 MiB, 1785 MHz, 17.91 W, 57, 0x0000000000000000
2026/10/07 01:14:40.524, 44 %, 2086 MiB, 4096 MiB, 1365 MHz, 35.55 W, 60, 0x0000000000000004
2026/10/07 01:14:42.527, 100 %, 2085 MiB, 4096 MiB, 1350 MHz, 35.74 W, 60, 0x0000000000000004
2026/10/07 01:14:44.530, 100 %, 2077 MiB, 4096 MiB, 1380 MHz, 35.11 W, 60, 0x0000000000000004
2026/10/07 01:14:46.532, 100 %, 2077 MiB, 4096 MiB, 1335 MHz, 35.27 W, 60, 0x0000000000000004
2026/10/07 01:14:48.535, 59 %, 729 MiB, 4096 MiB, 1395 MHz, 35.22 W, 59, 0x0000000000000004
2026/10/07 01:14:50.537, 39 %, 2086 MiB, 4096 MiB, 1455 MHz, 34.15 W, 60, 0x0000000000000004
2026/10/07 01:14:52.540, 100 %, 2078 MiB, 4096 MiB, 1380 MHz, 34.28 W, 60, 0x0000000000000004
2026/10/07 01:14:54.547, 100 %, 2078 MiB, 4096 MiB, 1380 MHz, 35.17 W, 60, 0x0000000000000004
2026/10/07 01:14:56.549, 100 %, 2078 MiB, 4096 MiB, 1785 MHz, 18.01 W, 58, 0x0000000000000000
2026/10/07 01:14:58.551, 6 %, 730 MiB, 4096 MiB, 1785 MHz, 17.98 W, 57, 0x0000000000000000
2026/10/07 01:15:00.554, 82 %, 2243 MiB, 4096 MiB, 1380 MHz, 35.02 W, 60, 0x0000000000000004
2026/10/07 01:15:02.556, 100 %, 2235 MiB, 4096 MiB, 1380 MHz, 34.25 W, 60, 0x0000000000000004
2026/10/07 01:15:04.559, 100 %, 2235 MiB, 4096 MiB, 1380 MHz, 35.08 W, 60, 0x0000000000000004
2026/10/07 01:15:06.564, 100 %, 2233 MiB, 4096 MiB, 1395 MHz, 35.90 W, 60, 0x0000000000000004
2026/10/07 01:15:08.566, 100 %, 2233 MiB, 4096 MiB, 1380 MHz, 35.46 W, 60, 0x0000000000000004
2026/10/07 01:15:10.569, 100 %, 2233 MiB, 4096 MiB, 1395 MHz, 35.46 W, 60, 0x0000000000000004
2026/10/07 01:15:12.573, 100 %, 2233 MiB, 4096 MiB, 1395 MHz, 35.32 W, 60, 0x0000000000000004
2026/10/07 01:15:14.575, 100 %, 2233 MiB, 4096 MiB, 1395 MHz, 35.73 W, 60, 0x0000000000000004
2026/10/07 01:15:16.578, 100 %, 2233 MiB, 4096 MiB, 1425 MHz, 35.45 W, 60, 0x0000000000000004
2026/10/07 01:15:18.583, 100 %, 2233 MiB, 4096 MiB, 1395 MHz, 35.95 W, 60, 0x0000000000000004
2026/10/07 01:15:20.585, 100 %, 2233 MiB, 4096 MiB, 1380 MHz, 35.35 W, 60, 0x0000000000000004
2026/10/07 01:15:22.594, 100 %, 2233 MiB, 4096 MiB, 1365 MHz, 35.63 W, 60, 0x0000000000000004
2026/10/07 01:15:24.596, 100 %, 2233 MiB, 4096 MiB, 1260 MHz, 35.59 W, 60, 0x0000000000000004
2026/10/07 01:15:26.607, 100 %, 2233 MiB, 4096 MiB, 1290 MHz, 35.29 W, 60, 0x0000000000000004
2026/10/07 01:15:28.609, 100 %, 2233 MiB, 4096 MiB, 1380 MHz, 34.00 W, 60, 0x0000000000000004
2026/10/07 01:15:30.618, 100 %, 2233 MiB, 4096 MiB, 1410 MHz, 31.54 W, 60, 0x0000000000000004
2026/10/07 01:15:32.620, 100 %, 2233 MiB, 4096 MiB, 1350 MHz, 33.78 W, 60, 0x0000000000000004
2026/10/07 01:15:34.623, 100 %, 2233 MiB, 4096 MiB, 1785 MHz, 18.01 W, 58, 0x0000000000000000
2026/10/07 01:15:36.625, 36 %, 732 MiB, 4096 MiB, 1785 MHz, 18.00 W, 57, 0x0000000000000000
2026/10/07 01:15:38.628, 100 %, 2240 MiB, 4096 MiB, 1365 MHz, 35.51 W, 60, 0x0000000000000004
2026/10/07 01:15:40.631, 100 %, 2232 MiB, 4096 MiB, 1380 MHz, 35.45 W, 60, 0x0000000000000004
2026/10/07 01:15:42.634, 100 %, 2232 MiB, 4096 MiB, 1380 MHz, 35.48 W, 60, 0x0000000000000004
2026/10/07 01:15:44.642, 100 %, 2232 MiB, 4096 MiB, 1395 MHz, 35.20 W, 60, 0x0000000000000004
2026/10/07 01:15:46.644, 100 %, 2232 MiB, 4096 MiB, 1395 MHz, 35.49 W, 60, 0x0000000000000004
2026/10/07 01:15:48.650, 100 %, 2232 MiB, 4096 MiB, 1410 MHz, 35.71 W, 60, 0x0000000000000004
2026/10/07 01:15:50.653, 100 %, 2232 MiB, 4096 MiB, 1395 MHz, 35.62 W, 60, 0x0000000000000004
2026/10/07 01:15:52.655, 100 %, 2232 MiB, 4096 MiB, 1380 MHz, 35.61 W, 60, 0x0000000000000004
2026/10/07 01:15:54.662, 100 %, 2232 MiB, 4096 MiB, 1380 MHz, 35.31 W, 60, 0x0000000000000004
2026/10/07 01:15:56.665, 100 %, 2232 MiB, 4096 MiB, 1260 MHz, 34.97 W, 60, 0x0000000000000004
2026/10/07 01:15:58.673, 100 %, 2232 MiB, 4096 MiB, 1290 MHz, 35.30 W, 60, 0x0000000000000004
2026/10/07 01:16:00.675, 100 %, 2232 MiB, 4096 MiB, 1350 MHz, 34.50 W, 60, 0x0000000000000004
2026/10/07 01:16:02.684, 100 %, 2232 MiB, 4096 MiB, 1470 MHz, 33.29 W, 60, 0x0000000000000004
2026/10/07 01:16:04.686, 100 %, 2232 MiB, 4096 MiB, 1350 MHz, 31.96 W, 60, 0x0000000000000004
2026/10/07 01:16:06.694, 100 %, 2232 MiB, 4096 MiB, 1335 MHz, 34.59 W, 60, 0x0000000000000004
2026/10/07 01:16:08.696, 100 %, 2231 MiB, 4096 MiB, 1350 MHz, 35.72 W, 60, 0x0000000000000004
2026/10/07 01:16:10.699, 100 %, 2231 MiB, 4096 MiB, 1320 MHz, 34.78 W, 60, 0x0000000000000004
2026/10/07 01:16:12.701, 93 %, 2231 MiB, 4096 MiB, 1785 MHz, 18.02 W, 58, 0x0000000000000000
2026/10/07 01:16:14.703, 49 %, 2010 MiB, 4096 MiB, 1350 MHz, 35.48 W, 60, 0x0000000000000004
2026/10/07 01:16:16.706, 100 %, 2241 MiB, 4096 MiB, 1290 MHz, 35.66 W, 60, 0x0000000000000004
2026/10/07 01:16:18.709, 100 %, 2233 MiB, 4096 MiB, 1305 MHz, 35.21 W, 60, 0x0000000000000004
2026/10/07 01:16:20.711, 100 %, 2233 MiB, 4096 MiB, 1470 MHz, 33.99 W, 60, 0x0000000000000004
2026/10/07 01:16:22.718, 100 %, 2233 MiB, 4096 MiB, 1395 MHz, 31.87 W, 60, 0x0000000000000004
2026/10/07 01:16:24.720, 100 %, 2233 MiB, 4096 MiB, 1320 MHz, 33.13 W, 60, 0x0000000000000004
2026/10/07 01:16:26.728, 100 %, 2233 MiB, 4096 MiB, 1335 MHz, 36.04 W, 60, 0x0000000000000004
2026/10/07 01:16:28.730, 100 %, 2233 MiB, 4096 MiB, 1320 MHz, 35.27 W, 60, 0x0000000000000004
2026/10/07 01:16:30.740, 100 %, 2233 MiB, 4096 MiB, 1305 MHz, 34.94 W, 60, 0x0000000000000004
2026/10/07 01:16:32.743, 100 %, 2233 MiB, 4096 MiB, 1335 MHz, 34.53 W, 60, 0x0000000000000004
2026/10/07 01:16:34.745, 100 %, 2233 MiB, 4096 MiB, 1425 MHz, 34.62 W, 60, 0x0000000000000004
2026/10/07 01:16:36.748, 100 %, 2233 MiB, 4096 MiB, 1380 MHz, 34.54 W, 60, 0x0000000000000004
2026/10/07 01:16:38.750, 100 %, 2233 MiB, 4096 MiB, 1380 MHz, 33.88 W, 60, 0x0000000000000004
2026/10/07 01:16:40.753, 100 %, 2233 MiB, 4096 MiB, 1380 MHz, 34.65 W, 60, 0x0000000000000004
2026/10/07 01:16:42.755, 100 %, 2233 MiB, 4096 MiB, 1380 MHz, 35.55 W, 60, 0x0000000000000004
2026/10/07 01:16:44.758, 100 %, 2232 MiB, 4096 MiB, 1380 MHz, 35.39 W, 60, 0x0000000000000004
2026/10/07 01:16:46.761, 100 %, 2232 MiB, 4096 MiB, 1395 MHz, 35.24 W, 60, 0x0000000000000004
2026/10/07 01:16:48.763, 100 %, 2232 MiB, 4096 MiB, 1395 MHz, 35.35 W, 60, 0x0000000000000004
2026/10/07 01:16:50.765, 34 %, 2232 MiB, 4096 MiB, 1785 MHz, 17.98 W, 57, 0x0000000000000000
2026/10/07 01:16:52.767, 32 %, 733 MiB, 4096 MiB, 1785 MHz, 17.97 W, 57, 0x0000000000000000
2026/10/07 01:16:54.770, 100 %, 1727 MiB, 4096 MiB, 1335 MHz, 35.69 W, 60, 0x0000000000000004
2026/10/07 01:16:56.773, 100 %, 1719 MiB, 4096 MiB, 1425 MHz, 33.82 W, 60, 0x0000000000000004
2026/10/07 01:16:58.783, 100 %, 1719 MiB, 4096 MiB, 1350 MHz, 30.76 W, 60, 0x0000000000000004
2026/10/07 01:17:00.786, 100 %, 1719 MiB, 4096 MiB, 1350 MHz, 34.46 W, 60, 0x0000000000000004
2026/10/07 01:17:02.788, 100 %, 1719 MiB, 4096 MiB, 1320 MHz, 36.33 W, 60, 0x0000000000000004
2026/10/07 01:17:04.791, 100 %, 1719 MiB, 4096 MiB, 1320 MHz, 35.00 W, 60, 0x0000000000000004
2026/10/07 01:17:06.793, 100 %, 1719 MiB, 4096 MiB, 1335 MHz, 34.50 W, 60, 0x0000000000000004
2026/10/07 01:17:08.796, 100 %, 1719 MiB, 4096 MiB, 1425 MHz, 33.49 W, 60, 0x0000000000000004
2026/10/07 01:17:10.799, 100 %, 1719 MiB, 4096 MiB, 1395 MHz, 34.53 W, 60, 0x0000000000000004
2026/10/07 01:17:12.801, 100 %, 1719 MiB, 4096 MiB, 1380 MHz, 34.16 W, 60, 0x0000000000000004
2026/10/07 01:17:14.804, 100 %, 1719 MiB, 4096 MiB, 1380 MHz, 35.24 W, 60, 0x0000000000000004
2026/10/07 01:17:16.806, 100 %, 1719 MiB, 4096 MiB, 1380 MHz, 35.41 W, 60, 0x0000000000000004
2026/10/07 01:17:18.809, 100 %, 1719 MiB, 4096 MiB, 1395 MHz, 35.37 W, 60, 0x0000000000000004
2026/10/07 01:17:20.811, 100 %, 1719 MiB, 4096 MiB, 1395 MHz, 35.14 W, 60, 0x0000000000000004
2026/10/07 01:17:22.814, 100 %, 1718 MiB, 4096 MiB, 1395 MHz, 35.57 W, 60, 0x0000000000000004
2026/10/07 01:17:24.817, 100 %, 1718 MiB, 4096 MiB, 1410 MHz, 35.68 W, 60, 0x0000000000000004
2026/10/07 01:17:26.820, 100 %, 1718 MiB, 4096 MiB, 1395 MHz, 35.49 W, 60, 0x0000000000000004
2026/10/07 01:17:28.823, 94 %, 1718 MiB, 4096 MiB, 1785 MHz, 33.90 W, 58, 0x0000000000000000
2026/10/07 01:17:30.826, 48 %, 733 MiB, 4096 MiB, 1785 MHz, 18.01 W, 57, 0x0000000000000000
2026/10/07 01:17:32.828, 58 %, 1649 MiB, 4096 MiB, 1455 MHz, 35.55 W, 59, 0x0000000000000004
2026/10/07 01:17:34.832, 100 %, 1719 MiB, 4096 MiB, 1380 MHz, 34.42 W, 60, 0x0000000000000004
2026/10/07 01:17:36.834, 100 %, 1719 MiB, 4096 MiB, 1380 MHz, 34.67 W, 60, 0x0000000000000004
2026/10/07 01:17:38.838, 100 %, 1719 MiB, 4096 MiB, 1380 MHz, 35.99 W, 60, 0x0000000000000004
2026/10/07 01:17:40.841, 100 %, 1719 MiB, 4096 MiB, 1380 MHz, 35.32 W, 60, 0x0000000000000004
2026/10/07 01:17:42.843, 100 %, 1719 MiB, 4096 MiB, 1380 MHz, 35.43 W, 60, 0x0000000000000004
2026/10/07 01:17:44.845, 100 %, 1719 MiB, 4096 MiB, 1395 MHz, 35.44 W, 60, 0x0000000000000004
2026/10/07 01:17:46.847, 100 %, 1719 MiB, 4096 MiB, 1380 MHz, 35.47 W, 60, 0x0000000000000004
2026/10/07 01:17:48.850, 100 %, 1719 MiB, 4096 MiB, 1380 MHz, 35.28 W, 60, 0x0000000000000004
2026/10/07 01:17:50.852, 100 %, 1719 MiB, 4096 MiB, 1395 MHz, 35.38 W, 60, 0x0000000000000004
2026/10/07 01:17:52.855, 100 %, 1719 MiB, 4096 MiB, 1380 MHz, 35.43 W, 60, 0x0000000000000004
2026/10/07 01:17:54.857, 100 %, 1719 MiB, 4096 MiB, 1365 MHz, 35.73 W, 60, 0x0000000000000004
2026/10/07 01:17:56.865, 100 %, 1719 MiB, 4096 MiB, 1365 MHz, 35.88 W, 60, 0x0000000000000004
2026/10/07 01:17:58.867, 100 %, 1719 MiB, 4096 MiB, 1245 MHz, 35.50 W, 60, 0x0000000000000004
2026/10/07 01:18:00.876, 100 %, 1719 MiB, 4096 MiB, 1290 MHz, 33.91 W, 60, 0x0000000000000004
2026/10/07 01:18:02.879, 100 %, 1718 MiB, 4096 MiB, 1365 MHz, 34.94 W, 60, 0x0000000000000004
2026/10/07 01:18:04.887, 100 %, 1718 MiB, 4096 MiB, 1440 MHz, 33.73 W, 60, 0x0000000000000004
2026/10/07 01:18:06.889, 100 %, 1718 MiB, 4096 MiB, 1320 MHz, 30.59 W, 60, 0x0000000000000004
2026/10/07 01:18:08.897, 43 %, 733 MiB, 4096 MiB, 1425 MHz, 37.87 W, 60, 0x0000000000000004
2026/10/07 01:18:10.906, 11 %, 1649 MiB, 4096 MiB, 1350 MHz, 22.60 W, 59, 0x0000000000000004
2026/10/07 01:18:12.915, 100 %, 1719 MiB, 4096 MiB, 1380 MHz, 34.76 W, 60, 0x0000000000000004
2026/10/07 01:18:14.918, 100 %, 1719 MiB, 4096 MiB, 1260 MHz, 35.58 W, 60, 0x0000000000000004
2026/10/07 01:18:16.927, 100 %, 1719 MiB, 4096 MiB, 1275 MHz, 35.09 W, 60, 0x0000000000000004
2026/10/07 01:18:18.930, 100 %, 1719 MiB, 4096 MiB, 1380 MHz, 33.65 W, 60, 0x0000000000000004
2026/10/07 01:18:20.939, 100 %, 1719 MiB, 4096 MiB, 1395 MHz, 30.93 W, 60, 0x0000000000000004
2026/10/07 01:18:22.942, 100 %, 1719 MiB, 4096 MiB, 1350 MHz, 34.31 W, 60, 0x0000000000000004
2026/10/07 01:18:24.945, 100 %, 1719 MiB, 4096 MiB, 1335 MHz, 36.14 W, 60, 0x0000000000000004
2026/10/07 01:18:26.947, 100 %, 1719 MiB, 4096 MiB, 1320 MHz, 34.79 W, 60, 0x0000000000000004
2026/10/07 01:18:28.950, 100 %, 1719 MiB, 4096 MiB, 1335 MHz, 35.48 W, 60, 0x0000000000000004
2026/10/07 01:18:30.960, 100 %, 1719 MiB, 4096 MiB, 1335 MHz, 34.72 W, 60, 0x0000000000000004
2026/10/07 01:18:32.962, 100 %, 1719 MiB, 4096 MiB, 1395 MHz, 34.42 W, 60, 0x0000000000000004
2026/10/07 01:18:34.970, 100 %, 1719 MiB, 4096 MiB, 1380 MHz, 33.66 W, 60, 0x0000000000000004
2026/10/07 01:18:36.972, 100 %, 1719 MiB, 4096 MiB, 1380 MHz, 34.88 W, 60, 0x0000000000000004
2026/10/07 01:18:38.975, 100 %, 1719 MiB, 4096 MiB, 1380 MHz, 35.46 W, 60, 0x0000000000000004
2026/10/07 01:18:40.977, 100 %, 1718 MiB, 4096 MiB, 1380 MHz, 35.42 W, 60, 0x0000000000000004
2026/10/07 01:18:42.980, 100 %, 1718 MiB, 4096 MiB, 1410 MHz, 35.15 W, 60, 0x0000000000000004
2026/10/07 01:18:44.985, 100 %, 1718 MiB, 4096 MiB, 1395 MHz, 35.39 W, 60, 0x0000000000000004
2026/10/07 01:18:46.988, 72 %, 1718 MiB, 4096 MiB, 1785 MHz, 18.03 W, 58, 0x0000000000000000
2026/10/07 01:18:48.990, 4 %, 733 MiB, 4096 MiB, 1410 MHz, 26.07 W, 59, 0x0000000000000004
2026/10/07 01:18:50.992, 55 %, 2023 MiB, 4096 MiB, 1365 MHz, 34.69 W, 60, 0x0000000000000004
2026/10/07 01:18:52.997, 100 %, 2015 MiB, 4096 MiB, 1380 MHz, 33.91 W, 60, 0x0000000000000004
2026/10/07 01:18:55.000, 10 %, 734 MiB, 4096 MiB, 1695 MHz, 17.39 W, 57, 0x0000000000000001
2026/10/07 01:18:57.013, 100 %, 2024 MiB, 4096 MiB, 1395 MHz, 35.63 W, 60, 0x0000000000000004
2026/10/07 01:18:59.015, 100 %, 2016 MiB, 4096 MiB, 1785 MHz, 18.03 W, 58, 0x0000000000000000
2026/10/07 01:19:01.017, 48 %, 2025 MiB, 4096 MiB, 1365 MHz, 34.36 W, 60, 0x0000000000000004
2026/10/07 01:19:03.021, 100 %, 2024 MiB, 4096 MiB, 1395 MHz, 34.74 W, 60, 0x0000000000000004
2026/10/07 01:19:05.024, 71 %, 2017 MiB, 4096 MiB, 1785 MHz, 18.08 W, 57, 0x0000000000000000
2026/10/07 01:19:07.026, 37 %, 2105 MiB, 4096 MiB, 1350 MHz, 35.45 W, 60, 0x0000000000000004
2026/10/07 01:19:09.033, 100 %, 2097 MiB, 4096 MiB, 1350 MHz, 35.49 W, 60, 0x0000000000000004
2026/10/07 01:19:11.035, 100 %, 2097 MiB, 4096 MiB, 1425 MHz, 35.12 W, 60, 0x0000000000000004
2026/10/07 01:19:13.038, 100 %, 2097 MiB, 4096 MiB, 1395 MHz, 34.54 W, 60, 0x0000000000000004
2026/10/07 01:19:15.041, 100 %, 2097 MiB, 4096 MiB, 1395 MHz, 34.19 W, 60, 0x0000000000000004
2026/10/07 01:19:17.044, 100 %, 2097 MiB, 4096 MiB, 1380 MHz, 35.32 W, 60, 0x0000000000000004
2026/10/07 01:19:19.046, 100 %, 2096 MiB, 4096 MiB, 1380 MHz, 35.58 W, 60, 0x0000000000000004
2026/10/07 01:19:21.050, 100 %, 2096 MiB, 4096 MiB, 1380 MHz, 35.45 W, 60, 0x0000000000000004
2026/10/07 01:19:23.053, 100 %, 2096 MiB, 4096 MiB, 1380 MHz, 35.46 W, 60, 0x0000000000000004
2026/10/07 01:19:25.055, 100 %, 2096 MiB, 4096 MiB, 1380 MHz, 35.32 W, 60, 0x0000000000000004
2026/10/07 01:19:27.064, 100 %, 2096 MiB, 4096 MiB, 1395 MHz, 35.00 W, 60, 0x0000000000000004
2026/10/07 01:19:29.066, 100 %, 2096 MiB, 4096 MiB, 1395 MHz, 35.25 W, 60, 0x0000000000000004
2026/10/07 01:19:31.071, 100 %, 2096 MiB, 4096 MiB, 1410 MHz, 35.87 W, 60, 0x0000000000000004
2026/10/07 01:19:33.073, 100 %, 2096 MiB, 4096 MiB, 1785 MHz, 33.14 W, 59, 0x0000000000000004
2026/10/07 01:19:35.075, 49 %, 735 MiB, 4096 MiB, 1785 MHz, 18.02 W, 57, 0x0000000000000000
2026/10/07 01:19:37.078, 100 %, 2106 MiB, 4096 MiB, 1380 MHz, 35.43 W, 60, 0x0000000000000004
2026/10/07 01:19:39.080, 100 %, 2098 MiB, 4096 MiB, 1380 MHz, 35.50 W, 60, 0x0000000000000004
2026/10/07 01:19:41.083, 100 %, 2098 MiB, 4096 MiB, 1395 MHz, 35.32 W, 60, 0x0000000000000004
2026/10/07 01:19:43.085, 100 %, 2098 MiB, 4096 MiB, 1395 MHz, 35.39 W, 60, 0x0000000000000004
2026/10/07 01:19:45.088, 100 %, 2098 MiB, 4096 MiB, 1395 MHz, 35.25 W, 60, 0x0000000000000004
2026/10/07 01:19:47.090, 100 %, 2098 MiB, 4096 MiB, 1410 MHz, 35.52 W, 60, 0x0000000000000004
2026/10/07 01:19:49.092, 100 %, 2096 MiB, 4096 MiB, 1410 MHz, 35.82 W, 60, 0x0000000000000004
2026/10/07 01:19:51.095, 100 %, 2096 MiB, 4096 MiB, 1395 MHz, 35.06 W, 60, 0x0000000000000004
2026/10/07 01:19:53.097, 100 %, 2096 MiB, 4096 MiB, 1380 MHz, 35.62 W, 60, 0x0000000000000004
2026/10/07 01:19:55.100, 100 %, 2096 MiB, 4096 MiB, 1380 MHz, 35.13 W, 60, 0x0000000000000004
2026/10/07 01:19:57.102, 100 %, 2096 MiB, 4096 MiB, 1260 MHz, 35.04 W, 60, 0x0000000000000004
2026/10/07 01:19:59.105, 100 %, 2096 MiB, 4096 MiB, 1290 MHz, 35.17 W, 60, 0x0000000000000004
2026/10/07 01:20:01.108, 100 %, 2096 MiB, 4096 MiB, 1335 MHz, 34.83 W, 60, 0x0000000000000004
2026/10/07 01:20:03.110, 10 %, 733 MiB, 4096 MiB, 1395 MHz, 36.34 W, 60, 0x0000000000000004
2026/10/07 01:20:05.113, 94 %, 2104 MiB, 4096 MiB, 1290 MHz, 36.20 W, 60, 0x0000000000000004
2026/10/07 01:20:07.115, 100 %, 2096 MiB, 4096 MiB, 1290 MHz, 35.22 W, 60, 0x0000000000000004
2026/10/07 01:20:09.122, 100 %, 2096 MiB, 4096 MiB, 1320 MHz, 33.82 W, 60, 0x0000000000000004
2026/10/07 01:20:11.125, 100 %, 2096 MiB, 4096 MiB, 1380 MHz, 31.54 W, 60, 0x0000000000000004
2026/10/07 01:20:13.135, 100 %, 2096 MiB, 4096 MiB, 1350 MHz, 33.67 W, 60, 0x0000000000000004
2026/10/07 01:20:15.138, 100 %, 2096 MiB, 4096 MiB, 1335 MHz, 37.09 W, 60, 0x0000000000000004
2026/10/07 01:20:17.143, 100 %, 2096 MiB, 4096 MiB, 1335 MHz, 34.97 W, 60, 0x0000000000000004
2026/10/07 01:20:19.146, 100 %, 2096 MiB, 4096 MiB, 1320 MHz, 37.06 W, 60, 0x0000000000000004
2026/10/07 01:20:21.148, 100 %, 2096 MiB, 4096 MiB, 1335 MHz, 34.82 W, 60, 0x0000000000000004
2026/10/07 01:20:23.151, 100 %, 2096 MiB, 4096 MiB, 1380 MHz, 34.46 W, 59, 0x0000000000000004
2026/10/07 01:20:25.153, 100 %, 2096 MiB, 4096 MiB, 1380 MHz, 34.30 W, 60, 0x0000000000000004
2026/10/07 01:20:27.163, 100 %, 2096 MiB, 4096 MiB, 1380 MHz, 34.43 W, 60, 0x0000000000000004
2026/10/07 01:20:29.165, 100 %, 2096 MiB, 4096 MiB, 1380 MHz, 35.57 W, 60, 0x0000000000000004
2026/10/07 01:20:31.168, 37 %, 2096 MiB, 4096 MiB, 1785 MHz, 18.03 W, 57, 0x0000000000000000
2026/10/07 01:20:33.170, 17 %, 732 MiB, 4096 MiB, 1785 MHz, 17.98 W, 57, 0x0000000000000000
2026/10/07 01:20:35.172, 100 %, 1681 MiB, 4096 MiB, 1350 MHz, 35.48 W, 60, 0x0000000000000004
2026/10/07 01:20:37.174, 100 %, 1673 MiB, 4096 MiB, 1395 MHz, 34.25 W, 60, 0x0000000000000004
2026/10/07 01:20:39.184, 100 %, 1673 MiB, 4096 MiB, 1395 MHz, 35.21 W, 60, 0x0000000000000004
2026/10/07 01:20:41.186, 100 %, 1673 MiB, 4096 MiB, 1380 MHz, 33.39 W, 60, 0x0000000000000004
2026/10/07 01:20:43.190, 100 %, 1673 MiB, 4096 MiB, 1380 MHz, 34.52 W, 60, 0x0000000000000004
2026/10/07 01:20:45.192, 100 %, 1673 MiB, 4096 MiB, 1380 MHz, 35.66 W, 60, 0x0000000000000004
2026/10/07 01:20:47.195, 100 %, 1673 MiB, 4096 MiB, 1380 MHz, 35.46 W, 60, 0x0000000000000004
2026/10/07 01:20:49.198, 100 %, 1672 MiB, 4096 MiB, 1395 MHz, 35.46 W, 60, 0x0000000000000004
2026/10/07 01:20:51.201, 100 %, 1672 MiB, 4096 MiB, 1395 MHz, 35.26 W, 60, 0x0000000000000004
2026/10/07 01:20:53.203, 100 %, 1672 MiB, 4096 MiB, 1395 MHz, 35.81 W, 60, 0x0000000000000004
2026/10/07 01:20:55.206, 100 %, 1672 MiB, 4096 MiB, 1395 MHz, 35.32 W, 60, 0x0000000000000004
2026/10/07 01:20:57.208, 100 %, 1672 MiB, 4096 MiB, 1395 MHz, 35.47 W, 60, 0x0000000000000004
2026/10/07 01:20:59.211, 100 %, 1672 MiB, 4096 MiB, 1380 MHz, 35.06 W, 60, 0x0000000000000004
2026/10/07 01:21:01.214, 82 %, 1673 MiB, 4096 MiB, 1785 MHz, 18.00 W, 57, 0x0000000000000000
2026/10/07 01:21:03.218, 49 %, 1619 MiB, 4096 MiB, 1350 MHz, 18.29 W, 59, 0x0000000000000004
2026/10/07 01:21:05.220, 100 %, 1682 MiB, 4096 MiB, 1395 MHz, 34.65 W, 60, 0x0000000000000004
2026/10/07 01:21:07.225, 100 %, 1674 MiB, 4096 MiB, 1365 MHz, 35.80 W, 60, 0x0000000000000004
2026/10/07 01:21:09.227, 100 %, 1674 MiB, 4096 MiB, 1260 MHz, 35.31 W, 60, 0x0000000000000004
2026/10/07 01:21:11.230, 100 %, 1674 MiB, 4096 MiB, 1305 MHz, 34.14 W, 60, 0x0000000000000004
2026/10/07 01:21:13.240, 100 %, 1674 MiB, 4096 MiB, 1350 MHz, 31.73 W, 59, 0x0000000000000004
2026/10/07 01:21:15.242, 100 %, 1674 MiB, 4096 MiB, 1395 MHz, 33.99 W, 60, 0x0000000000000004
2026/10/07 01:21:17.250, 100 %, 1674 MiB, 4096 MiB, 1335 MHz, 30.81 W, 60, 0x0000000000000004
2026/10/07 01:21:19.252, 100 %, 1673 MiB, 4096 MiB, 1350 MHz, 34.38 W, 60, 0x0000000000000004
2026/10/07 01:21:21.257, 100 %, 1673 MiB, 4096 MiB, 1320 MHz, 36.03 W, 60, 0x0000000000000004
2026/10/07 01:21:23.260, 100 %, 1673 MiB, 4096 MiB, 1335 MHz, 34.46 W, 60, 0x0000000000000004
2026/10/07 01:21:25.262, 100 %, 1673 MiB, 4096 MiB, 1410 MHz, 34.54 W, 60, 0x0000000000000004
2026/10/07 01:21:27.267, 100 %, 1673 MiB, 4096 MiB, 1395 MHz, 33.61 W, 60, 0x0000000000000004
2026/10/07 01:21:29.269, 100 %, 1673 MiB, 4096 MiB, 1395 MHz, 34.69 W, 60, 0x0000000000000004
2026/10/07 01:21:31.272, 11 %, 733 MiB, 4096 MiB, 1725 MHz, 17.44 W, 57, 0x0000000000000001
2026/10/07 01:21:33.286, 0 %, 1682 MiB, 4096 MiB, 1380 MHz, 35.43 W, 60, 0x0000000000000004
2026/10/07 01:21:35.288, 100 %, 1674 MiB, 4096 MiB, 1380 MHz, 35.21 W, 60, 0x0000000000000004
2026/10/07 01:21:37.291, 100 %, 1674 MiB, 4096 MiB, 1380 MHz, 35.44 W, 60, 0x0000000000000004
2026/10/07 01:21:39.293, 100 %, 1674 MiB, 4096 MiB, 1395 MHz, 35.27 W, 60, 0x0000000000000004
2026/10/07 01:21:41.295, 100 %, 1674 MiB, 4096 MiB, 1410 MHz, 35.39 W, 60, 0x0000000000000004
2026/10/07 01:21:43.303, 100 %, 1674 MiB, 4096 MiB, 1380 MHz, 35.36 W, 60, 0x0000000000000004
2026/10/07 01:21:45.305, 100 %, 1674 MiB, 4096 MiB, 1365 MHz, 35.60 W, 60, 0x0000000000000004
2026/10/07 01:21:47.314, 100 %, 1674 MiB, 4096 MiB, 1365 MHz, 36.01 W, 60, 0x0000000000000004
2026/10/07 01:21:49.317, 100 %, 1673 MiB, 4096 MiB, 1245 MHz, 35.39 W, 60, 0x0000000000000004
2026/10/07 01:21:51.327, 100 %, 1673 MiB, 4096 MiB, 1275 MHz, 34.14 W, 60, 0x0000000000000004
2026/10/07 01:21:53.329, 100 %, 1673 MiB, 4096 MiB, 1335 MHz, 31.31 W, 60, 0x0000000000000004
2026/10/07 01:21:55.332, 100 %, 1673 MiB, 4096 MiB, 1395 MHz, 33.99 W, 60, 0x0000000000000004
2026/10/07 01:21:57.336, 100 %, 1673 MiB, 4096 MiB, 1335 MHz, 31.05 W, 60, 0x0000000000000004
2026/10/07 01:21:59.338, 100 %, 1673 MiB, 4096 MiB, 1785 MHz, 18.04 W, 58, 0x0000000000000000
2026/10/07 01:22:01.341, 0 %, 734 MiB, 4096 MiB, 510 MHz, 9.05 W, 56, 0x0000000000000001
2026/10/07 01:22:03.364, 41 %, 2082 MiB, 4096 MiB, 1290 MHz, 35.64 W, 59, 0x0000000000000004
2026/10/07 01:22:05.367, 100 %, 2074 MiB, 4096 MiB, 1320 MHz, 34.94 W, 60, 0x0000000000000004
2026/10/07 01:22:07.369, 100 %, 2074 MiB, 4096 MiB, 1380 MHz, 34.67 W, 59, 0x0000000000000004
2026/10/07 01:22:09.373, 100 %, 2074 MiB, 4096 MiB, 1365 MHz, 34.95 W, 60, 0x0000000000000004
2026/10/07 01:22:11.375, 11 %, 735 MiB, 4096 MiB, 1635 MHz, 16.62 W, 57, 0x0000000000000001
2026/10/07 01:22:13.390, 100 %, 2083 MiB, 4096 MiB, 1395 MHz, 35.66 W, 60, 0x0000000000000004
2026/10/07 01:22:15.393, 100 %, 2074 MiB, 4096 MiB, 1335 MHz, 36.16 W, 60, 0x0000000000000004
2026/10/07 01:22:17.396, 100 %, 2074 MiB, 4096 MiB, 1350 MHz, 35.60 W, 60, 0x0000000000000004
2026/10/07 01:22:19.398, 90 %, 2074 MiB, 4096 MiB, 1785 MHz, 17.98 W, 57, 0x0000000000000000
2026/10/07 01:22:21.402, 40 %, 2083 MiB, 4096 MiB, 1395 MHz, 35.75 W, 60, 0x0000000000000004
2026/10/07 01:22:23.404, 100 %, 2082 MiB, 4096 MiB, 1380 MHz, 35.71 W, 60, 0x0000000000000004
2026/10/07 01:22:25.408, 100 %, 2074 MiB, 4096 MiB, 1350 MHz, 32.05 W, 60, 0x0000000000000004
2026/10/07 01:22:27.411, 100 %, 2074 MiB, 4096 MiB, 1380 MHz, 34.46 W, 60, 0x0000000000000004
2026/10/07 01:22:29.414, 5 %, 734 MiB, 4096 MiB, 1530 MHz, 35.21 W, 60, 0x0000000000000004
2026/10/07 01:22:31.416, 63 %, 2230 MiB, 4096 MiB, 1305 MHz, 35.82 W, 60, 0x0000000000000004
2026/10/07 01:22:33.422, 100 %, 2221 MiB, 4096 MiB, 1290 MHz, 34.87 W, 60, 0x0000000000000004
2026/10/07 01:22:35.424, 100 %, 2221 MiB, 4096 MiB, 1335 MHz, 33.40 W, 60, 0x0000000000000004
2026/10/07 01:22:37.427, 100 %, 2221 MiB, 4096 MiB, 1425 MHz, 30.86 W, 60, 0x0000000000000004
2026/10/07 01:22:39.434, 100 %, 2221 MiB, 4096 MiB, 1350 MHz, 34.59 W, 60, 0x0000000000000004
2026/10/07 01:22:41.437, 100 %, 2221 MiB, 4096 MiB, 1335 MHz, 31.74 W, 60, 0x0000000000000004
2026/10/07 01:22:43.443, 100 %, 2221 MiB, 4096 MiB, 1335 MHz, 34.39 W, 60, 0x0000000000000004
2026/10/07 01:22:45.445, 100 %, 2221 MiB, 4096 MiB, 1320 MHz, 36.29 W, 60, 0x0000000000000004
2026/10/07 01:22:47.448, 100 %, 2221 MiB, 4096 MiB, 1335 MHz, 34.72 W, 60, 0x0000000000000004
2026/10/07 01:22:49.451, 100 %, 2220 MiB, 4096 MiB, 1350 MHz, 34.38 W, 60, 0x0000000000000004
2026/10/07 01:22:51.453, 100 %, 2220 MiB, 4096 MiB, 1395 MHz, 33.25 W, 60, 0x0000000000000004
2026/10/07 01:22:53.462, 100 %, 2220 MiB, 4096 MiB, 1380 MHz, 34.50 W, 60, 0x0000000000000004
2026/10/07 01:22:55.464, 0 %, 734 MiB, 4096 MiB, 1395 MHz, 34.16 W, 60, 0x0000000000000004
2026/10/07 01:22:57.468, 68 %, 2230 MiB, 4096 MiB, 1380 MHz, 35.54 W, 60, 0x0000000000000004
2026/10/07 01:22:59.470, 100 %, 2221 MiB, 4096 MiB, 1365 MHz, 35.29 W, 60, 0x0000000000000004
2026/10/07 01:23:01.473, 100 %, 2221 MiB, 4096 MiB, 1260 MHz, 35.57 W, 60, 0x0000000000000004
2026/10/07 01:23:03.475, 100 %, 2221 MiB, 4096 MiB, 1290 MHz, 35.27 W, 60, 0x0000000000000004
2026/10/07 01:23:05.478, 100 %, 2221 MiB, 4096 MiB, 1335 MHz, 34.42 W, 60, 0x0000000000000004
2026/10/07 01:23:07.487, 100 %, 2221 MiB, 4096 MiB, 1485 MHz, 33.10 W, 60, 0x0000000000000004
2026/10/07 01:23:09.490, 100 %, 2221 MiB, 4096 MiB, 1380 MHz, 32.47 W, 60, 0x0000000000000004
2026/10/07 01:23:11.493, 100 %, 2221 MiB, 4096 MiB, 1335 MHz, 34.73 W, 60, 0x0000000000000004
2026/10/07 01:23:13.496, 100 %, 2221 MiB, 4096 MiB, 1335 MHz, 35.82 W, 60, 0x0000000000000004
2026/10/07 01:23:15.498, 100 %, 2221 MiB, 4096 MiB, 1320 MHz, 34.46 W, 60, 0x0000000000000004
2026/10/07 01:23:17.500, 100 %, 2221 MiB, 4096 MiB, 1335 MHz, 35.95 W, 60, 0x0000000000000004
2026/10/07 01:23:19.503, 100 %, 2220 MiB, 4096 MiB, 1335 MHz, 34.81 W, 60, 0x0000000000000004
2026/10/07 01:23:21.505, 16 %, 733 MiB, 4096 MiB, 1425 MHz, 35.08 W, 60, 0x0000000000000004
2026/10/07 01:23:23.508, 94 %, 2229 MiB, 4096 MiB, 1320 MHz, 35.68 W, 60, 0x0000000000000004
2026/10/07 01:23:25.511, 100 %, 2221 MiB, 4096 MiB, 1335 MHz, 34.45 W, 60, 0x0000000000000004
2026/10/07 01:23:27.515, 100 %, 2221 MiB, 4096 MiB, 1515 MHz, 33.07 W, 60, 0x0000000000000004
2026/10/07 01:23:29.518, 100 %, 2221 MiB, 4096 MiB, 1350 MHz, 32.54 W, 60, 0x0000000000000004
2026/10/07 01:23:31.527, 100 %, 2221 MiB, 4096 MiB, 1335 MHz, 34.65 W, 60, 0x0000000000000004
2026/10/07 01:23:33.529, 100 %, 2221 MiB, 4096 MiB, 1335 MHz, 35.69 W, 60, 0x0000000000000004
2026/10/07 01:23:35.532, 100 %, 2221 MiB, 4096 MiB, 1320 MHz, 34.49 W, 60, 0x0000000000000004
2026/10/07 01:23:37.535, 100 %, 2221 MiB, 4096 MiB, 1320 MHz, 35.28 W, 60, 0x0000000000000004
2026/10/07 01:23:39.538, 100 %, 2221 MiB, 4096 MiB, 1335 MHz, 34.56 W, 60, 0x0000000000000004
2026/10/07 01:23:41.541, 100 %, 2221 MiB, 4096 MiB, 1425 MHz, 34.44 W, 60, 0x0000000000000004
2026/10/07 01:23:43.543, 100 %, 2221 MiB, 4096 MiB, 1380 MHz, 33.55 W, 60, 0x0000000000000004
2026/10/07 01:23:45.547, 100 %, 2221 MiB, 4096 MiB, 1380 MHz, 34.69 W, 60, 0x0000000000000004
2026/10/07 01:23:47.549, 11 %, 733 MiB, 4096 MiB, 1410 MHz, 33.76 W, 60, 0x0000000000000004
2026/10/07 01:23:49.556, 0 %, 1646 MiB, 4096 MiB, 1380 MHz, 34.96 W, 59, 0x0000000000000004
2026/10/07 01:23:51.565, 100 %, 1714 MiB, 4096 MiB, 1380 MHz, 35.82 W, 60, 0x0000000000000004
2026/10/07 01:23:53.567, 100 %, 1714 MiB, 4096 MiB, 1260 MHz, 35.33 W, 60, 0x0000000000000004
2026/10/07 01:23:55.577, 100 %, 1714 MiB, 4096 MiB, 1290 MHz, 33.78 W, 60, 0x0000000000000004
2026/10/07 01:23:57.579, 100 %, 1714 MiB, 4096 MiB, 1350 MHz, 34.42 W, 60, 0x0000000000000004
2026/10/07 01:23:59.582, 100 %, 1714 MiB, 4096 MiB, 1395 MHz, 33.22 W, 60, 0x0000000000000004
2026/10/07 01:24:01.589, 100 %, 1714 MiB, 4096 MiB, 1320 MHz, 32.53 W, 60, 0x0000000000000004
2026/10/07 01:24:03.591, 100 %, 1714 MiB, 4096 MiB, 1350 MHz, 34.81 W, 60, 0x0000000000000004
2026/10/07 01:24:05.597, 100 %, 1714 MiB, 4096 MiB, 1320 MHz, 35.99 W, 60, 0x0000000000000004
2026/10/07 01:24:07.599, 100 %, 1714 MiB, 4096 MiB, 1335 MHz, 34.95 W, 60, 0x0000000000000004
2026/10/07 01:24:09.602, 100 %, 1714 MiB, 4096 MiB, 1410 MHz, 34.52 W, 60, 0x0000000000000004
2026/10/07 01:24:11.607, 100 %, 1714 MiB, 4096 MiB, 1395 MHz, 34.16 W, 60, 0x0000000000000004
2026/10/07 01:24:13.609, 36 %, 1714 MiB, 4096 MiB, 1785 MHz, 18.01 W, 57, 0x0000000000000000
2026/10/07 01:24:15.612, 22 %, 734 MiB, 4096 MiB, 1785 MHz, 17.98 W, 57, 0x0000000000000000
2026/10/07 01:24:17.614, 100 %, 1724 MiB, 4096 MiB, 1305 MHz, 36.09 W, 60, 0x0000000000000004
2026/10/07 01:24:19.616, 100 %, 1715 MiB, 4096 MiB, 1305 MHz, 35.40 W, 60, 0x0000000000000004
2026/10/07 01:24:21.619, 100 %, 1715 MiB, 4096 MiB, 1500 MHz, 33.88 W, 60, 0x0000000000000004
2026/10/07 01:24:23.628, 100 %, 1715 MiB, 4096 MiB, 1380 MHz, 31.00 W, 60, 0x0000000000000004
2026/10/07 01:24:25.630, 100 %, 1715 MiB, 4096 MiB, 1335 MHz, 33.81 W, 60, 0x0000000000000004
2026/10/07 01:24:27.636, 100 %, 1715 MiB, 4096 MiB, 1335 MHz, 36.58 W, 60, 0x0000000000000004
2026/10/07 01:24:29.639, 100 %, 1715 MiB, 4096 MiB, 1320 MHz, 34.59 W, 60, 0x0000000000000004
2026/10/07 01:24:31.641, 100 %, 1715 MiB, 4096 MiB, 1335 MHz, 34.45 W, 60, 0x0000000000000004
2026/10/07 01:24:33.644, 100 %, 1715 MiB, 4096 MiB, 1410 MHz, 33.31 W, 60, 0x0000000000000004
2026/10/07 01:24:35.646, 100 %, 1715 MiB, 4096 MiB, 1380 MHz, 34.36 W, 60, 0x0000000000000004
2026/10/07 01:24:37.651, 100 %, 1715 MiB, 4096 MiB, 1380 MHz, 33.75 W, 60, 0x0000000000000004
2026/10/07 01:24:39.653, 100 %, 1715 MiB, 4096 MiB, 1380 MHz, 35.03 W, 60, 0x0000000000000004
2026/10/07 01:24:41.657, 14 %, 733 MiB, 4096 MiB, 1785 MHz, 32.77 W, 58, 0x0000000000000000
2026/10/07 01:24:43.659, 0 %, 1647 MiB, 4096 MiB, 1350 MHz, 35.49 W, 60, 0x0000000000000004
2026/10/07 01:24:45.661, 100 %, 1715 MiB, 4096 MiB, 1350 MHz, 35.57 W, 60, 0x0000000000000004
2026/10/07 01:24:47.663, 100 %, 1715 MiB, 4096 MiB, 1335 MHz, 35.58 W, 60, 0x0000000000000004
2026/10/07 01:24:49.665, 100 %, 1715 MiB, 4096 MiB, 1380 MHz, 34.67 W, 60, 0x0000000000000004
2026/10/07 01:24:51.671, 100 %, 1715 MiB, 4096 MiB, 1410 MHz, 34.17 W, 60, 0x0000000000000004
2026/10/07 01:24:53.674, 100 %, 1715 MiB, 4096 MiB, 1380 MHz, 33.99 W, 60, 0x0000000000000004
2026/10/07 01:24:55.678, 100 %, 1715 MiB, 4096 MiB, 1380 MHz, 34.57 W, 60, 0x0000000000000004
2026/10/07 01:24:57.680, 100 %, 1715 MiB, 4096 MiB, 1380 MHz, 36.17 W, 60, 0x0000000000000004
2026/10/07 01:24:59.682, 100 %, 1715 MiB, 4096 MiB, 1380 MHz, 35.40 W, 60, 0x0000000000000004
2026/10/07 01:25:01.685, 100 %, 1715 MiB, 4096 MiB, 1395 MHz, 35.35 W, 60, 0x0000000000000004
2026/10/07 01:25:03.687, 100 %, 1715 MiB, 4096 MiB, 1380 MHz, 35.25 W, 60, 0x0000000000000004
2026/10/07 01:25:05.690, 100 %, 1715 MiB, 4096 MiB, 1395 MHz, 35.52 W, 60, 0x0000000000000004
2026/10/07 01:25:07.693, 76 %, 1715 MiB, 4096 MiB, 1785 MHz, 17.95 W, 57, 0x0000000000000000
2026/10/07 01:25:09.695, 8 %, 717 MiB, 4096 MiB, 1425 MHz, 15.02 W, 56, 0x0000000000000001
2026/10/07 01:25:11.709, 100 %, 1975 MiB, 4096 MiB, 1410 MHz, 35.59 W, 59, 0x0000000000000004
2026/10/07 01:25:13.711, 100 %, 1967 MiB, 4096 MiB, 1785 MHz, 18.07 W, 58, 0x0000000000000000
2026/10/07 01:25:15.714, 16 %, 1976 MiB, 4096 MiB, 1395 MHz, 35.82 W, 60, 0x0000000000000004
2026/10/07 01:25:17.716, 100 %, 1976 MiB, 4096 MiB, 1395 MHz, 35.63 W, 60, 0x0000000000000004
2026/10/07 01:25:19.719, 62 %, 720 MiB, 4096 MiB, 1785 MHz, 18.91 W, 57, 0x0000000000000000
2026/10/07 01:25:21.721, 89 %, 1976 MiB, 4096 MiB, 1395 MHz, 35.73 W, 60, 0x0000000000000004
2026/10/07 01:25:23.724, 100 %, 1968 MiB, 4096 MiB, 1785 MHz, 22.94 W, 58, 0x0000000000000000
2026/10/07 01:25:25.726, 18 %, 1890 MiB, 4096 MiB, 1365 MHz, 33.36 W, 59, 0x0000000000000004
2026/10/07 01:25:27.735, 100 %, 2060 MiB, 4096 MiB, 1380 MHz, 35.72 W, 60, 0x0000000000000004
2026/10/07 01:25:29.737, 100 %, 2052 MiB, 4096 MiB, 1260 MHz, 35.51 W, 60, 0x0000000000000004
2026/10/07 01:25:31.746, 100 %, 2052 MiB, 4096 MiB, 1275 MHz, 34.09 W, 60, 0x0000000000000004
2026/10/07 01:25:33.749, 100 %, 2052 MiB, 4096 MiB, 1335 MHz, 32.84 W, 59, 0x0000000000000004
2026/10/07 01:25:35.759, 100 %, 2052 MiB, 4096 MiB, 1485 MHz, 32.50 W, 60, 0x0000000000000004
2026/10/07 01:25:37.761, 100 %, 2052 MiB, 4096 MiB, 1350 MHz, 32.62 W, 60, 0x0000000000000004
2026/10/07 01:25:39.764, 100 %, 2052 MiB, 4096 MiB, 1335 MHz, 33.36 W, 60, 0x0000000000000004
2026/10/07 01:25:41.768, 100 %, 2052 MiB, 4096 MiB, 1335 MHz, 36.08 W, 60, 0x0000000000000004
2026/10/07 01:25:43.770, 100 %, 2052 MiB, 4096 MiB, 1320 MHz, 35.26 W, 60, 0x0000000000000004
2026/10/07 01:25:45.776, 100 %, 2052 MiB, 4096 MiB, 1335 MHz, 34.56 W, 60, 0x0000000000000004
2026/10/07 01:25:47.779, 100 %, 2052 MiB, 4096 MiB, 1365 MHz, 34.35 W, 59, 0x0000000000000004
2026/10/07 01:25:49.781, 95 %, 2050 MiB, 4096 MiB, 1785 MHz, 18.01 W, 57, 0x0000000000000000
2026/10/07 01:25:51.783, 35 %, 2060 MiB, 4096 MiB, 1380 MHz, 35.51 W, 60, 0x0000000000000004
2026/10/07 01:25:53.786, 100 %, 2059 MiB, 4096 MiB, 1380 MHz, 35.42 W, 60, 0x0000000000000004
2026/10/07 01:25:55.788, 100 %, 2051 MiB, 4096 MiB, 1380 MHz, 35.38 W, 60, 0x0000000000000004
2026/10/07 01:25:57.791, 100 %, 2051 MiB, 4096 MiB, 1395 MHz, 35.51 W, 60, 0x0000000000000004
2026/10/07 01:25:59.794, 100 %, 2051 MiB, 4096 MiB, 1395 MHz, 35.17 W, 60, 0x0000000000000004
2026/10/07 01:26:01.796, 100 %, 2051 MiB, 4096 MiB, 1395 MHz, 35.33 W, 60, 0x0000000000000004
2026/10/07 01:26:03.799, 100 %, 2051 MiB, 4096 MiB, 1410 MHz, 35.84 W, 60, 0x0000000000000004
2026/10/07 01:26:05.806, 100 %, 2051 MiB, 4096 MiB, 1395 MHz, 35.36 W, 60, 0x0000000000000004
2026/10/07 01:26:07.809, 100 %, 2051 MiB, 4096 MiB, 1380 MHz, 35.31 W, 60, 0x0000000000000004
2026/10/07 01:26:09.818, 100 %, 2051 MiB, 4096 MiB, 1380 MHz, 35.61 W, 60, 0x0000000000000004
2026/10/07 01:26:11.820, 100 %, 2051 MiB, 4096 MiB, 1275 MHz, 35.47 W, 60, 0x0000000000000004
2026/10/07 01:26:13.830, 100 %, 2051 MiB, 4096 MiB, 1275 MHz, 35.58 W, 60, 0x0000000000000004
2026/10/07 01:26:15.833, 20 %, 717 MiB, 4096 MiB, 1785 MHz, 19.15 W, 57, 0x0000000000000000
2026/10/07 01:26:17.835, 100 %, 2060 MiB, 4096 MiB, 1350 MHz, 34.97 W, 60, 0x0000000000000004
2026/10/07 01:26:19.837, 100 %, 2051 MiB, 4096 MiB, 1350 MHz, 35.81 W, 60, 0x0000000000000004
2026/10/07 01:26:21.841, 100 %, 2051 MiB, 4096 MiB, 1350 MHz, 34.72 W, 60, 0x0000000000000004
2026/10/07 01:26:23.844, 100 %, 2051 MiB, 4096 MiB, 1350 MHz, 34.68 W, 59, 0x0000000000000004
2026/10/07 01:26:25.846, 100 %, 2051 MiB, 4096 MiB, 1395 MHz, 33.38 W, 60, 0x0000000000000004
2026/10/07 01:26:27.856, 100 %, 2051 MiB, 4096 MiB, 1395 MHz, 34.53 W, 60, 0x0000000000000004
2026/10/07 01:26:29.858, 100 %, 2051 MiB, 4096 MiB, 1380 MHz, 36.08 W, 60, 0x0000000000000004
2026/10/07 01:26:31.862, 100 %, 2051 MiB, 4096 MiB, 1380 MHz, 34.49 W, 60, 0x0000000000000004
2026/10/07 01:26:33.864, 100 %, 2051 MiB, 4096 MiB, 1380 MHz, 35.83 W, 60, 0x0000000000000004
2026/10/07 01:26:35.867, 100 %, 2051 MiB, 4096 MiB, 1380 MHz, 35.40 W, 60, 0x0000000000000004
2026/10/07 01:26:37.869, 100 %, 2051 MiB, 4096 MiB, 1395 MHz, 35.31 W, 60, 0x0000000000000004
2026/10/07 01:26:39.872, 100 %, 2051 MiB, 4096 MiB, 1395 MHz, 35.52 W, 60, 0x0000000000000004
2026/10/07 01:26:41.874, 18 %, 716 MiB, 4096 MiB, 1770 MHz, 17.93 W, 57, 0x0000000000000001
2026/10/07 01:26:43.887, 64 %, 1666 MiB, 4096 MiB, 1320 MHz, 33.77 W, 59, 0x0000000000000004
2026/10/07 01:26:45.890, 100 %, 1658 MiB, 4096 MiB, 1380 MHz, 34.66 W, 60, 0x0000000000000004
2026/10/07 01:26:47.897, 100 %, 1658 MiB, 4096 MiB, 1395 MHz, 34.79 W, 60, 0x0000000000000004
2026/10/07 01:26:49.900, 100 %, 1657 MiB, 4096 MiB, 1365 MHz, 35.56 W, 60, 0x0000000000000004
2026/10/07 01:26:51.909, 100 %, 1657 MiB, 4096 MiB, 1365 MHz, 35.41 W, 60, 0x0000000000000004
2026/10/07 01:26:53.912, 100 %, 1657 MiB, 4096 MiB, 1260 MHz, 35.55 W, 60, 0x0000000000000004
2026/10/07 01:26:55.921, 100 %, 1657 MiB, 4096 MiB, 1290 MHz, 35.01 W, 60, 0x0000000000000004
2026/10/07 01:26:57.923, 100 %, 1657 MiB, 4096 MiB, 1350 MHz, 34.38 W, 60, 0x0000000000000004
2026/10/07 01:26:59.931, 100 %, 1657 MiB, 4096 MiB, 1470 MHz, 33.01 W, 60, 0x0000000000000004
2026/10/07 01:27:01.934, 100 %, 1657 MiB, 4096 MiB, 1320 MHz, 32.51 W, 60, 0x0000000000000004
2026/10/07 01:27:03.943, 100 %, 1657 MiB, 4096 MiB, 1350 MHz, 35.21 W, 60, 0x0000000000000004
2026/10/07 01:27:05.946, 100 %, 1657 MiB, 4096 MiB, 1320 MHz, 35.62 W, 60, 0x0000000000000004
2026/10/07 01:27:07.949, 0 %, 1657 MiB, 4096 MiB, 1785 MHz, 17.98 W, 57, 0x0000000000000000
2026/10/07 01:27:09.951, 0 %, 1609 MiB, 4096 MiB, 1365 MHz, 41.09 W, 59, 0x0000000000000004
2026/10/07 01:27:11.954, 100 %, 1667 MiB, 4096 MiB, 1380 MHz, 35.24 W, 60, 0x0000000000000004
2026/10/07 01:27:13.956, 100 %, 1659 MiB, 4096 MiB, 1260 MHz, 34.45 W, 60, 0x0000000000000004
2026/10/07 01:27:15.959, 100 %, 1659 MiB, 4096 MiB, 1290 MHz, 35.14 W, 60, 0x0000000000000004
2026/10/07 01:27:17.962, 100 %, 1659 MiB, 4096 MiB, 1395 MHz, 33.99 W, 59, 0x0000000000000004
2026/10/07 01:27:19.964, 100 %, 1658 MiB, 4096 MiB, 1380 MHz, 31.65 W, 60, 0x0000000000000004
2026/10/07 01:27:21.971, 100 %, 1658 MiB, 4096 MiB, 1320 MHz, 33.42 W, 60, 0x0000000000000004
2026/10/07 01:27:23.973, 100 %, 1658 MiB, 4096 MiB, 1335 MHz, 37.34 W, 60, 0x0000000000000004
2026/10/07 01:27:25.977, 100 %, 1658 MiB, 4096 MiB, 1320 MHz, 34.88 W, 60, 0x0000000000000004
2026/10/07 01:27:27.980, 100 %, 1658 MiB, 4096 MiB, 1335 MHz, 34.46 W, 60, 0x0000000000000004
2026/10/07 01:27:29.982, 100 %, 1658 MiB, 4096 MiB, 1425 MHz, 33.57 W, 60, 0x0000000000000004
2026/10/07 01:27:31.985, 100 %, 1658 MiB, 4096 MiB, 1395 MHz, 34.42 W, 60, 0x0000000000000004
2026/10/07 01:27:33.988, 37 %, 1658 MiB, 4096 MiB, 1785 MHz, 17.98 W, 57, 0x0000000000000000
2026/10/07 01:27:35.990, 15 %, 716 MiB, 4096 MiB, 1785 MHz, 17.96 W, 57, 0x0000000000000000
2026/10/07 01:27:37.993, 100 %, 1667 MiB, 4096 MiB, 1350 MHz, 35.56 W, 59, 0x0000000000000004
2026/10/07 01:27:39.996, 100 %, 1659 MiB, 4096 MiB, 1395 MHz, 33.30 W, 60, 0x0000000000000004
2026/10/07 01:27:42.006, 100 %, 1659 MiB, 4096 MiB, 1335 MHz, 32.56 W, 60, 0x0000000000000004
2026/10/07 01:27:44.008, 100 %, 1659 MiB, 4096 MiB, 1350 MHz, 35.17 W, 60, 0x0000000000000004
2026/10/07 01:27:46.012, 100 %, 1659 MiB, 4096 MiB, 1320 MHz, 35.36 W, 60, 0x0000000000000004
2026/10/07 01:27:48.014, 100 %, 1659 MiB, 4096 MiB, 1320 MHz, 34.64 W, 60, 0x0000000000000004
2026/10/07 01:27:50.016, 100 %, 1658 MiB, 4096 MiB, 1350 MHz, 34.70 W, 60, 0x0000000000000004
2026/10/07 01:27:52.025, 100 %, 1658 MiB, 4096 MiB, 1425 MHz, 34.31 W, 60, 0x0000000000000004
2026/10/07 01:27:54.028, 100 %, 1658 MiB, 4096 MiB, 1380 MHz, 33.78 W, 60, 0x0000000000000004
2026/10/07 01:27:56.030, 100 %, 1658 MiB, 4096 MiB, 1380 MHz, 34.48 W, 61, 0x0000000000000004
2026/10/07 01:27:58.032, 100 %, 1658 MiB, 4096 MiB, 1380 MHz, 36.06 W, 61, 0x0000000000000004
2026/10/07 01:28:00.034, 100 %, 1658 MiB, 4096 MiB, 1380 MHz, 35.34 W, 61, 0x0000000000000004
2026/10/07 01:28:02.040, 9 %, 1666 MiB, 4096 MiB, 1785 MHz, 17.97 W, 58, 0x0000000000000000
2026/10/07 01:28:04.043, 45 %, 783 MiB, 4096 MiB, 1785 MHz, 18.01 W, 57, 0x0000000000000000
2026/10/07 01:28:06.045, 96 %, 2068 MiB, 4096 MiB, 1335 MHz, 34.05 W, 60, 0x0000000000000004
2026/10/07 01:28:08.048, 100 %, 2068 MiB, 4096 MiB, 1335 MHz, 36.98 W, 60, 0x0000000000000004
2026/10/07 01:28:10.051, 100 %, 2068 MiB, 4096 MiB, 1365 MHz, 34.61 W, 60, 0x0000000000000004
2026/10/07 01:28:12.054, 96 %, 2068 MiB, 4096 MiB, 1785 MHz, 18.01 W, 58, 0x0000000000000000
2026/10/07 01:28:14.056, 49 %, 2077 MiB, 4096 MiB, 1395 MHz, 35.40 W, 60, 0x0000000000000004
2026/10/07 01:28:16.059, 100 %, 2076 MiB, 4096 MiB, 1365 MHz, 35.31 W, 60, 0x0000000000000004
2026/10/07 01:28:18.062, 100 %, 2068 MiB, 4096 MiB, 1350 MHz, 33.13 W, 60, 0x0000000000000004
2026/10/07 01:28:20.065, 100 %, 2068 MiB, 4096 MiB, 1380 MHz, 34.51 W, 60, 0x0000000000000004
2026/10/07 01:28:22.067, 9 %, 784 MiB, 4096 MiB, 1785 MHz, 18.00 W, 58, 0x0000000000000000
2026/10/07 01:28:24.071, 88 %, 2077 MiB, 4096 MiB, 1395 MHz, 35.67 W, 60, 0x0000000000000004
2026/10/07 01:28:26.073, 100 %, 2068 MiB, 4096 MiB, 1335 MHz, 35.99 W, 60, 0x0000000000000004
2026/10/07 01:28:28.079, 100 %, 2068 MiB, 4096 MiB, 1350 MHz, 35.42 W, 60, 0x0000000000000004
2026/10/07 01:28:30.082, 100 %, 2068 MiB, 4096 MiB, 1785 MHz, 17.93 W, 57, 0x0000000000000000
2026/10/07 01:28:32.083, 54 %, 2000 MiB, 4096 MiB, 1380 MHz, 38.29 W, 59, 0x0000000000000004
2026/10/07 01:28:34.086, 100 %, 2225 MiB, 4096 MiB, 1290 MHz, 35.90 W, 60, 0x0000000000000004
2026/10/07 01:28:36.097, 100 %, 2217 MiB, 4096 MiB, 1260 MHz, 35.52 W, 60, 0x0000000000000004
2026/10/07 01:28:38.100, 100 %, 2217 MiB, 4096 MiB, 1320 MHz, 34.98 W, 60, 0x0000000000000004
2026/10/07 01:28:40.110, 100 %, 2217 MiB, 4096 MiB, 1470 MHz, 33.99 W, 60, 0x0000000000000004
2026/10/07 01:28:42.112, 100 %, 2217 MiB, 4096 MiB, 1350 MHz, 32.56 W, 60, 0x0000000000000004
2026/10/07 01:28:44.122, 100 %, 2217 MiB, 4096 MiB, 1305 MHz, 33.25 W, 60, 0x0000000000000004
2026/10/07 01:28:46.124, 100 %, 2217 MiB, 4096 MiB, 1335 MHz, 35.69 W, 60, 0x0000000000000004
2026/10/07 01:28:48.129, 100 %, 2217 MiB, 4096 MiB, 1320 MHz, 35.52 W, 60, 0x0000000000000004
2026/10/07 01:28:50.132, 100 %, 2215 MiB, 4096 MiB, 1320 MHz, 34.65 W, 60, 0x0000000000000004
2026/10/07 01:28:52.135, 100 %, 2215 MiB, 4096 MiB, 1335 MHz, 34.46 W, 60, 0x0000000000000004
2026/10/07 01:28:54.137, 100 %, 2215 MiB, 4096 MiB, 1425 MHz, 33.47 W, 60, 0x0000000000000004
2026/10/07 01:28:56.140, 100 %, 2215 MiB, 4096 MiB, 1380 MHz, 34.40 W, 60, 0x0000000000000004
2026/10/07 01:28:58.147, 100 %, 2215 MiB, 4096 MiB, 1395 MHz, 33.83 W, 60, 0x0000000000000004
2026/10/07 01:29:00.150, 100 %, 2215 MiB, 4096 MiB, 1395 MHz, 34.81 W, 60, 0x0000000000000004
2026/10/07 01:29:02.161, 100 %, 2215 MiB, 4096 MiB, 1380 MHz, 35.37 W, 60, 0x0000000000000004
2026/10/07 01:29:04.163, 100 %, 2215 MiB, 4096 MiB, 1410 MHz, 35.37 W, 60, 0x0000000000000004
2026/10/07 01:29:06.172, 100 %, 2215 MiB, 4096 MiB, 1395 MHz, 35.24 W, 60, 0x0000000000000004
2026/10/07 01:29:08.175, 70 %, 2215 MiB, 4096 MiB, 1785 MHz, 18.03 W, 57, 0x0000000000000000
2026/10/07 01:29:10.177, 43 %, 2000 MiB, 4096 MiB, 1410 MHz, 33.75 W, 60, 0x0000000000000004
2026/10/07 01:29:12.179, 100 %, 2225 MiB, 4096 MiB, 1350 MHz, 34.47 W, 60, 0x0000000000000004
2026/10/07 01:29:14.185, 100 %, 2217 MiB, 4096 MiB, 1350 MHz, 35.71 W, 60, 0x0000000000000004
2026/10/07 01:29:16.187, 100 %, 2217 MiB, 4096 MiB, 1335 MHz, 35.49 W, 60, 0x0000000000000004
2026/10/07 01:29:18.198, 100 %, 2217 MiB, 4096 MiB, 1335 MHz, 35.20 W, 60, 0x0000000000000004
2026/10/07 01:29:20.200, 100 %, 2216 MiB, 4096 MiB, 1365 MHz, 34.48 W, 60, 0x0000000000000004
2026/10/07 01:29:22.209, 100 %, 2216 MiB, 4096 MiB, 1425 MHz, 34.47 W, 60, 0x0000000000000004
2026/10/07 01:29:24.212, 100 %, 2216 MiB, 4096 MiB, 1380 MHz, 33.39 W, 60, 0x0000000000000004
2026/10/07 01:29:26.215, 100 %, 2216 MiB, 4096 MiB, 1380 MHz, 34.64 W, 60, 0x0000000000000004
2026/10/07 01:29:28.218, 100 %, 2216 MiB, 4096 MiB, 1380 MHz, 35.84 W, 60, 0x0000000000000004
2026/10/07 01:29:30.220, 100 %, 2216 MiB, 4096 MiB, 1380 MHz, 35.36 W, 60, 0x0000000000000004
2026/10/07 01:29:32.223, 100 %, 2216 MiB, 4096 MiB, 1380 MHz, 35.41 W, 60, 0x0000000000000004
2026/10/07 01:29:34.225, 100 %, 2216 MiB, 4096 MiB, 1395 MHz, 35.38 W, 60, 0x0000000000000004
2026/10/07 01:29:36.228, 100 %, 2216 MiB, 4096 MiB, 1395 MHz, 35.35 W, 60, 0x0000000000000004
2026/10/07 01:29:38.230, 100 %, 2216 MiB, 4096 MiB, 1395 MHz, 35.67 W, 60, 0x0000000000000004
2026/10/07 01:29:40.233, 100 %, 2216 MiB, 4096 MiB, 1410 MHz, 35.90 W, 60, 0x0000000000000004
2026/10/07 01:29:42.235, 100 %, 2216 MiB, 4096 MiB, 1395 MHz, 35.27 W, 60, 0x0000000000000004
2026/10/07 01:29:44.238, 100 %, 2216 MiB, 4096 MiB, 1395 MHz, 35.52 W, 60, 0x0000000000000004
2026/10/07 01:29:46.240, 30 %, 2700 MiB, 4096 MiB, 1755 MHz, 18.06 W, 59, 0x0000000000000004
2026/10/07 01:29:48.250, 32 %, 2225 MiB, 4096 MiB, 1380 MHz, 36.26 W, 60, 0x0000000000000004
2026/10/07 01:29:50.252, 100 %, 2216 MiB, 4096 MiB, 1380 MHz, 35.91 W, 60, 0x0000000000000004
2026/10/07 01:29:52.255, 100 %, 2216 MiB, 4096 MiB, 1380 MHz, 35.96 W, 60, 0x0000000000000004
2026/10/07 01:29:54.257, 100 %, 2216 MiB, 4096 MiB, 1380 MHz, 35.39 W, 60, 0x0000000000000004
2026/10/07 01:29:56.260, 100 %, 2216 MiB, 4096 MiB, 1380 MHz, 35.52 W, 60, 0x0000000000000004
2026/10/07 01:29:58.267, 100 %, 2216 MiB, 4096 MiB, 1395 MHz, 35.26 W, 60, 0x0000000000000004
2026/10/07 01:30:00.270, 100 %, 2216 MiB, 4096 MiB, 1395 MHz, 35.51 W, 60, 0x0000000000000004
2026/10/07 01:30:02.273, 100 %, 2216 MiB, 4096 MiB, 1425 MHz, 35.77 W, 60, 0x0000000000000004
2026/10/07 01:30:04.276, 100 %, 2216 MiB, 4096 MiB, 1395 MHz, 35.37 W, 60, 0x0000000000000004
2026/10/07 01:30:06.278, 100 %, 2216 MiB, 4096 MiB, 1380 MHz, 35.62 W, 60, 0x0000000000000004
2026/10/07 01:30:08.282, 100 %, 2216 MiB, 4096 MiB, 1380 MHz, 35.24 W, 60, 0x0000000000000004
2026/10/07 01:30:10.285, 100 %, 2216 MiB, 4096 MiB, 1275 MHz, 35.81 W, 60, 0x0000000000000004
2026/10/07 01:30:12.288, 100 %, 2216 MiB, 4096 MiB, 1290 MHz, 35.48 W, 60, 0x0000000000000004
2026/10/07 01:30:14.292, 100 %, 2216 MiB, 4096 MiB, 1320 MHz, 34.68 W, 60, 0x0000000000000004
2026/10/07 01:30:16.295, 100 %, 2216 MiB, 4096 MiB, 1440 MHz, 33.60 W, 60, 0x0000000000000004
2026/10/07 01:30:18.305, 100 %, 2216 MiB, 4096 MiB, 1365 MHz, 32.46 W, 60, 0x0000000000000004
2026/10/07 01:30:20.307, 100 %, 2215 MiB, 4096 MiB, 1350 MHz, 34.72 W, 60, 0x0000000000000004
2026/10/07 01:30:22.310, 100 %, 2215 MiB, 4096 MiB, 1335 MHz, 35.31 W, 60, 0x0000000000000004
2026/10/07 01:30:24.312, 0 %, 301 MiB, 4096 MiB, 1785 MHz, 18.54 W, 57, 0x0000000000000000
2026/10/07 01:30:26.315, 0 %, 2127 MiB, 4096 MiB, 1785 MHz, 18.22 W, 57, 0x0000000000000000
2026/10/07 01:30:28.317, 100 %, 1714 MiB, 4096 MiB, 1410 MHz, 33.97 W, 60, 0x0000000000000004
2026/10/07 01:30:30.322, 100 %, 1714 MiB, 4096 MiB, 1380 MHz, 34.72 W, 60, 0x0000000000000004
2026/10/07 01:30:32.325, 100 %, 1714 MiB, 4096 MiB, 1365 MHz, 35.07 W, 60, 0x0000000000000004
2026/10/07 01:30:34.328, 100 %, 1714 MiB, 4096 MiB, 1335 MHz, 35.87 W, 60, 0x0000000000000004
2026/10/07 01:30:36.330, 100 %, 1714 MiB, 4096 MiB, 1260 MHz, 35.35 W, 60, 0x0000000000000004
2026/10/07 01:30:38.333, 100 %, 1714 MiB, 4096 MiB, 1305 MHz, 34.41 W, 60, 0x0000000000000004
2026/10/07 01:30:40.341, 100 %, 1714 MiB, 4096 MiB, 1470 MHz, 33.08 W, 60, 0x0000000000000004
2026/10/07 01:30:42.344, 100 %, 1714 MiB, 4096 MiB, 1350 MHz, 33.15 W, 60, 0x0000000000000004
2026/10/07 01:30:44.354, 100 %, 1714 MiB, 4096 MiB, 1350 MHz, 36.43 W, 60, 0x0000000000000004
2026/10/07 01:30:46.357, 100 %, 1714 MiB, 4096 MiB, 1335 MHz, 35.00 W, 60, 0x0000000000000004
2026/10/07 01:30:48.359, 100 %, 1714 MiB, 4096 MiB, 1320 MHz, 36.63 W, 60, 0x0000000000000004
2026/10/07 01:30:50.362, 100 %, 1714 MiB, 4096 MiB, 1335 MHz, 34.96 W, 60, 0x0000000000000004
2026/10/07 01:30:52.364, 100 %, 1714 MiB, 4096 MiB, 1425 MHz, 34.53 W, 60, 0x0000000000000004
2026/10/07 01:30:54.372, 100 %, 1714 MiB, 4096 MiB, 1395 MHz, 33.34 W, 60, 0x0000000000000004
2026/10/07 01:30:56.374, 100 %, 1713 MiB, 4096 MiB, 1380 MHz, 34.56 W, 60, 0x0000000000000004
2026/10/07 01:30:58.379, 100 %, 1713 MiB, 4096 MiB, 1380 MHz, 35.67 W, 60, 0x0000000000000004
2026/10/07 01:31:00.382, 100 %, 1713 MiB, 4096 MiB, 1380 MHz, 35.37 W, 60, 0x0000000000000004
2026/10/07 01:31:02.387, 17 %, 1713 MiB, 4096 MiB, 1785 MHz, 18.00 W, 57, 0x0000000000000000
2026/10/07 01:31:04.390, 49 %, 782 MiB, 4096 MiB, 1785 MHz, 18.00 W, 57, 0x0000000000000000
2026/10/07 01:31:06.392, 82 %, 1714 MiB, 4096 MiB, 1335 MHz, 35.44 W, 59, 0x0000000000000004
2026/10/07 01:31:08.394, 100 %, 1714 MiB, 4096 MiB, 1365 MHz, 35.48 W, 60, 0x0000000000000004
2026/10/07 01:31:10.403, 100 %, 1714 MiB, 4096 MiB, 1395 MHz, 35.27 W, 60, 0x0000000000000004
2026/10/07 01:31:12.406, 100 %, 1714 MiB, 4096 MiB, 1410 MHz, 35.51 W, 60, 0x0000000000000004
2026/10/07 01:31:14.421, 100 %, 1714 MiB, 4096 MiB, 1395 MHz, 35.79 W, 60, 0x0000000000000004
2026/10/07 01:31:16.425, 100 %, 1714 MiB, 4096 MiB, 1365 MHz, 35.51 W, 60, 0x0000000000000004
2026/10/07 01:31:18.428, 100 %, 1714 MiB, 4096 MiB, 1350 MHz, 35.87 W, 60, 0x0000000000000004
2026/10/07 01:31:20.430, 100 %, 1714 MiB, 4096 MiB, 1260 MHz, 35.37 W, 60, 0x0000000000000004
2026/10/07 01:31:22.438, 100 %, 1714 MiB, 4096 MiB, 1275 MHz, 34.48 W, 60, 0x0000000000000004
2026/10/07 01:31:24.440, 100 %, 1714 MiB, 4096 MiB, 1410 MHz, 32.83 W, 60, 0x0000000000000004
2026/10/07 01:31:26.449, 100 %, 1714 MiB, 4096 MiB, 1380 MHz, 33.03 W, 60, 0x0000000000000004
2026/10/07 01:31:28.452, 100 %, 1714 MiB, 4096 MiB, 1320 MHz, 31.74 W, 60, 0x0000000000000004
2026/10/07 01:31:30.461, 100 %, 1714 MiB, 4096 MiB, 1335 MHz, 33.51 W, 60, 0x0000000000000004
2026/10/07 01:31:32.464, 100 %, 1714 MiB, 4096 MiB, 1320 MHz, 36.98 W, 60, 0x0000000000000004
2026/10/07 01:31:34.467, 100 %, 1713 MiB, 4096 MiB, 1335 MHz, 35.03 W, 60, 0x0000000000000004
2026/10/07 01:31:36.470, 100 %, 1713 MiB, 4096 MiB, 1365 MHz, 34.83 W, 60, 0x0000000000000004
2026/10/07 01:31:38.472, 100 %, 1713 MiB, 4096 MiB, 1380 MHz, 33.28 W, 60, 0x0000000000000004
2026/10/07 01:31:40.481, 100 %, 1713 MiB, 4096 MiB, 1785 MHz, 18.03 W, 57, 0x0000000000000000
2026/10/07 01:31:42.483, 49 %, 782 MiB, 4096 MiB, 1785 MHz, 17.98 W, 57, 0x0000000000000000
2026/10/07 01:31:44.485, 99 %, 1722 MiB, 4096 MiB, 1350 MHz, 35.32 W, 60, 0x0000000000000004
2026/10/07 01:31:46.487, 100 %, 1714 MiB, 4096 MiB, 1365 MHz, 35.19 W, 60, 0x0000000000000004
2026/10/07 01:31:48.496, 100 %, 1714 MiB, 4096 MiB, 1380 MHz, 35.40 W, 60, 0x0000000000000004
2026/10/07 01:31:50.498, 100 %, 1714 MiB, 4096 MiB, 1395 MHz, 35.35 W, 60, 0x0000000000000004
2026/10/07 01:31:52.503, 100 %, 1714 MiB, 4096 MiB, 1410 MHz, 35.91 W, 60, 0x0000000000000004
2026/10/07 01:31:54.506, 100 %, 1714 MiB, 4096 MiB, 1380 MHz, 34.93 W, 60, 0x0000000000000004
2026/10/07 01:31:56.508, 100 %, 1714 MiB, 4096 MiB, 1365 MHz, 35.48 W, 60, 0x0000000000000004
2026/10/07 01:31:58.511, 100 %, 1714 MiB, 4096 MiB, 1275 MHz, 35.30 W, 60, 0x0000000000000004
2026/10/07 01:32:00.513, 100 %, 1714 MiB, 4096 MiB, 1260 MHz, 34.62 W, 60, 0x0000000000000004
2026/10/07 01:32:02.516, 100 %, 1714 MiB, 4096 MiB, 1305 MHz, 33.20 W, 60, 0x0000000000000004
2026/10/07 01:32:04.524, 100 %, 1714 MiB, 4096 MiB, 1515 MHz, 34.15 W, 60, 0x0000000000000004
2026/10/07 01:32:06.527, 100 %, 1714 MiB, 4096 MiB, 1335 MHz, 32.96 W, 60, 0x0000000000000004
2026/10/07 01:32:08.536, 100 %, 1714 MiB, 4096 MiB, 1320 MHz, 32.78 W, 60, 0x0000000000000004
2026/10/07 01:32:10.539, 100 %, 1714 MiB, 4096 MiB, 1335 MHz, 36.40 W, 60, 0x0000000000000004
2026/10/07 01:32:12.541, 100 %, 1713 MiB, 4096 MiB, 1305 MHz, 35.27 W, 60, 0x0000000000000004
2026/10/07 01:32:14.544, 100 %, 1713 MiB, 4096 MiB, 1335 MHz, 34.83 W, 60, 0x0000000000000004
2026/10/07 01:32:16.546, 100 %, 1713 MiB, 4096 MiB, 1425 MHz, 33.62 W, 60, 0x0000000000000004
2026/10/07 01:32:18.555, 98 %, 1713 MiB, 4096 MiB, 1785 MHz, 17.99 W, 58, 0x0000000000000000
2026/10/07 01:32:20.557, 7 %, 716 MiB, 4096 MiB, 1170 MHz, 13.85 W, 57, 0x0000000000000001
2026/10/07 01:32:22.572, 98 %, 1927 MiB, 4096 MiB, 1395 MHz, 35.77 W, 60, 0x0000000000000004
2026/10/07 01:32:24.574, 100 %, 1919 MiB, 4096 MiB, 1785 MHz, 17.47 W, 58, 0x0000000000000000
2026/10/07 01:32:26.578, 16 %, 1928 MiB, 4096 MiB, 1410 MHz, 34.35 W, 59, 0x0000000000000004
2026/10/07 01:32:28.581, 100 %, 1927 MiB, 4096 MiB, 1395 MHz, 35.73 W, 60, 0x0000000000000004
2026/10/07 01:32:30.583, 56 %, 718 MiB, 4096 MiB, 1785 MHz, 20.20 W, 57, 0x0000000000000000
2026/10/07 01:32:32.585, 100 %, 1928 MiB, 4096 MiB, 1395 MHz, 35.76 W, 60, 0x0000000000000004
2026/10/07 01:32:34.587, 100 %, 1920 MiB, 4096 MiB, 1785 MHz, 23.42 W, 58, 0x0000000000000000
2026/10/07 01:32:36.589, 18 %, 1857 MiB, 4096 MiB, 1350 MHz, 37.09 W, 59, 0x0000000000000004
2026/10/07 01:32:38.592, 100 %, 2011 MiB, 4096 MiB, 1290 MHz, 35.81 W, 60, 0x0000000000000004
2026/10/07 01:32:40.594, 100 %, 2003 MiB, 4096 MiB, 1320 MHz, 33.88 W, 60, 0x0000000000000004
2026/10/07 01:32:42.604, 100 %, 2003 MiB, 4096 MiB, 1485 MHz, 32.21 W, 59, 0x0000000000000004
2026/10/07 01:32:44.606, 100 %, 2003 MiB, 4096 MiB, 1365 MHz, 33.26 W, 60, 0x0000000000000004
2026/10/07 01:32:46.617, 100 %, 2003 MiB, 4096 MiB, 1335 MHz, 36.22 W, 60, 0x0000000000000004
2026/10/07 01:32:48.619, 100 %, 2003 MiB, 4096 MiB, 1785 MHz, 18.02 W, 57, 0x0000000000000000
2026/10/07 01:32:50.622, 29 %, 2012 MiB, 4096 MiB, 1395 MHz, 35.59 W, 60, 0x0000000000000004
2026/10/07 01:32:52.624, 100 %, 2003 MiB, 4096 MiB, 1380 MHz, 33.72 W, 60, 0x0000000000000004
2026/10/07 01:32:54.627, 100 %, 2003 MiB, 4096 MiB, 1380 MHz, 34.83 W, 60, 0x0000000000000004
2026/10/07 01:32:56.629, 100 %, 2003 MiB, 4096 MiB, 1380 MHz, 35.93 W, 60, 0x0000000000000004
2026/10/07 01:32:58.631, 100 %, 2003 MiB, 4096 MiB, 1380 MHz, 35.36 W, 60, 0x0000000000000004
2026/10/07 01:33:00.634, 100 %, 2003 MiB, 4096 MiB, 1380 MHz, 35.39 W, 60, 0x0000000000000004
2026/10/07 01:33:02.637, 57 %, 2420 MiB, 4096 MiB, 1545 MHz, 27.85 W, 59, 0x0000000000000004
2026/10/07 01:33:04.640, 83 %, 2012 MiB, 4096 MiB, 1335 MHz, 34.22 W, 60, 0x0000000000000004
2026/10/07 01:33:06.646, 100 %, 2004 MiB, 4096 MiB, 1500 MHz, 34.59 W, 60, 0x0000000000000004
2026/10/07 01:33:08.648, 100 %, 2004 MiB, 4096 MiB, 1350 MHz, 32.79 W, 60, 0x0000000000000004
2026/10/07 01:33:10.657, 100 %, 2004 MiB, 4096 MiB, 1335 MHz, 32.78 W, 60, 0x0000000000000004
2026/10/07 01:33:12.660, 100 %, 2004 MiB, 4096 MiB, 1335 MHz, 34.84 W, 60, 0x0000000000000004
2026/10/07 01:33:14.665, 100 %, 2004 MiB, 4096 MiB, 1320 MHz, 35.67 W, 60, 0x0000000000000004
2026/10/07 01:33:16.668, 5 %, 718 MiB, 4096 MiB, 1785 MHz, 17.85 W, 57, 0x0000000000000000
2026/10/07 01:33:18.671, 56 %, 1651 MiB, 4096 MiB, 1380 MHz, 35.43 W, 59, 0x0000000000000004
2026/10/07 01:33:20.673, 100 %, 1651 MiB, 4096 MiB, 1395 MHz, 35.20 W, 60, 0x0000000000000004
2026/10/07 01:33:22.676, 100 %, 1641 MiB, 4096 MiB, 1395 MHz, 35.50 W, 60, 0x0000000000000004
2026/10/07 01:33:24.678, 100 %, 1641 MiB, 4096 MiB, 1410 MHz, 35.54 W, 60, 0x0000000000000004
2026/10/07 01:33:26.690, 100 %, 1641 MiB, 4096 MiB, 1395 MHz, 35.57 W, 60, 0x0000000000000004
2026/10/07 01:33:28.693, 100 %, 1641 MiB, 4096 MiB, 1380 MHz, 35.27 W, 60, 0x0000000000000004
2026/10/07 01:33:30.702, 17 %, 2059 MiB, 4096 MiB, 1455 MHz, 18.15 W, 59, 0x0000000000000004
2026/10/07 01:33:32.704, 38 %, 1651 MiB, 4096 MiB, 1380 MHz, 34.02 W, 60, 0x0000000000000004
2026/10/07 01:33:34.707, 100 %, 1643 MiB, 4096 MiB, 1395 MHz, 34.82 W, 60, 0x0000000000000004
2026/10/07 01:33:36.709, 100 %, 1643 MiB, 4096 MiB, 1380 MHz, 35.53 W, 60, 0x0000000000000004
2026/10/07 01:33:38.712, 100 %, 1643 MiB, 4096 MiB, 1380 MHz, 35.42 W, 60, 0x0000000000000004
2026/10/07 01:33:40.715, 100 %, 1643 MiB, 4096 MiB, 1410 MHz, 35.12 W, 60, 0x0000000000000004
2026/10/07 01:33:42.717, 100 %, 1643 MiB, 4096 MiB, 1395 MHz, 35.30 W, 60, 0x0000000000000004
2026/10/07 01:33:44.720, 27 %, 2060 MiB, 4096 MiB, 1545 MHz, 28.98 W, 59, 0x0000000000000004
2026/10/07 01:33:46.722, 41 %, 1651 MiB, 4096 MiB, 1380 MHz, 35.55 W, 60, 0x0000000000000004
2026/10/07 01:33:48.729, 100 %, 1643 MiB, 4096 MiB, 1380 MHz, 33.85 W, 60, 0x0000000000000004
2026/10/07 01:33:50.731, 100 %, 1641 MiB, 4096 MiB, 1380 MHz, 34.72 W, 60, 0x0000000000000004
2026/10/07 01:33:52.734, 100 %, 1641 MiB, 4096 MiB, 1380 MHz, 35.99 W, 60, 0x0000000000000004
2026/10/07 01:33:54.736, 100 %, 1641 MiB, 4096 MiB, 1395 MHz, 35.32 W, 60, 0x0000000000000004
2026/10/07 01:33:56.738, 100 %, 1641 MiB, 4096 MiB, 1395 MHz, 35.30 W, 60, 0x0000000000000004
2026/10/07 01:33:58.746, 25 %, 1643 MiB, 4096 MiB, 1785 MHz, 18.03 W, 57, 0x0000000000000000
2026/10/07 01:34:00.749, 33 %, 1490 MiB, 4096 MiB, 1230 MHz, 14.08 W, 56, 0x0000000000000001
2026/10/07 01:34:02.763, 100 %, 1901 MiB, 4096 MiB, 1335 MHz, 35.88 W, 60, 0x0000000000000004
2026/10/07 01:34:04.766, 72 %, 1901 MiB, 4096 MiB, 1785 MHz, 18.00 W, 57, 0x0000000000000000
2026/10/07 01:34:06.768, 70 %, 1910 MiB, 4096 MiB, 1350 MHz, 35.86 W, 60, 0x0000000000000004
2026/10/07 01:34:08.770, 100 %, 1910 MiB, 4096 MiB, 1335 MHz, 34.10 W, 60, 0x0000000000000004
2026/10/07 01:34:10.773, 16 %, 719 MiB, 4096 MiB, 1785 MHz, 17.99 W, 57, 0x0000000000000000
2026/10/07 01:34:12.777, 100 %, 1910 MiB, 4096 MiB, 1290 MHz, 34.30 W, 60, 0x0000000000000004
2026/10/07 01:34:14.780, 69 %, 1902 MiB, 4096 MiB, 1785 MHz, 17.95 W, 57, 0x0000000000000000
2026/10/07 01:34:16.782, 45 %, 1977 MiB, 4096 MiB, 1350 MHz, 35.55 W, 60, 0x0000000000000004
2026/10/07 01:34:18.784, 100 %, 1976 MiB, 4096 MiB, 1395 MHz, 35.35 W, 59, 0x0000000000000004
2026/10/07 01:34:20.787, 100 %, 1967 MiB, 4096 MiB, 1380 MHz, 33.84 W, 60, 0x0000000000000004
2026/10/07 01:34:22.794, 100 %, 1967 MiB, 4096 MiB, 1395 MHz, 34.79 W, 60, 0x0000000000000004
2026/10/07 01:34:24.796, 100 %, 1967 MiB, 4096 MiB, 1380 MHz, 35.99 W, 60, 0x0000000000000004
2026/10/07 01:34:26.799, 100 %, 1967 MiB, 4096 MiB, 1380 MHz, 35.37 W, 60, 0x0000000000000004
2026/10/07 01:34:28.802, 25 %, 1967 MiB, 4096 MiB, 1785 MHz, 18.00 W, 57, 0x0000000000000000
2026/10/07 01:34:30.805, 95 %, 1976 MiB, 4096 MiB, 1380 MHz, 34.02 W, 59, 0x0000000000000004
2026/10/07 01:34:32.808, 100 %, 1976 MiB, 4096 MiB, 1410 MHz, 34.52 W, 60, 0x0000000000000004
2026/10/07 01:34:34.810, 100 %, 1968 MiB, 4096 MiB, 1395 MHz, 34.86 W, 60, 0x0000000000000004
2026/10/07 01:34:36.812, 100 %, 1968 MiB, 4096 MiB, 1365 MHz, 35.36 W, 60, 0x0000000000000004
2026/10/07 01:34:38.814, 100 %, 1968 MiB, 4096 MiB, 1380 MHz, 35.93 W, 60, 0x0000000000000004
2026/10/07 01:34:40.817, 100 %, 1968 MiB, 4096 MiB, 1260 MHz, 35.45 W, 60, 0x0000000000000004
2026/10/07 01:34:42.825, 75 %, 719 MiB, 4096 MiB, 1785 MHz, 17.97 W, 57, 0x0000000000000000
2026/10/07 01:34:44.827, 70 %, 1976 MiB, 4096 MiB, 1395 MHz, 34.68 W, 60, 0x0000000000000004
2026/10/07 01:34:46.829, 100 %, 1968 MiB, 4096 MiB, 1395 MHz, 36.03 W, 60, 0x0000000000000004
2026/10/07 01:34:48.832, 100 %, 1968 MiB, 4096 MiB, 1380 MHz, 35.30 W, 60, 0x0000000000000004
2026/10/07 01:34:50.834, 100 %, 1965 MiB, 4096 MiB, 1380 MHz, 35.90 W, 60, 0x0000000000000004
2026/10/07 01:34:52.837, 100 %, 1965 MiB, 4096 MiB, 1410 MHz, 35.49 W, 60, 0x0000000000000004
2026/10/07 01:34:54.839, 100 %, 1965 MiB, 4096 MiB, 1395 MHz, 35.04 W, 60, 0x0000000000000004
2026/10/07 01:34:56.842, 5 %, 716 MiB, 4096 MiB, 1785 MHz, 18.01 W, 57, 0x0000000000000000
2026/10/07 01:34:58.844, 46 %, 1637 MiB, 4096 MiB, 1350 MHz, 32.40 W, 60, 0x0000000000000004
2026/10/07 01:35:00.852, 100 %, 1629 MiB, 4096 MiB, 1350 MHz, 34.66 W, 60, 0x0000000000000004
2026/10/07 01:35:02.855, 100 %, 1629 MiB, 4096 MiB, 1350 MHz, 35.63 W, 60, 0x0000000000000004
2026/10/07 01:35:04.858, 100 %, 1629 MiB, 4096 MiB, 1320 MHz, 34.68 W, 60, 0x0000000000000004
2026/10/07 01:35:06.861, 100 %, 1629 MiB, 4096 MiB, 1335 MHz, 34.94 W, 60, 0x0000000000000004
2026/10/07 01:35:08.863, 100 %, 1629 MiB, 4096 MiB, 1425 MHz, 34.58 W, 60, 0x0000000000000004
2026/10/07 01:35:10.872, 20 %, 717 MiB, 4096 MiB, 1785 MHz, 18.05 W, 57, 0x0000000000000000
2026/10/07 01:35:12.875, 38 %, 1639 MiB, 4096 MiB, 1275 MHz, 35.99 W, 60, 0x0000000000000004
2026/10/07 01:35:14.877, 100 %, 1630 MiB, 4096 MiB, 1290 MHz, 35.07 W, 60, 0x0000000000000004
2026/10/07 01:35:16.880, 100 %, 1630 MiB, 4096 MiB, 1470 MHz, 33.52 W, 59, 0x0000000000000004
2026/10/07 01:35:18.886, 100 %, 1630 MiB, 4096 MiB, 1395 MHz, 31.29 W, 60, 0x0000000000000004
2026/10/07 01:35:20.889, 100 %, 1629 MiB, 4096 MiB, 1335 MHz, 34.38 W, 60, 0x0000000000000004
2026/10/07 01:35:22.892, 100 %, 1629 MiB, 4096 MiB, 1335 MHz, 35.82 W, 60, 0x0000000000000004
2026/10/07 01:35:24.894, 29 %, 717 MiB, 4096 MiB, 1785 MHz, 18.01 W, 57, 0x0000000000000000
2026/10/07 01:35:26.897, 40 %, 1638 MiB, 4096 MiB, 1380 MHz, 35.01 W, 60, 0x0000000000000004
2026/10/07 01:35:28.899, 100 %, 1630 MiB, 4096 MiB, 1275 MHz, 35.70 W, 60, 0x0000000000000004
2026/10/07 01:35:30.902, 100 %, 1630 MiB, 4096 MiB, 1290 MHz, 35.22 W, 60, 0x0000000000000004
2026/10/07 01:35:32.904, 100 %, 1630 MiB, 4096 MiB, 1335 MHz, 33.90 W, 60, 0x0000000000000004
2026/10/07 01:35:34.906, 100 %, 1630 MiB, 4096 MiB, 1395 MHz, 31.24 W, 60, 0x0000000000000004
2026/10/07 01:35:36.913, 100 %, 1630 MiB, 4096 MiB, 1335 MHz, 33.67 W, 60, 0x0000000000000004
2026/10/07 01:35:38.916, 26 %, 1639 MiB, 4096 MiB, 1785 MHz, 17.97 W, 57, 0x0000000000000000
2026/10/07 01:35:40.918, 4 %, 718 MiB, 4096 MiB, 1710 MHz, 17.57 W, 56, 0x0000000000000001
2026/10/07 01:35:42.933, 75 %, 2007 MiB, 4096 MiB, 1395 MHz, 34.72 W, 59, 0x0000000000000004
2026/10/07 01:35:44.943, 100 %, 1999 MiB, 4096 MiB, 1395 MHz, 35.66 W, 60, 0x0000000000000004
2026/10/07 01:35:46.945, 0 %, 719 MiB, 4096 MiB, 1785 MHz, 18.00 W, 57, 0x0000000000000000
2026/10/07 01:35:48.947, 100 %, 2008 MiB, 4096 MiB, 1350 MHz, 35.31 W, 59, 0x0000000000000004
2026/10/07 01:35:50.950, 100 %, 1999 MiB, 4096 MiB, 1785 MHz, 18.02 W, 57, 0x0000000000000000
2026/10/07 01:35:52.953, 16 %, 2008 MiB, 4096 MiB, 1365 MHz, 35.95 W, 59, 0x0000000000000004
2026/10/07 01:35:54.957, 100 %, 2007 MiB, 4096 MiB, 1395 MHz, 35.69 W, 60, 0x0000000000000004
2026/10/07 01:35:56.959, 61 %, 2001 MiB, 4096 MiB, 1680 MHz, 16.82 W, 57, 0x0000000000000001
2026/10/07 01:35:58.973, 18 %, 2101 MiB, 4096 MiB, 1380 MHz, 34.62 W, 60, 0x0000000000000004
2026/10/07 01:36:00.976, 100 %, 2093 MiB, 4096 MiB, 1380 MHz, 35.83 W, 60, 0x0000000000000004
2026/10/07 01:36:02.978, 100 %, 2093 MiB, 4096 MiB, 1380 MHz, 35.42 W, 60, 0x0000000000000004
2026/10/07 01:36:04.982, 100 %, 2093 MiB, 4096 MiB, 1395 MHz, 35.48 W, 60, 0x0000000000000004
2026/10/07 01:36:06.986, 100 %, 2093 MiB, 4096 MiB, 1395 MHz, 35.28 W, 60, 0x0000000000000004
2026/10/07 01:36:08.988, 100 %, 2093 MiB, 4096 MiB, 1395 MHz, 35.44 W, 60, 0x0000000000000004
2026/10/07 01:36:10.992, 100 %, 2093 MiB, 4096 MiB, 1395 MHz, 35.75 W, 60, 0x0000000000000004
2026/10/07 01:36:12.994, 100 %, 2093 MiB, 4096 MiB, 1425 MHz, 35.51 W, 60, 0x0000000000000004
2026/10/07 01:36:14.997, 100 %, 2093 MiB, 4096 MiB, 1395 MHz, 35.65 W, 60, 0x0000000000000004
2026/10/07 01:36:16.999, 100 %, 2093 MiB, 4096 MiB, 1365 MHz, 35.55 W, 60, 0x0000000000000004
2026/10/07 01:36:19.001, 100 %, 2093 MiB, 4096 MiB, 1365 MHz, 35.91 W, 60, 0x0000000000000004
2026/10/07 01:36:21.005, 100 %, 2090 MiB, 4096 MiB, 1260 MHz, 35.27 W, 60, 0x0000000000000004
2026/10/07 01:36:23.007, 100 %, 2090 MiB, 4096 MiB, 1290 MHz, 34.50 W, 60, 0x0000000000000004
2026/10/07 01:36:25.010, 100 %, 2090 MiB, 4096 MiB, 1365 MHz, 33.38 W, 60, 0x0000000000000004
2026/10/07 01:36:27.018, 100 %, 2090 MiB, 4096 MiB, 1470 MHz, 31.63 W, 60, 0x0000000000000004
2026/10/07 01:36:29.020, 13 %, 2125 MiB, 4096 MiB, 1785 MHz, 18.07 W, 57, 0x0000000000000000
2026/10/07 01:36:31.023, 55 %, 2099 MiB, 4096 MiB, 1425 MHz, 33.38 W, 59, 0x0000000000000004
2026/10/07 01:36:33.025, 100 %, 2091 MiB, 4096 MiB, 1395 MHz, 34.78 W, 60, 0x0000000000000004
2026/10/07 01:36:35.028, 100 %, 2091 MiB, 4096 MiB, 1380 MHz, 34.97 W, 60, 0x0000000000000004
2026/10/07 01:36:37.030, 100 %, 2091 MiB, 4096 MiB, 1350 MHz, 35.30 W, 60, 0x0000000000000004
2026/10/07 01:36:39.033, 100 %, 2091 MiB, 4096 MiB, 1260 MHz, 35.62 W, 60, 0x0000000000000004
2026/10/07 01:36:41.040, 100 %, 2091 MiB, 4096 MiB, 1260 MHz, 35.32 W, 60, 0x0000000000000004
2026/10/07 01:36:43.042, 100 %, 2091 MiB, 4096 MiB, 1320 MHz, 33.81 W, 60, 0x0000000000000004
2026/10/07 01:36:45.051, 100 %, 2091 MiB, 4096 MiB, 1485 MHz, 31.72 W, 60, 0x0000000000000004
2026/10/07 01:36:47.054, 100 %, 2091 MiB, 4096 MiB, 1350 MHz, 33.51 W, 60, 0x0000000000000004
2026/10/07 01:36:49.063, 100 %, 2091 MiB, 4096 MiB, 1320 MHz, 36.20 W, 60, 0x0000000000000004
2026/10/07 01:36:51.065, 100 %, 2090 MiB, 4096 MiB, 1335 MHz, 33.58 W, 60, 0x0000000000000004
2026/10/07 01:36:53.070, 100 %, 2090 MiB, 4096 MiB, 1320 MHz, 36.94 W, 60, 0x0000000000000004
2026/10/07 01:36:55.073, 100 %, 2090 MiB, 4096 MiB, 1320 MHz, 34.76 W, 60, 0x0000000000000004
2026/10/07 01:36:57.075, 100 %, 2090 MiB, 4096 MiB, 1350 MHz, 34.63 W, 60, 0x0000000000000004
2026/10/07 01:36:59.080, 100 %, 2090 MiB, 4096 MiB, 1425 MHz, 33.85 W, 60, 0x0000000000000004
2026/10/07 01:37:01.082, 16 %, 716 MiB, 4096 MiB, 1785 MHz, 17.99 W, 57, 0x0000000000000000
2026/10/07 01:37:03.084, 100 %, 2099 MiB, 4096 MiB, 1380 MHz, 34.91 W, 60, 0x0000000000000004
2026/10/07 01:37:05.087, 100 %, 2090 MiB, 4096 MiB, 1380 MHz, 35.99 W, 60, 0x0000000000000004
2026/10/07 01:37:07.091, 100 %, 2090 MiB, 4096 MiB, 1380 MHz, 35.34 W, 60, 0x0000000000000004
2026/10/07 01:37:09.093, 100 %, 2090 MiB, 4096 MiB, 1380 MHz, 36.08 W, 60, 0x0000000000000004
2026/10/07 01:37:11.096, 100 %, 2090 MiB, 4096 MiB, 1380 MHz, 35.43 W, 60, 0x0000000000000004
2026/10/07 01:37:13.098, 100 %, 2090 MiB, 4096 MiB, 1395 MHz, 35.41 W, 60, 0x0000000000000004
2026/10/07 01:37:15.101, 100 %, 2090 MiB, 4096 MiB, 1395 MHz, 35.19 W, 60, 0x0000000000000004
2026/10/07 01:37:17.103, 100 %, 2090 MiB, 4096 MiB, 1395 MHz, 35.42 W, 60, 0x0000000000000004
2026/10/07 01:37:19.106, 100 %, 2090 MiB, 4096 MiB, 1410 MHz, 35.87 W, 60, 0x0000000000000004
2026/10/07 01:37:21.109, 100 %, 2090 MiB, 4096 MiB, 1410 MHz, 35.40 W, 60, 0x0000000000000004
2026/10/07 01:37:23.111, 100 %, 2090 MiB, 4096 MiB, 1395 MHz, 35.69 W, 60, 0x0000000000000004
2026/10/07 01:37:25.114, 100 %, 2090 MiB, 4096 MiB, 1380 MHz, 35.48 W, 60, 0x0000000000000004
2026/10/07 01:37:27.116, 100 %, 2090 MiB, 4096 MiB, 1380 MHz, 35.55 W, 60, 0x0000000000000004
2026/10/07 01:37:29.119, 100 %, 2090 MiB, 4096 MiB, 1275 MHz, 35.28 W, 60, 0x0000000000000004
2026/10/07 01:37:31.122, 88 %, 2090 MiB, 4096 MiB, 1785 MHz, 18.02 W, 58, 0x0000000000000000
2026/10/07 01:37:33.124, 18 %, 715 MiB, 4096 MiB, 1230 MHz, 14.13 W, 56, 0x0000000000000001
2026/10/07 01:37:35.139, 58 %, 1679 MiB, 4096 MiB, 1350 MHz, 35.17 W, 59, 0x0000000000000004
2026/10/07 01:37:37.142, 100 %, 1671 MiB, 4096 MiB, 1380 MHz, 35.09 W, 59, 0x0000000000000004
2026/10/07 01:37:39.151, 100 %, 1671 MiB, 4096 MiB, 1410 MHz, 33.38 W, 60, 0x0000000000000004
2026/10/07 01:37:41.153, 100 %, 1671 MiB, 4096 MiB, 1395 MHz, 34.45 W, 60, 0x0000000000000004
2026/10/07 01:37:43.157, 100 %, 1671 MiB, 4096 MiB, 1380 MHz, 36.11 W, 60, 0x0000000000000004
2026/10/07 01:37:45.160, 100 %, 1671 MiB, 4096 MiB, 1380 MHz, 35.43 W, 60, 0x0000000000000004
2026/10/07 01:37:47.162, 100 %, 1671 MiB, 4096 MiB, 1380 MHz, 35.72 W, 60, 0x0000000000000004
2026/10/07 01:37:49.165, 100 %, 1671 MiB, 4096 MiB, 1395 MHz, 35.36 W, 60, 0x0000000000000004
2026/10/07 01:37:51.167, 100 %, 1670 MiB, 4096 MiB, 1395 MHz, 35.30 W, 60, 0x0000000000000004
2026/10/07 01:37:53.170, 100 %, 1670 MiB, 4096 MiB, 1395 MHz, 35.41 W, 60, 0x0000000000000004
2026/10/07 01:37:55.173, 100 %, 1670 MiB, 4096 MiB, 1410 MHz, 35.85 W, 60, 0x0000000000000004
2026/10/07 01:37:57.175, 100 %, 1670 MiB, 4096 MiB, 1395 MHz, 35.42 W, 60, 0x0000000000000004
2026/10/07 01:37:59.179, 100 %, 1670 MiB, 4096 MiB, 1380 MHz, 35.71 W, 60, 0x0000000000000004
2026/10/07 01:38:01.181, 100 %, 1670 MiB, 4096 MiB, 1380 MHz, 35.30 W, 60, 0x0000000000000004
2026/10/07 01:38:03.184, 100 %, 1670 MiB, 4096 MiB, 1260 MHz, 35.87 W, 60, 0x0000000000000004
2026/10/07 01:38:05.194, 73 %, 1670 MiB, 4096 MiB, 1785 MHz, 18.03 W, 57, 0x0000000000000000
2026/10/07 01:38:07.197, 26 %, 716 MiB, 4096 MiB, 1785 MHz, 17.95 W, 57, 0x0000000000000000
2026/10/07 01:38:09.199, 0 %, 1680 MiB, 4096 MiB, 1380 MHz, 35.36 W, 59, 0x0000000000000004
2026/10/07 01:38:11.201, 100 %, 1672 MiB, 4096 MiB, 1380 MHz, 35.91 W, 59, 0x0000000000000004
2026/10/07 01:38:13.204, 100 %, 1672 MiB, 4096 MiB, 1395 MHz, 35.35 W, 59, 0x0000000000000004
2026/10/07 01:38:15.214, 100 %, 1672 MiB, 4096 MiB, 1395 MHz, 35.25 W, 60, 0x0000000000000004
2026/10/07 01:38:17.216, 100 %, 1672 MiB, 4096 MiB, 1395 MHz, 35.42 W, 60, 0x0000000000000004
2026/10/07 01:38:19.218, 100 %, 1672 MiB, 4096 MiB, 1425 MHz, 35.78 W, 59, 0x0000000000000004
2026/10/07 01:38:21.221, 100 %, 1671 MiB, 4096 MiB, 1395 MHz, 35.61 W, 60, 0x0000000000000004
2026/10/07 01:38:23.224, 100 %, 1671 MiB, 4096 MiB, 1380 MHz, 35.40 W, 60, 0x0000000000000004
2026/10/07 01:38:25.226, 100 %, 1671 MiB, 4096 MiB, 1365 MHz, 35.62 W, 59, 0x0000000000000004
2026/10/07 01:38:27.229, 100 %, 1671 MiB, 4096 MiB, 1260 MHz, 35.98 W, 60, 0x0000000000000004
2026/10/07 01:38:29.231, 100 %, 1671 MiB, 4096 MiB, 1275 MHz, 35.40 W, 59, 0x0000000000000004
2026/10/07 01:38:31.240, 100 %, 1671 MiB, 4096 MiB, 1335 MHz, 33.81 W, 59, 0x0000000000000004
2026/10/07 01:38:33.242, 100 %, 1671 MiB, 4096 MiB, 1395 MHz, 31.28 W, 60, 0x0000000000000004
2026/10/07 01:38:35.252, 100 %, 1671 MiB, 4096 MiB, 1335 MHz, 34.07 W, 60, 0x0000000000000004
2026/10/07 01:38:37.255, 100 %, 1671 MiB, 4096 MiB, 1335 MHz, 36.60 W, 60, 0x0000000000000004
2026/10/07 01:38:39.261, 33 %, 1671 MiB, 4096 MiB, 1785 MHz, 17.93 W, 57, 0x0000000000000000
2026/10/07 01:38:41.263, 15 %, 716 MiB, 4096 MiB, 1785 MHz, 17.96 W, 57, 0x0000000000000000
2026/10/07 01:38:43.265, 91 %, 1680 MiB, 4096 MiB, 1320 MHz, 35.29 W, 59, 0x0000000000000004
2026/10/07 01:38:45.276, 100 %, 1672 MiB, 4096 MiB, 1335 MHz, 36.10 W, 59, 0x0000000000000004
2026/10/07 01:38:47.278, 100 %, 1672 MiB, 4096 MiB, 1410 MHz, 34.99 W, 59, 0x0000000000000004
2026/10/07 01:38:49.287, 100 %, 1672 MiB, 4096 MiB, 1395 MHz, 34.58 W, 60, 0x0000000000000004
2026/10/07 01:38:51.289, 100 %, 1671 MiB, 4096 MiB, 1380 MHz, 33.78 W, 60, 0x0000000000000004
2026/10/07 01:38:53.293, 100 %, 1671 MiB, 4096 MiB, 1380 MHz, 34.98 W, 60, 0x0000000000000004
2026/10/07 01:38:55.295, 100 %, 1671 MiB, 4096 MiB, 1380 MHz, 35.55 W, 60, 0x0000000000000004
2026/10/07 01:38:57.299, 100 %, 1671 MiB, 4096 MiB, 1380 MHz, 35.45 W, 60, 0x0000000000000004
2026/10/07 01:38:59.302, 100 %, 1671 MiB, 4096 MiB, 1395 MHz, 35.07 W, 60, 0x0000000000000004
2026/10/07 01:39:01.304, 100 %, 1671 MiB, 4096 MiB, 1395 MHz, 35.40 W, 60, 0x0000000000000004
2026/10/07 01:39:03.307, 100 %, 1671 MiB, 4096 MiB, 1395 MHz, 35.18 W, 60, 0x0000000000000004
2026/10/07 01:39:05.309, 100 %, 1671 MiB, 4096 MiB, 1410 MHz, 35.44 W, 59, 0x0000000000000004
2026/10/07 01:39:07.312, 100 %, 1671 MiB, 4096 MiB, 1395 MHz, 35.62 W, 60, 0x0000000000000004
2026/10/07 01:39:09.314, 100 %, 1671 MiB, 4096 MiB, 1380 MHz, 35.67 W, 60, 0x0000000000000004
2026/10/07 01:39:11.317, 100 %, 1671 MiB, 4096 MiB, 1785 MHz, 17.30 W, 58, 0x0000000000000000
2026/10/07 01:39:13.319, 0 %, 1679 MiB, 4096 MiB, 345 MHz, 13.23 W, 56, 0x0000000000000001
2026/10/07 01:39:15.335, 46 %, 2012 MiB, 4096 MiB, 1365 MHz, 35.82 W, 58, 0x0000000000000004
2026/10/07 01:39:17.337, 100 %, 2003 MiB, 4096 MiB, 1425 MHz, 35.42 W, 59, 0x0000000000000004
2026/10/07 01:39:19.341, 84 %, 2003 MiB, 4096 MiB, 1785 MHz, 17.99 W, 57, 0x0000000000000000
2026/10/07 01:39:21.343, 44 %, 2003 MiB, 4096 MiB, 1380 MHz, 33.30 W, 59, 0x0000000000000004
2026/10/07 01:39:23.346, 100 %, 2003 MiB, 4096 MiB, 1335 MHz, 34.84 W, 59, 0x0000000000000004
2026/10/07 01:39:25.348, 17 %, 1946 MiB, 4096 MiB, 1785 MHz, 18.20 W, 57, 0x0000000000000000
2026/10/07 01:39:27.350, 100 %, 2012 MiB, 4096 MiB, 1320 MHz, 33.54 W, 59, 0x0000000000000004
2026/10/07 01:39:29.354, 100 %, 2004 MiB, 4096 MiB, 1785 MHz, 17.99 W, 57, 0x0000000000000000
2026/10/07 01:39:31.356, 18 %, 2082 MiB, 4096 MiB, 1350 MHz, 35.37 W, 59, 0x0000000000000004
2026/10/07 01:39:33.361, 100 %, 2081 MiB, 4096 MiB, 1335 MHz, 35.94 W, 59, 0x0000000000000004
2026/10/07 01:39:35.363, 100 %, 2073 MiB, 4096 MiB, 1350 MHz, 34.92 W, 60, 0x0000000000000004
2026/10/07 01:39:37.366, 100 %, 2073 MiB, 4096 MiB, 1425 MHz, 34.69 W, 59, 0x0000000000000004
2026/10/07 01:39:39.375, 100 %, 2073 MiB, 4096 MiB, 1395 MHz, 33.45 W, 59, 0x0000000000000004
2026/10/07 01:39:41.378, 100 %, 2073 MiB, 4096 MiB, 1395 MHz, 34.55 W, 60, 0x0000000000000004
2026/10/07 01:39:43.381, 100 %, 2073 MiB, 4096 MiB, 1380 MHz, 35.81 W, 60, 0x0000000000000004
2026/10/07 01:39:45.383, 100 %, 2073 MiB, 4096 MiB, 1380 MHz, 34.72 W, 59, 0x0000000000000004
2026/10/07 01:39:47.386, 100 %, 2073 MiB, 4096 MiB, 1395 MHz, 35.63 W, 60, 0x0000000000000004
2026/10/07 01:39:49.392, 64 %, 2073 MiB, 4096 MiB, 1785 MHz, 18.03 W, 57, 0x0000000000000000
2026/10/07 01:39:51.394, 45 %, 2073 MiB, 4096 MiB, 1260 MHz, 35.12 W, 59, 0x0000000000000004
2026/10/07 01:39:53.397, 100 %, 2073 MiB, 4096 MiB, 1365 MHz, 34.63 W, 60, 0x0000000000000004
2026/10/07 01:39:55.399, 100 %, 2073 MiB, 4096 MiB, 1425 MHz, 35.32 W, 59, 0x0000000000000004
2026/10/07 01:39:57.408, 100 %, 2073 MiB, 4096 MiB, 1380 MHz, 35.42 W, 60, 0x0000000000000004
2026/10/07 01:39:59.411, 100 %, 2073 MiB, 4096 MiB, 1380 MHz, 35.43 W, 60, 0x0000000000000004
2026/10/07 01:40:01.417, 100 %, 2073 MiB, 4096 MiB, 1365 MHz, 35.84 W, 60, 0x0000000000000004
2026/10/07 01:40:03.420, 100 %, 2073 MiB, 4096 MiB, 1275 MHz, 35.49 W, 60, 0x0000000000000004
2026/10/07 01:40:05.428, 100 %, 2073 MiB, 4096 MiB, 1275 MHz, 34.22 W, 59, 0x0000000000000004
2026/10/07 01:40:07.431, 100 %, 2073 MiB, 4096 MiB, 1335 MHz, 35.37 W, 59, 0x0000000000000004
2026/10/07 01:40:09.440, 11 %, 718 MiB, 4096 MiB, 1785 MHz, 18.01 W, 57, 0x0000000000000000
2026/10/07 01:40:11.442, 100 %, 2082 MiB, 4096 MiB, 1350 MHz, 35.13 W, 60, 0x0000000000000004
2026/10/07 01:40:13.444, 100 %, 2074 MiB, 4096 MiB, 1425 MHz, 35.42 W, 59, 0x0000000000000004
2026/10/07 01:40:15.447, 100 %, 2074 MiB, 4096 MiB, 1395 MHz, 33.35 W, 60, 0x0000000000000004
2026/10/07 01:40:17.451, 100 %, 2074 MiB, 4096 MiB, 1380 MHz, 34.69 W, 60, 0x0000000000000004
2026/10/07 01:40:19.453, 100 %, 2074 MiB, 4096 MiB, 1380 MHz, 36.05 W, 60, 0x0000000000000004
2026/10/07 01:40:21.456, 100 %, 2072 MiB, 4096 MiB, 1380 MHz, 35.38 W, 60, 0x0000000000000004
2026/10/07 01:40:23.459, 100 %, 2072 MiB, 4096 MiB, 1380 MHz, 35.26 W, 60, 0x0000000000000004
2026/10/07 01:40:25.462, 100 %, 2072 MiB, 4096 MiB, 1395 MHz, 35.37 W, 60, 0x0000000000000004
2026/10/07 01:40:27.464, 100 %, 2072 MiB, 4096 MiB, 1395 MHz, 35.35 W, 60, 0x0000000000000004
2026/10/07 01:40:29.468, 18 %, 716 MiB, 4096 MiB, 1785 MHz, 17.99 W, 57, 0x0000000000000000
2026/10/07 01:40:31.470, 75 %, 1673 MiB, 4096 MiB, 1425 MHz, 31.75 W, 59, 0x0000000000000004
2026/10/07 01:40:33.472, 100 %, 1665 MiB, 4096 MiB, 1395 MHz, 34.43 W, 60, 0x0000000000000004
2026/10/07 01:40:35.475, 100 %, 1665 MiB, 4096 MiB, 1365 MHz, 35.24 W, 60, 0x0000000000000004
2026/10/07 01:40:37.483, 100 %, 1665 MiB, 4096 MiB, 1335 MHz, 35.26 W, 60, 0x0000000000000004
2026/10/07 01:40:39.486, 100 %, 1665 MiB, 4096 MiB, 1245 MHz, 34.89 W, 59, 0x0000000000000004
2026/10/07 01:40:41.488, 100 %, 1665 MiB, 4096 MiB, 1305 MHz, 33.33 W, 59, 0x0000000000000004
2026/10/07 01:40:43.495, 100 %, 1665 MiB, 4096 MiB, 1470 MHz, 34.51 W, 59, 0x0000000000000004
2026/10/07 01:40:45.498, 100 %, 1665 MiB, 4096 MiB, 1350 MHz, 33.01 W, 60, 0x0000000000000004
2026/10/07 01:40:47.505, 100 %, 1665 MiB, 4096 MiB, 1350 MHz, 33.17 W, 60, 0x0000000000000004
2026/10/07 01:40:49.508, 0 %, 2084 MiB, 4096 MiB, 1425 MHz, 21.39 W, 59, 0x0000000000000004
2026/10/07 01:40:51.510, 29 %, 1666 MiB, 4096 MiB, 1365 MHz, 35.07 W, 59, 0x0000000000000004
2026/10/07 01:40:53.515, 100 %, 1666 MiB, 4096 MiB, 1335 MHz, 36.03 W, 60, 0x0000000000000004
2026/10/07 01:40:55.517, 100 %, 1666 MiB, 4096 MiB, 1335 MHz, 35.11 W, 60, 0x0000000000000004
2026/10/07 01:40:57.521, 100 %, 1666 MiB, 4096 MiB, 1410 MHz, 34.56 W, 59, 0x0000000000000004
2026/10/07 01:40:59.527, 100 %, 1666 MiB, 4096 MiB, 1395 MHz, 34.01 W, 60, 0x0000000000000004
2026/10/07 01:41:01.530, 100 %, 1666 MiB, 4096 MiB, 1380 MHz, 34.93 W, 60, 0x0000000000000004
2026/10/07 01:41:03.532, 100 %, 1666 MiB, 4096 MiB, 1380 MHz, 34.33 W, 60, 0x0000000000000004
2026/10/07 01:41:05.535, 100 %, 1666 MiB, 4096 MiB, 1380 MHz, 35.89 W, 60, 0x0000000000000004
2026/10/07 01:41:07.537, 100 %, 1666 MiB, 4096 MiB, 1380 MHz, 35.43 W, 60, 0x0000000000000004
2026/10/07 01:41:09.540, 20 %, 1666 MiB, 4096 MiB, 1785 MHz, 17.98 W, 57, 0x0000000000000000
2026/10/07 01:41:11.542, 0 %, 1615 MiB, 4096 MiB, 1665 MHz, 18.22 W, 58, 0x0000000000000004
2026/10/07 01:41:13.544, 100 %, 1674 MiB, 4096 MiB, 1395 MHz, 34.14 W, 60, 0x0000000000000004
2026/10/07 01:41:15.547, 100 %, 1666 MiB, 4096 MiB, 1365 MHz, 35.32 W, 60, 0x0000000000000004
2026/10/07 01:41:17.554, 100 %, 1666 MiB, 4096 MiB, 1350 MHz, 35.19 W, 60, 0x0000000000000004
2026/10/07 01:41:19.557, 100 %, 1666 MiB, 4096 MiB, 1260 MHz, 34.64 W, 60, 0x0000000000000004
2026/10/07 01:41:21.566, 100 %, 1666 MiB, 4096 MiB, 1305 MHz, 33.28 W, 60, 0x0000000000000004
2026/10/07 01:41:23.569, 100 %, 1666 MiB, 4096 MiB, 1515 MHz, 34.45 W, 59, 0x0000000000000004
2026/10/07 01:41:25.579, 100 %, 1666 MiB, 4096 MiB, 1350 MHz, 32.94 W, 60, 0x0000000000000004
2026/10/07 01:41:27.581, 100 %, 1666 MiB, 4096 MiB, 1335 MHz, 33.10 W, 60, 0x0000000000000004
2026/10/07 01:41:29.590, 100 %, 1666 MiB, 4096 MiB, 1785 MHz, 17.97 W, 57, 0x0000000000000000
2026/10/07 01:41:31.592, 0 %, 717 MiB, 4096 MiB, 915 MHz, 13.25 W, 56, 0x0000000000000001
2026/10/07 01:41:33.608, 39 %, 1944 MiB, 4096 MiB, 1350 MHz, 35.67 W, 59, 0x0000000000000004
2026/10/07 01:41:35.611, 42 %, 718 MiB, 4096 MiB, 1785 MHz, 17.98 W, 57, 0x0000000000000000
2026/10/07 01:41:37.613, 90 %, 1944 MiB, 4096 MiB, 1785 MHz, 22.45 W, 57, 0x0000000000000000
2026/10/07 01:41:39.615, 16 %, 1945 MiB, 4096 MiB, 1395 MHz, 34.28 W, 59, 0x0000000000000004
2026/10/07 01:41:41.617, 100 %, 1941 MiB, 4096 MiB, 1785 MHz, 18.04 W, 57, 0x0000000000000000
2026/10/07 01:41:43.621, 18 %, 2006 MiB, 4096 MiB, 1380 MHz, 35.41 W, 59, 0x0000000000000004
2026/10/07 01:41:45.623, 100 %, 2006 MiB, 4096 MiB, 1395 MHz, 35.16 W, 59, 0x0000000000000004
2026/10/07 01:41:47.627, 100 %, 2006 MiB, 4096 MiB, 1380 MHz, 35.19 W, 60, 0x0000000000000004
2026/10/07 01:41:49.630, 100 %, 2006 MiB, 4096 MiB, 1395 MHz, 35.16 W, 60, 0x0000000000000004
2026/10/07 01:41:51.632, 100 %, 2005 MiB, 4096 MiB, 1410 MHz, 35.29 W, 59, 0x0000000000000004
2026/10/07 01:41:53.644, 100 %, 2005 MiB, 4096 MiB, 1395 MHz, 35.82 W, 60, 0x0000000000000004
2026/10/07 01:41:55.646, 100 %, 2005 MiB, 4096 MiB, 1380 MHz, 35.64 W, 60, 0x0000000000000004
2026/10/07 01:41:57.651, 100 %, 2005 MiB, 4096 MiB, 1380 MHz, 35.61 W, 60, 0x0000000000000004
2026/10/07 01:41:59.653, 100 %, 2005 MiB, 4096 MiB, 1275 MHz, 35.25 W, 60, 0x0000000000000004
2026/10/07 01:42:01.656, 65 %, 719 MiB, 4096 MiB, 1785 MHz, 25.05 W, 58, 0x0000000000000000
2026/10/07 01:42:03.658, 54 %, 2013 MiB, 4096 MiB, 1335 MHz, 34.88 W, 60, 0x0000000000000004
2026/10/07 01:42:05.660, 100 %, 2005 MiB, 4096 MiB, 1365 MHz, 36.12 W, 60, 0x0000000000000004
2026/10/07 01:42:07.668, 100 %, 2005 MiB, 4096 MiB, 1335 MHz, 34.77 W, 60, 0x0000000000000004
2026/10/07 01:42:09.671, 100 %, 2005 MiB, 4096 MiB, 1335 MHz, 35.87 W, 60, 0x0000000000000004
2026/10/07 01:42:11.680, 100 %, 2005 MiB, 4096 MiB, 1335 MHz, 34.51 W, 60, 0x0000000000000004
2026/10/07 01:42:13.682, 100 %, 2005 MiB, 4096 MiB, 1425 MHz, 34.34 W, 60, 0x0000000000000004
2026/10/07 01:42:15.688, 100 %, 2005 MiB, 4096 MiB, 1380 MHz, 33.33 W, 60, 0x0000000000000004
2026/10/07 01:42:17.691, 100 %, 2005 MiB, 4096 MiB, 1380 MHz, 34.65 W, 60, 0x0000000000000004
2026/10/07 01:42:19.695, 100 %, 2005 MiB, 4096 MiB, 1380 MHz, 36.07 W, 60, 0x0000000000000004
2026/10/07 01:42:21.697, 18 %, 1857 MiB, 4096 MiB, 1350 MHz, 32.48 W, 59, 0x0000000000000004
2026/10/07 01:42:23.704, 100 %, 2011 MiB, 4096 MiB, 1395 MHz, 35.26 W, 60, 0x0000000000000004
2026/10/07 01:42:25.707, 100 %, 2003 MiB, 4096 MiB, 1305 MHz, 35.35 W, 60, 0x0000000000000004
2026/10/07 01:42:27.717, 100 %, 2003 MiB, 4096 MiB, 1260 MHz, 34.59 W, 59, 0x0000000000000004
2026/10/07 01:42:29.719, 100 %, 2003 MiB, 4096 MiB, 1275 MHz, 35.26 W, 60, 0x0000000000000004
2026/10/07 01:42:31.722, 100 %, 2003 MiB, 4096 MiB, 1380 MHz, 34.22 W, 59, 0x0000000000000004
2026/10/07 01:42:33.728, 100 %, 2003 MiB, 4096 MiB, 1470 MHz, 32.87 W, 60, 0x0000000000000004
2026/10/07 01:42:35.730, 100 %, 2003 MiB, 4096 MiB, 1350 MHz, 32.38 W, 60, 0x0000000000000004
2026/10/07 01:42:37.733, 100 %, 2003 MiB, 4096 MiB, 1350 MHz, 34.54 W, 60, 0x0000000000000004
2026/10/07 01:42:39.736, 100 %, 2003 MiB, 4096 MiB, 1785 MHz, 18.02 W, 57, 0x0000000000000000
2026/10/07 01:42:41.738, 18 %, 716 MiB, 4096 MiB, 1785 MHz, 17.92 W, 57, 0x0000000000000000
2026/10/07 01:42:43.740, 100 %, 1649 MiB, 4096 MiB, 1335 MHz, 35.27 W, 59, 0x0000000000000004
2026/10/07 01:42:45.742, 100 %, 1641 MiB, 4096 MiB, 1380 MHz, 35.40 W, 60, 0x0000000000000004
2026/10/07 01:42:47.746, 100 %, 1641 MiB, 4096 MiB, 1380 MHz, 35.49 W, 60, 0x0000000000000004
2026/10/07 01:42:49.748, 100 %, 1641 MiB, 4096 MiB, 1395 MHz, 35.37 W, 60, 0x0000000000000004
2026/10/07 01:42:51.751, 100 %, 1641 MiB, 4096 MiB, 1410 MHz, 35.85 W, 60, 0x0000000000000004
2026/10/07 01:42:53.753, 100 %, 1641 MiB, 4096 MiB, 1380 MHz, 35.42 W, 60, 0x0000000000000004
2026/10/07 01:42:55.756, 100 %, 1641 MiB, 4096 MiB, 1380 MHz, 35.42 W, 60, 0x0000000000000004
2026/10/07 01:42:57.759, 100 %, 1641 MiB, 4096 MiB, 1365 MHz, 35.64 W, 60, 0x0000000000000004
2026/10/07 01:42:59.761, 100 %, 1641 MiB, 4096 MiB, 1785 MHz, 18.08 W, 58, 0x0000000000000000
2026/10/07 01:43:01.763, 15 %, 717 MiB, 4096 MiB, 1785 MHz, 17.99 W, 57, 0x0000000000000000
2026/10/07 01:43:03.766, 100 %, 1651 MiB, 4096 MiB, 1380 MHz, 34.17 W, 60, 0x0000000000000004
2026/10/07 01:43:05.768, 100 %, 1643 MiB, 4096 MiB, 1380 MHz, 34.64 W, 60, 0x0000000000000004
2026/10/07 01:43:07.770, 100 %, 1643 MiB, 4096 MiB, 1395 MHz, 35.96 W, 60, 0x0000000000000004
2026/10/07 01:43:09.773, 100 %, 1643 MiB, 4096 MiB, 1380 MHz, 35.47 W, 60, 0x0000000000000004
2026/10/07 01:43:11.776, 100 %, 1643 MiB, 4096 MiB, 1395 MHz, 35.47 W, 60, 0x0000000000000004
2026/10/07 01:43:13.778, 100 %, 1643 MiB, 4096 MiB, 1395 MHz, 35.36 W, 60, 0x0000000000000004
2026/10/07 01:43:15.781, 100 %, 1643 MiB, 4096 MiB, 1410 MHz, 35.81 W, 59, 0x0000000000000004
2026/10/07 01:43:17.791, 100 %, 1643 MiB, 4096 MiB, 1395 MHz, 35.56 W, 60, 0x0000000000000004
2026/10/07 01:43:19.793, 100 %, 1643 MiB, 4096 MiB, 1785 MHz, 19.24 W, 58, 0x0000000000000000
2026/10/07 01:43:21.799, 15 %, 716 MiB, 4096 MiB, 1785 MHz, 17.96 W, 57, 0x0000000000000000
2026/10/07 01:43:23.801, 100 %, 1650 MiB, 4096 MiB, 1380 MHz, 34.76 W, 60, 0x0000000000000004
2026/10/07 01:43:25.803, 100 %, 1642 MiB, 4096 MiB, 1380 MHz, 36.03 W, 60, 0x0000000000000004
2026/10/07 01:43:27.806, 100 %, 1642 MiB, 4096 MiB, 1395 MHz, 35.42 W, 59, 0x0000000000000004
2026/10/07 01:43:29.817, 100 %, 1642 MiB, 4096 MiB, 1395 MHz, 35.44 W, 60, 0x0000000000000004
2026/10/07 01:43:31.820, 100 %, 1642 MiB, 4096 MiB, 1395 MHz, 35.17 W, 60, 0x0000000000000004
2026/10/07 01:43:33.822, 100 %, 1642 MiB, 4096 MiB, 1395 MHz, 35.78 W, 60, 0x0000000000000004
2026/10/07 01:43:35.825, 100 %, 1642 MiB, 4096 MiB, 1395 MHz, 35.27 W, 60, 0x0000000000000004
2026/10/07 01:43:37.827, 100 %, 1642 MiB, 4096 MiB, 1380 MHz, 35.47 W, 60, 0x0000000000000004
2026/10/07 01:43:39.834, 100 %, 1642 MiB, 4096 MiB, 1785 MHz, 17.97 W, 58, 0x0000000000000000
2026/10/07 01:43:41.835, 0 %, 735 MiB, 4096 MiB, 435 MHz, 8.82 W, 56, 0x0000000000000001
2026/10/07 01:43:43.859, 48 %, 1916 MiB, 4096 MiB, 1395 MHz, 35.68 W, 59, 0x0000000000000004
2026/10/07 01:43:45.863, 100 %, 1908 MiB, 4096 MiB, 1320 MHz, 34.70 W, 59, 0x0000000000000004
2026/10/07 01:43:47.865, 17 %, 735 MiB, 4096 MiB, 1455 MHz, 36.73 W, 59, 0x0000000000000004
2026/10/07 01:43:49.873, 100 %, 1916 MiB, 4096 MiB, 1395 MHz, 35.36 W, 60, 0x0000000000000004
2026/10/07 01:43:51.876, 100 %, 1908 MiB, 4096 MiB, 1395 MHz, 35.57 W, 59, 0x0000000000000004
2026/10/07 01:43:53.878, 49 %, 1917 MiB, 4096 MiB, 1485 MHz, 35.61 W, 59, 0x0000000000000004
2026/10/07 01:43:55.881, 100 %, 1916 MiB, 4096 MiB, 1410 MHz, 35.42 W, 60, 0x0000000000000004
2026/10/07 01:43:57.887, 49 %, 1912 MiB, 4096 MiB, 1785 MHz, 17.95 W, 57, 0x0000000000000000
2026/10/07 01:43:59.891, 37 %, 2009 MiB, 4096 MiB, 1380 MHz, 33.78 W, 60, 0x0000000000000004
2026/10/07 01:44:01.894, 100 %, 2009 MiB, 4096 MiB, 1395 MHz, 34.81 W, 60, 0x0000000000000004
2026/10/07 01:44:03.896, 100 %, 2009 MiB, 4096 MiB, 1395 MHz, 36.07 W, 60, 0x0000000000000004
2026/10/07 01:44:05.899, 100 %, 2009 MiB, 4096 MiB, 1380 MHz, 35.42 W, 60, 0x0000000000000004
2026/10/07 01:44:07.901, 100 %, 2009 MiB, 4096 MiB, 1380 MHz, 35.64 W, 60, 0x0000000000000004
2026/10/07 01:44:09.904, 100 %, 2009 MiB, 4096 MiB, 1410 MHz, 35.90 W, 60, 0x0000000000000004
2026/10/07 01:44:11.911, 100 %, 2009 MiB, 4096 MiB, 1395 MHz, 35.35 W, 60, 0x0000000000000004
2026/10/07 01:44:13.914, 100 %, 2009 MiB, 4096 MiB, 1395 MHz, 35.24 W, 60, 0x0000000000000004
2026/10/07 01:44:15.917, 100 %, 2009 MiB, 4096 MiB, 1410 MHz, 35.68 W, 59, 0x0000000000000004
2026/10/07 01:44:17.920, 100 %, 2009 MiB, 4096 MiB, 1410 MHz, 35.41 W, 60, 0x0000000000000004
2026/10/07 01:44:19.922, 100 %, 2009 MiB, 4096 MiB, 1395 MHz, 35.40 W, 60, 0x0000000000000004
2026/10/07 01:44:21.925, 100 %, 2007 MiB, 4096 MiB, 1380 MHz, 35.69 W, 60, 0x0000000000000004
2026/10/07 01:44:23.927, 3 %, 808 MiB, 4096 MiB, 1410 MHz, 35.47 W, 59, 0x0000000000000004
2026/10/07 01:44:25.934, 91 %, 2016 MiB, 4096 MiB, 1395 MHz, 32.17 W, 60, 0x0000000000000004
2026/10/07 01:44:27.937, 100 %, 2007 MiB, 4096 MiB, 1395 MHz, 34.25 W, 60, 0x0000000000000004
2026/10/07 01:44:29.939, 100 %, 2007 MiB, 4096 MiB, 1380 MHz, 35.19 W, 59, 0x0000000000000004
2026/10/07 01:44:31.942, 100 %, 2007 MiB, 4096 MiB, 1260 MHz, 35.76 W, 60, 0x0000000000000004
2026/10/07 01:44:33.944, 100 %, 2007 MiB, 4096 MiB, 1275 MHz, 35.44 W, 60, 0x0000000000000004
2026/10/07 01:44:35.947, 100 %, 2007 MiB, 4096 MiB, 1335 MHz, 34.03 W, 60, 0x0000000000000004
2026/10/07 01:44:37.955, 100 %, 2007 MiB, 4096 MiB, 1515 MHz, 31.47 W, 60, 0x0000000000000004
2026/10/07 01:44:39.957, 100 %, 2007 MiB, 4096 MiB, 1350 MHz, 33.69 W, 60, 0x0000000000000004
2026/10/07 01:44:41.967, 100 %, 2007 MiB, 4096 MiB, 1350 MHz, 37.12 W, 60, 0x0000000000000004
2026/10/07 01:44:43.970, 100 %, 2007 MiB, 4096 MiB, 1335 MHz, 34.36 W, 60, 0x0000000000000004
2026/10/07 01:44:45.976, 100 %, 2007 MiB, 4096 MiB, 1320 MHz, 36.59 W, 60, 0x0000000000000004
2026/10/07 01:44:47.978, 100 %, 2007 MiB, 4096 MiB, 1335 MHz, 34.56 W, 60, 0x0000000000000004
2026/10/07 01:44:49.981, 46 %, 734 MiB, 4096 MiB, 1785 MHz, 18.01 W, 57, 0x0000000000000000
2026/10/07 01:44:51.983, 60 %, 2007 MiB, 4096 MiB, 1440 MHz, 35.60 W, 60, 0x0000000000000004
2026/10/07 01:44:53.986, 100 %, 2007 MiB, 4096 MiB, 1395 MHz, 34.16 W, 60, 0x0000000000000004
2026/10/07 01:44:55.989, 100 %, 2007 MiB, 4096 MiB, 1395 MHz, 35.08 W, 60, 0x0000000000000004
2026/10/07 01:44:57.991, 100 %, 2007 MiB, 4096 MiB, 1380 MHz, 35.47 W, 60, 0x0000000000000004
2026/10/07 01:44:59.994, 100 %, 2007 MiB, 4096 MiB, 1380 MHz, 35.59 W, 60, 0x0000000000000004
2026/10/07 01:45:01.997, 100 %, 2007 MiB, 4096 MiB, 1395 MHz, 35.86 W, 60, 0x0000000000000004
2026/10/07 01:45:03.999, 100 %, 2007 MiB, 4096 MiB, 1395 MHz, 35.37 W, 60, 0x0000000000000004
2026/10/07 01:45:06.002, 100 %, 2007 MiB, 4096 MiB, 1395 MHz, 35.24 W, 60, 0x0000000000000004
2026/10/07 01:45:08.005, 100 %, 2007 MiB, 4096 MiB, 1395 MHz, 35.35 W, 60, 0x0000000000000004
2026/10/07 01:45:10.008, 100 %, 2007 MiB, 4096 MiB, 1395 MHz, 35.89 W, 59, 0x0000000000000004
2026/10/07 01:45:12.012, 100 %, 2007 MiB, 4096 MiB, 1395 MHz, 35.44 W, 60, 0x0000000000000004
2026/10/07 01:45:14.018, 100 %, 2007 MiB, 4096 MiB, 1785 MHz, 21.19 W, 58, 0x0000000000000000
2026/10/07 01:45:16.020, 11 %, 733 MiB, 4096 MiB, 1725 MHz, 17.19 W, 57, 0x0000000000000001
2026/10/07 01:45:18.034, 34 %, 1651 MiB, 4096 MiB, 1290 MHz, 35.46 W, 60, 0x0000000000000004
2026/10/07 01:45:20.040, 100 %, 1643 MiB, 4096 MiB, 1305 MHz, 35.82 W, 59, 0x0000000000000004
2026/10/07 01:45:22.042, 100 %, 1642 MiB, 4096 MiB, 1500 MHz, 33.96 W, 59, 0x0000000000000004
2026/10/07 01:45:24.051, 100 %, 1642 MiB, 4096 MiB, 1350 MHz, 31.84 W, 60, 0x0000000000000004
2026/10/07 01:45:26.053, 100 %, 1642 MiB, 4096 MiB, 1335 MHz, 33.74 W, 60, 0x0000000000000004
2026/10/07 01:45:28.059, 100 %, 1642 MiB, 4096 MiB, 1335 MHz, 36.92 W, 60, 0x0000000000000004
2026/10/07 01:45:30.061, 100 %, 1642 MiB, 4096 MiB, 1320 MHz, 35.09 W, 60, 0x0000000000000004
2026/10/07 01:45:32.063, 100 %, 1642 MiB, 4096 MiB, 1335 MHz, 34.46 W, 60, 0x0000000000000004
2026/10/07 01:45:34.066, 100 %, 1642 MiB, 4096 MiB, 1425 MHz, 33.23 W, 60, 0x0000000000000004
2026/10/07 01:45:36.069, 100 %, 1642 MiB, 4096 MiB, 1380 MHz, 34.45 W, 60, 0x0000000000000004
2026/10/07 01:45:38.072, 100 %, 1642 MiB, 4096 MiB, 1380 MHz, 33.65 W, 60, 0x0000000000000004
2026/10/07 01:45:40.075, 100 %, 1642 MiB, 4096 MiB, 1395 MHz, 34.75 W, 60, 0x0000000000000004
2026/10/07 01:45:42.077, 1 %, 734 MiB, 4096 MiB, 1785 MHz, 18.01 W, 57, 0x0000000000000000
2026/10/07 01:45:44.079, 29 %, 1652 MiB, 4096 MiB, 1410 MHz, 32.05 W, 59, 0x0000000000000004
2026/10/07 01:45:46.089, 100 %, 1644 MiB, 4096 MiB, 1395 MHz, 34.29 W, 60, 0x0000000000000004
2026/10/07 01:45:48.092, 100 %, 1644 MiB, 4096 MiB, 1365 MHz, 35.09 W, 60, 0x0000000000000004
2026/10/07 01:45:50.095, 100 %, 1643 MiB, 4096 MiB, 1275 MHz, 35.29 W, 60, 0x0000000000000004
2026/10/07 01:45:52.098, 100 %, 1643 MiB, 4096 MiB, 1260 MHz, 34.74 W, 59, 0x0000000000000004
2026/10/07 01:45:54.100, 100 %, 1643 MiB, 4096 MiB, 1335 MHz, 33.10 W, 60, 0x0000000000000004
2026/10/07 01:45:56.108, 100 %, 1643 MiB, 4096 MiB, 1500 MHz, 32.25 W, 60, 0x0000000000000004
2026/10/07 01:45:58.110, 100 %, 1643 MiB, 4096 MiB, 1335 MHz, 32.82 W, 60, 0x0000000000000004
2026/10/07 01:46:00.120, 100 %, 1643 MiB, 4096 MiB, 1335 MHz, 33.35 W, 60, 0x0000000000000004
2026/10/07 01:46:02.122, 100 %, 1643 MiB, 4096 MiB, 1320 MHz, 36.31 W, 60, 0x0000000000000004
2026/10/07 01:46:04.132, 100 %, 1643 MiB, 4096 MiB, 1320 MHz, 34.91 W, 60, 0x0000000000000004
2026/10/07 01:46:06.134, 100 %, 1643 MiB, 4096 MiB, 1365 MHz, 34.52 W, 59, 0x0000000000000004
2026/10/07 01:46:08.139, 15 %, 733 MiB, 4096 MiB, 1785 MHz, 17.99 W, 57, 0x0000000000000000
2026/10/07 01:46:10.141, 41 %, 1652 MiB, 4096 MiB, 1425 MHz, 32.22 W, 59, 0x0000000000000004
2026/10/07 01:46:12.143, 100 %, 1643 MiB, 4096 MiB, 1395 MHz, 34.60 W, 60, 0x0000000000000004
2026/10/07 01:46:14.146, 100 %, 1643 MiB, 4096 MiB, 1365 MHz, 35.62 W, 60, 0x0000000000000004
2026/10/07 01:46:16.153, 100 %, 1643 MiB, 4096 MiB, 1275 MHz, 35.46 W, 60, 0x0000000000000004
2026/10/07 01:46:18.155, 100 %, 1643 MiB, 4096 MiB, 1275 MHz, 35.66 W, 60, 0x0000000000000004
2026/10/07 01:46:20.165, 100 %, 1643 MiB, 4096 MiB, 1335 MHz, 34.95 W, 60, 0x0000000000000004
2026/10/07 01:46:22.168, 100 %, 1643 MiB, 4096 MiB, 1410 MHz, 33.65 W, 60, 0x0000000000000004
2026/10/07 01:46:24.179, 100 %, 1643 MiB, 4096 MiB, 1350 MHz, 30.96 W, 60, 0x0000000000000004
2026/10/07 01:46:26.181, 100 %, 1643 MiB, 4096 MiB, 1335 MHz, 34.56 W, 60, 0x0000000000000004
2026/10/07 01:46:28.185, 100 %, 1643 MiB, 4096 MiB, 1320 MHz, 35.67 W, 60, 0x0000000000000004
2026/10/07 01:46:30.188, 100 %, 1643 MiB, 4096 MiB, 1320 MHz, 34.55 W, 60, 0x0000000000000004
2026/10/07 01:46:32.190, 100 %, 1643 MiB, 4096 MiB, 1365 MHz, 34.41 W, 59, 0x0000000000000004
2026/10/07 01:46:34.195, 0 %, 1651 MiB, 4096 MiB, 1785 MHz, 17.94 W, 57, 0x0000000000000000
2026/10/07 01:46:36.197, 32 %, 2093 MiB, 4096 MiB, 1425 MHz, 33.67 W, 59, 0x0000000000000004
2026/10/07 01:46:38.200, 100 %, 2092 MiB, 4096 MiB, 1380 MHz, 34.02 W, 59, 0x0000000000000004
2026/10/07 01:46:40.202, 100 %, 2084 MiB, 4096 MiB, 1365 MHz, 34.64 W, 59, 0x0000000000000004
2026/10/07 01:46:42.205, 100 %, 2084 MiB, 4096 MiB, 1500 MHz, 35.53 W, 59, 0x0000000000000004
2026/10/07 01:46:44.211, 7 %, 2502 MiB, 4096 MiB, 1425 MHz, 18.07 W, 59, 0x0000000000000004
2026/10/07 01:46:46.213, 83 %, 2093 MiB, 4096 MiB, 1365 MHz, 34.53 W, 60, 0x0000000000000004
2026/10/07 01:46:48.216, 100 %, 2085 MiB, 4096 MiB, 1395 MHz, 35.53 W, 60, 0x0000000000000004
2026/10/07 01:46:50.220, 100 %, 2084 MiB, 4096 MiB, 1395 MHz, 35.09 W, 60, 0x0000000000000004
2026/10/07 01:46:52.222, 100 %, 2084 MiB, 4096 MiB, 1785 MHz, 17.92 W, 57, 0x0000000000000000
2026/10/07 01:46:54.226, 16 %, 2094 MiB, 4096 MiB, 1365 MHz, 33.98 W, 59, 0x0000000000000004
2026/10/07 01:46:56.229, 100 %, 2093 MiB, 4096 MiB, 1395 MHz, 34.71 W, 60, 0x0000000000000004
2026/10/07 01:46:58.231, 100 %, 2085 MiB, 4096 MiB, 1410 MHz, 34.97 W, 60, 0x0000000000000004
2026/10/07 01:47:00.234, 100 %, 2085 MiB, 4096 MiB, 1530 MHz, 32.48 W, 60, 0x0000000000000004
2026/10/07 01:47:02.237, 0 %, 302 MiB, 4096 MiB, 1785 MHz, 18.44 W, 57, 0x0000000000000000
2026/10/07 01:47:04.239, 61 %, 2242 MiB, 4096 MiB, 1380 MHz, 34.27 W, 59, 0x0000000000000004
2026/10/07 01:47:06.246, 100 %, 2233 MiB, 4096 MiB, 1410 MHz, 34.62 W, 60, 0x0000000000000004
2026/10/07 01:47:08.248, 100 %, 2233 MiB, 4096 MiB, 1395 MHz, 34.21 W, 60, 0x0000000000000004
2026/10/07 01:47:10.252, 100 %, 2233 MiB, 4096 MiB, 1365 MHz, 34.88 W, 60, 0x0000000000000004
2026/10/07 01:47:12.254, 100 %, 2233 MiB, 4096 MiB, 1335 MHz, 35.58 W, 60, 0x0000000000000004
2026/10/07 01:47:14.257, 100 %, 2233 MiB, 4096 MiB, 1275 MHz, 35.26 W, 60, 0x0000000000000004
2026/10/07 01:47:16.266, 100 %, 2233 MiB, 4096 MiB, 1305 MHz, 33.85 W, 60, 0x0000000000000004
2026/10/07 01:47:18.268, 100 %, 2233 MiB, 4096 MiB, 1500 MHz, 32.67 W, 59, 0x0000000000000004
2026/10/07 01:47:20.278, 100 %, 2231 MiB, 4096 MiB, 1395 MHz, 33.36 W, 60, 0x0000000000000004
2026/10/07 01:47:22.281, 100 %, 2231 MiB, 4096 MiB, 1335 MHz, 31.57 W, 60, 0x0000000000000004
2026/10/07 01:47:24.290, 100 %, 2231 MiB, 4096 MiB, 1350 MHz, 33.63 W, 60, 0x0000000000000004
2026/10/07 01:47:26.292, 100 %, 2231 MiB, 4096 MiB, 1320 MHz, 37.22 W, 60, 0x0000000000000004
2026/10/07 01:47:28.301, 100 %, 2231 MiB, 4096 MiB, 1335 MHz, 35.15 W, 60, 0x0000000000000004
2026/10/07 01:47:30.304, 100 %, 2231 MiB, 4096 MiB, 1395 MHz, 34.44 W, 59, 0x0000000000000004
2026/10/07 01:47:32.313, 100 %, 2231 MiB, 4096 MiB, 1395 MHz, 33.84 W, 60, 0x0000000000000004
2026/10/07 01:47:34.316, 100 %, 2231 MiB, 4096 MiB, 1395 MHz, 34.49 W, 60, 0x0000000000000004
2026/10/07 01:47:36.320, 100 %, 2231 MiB, 4096 MiB, 1380 MHz, 35.65 W, 60, 0x0000000000000004
2026/10/07 01:47:38.322, 100 %, 2231 MiB, 4096 MiB, 1380 MHz, 35.38 W, 60, 0x0000000000000004
2026/10/07 01:47:40.325, 16 %, 717 MiB, 4096 MiB, 1785 MHz, 18.02 W, 57, 0x0000000000000000
2026/10/07 01:47:42.327, 100 %, 2241 MiB, 4096 MiB, 1365 MHz, 32.18 W, 59, 0x0000000000000004
2026/10/07 01:47:44.330, 100 %, 2233 MiB, 4096 MiB, 1395 MHz, 33.95 W, 60, 0x0000000000000004
2026/10/07 01:47:46.335, 100 %, 2233 MiB, 4096 MiB, 1350 MHz, 30.85 W, 60, 0x0000000000000004
2026/10/07 01:47:48.337, 100 %, 2233 MiB, 4096 MiB, 1350 MHz, 34.14 W, 60, 0x0000000000000004
2026/10/07 01:47:50.341, 100 %, 2232 MiB, 4096 MiB, 1320 MHz, 36.16 W, 60, 0x0000000000000004
2026/10/07 01:47:52.343, 100 %, 2232 MiB, 4096 MiB, 1320 MHz, 34.58 W, 60, 0x0000000000000004
2026/10/07 01:47:54.346, 100 %, 2232 MiB, 4096 MiB, 1335 MHz, 34.45 W, 60, 0x0000000000000004
2026/10/07 01:47:56.348, 100 %, 2232 MiB, 4096 MiB, 1440 MHz, 33.38 W, 60, 0x0000000000000004
2026/10/07 01:47:58.351, 100 %, 2232 MiB, 4096 MiB, 1395 MHz, 34.38 W, 60, 0x0000000000000004
2026/10/07 01:48:00.353, 100 %, 2232 MiB, 4096 MiB, 1380 MHz, 33.37 W, 60, 0x0000000000000004
2026/10/07 01:48:02.356, 100 %, 2232 MiB, 4096 MiB, 1380 MHz, 34.43 W, 60, 0x0000000000000004
2026/10/07 01:48:04.358, 100 %, 2232 MiB, 4096 MiB, 1380 MHz, 35.99 W, 60, 0x0000000000000004
2026/10/07 01:48:06.361, 100 %, 2232 MiB, 4096 MiB, 1380 MHz, 35.33 W, 60, 0x0000000000000004
2026/10/07 01:48:08.363, 100 %, 2232 MiB, 4096 MiB, 1395 MHz, 35.28 W, 60, 0x0000000000000004
2026/10/07 01:48:10.366, 100 %, 2232 MiB, 4096 MiB, 1395 MHz, 35.62 W, 60, 0x0000000000000004
2026/10/07 01:48:12.368, 100 %, 2232 MiB, 4096 MiB, 1395 MHz, 35.50 W, 60, 0x0000000000000004
2026/10/07 01:48:14.371, 100 %, 2232 MiB, 4096 MiB, 1380 MHz, 35.23 W, 60, 0x0000000000000004
2026/10/07 01:48:16.373, 100 %, 2232 MiB, 4096 MiB, 1560 MHz, 35.68 W, 59, 0x0000000000000004
2026/10/07 01:48:18.377, 0 %, 716 MiB, 4096 MiB, 1785 MHz, 17.97 W, 57, 0x0000000000000000
2026/10/07 01:48:20.379, 85 %, 2241 MiB, 4096 MiB, 1350 MHz, 35.43 W, 60, 0x0000000000000004
2026/10/07 01:48:22.382, 100 %, 2232 MiB, 4096 MiB, 1380 MHz, 35.48 W, 60, 0x0000000000000004
2026/10/07 01:48:24.385, 100 %, 2232 MiB, 4096 MiB, 1380 MHz, 35.20 W, 60, 0x0000000000000004
2026/10/07 01:48:26.387, 100 %, 2232 MiB, 4096 MiB, 1365 MHz, 35.33 W, 60, 0x0000000000000004
2026/10/07 01:48:28.391, 100 %, 2232 MiB, 4096 MiB, 1425 MHz, 35.53 W, 60, 0x0000000000000004
2026/10/07 01:48:30.394, 100 %, 2232 MiB, 4096 MiB, 1395 MHz, 35.46 W, 60, 0x0000000000000004
2026/10/07 01:48:32.396, 100 %, 2232 MiB, 4096 MiB, 1365 MHz, 35.42 W, 60, 0x0000000000000004
2026/10/07 01:48:34.405, 100 %, 2232 MiB, 4096 MiB, 1380 MHz, 35.32 W, 60, 0x0000000000000004
2026/10/07 01:48:36.408, 100 %, 2232 MiB, 4096 MiB, 1260 MHz, 35.83 W, 60, 0x0000000000000004
2026/10/07 01:48:38.417, 100 %, 2232 MiB, 4096 MiB, 1290 MHz, 35.40 W, 60, 0x0000000000000004
2026/10/07 01:48:40.420, 100 %, 2232 MiB, 4096 MiB, 1410 MHz, 33.96 W, 60, 0x0000000000000004
2026/10/07 01:48:42.430, 100 %, 2232 MiB, 4096 MiB, 1410 MHz, 32.82 W, 60, 0x0000000000000004
2026/10/07 01:48:44.432, 100 %, 2232 MiB, 4096 MiB, 1350 MHz, 33.08 W, 60, 0x0000000000000004
2026/10/07 01:48:46.435, 100 %, 2232 MiB, 4096 MiB, 1350 MHz, 36.02 W, 60, 0x0000000000000004
2026/10/07 01:48:48.440, 100 %, 2232 MiB, 4096 MiB, 1335 MHz, 35.42 W, 60, 0x0000000000000004
2026/10/07 01:48:50.442, 100 %, 2231 MiB, 4096 MiB, 1320 MHz, 34.57 W, 60, 0x0000000000000004
2026/10/07 01:48:52.446, 100 %, 2231 MiB, 4096 MiB, 1335 MHz, 35.09 W, 60, 0x0000000000000004
2026/10/07 01:48:54.448, 100 %, 2231 MiB, 4096 MiB, 1785 MHz, 17.99 W, 57, 0x0000000000000000
2026/10/07 01:48:56.451, 19 %, 715 MiB, 4096 MiB, 1785 MHz, 17.93 W, 57, 0x0000000000000000
2026/10/07 01:48:58.453, 23 %, 1727 MiB, 4096 MiB, 1380 MHz, 35.44 W, 59, 0x0000000000000004
2026/10/07 01:49:00.455, 100 %, 1719 MiB, 4096 MiB, 1395 MHz, 35.46 W, 60, 0x0000000000000004
2026/10/07 01:49:02.458, 100 %, 1719 MiB, 4096 MiB, 1395 MHz, 35.24 W, 60, 0x0000000000000004
2026/10/07 01:49:04.460, 100 %, 1719 MiB, 4096 MiB, 1380 MHz, 35.55 W, 60, 0x0000000000000004
2026/10/07 01:49:06.463, 100 %, 1719 MiB, 4096 MiB, 1425 MHz, 35.65 W, 60, 0x0000000000000004
2026/10/07 01:49:08.465, 100 %, 1719 MiB, 4096 MiB, 1395 MHz, 35.67 W, 60, 0x0000000000000004
2026/10/07 01:49:10.468, 100 %, 1719 MiB, 4096 MiB, 1380 MHz, 35.96 W, 60, 0x0000000000000004
2026/10/07 01:49:12.470, 100 %, 1719 MiB, 4096 MiB, 1320 MHz, 35.04 W, 60, 0x0000000000000004
2026/10/07 01:49:14.480, 100 %, 1719 MiB, 4096 MiB, 1260 MHz, 35.68 W, 60, 0x0000000000000004
2026/10/07 01:49:16.482, 100 %, 1719 MiB, 4096 MiB, 1320 MHz, 35.07 W, 60, 0x0000000000000004
2026/10/07 01:49:18.492, 100 %, 1719 MiB, 4096 MiB, 1500 MHz, 33.72 W, 60, 0x0000000000000004
2026/10/07 01:49:20.495, 100 %, 1719 MiB, 4096 MiB, 1350 MHz, 30.71 W, 60, 0x0000000000000004
2026/10/07 01:49:22.503, 100 %, 1719 MiB, 4096 MiB, 1335 MHz, 34.43 W, 60, 0x0000000000000004
2026/10/07 01:49:24.505, 100 %, 1719 MiB, 4096 MiB, 1320 MHz, 36.09 W, 60, 0x0000000000000004
2026/10/07 01:49:26.513, 100 %, 1718 MiB, 4096 MiB, 1320 MHz, 34.34 W, 60, 0x0000000000000004
2026/10/07 01:49:28.516, 100 %, 1718 MiB, 4096 MiB, 1335 MHz, 34.57 W, 60, 0x0000000000000004
2026/10/07 01:49:30.520, 100 %, 1718 MiB, 4096 MiB, 1425 MHz, 33.56 W, 60, 0x0000000000000004
2026/10/07 01:49:32.523, 100 %, 1718 MiB, 4096 MiB, 1380 MHz, 34.52 W, 60, 0x0000000000000004
2026/10/07 01:49:34.525, 0 %, 2136 MiB, 4096 MiB, 1440 MHz, 18.09 W, 59, 0x0000000000000004
2026/10/07 01:49:36.528, 0 %, 1650 MiB, 4096 MiB, 1365 MHz, 22.53 W, 59, 0x0000000000000004
2026/10/07 01:49:38.530, 100 %, 1720 MiB, 4096 MiB, 1380 MHz, 34.64 W, 60, 0x0000000000000004
2026/10/07 01:49:40.533, 100 %, 1720 MiB, 4096 MiB, 1260 MHz, 35.58 W, 60, 0x0000000000000004
2026/10/07 01:49:42.541, 100 %, 1720 MiB, 4096 MiB, 1275 MHz, 35.06 W, 60, 0x0000000000000004
2026/10/07 01:49:44.544, 100 %, 1720 MiB, 4096 MiB, 1425 MHz, 33.87 W, 59, 0x0000000000000004
2026/10/07 01:49:46.553, 100 %, 1720 MiB, 4096 MiB, 1410 MHz, 31.31 W, 60, 0x0000000000000004
2026/10/07 01:49:48.555, 100 %, 1720 MiB, 4096 MiB, 1335 MHz, 34.66 W, 60, 0x0000000000000004
2026/10/07 01:49:50.560, 100 %, 1720 MiB, 4096 MiB, 1335 MHz, 35.71 W, 60, 0x0000000000000004
2026/10/07 01:49:52.563, 100 %, 1720 MiB, 4096 MiB, 1320 MHz, 34.71 W, 60, 0x0000000000000004
2026/10/07 01:49:54.565, 100 %, 1720 MiB, 4096 MiB, 1335 MHz, 35.19 W, 60, 0x0000000000000004
2026/10/07 01:49:56.569, 100 %, 1720 MiB, 4096 MiB, 1365 MHz, 34.65 W, 59, 0x0000000000000004
2026/10/07 01:49:58.571, 100 %, 1720 MiB, 4096 MiB, 1380 MHz, 34.26 W, 60, 0x0000000000000004
2026/10/07 01:50:00.580, 100 %, 1720 MiB, 4096 MiB, 1395 MHz, 34.10 W, 60, 0x0000000000000004
2026/10/07 01:50:02.583, 100 %, 1720 MiB, 4096 MiB, 1380 MHz, 35.86 W, 60, 0x0000000000000004
2026/10/07 01:50:04.593, 100 %, 1720 MiB, 4096 MiB, 1380 MHz, 35.40 W, 60, 0x0000000000000004
2026/10/07 01:50:06.595, 100 %, 1719 MiB, 4096 MiB, 1380 MHz, 35.38 W, 60, 0x0000000000000004
2026/10/07 01:50:08.600, 100 %, 1719 MiB, 4096 MiB, 1395 MHz, 35.13 W, 60, 0x0000000000000004
2026/10/07 01:50:10.602, 100 %, 1719 MiB, 4096 MiB, 1395 MHz, 35.54 W, 60, 0x0000000000000004
2026/10/07 01:50:12.605, 43 %, 1719 MiB, 4096 MiB, 1785 MHz, 18.00 W, 57, 0x0000000000000000
2026/10/07 01:50:14.607, 1 %, 716 MiB, 4096 MiB, 1785 MHz, 17.96 W, 57, 0x0000000000000000
2026/10/07 01:50:16.609, 100 %, 1728 MiB, 4096 MiB, 1320 MHz, 33.75 W, 59, 0x0000000000000004
2026/10/07 01:50:18.611, 100 %, 1720 MiB, 4096 MiB, 1530 MHz, 33.31 W, 60, 0x0000000000000004
2026/10/07 01:50:20.613, 100 %, 1720 MiB, 4096 MiB, 1350 MHz, 31.21 W, 60, 0x0000000000000004
2026/10/07 01:50:22.621, 100 %, 1720 MiB, 4096 MiB, 1335 MHz, 34.62 W, 60, 0x0000000000000004
2026/10/07 01:50:24.623, 100 %, 1720 MiB, 4096 MiB, 1320 MHz, 35.50 W, 60, 0x0000000000000004
2026/10/07 01:50:26.632, 100 %, 1720 MiB, 4096 MiB, 1320 MHz, 34.81 W, 60, 0x0000000000000004
2026/10/07 01:50:28.634, 100 %, 1720 MiB, 4096 MiB, 1350 MHz, 34.53 W, 59, 0x0000000000000004
2026/10/07 01:50:30.642, 100 %, 1720 MiB, 4096 MiB, 1410 MHz, 34.05 W, 60, 0x0000000000000004
2026/10/07 01:50:32.645, 100 %, 1720 MiB, 4096 MiB, 1380 MHz, 34.08 W, 60, 0x0000000000000004
2026/10/07 01:50:34.648, 100 %, 1720 MiB, 4096 MiB, 1380 MHz, 34.52 W, 60, 0x0000000000000004
2026/10/07 01:50:36.650, 100 %, 1720 MiB, 4096 MiB, 1380 MHz, 36.19 W, 60, 0x0000000000000004
2026/10/07 01:50:38.653, 100 %, 1720 MiB, 4096 MiB, 1380 MHz, 35.35 W, 60, 0x0000000000000004
2026/10/07 01:50:40.655, 100 %, 1720 MiB, 4096 MiB, 1395 MHz, 35.44 W, 60, 0x0000000000000004
2026/10/07 01:50:42.658, 100 %, 1720 MiB, 4096 MiB, 1395 MHz, 35.20 W, 60, 0x0000000000000004
2026/10/07 01:50:44.660, 100 %, 1719 MiB, 4096 MiB, 1395 MHz, 35.64 W, 60, 0x0000000000000004
2026/10/07 01:50:46.663, 100 %, 1719 MiB, 4096 MiB, 1425 MHz, 35.47 W, 60, 0x0000000000000004
2026/10/07 01:50:48.665, 100 %, 1719 MiB, 4096 MiB, 1395 MHz, 35.84 W, 60, 0x0000000000000004
2026/10/07 01:50:50.667, 100 %, 1719 MiB, 4096 MiB, 1785 MHz, 31.00 W, 58, 0x0000000000000000
2026/10/07 01:50:52.672, 0 %, 1728 MiB, 4096 MiB, 345 MHz, 13.24 W, 56, 0x0000000000000001
2026/10/07 01:50:54.690, 38 %, 2021 MiB, 4096 MiB, 1410 MHz, 35.71 W, 59, 0x0000000000000004
2026/10/07 01:50:56.693, 100 %, 2012 MiB, 4096 MiB, 1395 MHz, 35.39 W, 60, 0x0000000000000004
2026/10/07 01:50:58.695, 11 %, 2253 MiB, 4096 MiB, 1785 MHz, 17.94 W, 57, 0x0000000000000000
2026/10/07 01:51:00.699, 100 %, 2021 MiB, 4096 MiB, 1350 MHz, 34.46 W, 60, 0x0000000000000004
2026/10/07 01:51:02.705, 100 %, 2013 MiB, 4096 MiB, 1380 MHz, 34.98 W, 60, 0x0000000000000004
2026/10/07 01:51:04.707, 16 %, 2024 MiB, 4096 MiB, 1395 MHz, 39.72 W, 59, 0x0000000000000004
2026/10/07 01:51:06.710, 100 %, 2022 MiB, 4096 MiB, 1365 MHz, 36.53 W, 60, 0x0000000000000004
2026/10/07 01:51:08.713, 48 %, 2014 MiB, 4096 MiB, 1785 MHz, 17.96 W, 57, 0x0000000000000000
2026/10/07 01:51:10.715, 40 %, 2150 MiB, 4096 MiB, 1350 MHz, 35.30 W, 59, 0x0000000000000004
2026/10/07 01:51:12.721, 100 %, 2150 MiB, 4096 MiB, 1350 MHz, 35.19 W, 59, 0x0000000000000004
2026/10/07 01:51:14.723, 100 %, 2142 MiB, 4096 MiB, 1425 MHz, 33.85 W, 60, 0x0000000000000004
2026/10/07 01:51:16.725, 100 %, 2142 MiB, 4096 MiB, 1395 MHz, 34.48 W, 60, 0x0000000000000004
2026/10/07 01:51:18.728, 100 %, 2142 MiB, 4096 MiB, 1395 MHz, 34.08 W, 60, 0x0000000000000004
2026/10/07 01:51:20.730, 100 %, 2142 MiB, 4096 MiB, 1380 MHz, 35.53 W, 60, 0x0000000000000004
2026/10/07 01:51:22.733, 100 %, 2142 MiB, 4096 MiB, 1380 MHz, 35.50 W, 60, 0x0000000000000004
2026/10/07 01:51:24.735, 100 %, 2141 MiB, 4096 MiB, 1380 MHz, 35.36 W, 60, 0x0000000000000004
2026/10/07 01:51:26.738, 100 %, 2141 MiB, 4096 MiB, 1395 MHz, 35.12 W, 60, 0x0000000000000004
2026/10/07 01:51:28.740, 100 %, 2141 MiB, 4096 MiB, 1395 MHz, 35.62 W, 60, 0x0000000000000004
2026/10/07 01:51:30.743, 100 %, 2141 MiB, 4096 MiB, 1395 MHz, 35.84 W, 60, 0x0000000000000004
2026/10/07 01:51:32.745, 100 %, 2141 MiB, 4096 MiB, 1410 MHz, 35.58 W, 60, 0x0000000000000004
2026/10/07 01:51:34.748, 100 %, 2141 MiB, 4096 MiB, 1395 MHz, 35.72 W, 60, 0x0000000000000004
2026/10/07 01:51:36.750, 100 %, 2141 MiB, 4096 MiB, 1785 MHz, 29.25 W, 58, 0x0000000000000000
2026/10/07 01:51:38.752, 0 %, 1950 MiB, 4096 MiB, 1350 MHz, 26.74 W, 59, 0x0000000000000004
2026/10/07 01:51:40.759, 100 %, 2150 MiB, 4096 MiB, 1380 MHz, 35.21 W, 60, 0x0000000000000004
2026/10/07 01:51:42.761, 100 %, 2142 MiB, 4096 MiB, 1275 MHz, 35.56 W, 60, 0x0000000000000004
2026/10/07 01:51:44.772, 100 %, 2142 MiB, 4096 MiB, 1260 MHz, 34.82 W, 60, 0x0000000000000004
2026/10/07 01:51:46.775, 100 %, 2142 MiB, 4096 MiB, 1320 MHz, 33.59 W, 60, 0x0000000000000004
2026/10/07 01:51:48.786, 100 %, 2142 MiB, 4096 MiB, 1500 MHz, 30.72 W, 60, 0x0000000000000004
2026/10/07 01:51:50.788, 100 %, 2142 MiB, 4096 MiB, 1350 MHz, 33.48 W, 60, 0x0000000000000004
2026/10/07 01:51:52.798, 100 %, 2142 MiB, 4096 MiB, 1335 MHz, 31.26 W, 60, 0x0000000000000004
2026/10/07 01:51:54.800, 100 %, 2140 MiB, 4096 MiB, 1335 MHz, 34.12 W, 60, 0x0000000000000004
2026/10/07 01:51:56.810, 100 %, 2140 MiB, 4096 MiB, 1320 MHz, 36.22 W, 60, 0x0000000000000004
2026/10/07 01:51:58.812, 100 %, 2140 MiB, 4096 MiB, 1335 MHz, 34.67 W, 60, 0x0000000000000004
2026/10/07 01:52:00.815, 100 %, 2140 MiB, 4096 MiB, 1380 MHz, 34.36 W, 59, 0x0000000000000004
2026/10/07 01:52:02.817, 100 %, 2140 MiB, 4096 MiB, 1410 MHz, 33.37 W, 60, 0x0000000000000004
2026/10/07 01:52:04.820, 100 %, 2140 MiB, 4096 MiB, 1380 MHz, 34.47 W, 60, 0x0000000000000004
2026/10/07 01:52:06.822, 18 %, 716 MiB, 4096 MiB, 1785 MHz, 17.97 W, 57, 0x0000000000000000
2026/10/07 01:52:08.824, 97 %, 2148 MiB, 4096 MiB, 1350 MHz, 35.39 W, 60, 0x0000000000000004
2026/10/07 01:52:10.829, 100 %, 2140 MiB, 4096 MiB, 1395 MHz, 35.43 W, 60, 0x0000000000000004
2026/10/07 01:52:12.832, 100 %, 2140 MiB, 4096 MiB, 1380 MHz, 35.60 W, 60, 0x0000000000000004
2026/10/07 01:52:14.834, 100 %, 2140 MiB, 4096 MiB, 1380 MHz, 35.81 W, 60, 0x0000000000000004
2026/10/07 01:52:16.837, 100 %, 2140 MiB, 4096 MiB, 1410 MHz, 35.67 W, 60, 0x0000000000000004
2026/10/07 01:52:18.840, 100 %, 2140 MiB, 4096 MiB, 1410 MHz, 35.34 W, 60, 0x0000000000000004
2026/10/07 01:52:20.842, 100 %, 2140 MiB, 4096 MiB, 1380 MHz, 35.57 W, 60, 0x0000000000000004
2026/10/07 01:52:22.846, 100 %, 2140 MiB, 4096 MiB, 1365 MHz, 35.72 W, 60, 0x0000000000000004
2026/10/07 01:52:24.849, 100 %, 2140 MiB, 4096 MiB, 1275 MHz, 35.33 W, 60, 0x0000000000000004
2026/10/07 01:52:26.857, 100 %, 2140 MiB, 4096 MiB, 1260 MHz, 34.10 W, 60, 0x0000000000000004
2026/10/07 01:52:28.860, 100 %, 2140 MiB, 4096 MiB, 1320 MHz, 35.49 W, 60, 0x0000000000000004
2026/10/07 01:52:30.869, 100 %, 2140 MiB, 4096 MiB, 1485 MHz, 34.01 W, 60, 0x0000000000000004
2026/10/07 01:52:32.871, 100 %, 2140 MiB, 4096 MiB, 1395 MHz, 32.15 W, 60, 0x0000000000000004
2026/10/07 01:52:34.873, 34 %, 300 MiB, 4096 MiB, 1785 MHz, 19.60 W, 57, 0x0000000000000000
2026/10/07 01:52:36.875, 0 %, 1628 MiB, 4096 MiB, 1425 MHz, 35.50 W, 59, 0x0000000000000004
2026/10/07 01:52:38.883, 100 %, 1688 MiB, 4096 MiB, 1365 MHz, 32.72 W, 60, 0x0000000000000004
2026/10/07 01:52:40.886, 100 %, 1688 MiB, 4096 MiB, 1350 MHz, 35.60 W, 60, 0x0000000000000004
2026/10/07 01:52:42.890, 100 %, 1688 MiB, 4096 MiB, 1335 MHz, 35.59 W, 60, 0x0000000000000004
2026/10/07 01:52:44.892, 100 %, 1688 MiB, 4096 MiB, 1320 MHz, 34.62 W, 60, 0x0000000000000004
2026/10/07 01:52:46.894, 100 %, 1688 MiB, 4096 MiB, 1335 MHz, 34.57 W, 60, 0x0000000000000004
2026/10/07 01:52:48.897, 100 %, 1688 MiB, 4096 MiB, 1425 MHz, 34.50 W, 60, 0x0000000000000004
2026/10/07 01:52:50.899, 100 %, 1688 MiB, 4096 MiB, 1395 MHz, 33.26 W, 60, 0x0000000000000004
2026/10/07 01:52:52.902, 100 %, 1688 MiB, 4096 MiB, 1380 MHz, 34.51 W, 60, 0x0000000000000004
2026/10/07 01:52:54.904, 100 %, 1687 MiB, 4096 MiB, 1380 MHz, 35.93 W, 60, 0x0000000000000004
2026/10/07 01:52:56.906, 100 %, 1687 MiB, 4096 MiB, 1380 MHz, 35.35 W, 60, 0x0000000000000004
2026/10/07 01:52:58.912, 100 %, 1687 MiB, 4096 MiB, 1410 MHz, 35.29 W, 60, 0x0000000000000004
2026/10/07 01:53:00.914, 100 %, 1687 MiB, 4096 MiB, 1395 MHz, 35.29 W, 60, 0x0000000000000004
2026/10/07 01:53:02.917, 100 %, 1687 MiB, 4096 MiB, 1395 MHz, 35.97 W, 60, 0x0000000000000004
2026/10/07 01:53:04.919, 15 %, 716 MiB, 4096 MiB, 1785 MHz, 17.96 W, 57, 0x0000000000000000
2026/10/07 01:53:06.921, 51 %, 1697 MiB, 4096 MiB, 1395 MHz, 32.05 W, 59, 0x0000000000000004
2026/10/07 01:53:08.924, 100 %, 1689 MiB, 4096 MiB, 1395 MHz, 34.31 W, 60, 0x0000000000000004
2026/10/07 01:53:10.926, 100 %, 1689 MiB, 4096 MiB, 1365 MHz, 35.21 W, 60, 0x0000000000000004
2026/10/07 01:53:12.929, 100 %, 1689 MiB, 4096 MiB, 1260 MHz, 35.40 W, 60, 0x0000000000000004
2026/10/07 01:53:14.935, 100 %, 1689 MiB, 4096 MiB, 1275 MHz, 34.65 W, 60, 0x0000000000000004
2026/10/07 01:53:16.937, 100 %, 1689 MiB, 4096 MiB, 1380 MHz, 33.22 W, 60, 0x0000000000000004
2026/10/07 01:53:18.947, 100 %, 1689 MiB, 4096 MiB, 1395 MHz, 32.28 W, 60, 0x0000000000000004
2026/10/07 01:53:20.949, 100 %, 1689 MiB, 4096 MiB, 1335 MHz, 34.86 W, 60, 0x0000000000000004
2026/10/07 01:53:22.958, 100 %, 1689 MiB, 4096 MiB, 1335 MHz, 33.37 W, 60, 0x0000000000000004
2026/10/07 01:53:24.960, 100 %, 1688 MiB, 4096 MiB, 1320 MHz, 36.94 W, 60, 0x0000000000000004
2026/10/07 01:53:26.963, 100 %, 1688 MiB, 4096 MiB, 1335 MHz, 34.74 W, 60, 0x0000000000000004
2026/10/07 01:53:28.965, 100 %, 1688 MiB, 4096 MiB, 1365 MHz, 34.64 W, 59, 0x0000000000000004
2026/10/07 01:53:30.968, 100 %, 1688 MiB, 4096 MiB, 1380 MHz, 33.31 W, 60, 0x0000000000000004
2026/10/07 01:53:32.974, 70 %, 1688 MiB, 4096 MiB, 1785 MHz, 17.96 W, 57, 0x0000000000000000
2026/10/07 01:53:34.976, 0 %, 716 MiB, 4096 MiB, 1785 MHz, 17.94 W, 57, 0x0000000000000000
2026/10/07 01:53:36.979, 100 %, 1697 MiB, 4096 MiB, 1350 MHz, 34.30 W, 60, 0x0000000000000004
2026/10/07 01:53:38.982, 100 %, 1689 MiB, 4096 MiB, 1365 MHz, 35.01 W, 60, 0x0000000000000004
2026/10/07 01:53:40.984, 100 %, 1689 MiB, 4096 MiB, 1395 MHz, 35.62 W, 60, 0x0000000000000004
2026/10/07 01:53:42.990, 100 %, 1689 MiB, 4096 MiB, 1410 MHz, 35.69 W, 60, 0x0000000000000004
2026/10/07 01:53:44.992, 100 %, 1689 MiB, 4096 MiB, 1380 MHz, 35.40 W, 60, 0x0000000000000004
2026/10/07 01:53:46.995, 100 %, 1689 MiB, 4096 MiB, 1350 MHz, 35.63 W, 60, 0x0000000000000004
2026/10/07 01:53:48.998, 100 %, 1689 MiB, 4096 MiB, 1260 MHz, 35.65 W, 60, 0x0000000000000004
2026/10/07 01:53:51.001, 100 %, 1689 MiB, 4096 MiB, 1275 MHz, 34.96 W, 60, 0x0000000000000004
2026/10/07 01:53:53.003, 100 %, 1689 MiB, 4096 MiB, 1440 MHz, 33.48 W, 60, 0x0000000000000004
2026/10/07 01:53:55.014, 100 %, 1688 MiB, 4096 MiB, 1395 MHz, 31.76 W, 60, 0x0000000000000004
2026/10/07 01:53:57.016, 100 %, 1688 MiB, 4096 MiB, 1335 MHz, 34.76 W, 60, 0x0000000000000004
2026/10/07 01:53:59.022, 100 %, 1688 MiB, 4096 MiB, 1335 MHz, 35.32 W, 60, 0x0000000000000004
2026/10/07 01:54:01.024, 100 %, 1688 MiB, 4096 MiB, 1320 MHz, 36.80 W, 60, 0x0000000000000004
2026/10/07 01:54:03.027, 0 %, 1696 MiB, 4096 MiB, 1785 MHz, 17.91 W, 57, 0x0000000000000000
2026/10/07 01:54:05.029, 46 %, 1994 MiB, 4096 MiB, 1395 MHz, 35.28 W, 60, 0x0000000000000004
2026/10/07 01:54:07.032, 100 %, 1986 MiB, 4096 MiB, 1380 MHz, 35.47 W, 60, 0x0000000000000004
2026/10/07 01:54:09.034, 7 %, 718 MiB, 4096 MiB, 1785 MHz, 20.63 W, 57, 0x0000000000000000
2026/10/07 01:54:11.038, 100 %, 1995 MiB, 4096 MiB, 1410 MHz, 35.36 W, 60, 0x0000000000000004
2026/10/07 01:54:13.040, 100 %, 1987 MiB, 4096 MiB, 1395 MHz, 35.70 W, 60, 0x0000000000000004
2026/10/07 01:54:15.044, 27 %, 1996 MiB, 4096 MiB, 1545 MHz, 35.18 W, 59, 0x0000000000000004
2026/10/07 01:54:17.047, 100 %, 1995 MiB, 4096 MiB, 1410 MHz, 34.10 W, 60, 0x0000000000000004
2026/10/07 01:54:19.055, 36 %, 1990 MiB, 4096 MiB, 1785 MHz, 18.02 W, 57, 0x0000000000000000
2026/10/07 01:54:21.058, 52 %, 2075 MiB, 4096 MiB, 1380 MHz, 35.06 W, 60, 0x0000000000000004
2026/10/07 01:54:23.060, 100 %, 2075 MiB, 4096 MiB, 1380 MHz, 35.61 W, 60, 0x0000000000000004
2026/10/07 01:54:25.063, 100 %, 2066 MiB, 4096 MiB, 1395 MHz, 35.15 W, 60, 0x0000000000000004
2026/10/07 01:54:27.065, 100 %, 2066 MiB, 4096 MiB, 1380 MHz, 35.48 W, 60, 0x0000000000000004
2026/10/07 01:54:29.068, 100 %, 2066 MiB, 4096 MiB, 1380 MHz, 35.56 W, 60, 0x0000000000000004
2026/10/07 01:54:31.070, 100 %, 2066 MiB, 4096 MiB, 1395 MHz, 35.25 W, 60, 0x0000000000000004
2026/10/07 01:54:33.072, 100 %, 2066 MiB, 4096 MiB, 1395 MHz, 35.55 W, 60, 0x0000000000000004
2026/10/07 01:54:35.075, 100 %, 2066 MiB, 4096 MiB, 1395 MHz, 35.83 W, 60, 0x0000000000000004
2026/10/07 01:54:37.077, 100 %, 2066 MiB, 4096 MiB, 1410 MHz, 35.37 W, 60, 0x0000000000000004
2026/10/07 01:54:39.084, 5 %, 2485 MiB, 4096 MiB, 1440 MHz, 38.13 W, 59, 0x0000000000000004
2026/10/07 01:54:41.086, 100 %, 2076 MiB, 4096 MiB, 1395 MHz, 34.79 W, 60, 0x0000000000000004
2026/10/07 01:54:43.089, 100 %, 2068 MiB, 4096 MiB, 1290 MHz, 35.68 W, 60, 0x0000000000000004
2026/10/07 01:54:45.091, 100 %, 2068 MiB, 4096 MiB, 1275 MHz, 35.20 W, 60, 0x0000000000000004
2026/10/07 01:54:47.101, 100 %, 2068 MiB, 4096 MiB, 1335 MHz, 34.12 W, 60, 0x0000000000000004
2026/10/07 01:54:49.103, 100 %, 2068 MiB, 4096 MiB, 1410 MHz, 33.11 W, 60, 0x0000000000000004
2026/10/07 01:54:51.114, 100 %, 2068 MiB, 4096 MiB, 1350 MHz, 32.63 W, 60, 0x0000000000000004
2026/10/07 01:54:53.116, 100 %, 2068 MiB, 4096 MiB, 1335 MHz, 34.90 W, 60, 0x0000000000000004
2026/10/07 01:54:55.120, 100 %, 2065 MiB, 4096 MiB, 1335 MHz, 35.20 W, 60, 0x0000000000000004
2026/10/07 01:54:57.122, 100 %, 2065 MiB, 4096 MiB, 1320 MHz, 34.71 W, 60, 0x0000000000000004
2026/10/07 01:54:59.125, 45 %, 716 MiB, 4096 MiB, 1785 MHz, 17.90 W, 57, 0x0000000000000000
2026/10/07 01:55:01.127, 73 %, 2074 MiB, 4096 MiB, 1380 MHz, 34.08 W, 60, 0x0000000000000004
2026/10/07 01:55:03.130, 100 %, 2066 MiB, 4096 MiB, 1380 MHz, 34.72 W, 60, 0x0000000000000004
2026/10/07 01:55:05.135, 100 %, 2066 MiB, 4096 MiB, 1395 MHz, 36.11 W, 60, 0x0000000000000004
2026/10/07 01:55:07.137, 100 %, 2066 MiB, 4096 MiB, 1380 MHz, 35.41 W, 60, 0x0000000000000004
2026/10/07 01:55:09.142, 100 %, 2066 MiB, 4096 MiB, 1395 MHz, 35.39 W, 60, 0x0000000000000004
2026/10/07 01:55:11.144, 100 %, 2066 MiB, 4096 MiB, 1395 MHz, 35.66 W, 60, 0x0000000000000004
2026/10/07 01:55:13.147, 100 %, 2066 MiB, 4096 MiB, 1395 MHz, 35.73 W, 60, 0x0000000000000004
2026/10/07 01:55:15.150, 100 %, 2066 MiB, 4096 MiB, 1425 MHz, 35.42 W, 60, 0x0000000000000004
2026/10/07 01:55:17.153, 100 %, 2066 MiB, 4096 MiB, 1725 MHz, 35.86 W, 58, 0x0000000000000004
2026/10/07 01:55:19.155, 5 %, 717 MiB, 4096 MiB, 1785 MHz, 17.93 W, 57, 0x0000000000000000
2026/10/07 01:55:21.157, 87 %, 1672 MiB, 4096 MiB, 1380 MHz, 34.84 W, 60, 0x0000000000000004
2026/10/07 01:55:23.161, 100 %, 1663 MiB, 4096 MiB, 1380 MHz, 35.99 W, 60, 0x0000000000000004
2026/10/07 01:55:25.164, 100 %, 1663 MiB, 4096 MiB, 1395 MHz, 35.87 W, 60, 0x0000000000000004
2026/10/07 01:55:27.166, 100 %, 1663 MiB, 4096 MiB, 1395 MHz, 35.33 W, 60, 0x0000000000000004
2026/10/07 01:55:29.171, 100 %, 1663 MiB, 4096 MiB, 1380 MHz, 35.32 W, 60, 0x0000000000000004
2026/10/07 01:55:31.174, 100 %, 1663 MiB, 4096 MiB, 1380 MHz, 35.44 W, 60, 0x0000000000000004
2026/10/07 01:55:33.176, 100 %, 1663 MiB, 4096 MiB, 1395 MHz, 35.51 W, 60, 0x0000000000000004
2026/10/07 01:55:35.184, 100 %, 1663 MiB, 4096 MiB, 1380 MHz, 35.57 W, 60, 0x0000000000000004
2026/10/07 01:55:37.186, 100 %, 1663 MiB, 4096 MiB, 1785 MHz, 25.22 W, 58, 0x0000000000000000
2026/10/07 01:55:39.189, 15 %, 1613 MiB, 4096 MiB, 1260 MHz, 19.45 W, 57, 0x0000000000000001
2026/10/07 01:55:41.209, 100 %, 1672 MiB, 4096 MiB, 1395 MHz, 35.75 W, 60, 0x0000000000000004
2026/10/07 01:55:43.216, 100 %, 1664 MiB, 4096 MiB, 1380 MHz, 34.85 W, 60, 0x0000000000000004
2026/10/07 01:55:45.219, 100 %, 1664 MiB, 4096 MiB, 1350 MHz, 35.50 W, 60, 0x0000000000000004
2026/10/07 01:55:47.228, 100 %, 1664 MiB, 4096 MiB, 1245 MHz, 35.31 W, 60, 0x0000000000000004
2026/10/07 01:55:49.230, 100 %, 1664 MiB, 4096 MiB, 1305 MHz, 34.73 W, 60, 0x0000000000000004
2026/10/07 01:55:51.238, 100 %, 1664 MiB, 4096 MiB, 1440 MHz, 33.26 W, 59, 0x0000000000000004
2026/10/07 01:55:53.241, 100 %, 1662 MiB, 4096 MiB, 1350 MHz, 32.31 W, 60, 0x0000000000000004
2026/10/07 01:55:55.250, 100 %, 1662 MiB, 4096 MiB, 1335 MHz, 34.95 W, 60, 0x0000000000000004
2026/10/07 01:55:57.252, 100 %, 1662 MiB, 4096 MiB, 1785 MHz, 17.99 W, 57, 0x0000000000000000
2026/10/07 01:55:59.254, 15 %, 1672 MiB, 4096 MiB, 1350 MHz, 36.65 W, 59, 0x0000000000000004
2026/10/07 01:56:01.257, 100 %, 1671 MiB, 4096 MiB, 1350 MHz, 34.49 W, 60, 0x0000000000000004
2026/10/07 01:56:03.260, 100 %, 1663 MiB, 4096 MiB, 1335 MHz, 36.00 W, 60, 0x0000000000000004
2026/10/07 01:56:05.262, 100 %, 1663 MiB, 4096 MiB, 1335 MHz, 34.99 W, 60, 0x0000000000000004
2026/10/07 01:56:07.265, 100 %, 1663 MiB, 4096 MiB, 1410 MHz, 34.40 W, 60, 0x0000000000000004
2026/10/07 01:56:09.275, 100 %, 1663 MiB, 4096 MiB, 1380 MHz, 33.93 W, 60, 0x0000000000000004
2026/10/07 01:56:11.277, 100 %, 1663 MiB, 4096 MiB, 1380 MHz, 35.49 W, 60, 0x0000000000000004
2026/10/07 01:56:13.280, 100 %, 1663 MiB, 4096 MiB, 1380 MHz, 35.90 W, 60, 0x0000000000000004
2026/10/07 01:56:15.282, 100 %, 1663 MiB, 4096 MiB, 1380 MHz, 35.41 W, 60, 0x0000000000000004
2026/10/07 01:56:17.284, 72 %, 1663 MiB, 4096 MiB, 1785 MHz, 17.94 W, 57, 0x0000000000000000
2026/10/07 01:56:19.286, 17 %, 770 MiB, 4096 MiB, 1785 MHz, 17.94 W, 57, 0x0000000000000000
2026/10/07 01:56:21.289, 100 %, 1874 MiB, 4096 MiB, 1395 MHz, 35.46 W, 60, 0x0000000000000004
2026/10/07 01:56:23.292, 100 %, 1865 MiB, 4096 MiB, 1785 MHz, 32.84 W, 58, 0x0000000000000000
2026/10/07 01:56:25.295, 25 %, 1875 MiB, 4096 MiB, 1365 MHz, 37.13 W, 60, 0x0000000000000004
2026/10/07 01:56:27.298, 100 %, 1874 MiB, 4096 MiB, 1395 MHz, 35.67 W, 60, 0x0000000000000004
2026/10/07 01:56:29.300, 54 %, 771 MiB, 4096 MiB, 1785 MHz, 19.51 W, 57, 0x0000000000000000
2026/10/07 01:56:31.302, 97 %, 1875 MiB, 4096 MiB, 1395 MHz, 35.06 W, 60, 0x0000000000000004
2026/10/07 01:56:33.305, 100 %, 1867 MiB, 4096 MiB, 1485 MHz, 35.73 W, 59, 0x0000000000000004
2026/10/07 01:56:35.307, 30 %, 1831 MiB, 4096 MiB, 1365 MHz, 28.54 W, 59, 0x0000000000000004
2026/10/07 01:56:37.315, 100 %, 1971 MiB, 4096 MiB, 1395 MHz, 35.38 W, 60, 0x0000000000000004
2026/10/07 01:56:39.317, 100 %, 1963 MiB, 4096 MiB, 1350 MHz, 35.14 W, 60, 0x0000000000000004
2026/10/07 01:56:41.321, 100 %, 1963 MiB, 4096 MiB, 1260 MHz, 35.68 W, 60, 0x0000000000000004
2026/10/07 01:56:43.323, 100 %, 1963 MiB, 4096 MiB, 1290 MHz, 35.16 W, 60, 0x0000000000000004
2026/10/07 01:56:45.326, 100 %, 1963 MiB, 4096 MiB, 1335 MHz, 34.41 W, 60, 0x0000000000000004
2026/10/07 01:56:47.332, 100 %, 1963 MiB, 4096 MiB, 1485 MHz, 33.28 W, 60, 0x0000000000000004
2026/10/07 01:56:49.335, 100 %, 1963 MiB, 4096 MiB, 1335 MHz, 32.42 W, 60, 0x0000000000000004
2026/10/07 01:56:51.343, 100 %, 1963 MiB, 4096 MiB, 1785 MHz, 17.95 W, 57, 0x0000000000000000
2026/10/07 01:56:53.345, 26 %, 1972 MiB, 4096 MiB, 1350 MHz, 35.51 W, 60, 0x0000000000000004
2026/10/07 01:56:55.348, 100 %, 1969 MiB, 4096 MiB, 1350 MHz, 35.16 W, 60, 0x0000000000000004
2026/10/07 01:56:57.350, 100 %, 1961 MiB, 4096 MiB, 1410 MHz, 34.60 W, 59, 0x0000000000000004
2026/10/07 01:56:59.359, 100 %, 1961 MiB, 4096 MiB, 1410 MHz, 34.47 W, 60, 0x0000000000000004
2026/10/07 01:57:01.361, 100 %, 1961 MiB, 4096 MiB, 1380 MHz, 33.53 W, 60, 0x0000000000000004
2026/10/07 01:57:03.366, 100 %, 1961 MiB, 4096 MiB, 1395 MHz, 34.34 W, 60, 0x0000000000000004
2026/10/07 01:57:05.368, 100 %, 1961 MiB, 4096 MiB, 1380 MHz, 36.13 W, 60, 0x0000000000000004
2026/10/07 01:57:07.371, 100 %, 1961 MiB, 4096 MiB, 1380 MHz, 35.36 W, 60, 0x0000000000000004
2026/10/07 01:57:09.375, 49 %, 2431 MiB, 4096 MiB, 1410 MHz, 35.34 W, 59, 0x0000000000000004
2026/10/07 01:57:11.379, 81 %, 1970 MiB, 4096 MiB, 1395 MHz, 35.58 W, 60, 0x0000000000000004
2026/10/07 01:57:13.382, 100 %, 1962 MiB, 4096 MiB, 1290 MHz, 35.25 W, 60, 0x0000000000000004
2026/10/07 01:57:15.384, 100 %, 1962 MiB, 4096 MiB, 1260 MHz, 34.15 W, 60, 0x0000000000000004
2026/10/07 01:57:17.387, 100 %, 1962 MiB, 4096 MiB, 1305 MHz, 32.69 W, 60, 0x0000000000000004
2026/10/07 01:57:19.391, 100 %, 1962 MiB, 4096 MiB, 1485 MHz, 34.31 W, 59, 0x0000000000000004
2026/10/07 01:57:21.394, 100 %, 1962 MiB, 4096 MiB, 1350 MHz, 32.67 W, 60, 0x0000000000000004
2026/10/07 01:57:23.403, 100 %, 1960 MiB, 4096 MiB, 1350 MHz, 33.20 W, 60, 0x0000000000000004
2026/10/07 01:57:25.406, 100 %, 1960 MiB, 4096 MiB, 1335 MHz, 35.77 W, 60, 0x0000000000000004
2026/10/07 01:57:27.410, 19 %, 769 MiB, 4096 MiB, 1785 MHz, 22.44 W, 58, 0x0000000000000000
2026/10/07 01:57:29.412, 100 %, 1635 MiB, 4096 MiB, 1350 MHz, 34.63 W, 60, 0x0000000000000004
2026/10/07 01:57:31.419, 100 %, 1627 MiB, 4096 MiB, 1350 MHz, 35.93 W, 60, 0x0000000000000004
2026/10/07 01:57:33.428, 100 %, 1627 MiB, 4096 MiB, 1320 MHz, 35.08 W, 60, 0x0000000000000004
2026/10/07 01:57:35.431, 100 %, 1627 MiB, 4096 MiB, 1335 MHz, 34.72 W, 60, 0x0000000000000004
2026/10/07 01:57:37.433, 100 %, 1627 MiB, 4096 MiB, 1440 MHz, 34.68 W, 60, 0x0000000000000004
2026/10/07 01:57:39.435, 100 %, 1627 MiB, 4096 MiB, 1380 MHz, 34.11 W, 60, 0x0000000000000004
2026/10/07 01:57:41.437, 100 %, 1627 MiB, 4096 MiB, 1380 MHz, 34.72 W, 60, 0x0000000000000004
2026/10/07 01:57:43.440, 100 %, 1627 MiB, 4096 MiB, 1380 MHz, 36.04 W, 60, 0x0000000000000004
2026/10/07 01:57:45.442, 25 %, 769 MiB, 4096 MiB, 1785 MHz, 17.98 W, 58, 0x0000000000000000
2026/10/07 01:57:47.444, 100 %, 1636 MiB, 4096 MiB, 1365 MHz, 35.40 W, 60, 0x0000000000000004
2026/10/07 01:57:49.447, 100 %, 1628 MiB, 4096 MiB, 1380 MHz, 35.30 W, 60, 0x0000000000000004
2026/10/07 01:57:51.449, 100 %, 1628 MiB, 4096 MiB, 1395 MHz, 35.62 W, 60, 0x0000000000000004
2026/10/07 01:57:53.452, 100 %, 1627 MiB, 4096 MiB, 1410 MHz, 35.29 W, 60, 0x0000000000000004
2026/10/07 01:57:55.454, 100 %, 1627 MiB, 4096 MiB, 1395 MHz, 35.42 W, 60, 0x0000000000000004
2026/10/07 01:57:57.457, 100 %, 1627 MiB, 4096 MiB, 1380 MHz, 35.37 W, 60, 0x0000000000000004
2026/10/07 01:57:59.459, 100 %, 1627 MiB, 4096 MiB, 1365 MHz, 35.47 W, 60, 0x0000000000000004
2026/10/07 01:58:01.462, 84 %, 1627 MiB, 4096 MiB, 1785 MHz, 17.94 W, 58, 0x0000000000000000
2026/10/07 01:58:03.467, 42 %, 1636 MiB, 4096 MiB, 1350 MHz, 37.24 W, 60, 0x0000000000000004
2026/10/07 01:58:05.469, 100 %, 1636 MiB, 4096 MiB, 1335 MHz, 35.54 W, 60, 0x0000000000000004
2026/10/07 01:58:07.477, 100 %, 1628 MiB, 4096 MiB, 1350 MHz, 35.17 W, 60, 0x0000000000000004
2026/10/07 01:58:09.479, 100 %, 1628 MiB, 4096 MiB, 1425 MHz, 33.62 W, 60, 0x0000000000000004
2026/10/07 01:58:11.489, 100 %, 1628 MiB, 4096 MiB, 1380 MHz, 34.42 W, 60, 0x0000000000000004
2026/10/07 01:58:13.491, 100 %, 1628 MiB, 4096 MiB, 1380 MHz, 33.34 W, 60, 0x0000000000000004
2026/10/07 01:58:15.495, 100 %, 1628 MiB, 4096 MiB, 1380 MHz, 34.44 W, 60, 0x0000000000000004
2026/10/07 01:58:17.498, 100 %, 1628 MiB, 4096 MiB, 1380 MHz, 36.01 W, 60, 0x0000000000000004
2026/10/07 01:58:19.500, 100 %, 1629 MiB, 4096 MiB, 1785 MHz, 18.08 W, 57, 0x0000000000000000
2026/10/07 01:58:21.503, 0 %, 782 MiB, 4096 MiB, 450 MHz, 11.31 W, 56, 0x0000000000000001
2026/10/07 01:58:23.530, 90 %, 2072 MiB, 4096 MiB, 1575 MHz, 35.67 W, 59, 0x0000000000000004
2026/10/07 01:58:25.533, 100 %, 2064 MiB, 4096 MiB, 1395 MHz, 35.21 W, 60, 0x0000000000000004
2026/10/07 01:58:27.540, 100 %, 2064 MiB, 4096 MiB, 1395 MHz, 35.20 W, 60, 0x0000000000000004
2026/10/07 01:58:29.543, 100 %, 2064 MiB, 4096 MiB, 1350 MHz, 35.64 W, 60, 0x0000000000000004
2026/10/07 01:58:31.545, 58 %, 2545 MiB, 4096 MiB, 1410 MHz, 33.47 W, 59, 0x0000000000000004
2026/10/07 01:58:33.548, 79 %, 2073 MiB, 4096 MiB, 1365 MHz, 35.69 W, 59, 0x0000000000000004
2026/10/07 01:58:35.552, 100 %, 2064 MiB, 4096 MiB, 1365 MHz, 34.91 W, 59, 0x0000000000000004
2026/10/07 01:58:37.554, 100 %, 2064 MiB, 4096 MiB, 1395 MHz, 35.24 W, 60, 0x0000000000000004
2026/10/07 01:58:39.557, 100 %, 2064 MiB, 4096 MiB, 1335 MHz, 35.18 W, 60, 0x0000000000000004
2026/10/07 01:58:41.559, 57 %, 783 MiB, 4096 MiB, 1395 MHz, 33.86 W, 60, 0x0000000000000004
2026/10/07 01:58:43.562, 47 %, 2065 MiB, 4096 MiB, 1410 MHz, 35.83 W, 60, 0x0000000000000004
2026/10/07 01:58:45.564, 100 %, 2065 MiB, 4096 MiB, 1395 MHz, 35.63 W, 60, 0x0000000000000004
2026/10/07 01:58:47.567, 100 %, 2065 MiB, 4096 MiB, 1350 MHz, 36.11 W, 60, 0x0000000000000004
2026/10/07 01:58:49.569, 100 %, 2065 MiB, 4096 MiB, 1350 MHz, 35.54 W, 60, 0x0000000000000004
2026/10/07 01:58:51.572, 23 %, 782 MiB, 4096 MiB, 1530 MHz, 36.74 W, 60, 0x0000000000000004
2026/10/07 01:58:53.575, 49 %, 1995 MiB, 4096 MiB, 1425 MHz, 33.19 W, 60, 0x0000000000000004
2026/10/07 01:58:55.580, 100 %, 2208 MiB, 4096 MiB, 1350 MHz, 33.81 W, 60, 0x0000000000000004
2026/10/07 01:58:57.583, 100 %, 2208 MiB, 4096 MiB, 1350 MHz, 36.97 W, 60, 0x0000000000000004
2026/10/07 01:58:59.585, 100 %, 2208 MiB, 4096 MiB, 1350 MHz, 34.06 W, 60, 0x0000000000000004
2026/10/07 01:59:01.588, 100 %, 2208 MiB, 4096 MiB, 1320 MHz, 36.15 W, 60, 0x0000000000000004
2026/10/07 01:59:03.590, 100 %, 2208 MiB, 4096 MiB, 1335 MHz, 34.35 W, 60, 0x0000000000000004
2026/10/07 01:59:05.592, 100 %, 2208 MiB, 4096 MiB, 1395 MHz, 34.50 W, 60, 0x0000000000000004
2026/10/07 01:59:07.595, 100 %, 2208 MiB, 4096 MiB, 1410 MHz, 33.39 W, 60, 0x0000000000000004
2026/10/07 01:59:09.597, 100 %, 2208 MiB, 4096 MiB, 1395 MHz, 34.54 W, 60, 0x0000000000000004
2026/10/07 01:59:11.599, 100 %, 2208 MiB, 4096 MiB, 1380 MHz, 36.25 W, 60, 0x0000000000000004
2026/10/07 01:59:13.602, 100 %, 2208 MiB, 4096 MiB, 1380 MHz, 35.35 W, 60, 0x0000000000000004
2026/10/07 01:59:15.604, 100 %, 2208 MiB, 4096 MiB, 1380 MHz, 35.83 W, 60, 0x0000000000000004
2026/10/07 01:59:17.607, 100 %, 2208 MiB, 4096 MiB, 1395 MHz, 35.82 W, 60, 0x0000000000000004
2026/10/07 01:59:19.610, 100 %, 2208 MiB, 4096 MiB, 1395 MHz, 35.90 W, 60, 0x0000000000000004
2026/10/07 01:59:21.612, 100 %, 2208 MiB, 4096 MiB, 1395 MHz, 35.65 W, 60, 0x0000000000000004
2026/10/07 01:59:23.615, 100 %, 2206 MiB, 4096 MiB, 1395 MHz, 35.85 W, 60, 0x0000000000000004
2026/10/07 01:59:25.617, 100 %, 2206 MiB, 4096 MiB, 1410 MHz, 35.26 W, 60, 0x0000000000000004
2026/10/07 01:59:27.620, 100 %, 2206 MiB, 4096 MiB, 1395 MHz, 35.50 W, 60, 0x0000000000000004
2026/10/07 01:59:29.622, 53 %, 2206 MiB, 4096 MiB, 1785 MHz, 17.92 W, 57, 0x0000000000000000
2026/10/07 01:59:31.625, 95 %, 780 MiB, 4096 MiB, 1785 MHz, 17.99 W, 57, 0x0000000000000000
2026/10/07 01:59:33.627, 100 %, 2216 MiB, 4096 MiB, 1380 MHz, 34.49 W, 60, 0x0000000000000004
2026/10/07 01:59:35.629, 100 %, 2208 MiB, 4096 MiB, 1380 MHz, 34.71 W, 60, 0x0000000000000004
2026/10/07 01:59:37.632, 100 %, 2208 MiB, 4096 MiB, 1395 MHz, 36.30 W, 60, 0x0000000000000004
2026/10/07 01:59:39.635, 100 %, 2208 MiB, 4096 MiB, 1395 MHz, 35.81 W, 60, 0x0000000000000004
2026/10/07 01:59:41.637, 100 %, 2208 MiB, 4096 MiB, 1395 MHz, 35.45 W, 60, 0x0000000000000004
2026/10/07 01:59:43.647, 100 %, 2208 MiB, 4096 MiB, 1395 MHz, 35.24 W, 60, 0x0000000000000004
2026/10/07 01:59:45.650, 100 %, 2208 MiB, 4096 MiB, 1395 MHz, 35.38 W, 60, 0x0000000000000004
2026/10/07 01:59:47.654, 100 %, 2208 MiB, 4096 MiB, 1395 MHz, 35.64 W, 60, 0x0000000000000004
2026/10/07 01:59:49.656, 100 %, 2208 MiB, 4096 MiB, 1410 MHz, 35.51 W, 60, 0x0000000000000004
2026/10/07 01:59:51.659, 100 %, 2208 MiB, 4096 MiB, 1395 MHz, 34.78 W, 60, 0x0000000000000004
2026/10/07 01:59:53.661, 100 %, 2208 MiB, 4096 MiB, 1365 MHz, 35.10 W, 60, 0x0000000000000004
2026/10/07 01:59:55.664, 100 %, 2208 MiB, 4096 MiB, 1380 MHz, 35.83 W, 60, 0x0000000000000004
2026/10/07 01:59:57.666, 100 %, 2208 MiB, 4096 MiB, 1275 MHz, 35.61 W, 60, 0x0000000000000004
2026/10/07 01:59:59.669, 100 %, 2208 MiB, 4096 MiB, 1305 MHz, 34.29 W, 60, 0x0000000000000004
2026/10/07 02:00:01.674, 100 %, 2207 MiB, 4096 MiB, 1395 MHz, 32.50 W, 60, 0x0000000000000004
2026/10/07 02:00:03.676, 100 %, 2207 MiB, 4096 MiB, 1380 MHz, 33.29 W, 60, 0x0000000000000004
2026/10/07 02:00:05.685, 100 %, 2207 MiB, 4096 MiB, 1320 MHz, 31.46 W, 60, 0x0000000000000004
2026/10/07 02:00:07.688, 98 %, 2207 MiB, 4096 MiB, 1785 MHz, 18.07 W, 58, 0x0000000000000000
2026/10/07 02:00:09.690, 89 %, 780 MiB, 4096 MiB, 1785 MHz, 17.98 W, 57, 0x0000000000000000
2026/10/07 02:00:11.692, 94 %, 2216 MiB, 4096 MiB, 1410 MHz, 34.70 W, 60, 0x0000000000000004
2026/10/07 02:00:13.703, 100 %, 2208 MiB, 4096 MiB, 1350 MHz, 32.38 W, 60, 0x0000000000000004
2026/10/07 02:00:15.705, 100 %, 2208 MiB, 4096 MiB, 1350 MHz, 34.63 W, 60, 0x0000000000000004
2026/10/07 02:00:17.711, 100 %, 2208 MiB, 4096 MiB, 1335 MHz, 35.80 W, 60, 0x0000000000000004
2026/10/07 02:00:19.713, 100 %, 2208 MiB, 4096 MiB, 1320 MHz, 34.69 W, 60, 0x0000000000000004
2026/10/07 02:00:21.716, 100 %, 2208 MiB, 4096 MiB, 1335 MHz, 34.57 W, 60, 0x0000000000000004
2026/10/07 02:00:23.720, 100 %, 2208 MiB, 4096 MiB, 1425 MHz, 34.93 W, 60, 0x0000000000000004
2026/10/07 02:00:25.722, 100 %, 2208 MiB, 4096 MiB, 1395 MHz, 34.46 W, 60, 0x0000000000000004
2026/10/07 02:00:27.725, 100 %, 2208 MiB, 4096 MiB, 1380 MHz, 34.01 W, 60, 0x0000000000000004
2026/10/07 02:00:29.728, 100 %, 2208 MiB, 4096 MiB, 1380 MHz, 35.27 W, 60, 0x0000000000000004
2026/10/07 02:00:31.730, 100 %, 2208 MiB, 4096 MiB, 1380 MHz, 35.52 W, 60, 0x0000000000000004
2026/10/07 02:00:33.733, 100 %, 2208 MiB, 4096 MiB, 1380 MHz, 35.35 W, 60, 0x0000000000000004
2026/10/07 02:00:35.735, 100 %, 2208 MiB, 4096 MiB, 1395 MHz, 35.13 W, 60, 0x0000000000000004
2026/10/07 02:00:37.738, 100 %, 2208 MiB, 4096 MiB, 1380 MHz, 35.59 W, 60, 0x0000000000000004
2026/10/07 02:00:39.742, 100 %, 2207 MiB, 4096 MiB, 1380 MHz, 35.60 W, 60, 0x0000000000000004
2026/10/07 02:00:41.744, 100 %, 2207 MiB, 4096 MiB, 1410 MHz, 35.60 W, 60, 0x0000000000000004
2026/10/07 02:00:43.747, 100 %, 2207 MiB, 4096 MiB, 1395 MHz, 35.93 W, 60, 0x0000000000000004
2026/10/07 02:00:45.750, 100 %, 2207 MiB, 4096 MiB, 1785 MHz, 29.74 W, 58, 0x0000000000000000
2026/10/07 02:00:47.752, 44 %, 780 MiB, 4096 MiB, 1440 MHz, 35.38 W, 60, 0x0000000000000004
2026/10/07 02:00:49.763, 0 %, 779 MiB, 4096 MiB, 1785 MHz, 17.93 W, 57, 0x0000000000000000
2026/10/07 02:00:51.765, 100 %, 1712 MiB, 4096 MiB, 1350 MHz, 34.64 W, 60, 0x0000000000000004
2026/10/07 02:00:53.768, 100 %, 1712 MiB, 4096 MiB, 1365 MHz, 34.58 W, 60, 0x0000000000000004
2026/10/07 02:00:55.770, 100 %, 1712 MiB, 4096 MiB, 1395 MHz, 35.88 W, 60, 0x0000000000000004
2026/10/07 02:00:57.774, 100 %, 1712 MiB, 4096 MiB, 1410 MHz, 35.43 W, 60, 0x0000000000000004
2026/10/07 02:00:59.777, 100 %, 1712 MiB, 4096 MiB, 1380 MHz, 35.57 W, 60, 0x0000000000000004
2026/10/07 02:01:01.779, 100 %, 1712 MiB, 4096 MiB, 1365 MHz, 35.65 W, 60, 0x0000000000000004
2026/10/07 02:01:03.783, 100 %, 1712 MiB, 4096 MiB, 1275 MHz, 35.98 W, 60, 0x0000000000000004
2026/10/07 02:01:05.785, 100 %, 1712 MiB, 4096 MiB, 1275 MHz, 35.45 W, 60, 0x0000000000000004
2026/10/07 02:01:07.787, 100 %, 1712 MiB, 4096 MiB, 1335 MHz, 34.20 W, 60, 0x0000000000000004
2026/10/07 02:01:09.793, 100 %, 1712 MiB, 4096 MiB, 1470 MHz, 31.52 W, 60, 0x0000000000000004
2026/10/07 02:01:11.795, 100 %, 1712 MiB, 4096 MiB, 1335 MHz, 33.77 W, 60, 0x0000000000000004
2026/10/07 02:01:13.803, 100 %, 1712 MiB, 4096 MiB, 1335 MHz, 37.04 W, 60, 0x0000000000000004
2026/10/07 02:01:15.805, 100 %, 1712 MiB, 4096 MiB, 1305 MHz, 34.80 W, 60, 0x0000000000000004
2026/10/07 02:01:17.813, 100 %, 1712 MiB, 4096 MiB, 1335 MHz, 34.51 W, 60, 0x0000000000000004
2026/10/07 02:01:19.816, 100 %, 1711 MiB, 4096 MiB, 1410 MHz, 34.96 W, 60, 0x0000000000000004
2026/10/07 02:01:21.827, 100 %, 1711 MiB, 4096 MiB, 1395 MHz, 34.64 W, 60, 0x0000000000000004
2026/10/07 02:01:23.829, 100 %, 1711 MiB, 4096 MiB, 1380 MHz, 33.91 W, 60, 0x0000000000000004
2026/10/07 02:01:25.832, 100 %, 1711 MiB, 4096 MiB, 1650 MHz, 16.38 W, 57, 0x0000000000000001
2026/10/07 02:01:27.845, 40 %, 780 MiB, 4096 MiB, 1785 MHz, 17.96 W, 57, 0x0000000000000000
2026/10/07 02:01:29.847, 0 %, 1720 MiB, 4096 MiB, 1380 MHz, 34.67 W, 60, 0x0000000000000004
2026/10/07 02:01:31.849, 100 %, 1712 MiB, 4096 MiB, 1380 MHz, 35.86 W, 60, 0x0000000000000004
2026/10/07 02:01:33.851, 100 %, 1712 MiB, 4096 MiB, 1380 MHz, 35.37 W, 60, 0x0000000000000004
2026/10/07 02:01:35.854, 100 %, 1712 MiB, 4096 MiB, 1380 MHz, 35.72 W, 60, 0x0000000000000004
2026/10/07 02:01:37.856, 100 %, 1712 MiB, 4096 MiB, 1395 MHz, 35.73 W, 60, 0x0000000000000004
2026/10/07 02:01:39.859, 100 %, 1712 MiB, 4096 MiB, 1395 MHz, 35.44 W, 60, 0x0000000000000004
2026/10/07 02:01:41.861, 100 %, 1712 MiB, 4096 MiB, 1395 MHz, 35.19 W, 60, 0x0000000000000004
2026/10/07 02:01:43.864, 100 %, 1712 MiB, 4096 MiB, 1410 MHz, 35.74 W, 60, 0x0000000000000004
2026/10/07 02:01:45.866, 100 %, 1712 MiB, 4096 MiB, 1395 MHz, 35.01 W, 60, 0x0000000000000004
2026/10/07 02:01:47.870, 100 %, 1712 MiB, 4096 MiB, 1365 MHz, 35.55 W, 60, 0x0000000000000004
2026/10/07 02:01:49.872, 100 %, 1712 MiB, 4096 MiB, 1365 MHz, 35.60 W, 60, 0x0000000000000004
2026/10/07 02:01:51.875, 100 %, 1712 MiB, 4096 MiB, 1260 MHz, 34.86 W, 60, 0x0000000000000004
2026/10/07 02:01:53.880, 100 %, 1712 MiB, 4096 MiB, 1305 MHz, 33.68 W, 60, 0x0000000000000004
2026/10/07 02:01:55.883, 100 %, 1712 MiB, 4096 MiB, 1410 MHz, 34.98 W, 60, 0x0000000000000004
2026/10/07 02:01:57.885, 100 %, 1711 MiB, 4096 MiB, 1350 MHz, 32.83 W, 60, 0x0000000000000004
2026/10/07 02:01:59.893, 100 %, 1711 MiB, 4096 MiB, 1350 MHz, 33.23 W, 60, 0x0000000000000004
2026/10/07 02:02:01.895, 100 %, 1711 MiB, 4096 MiB, 1335 MHz, 37.14 W, 60, 0x0000000000000004
2026/10/07 02:02:03.897, 100 %, 1711 MiB, 4096 MiB, 1320 MHz, 35.01 W, 60, 0x0000000000000004
2026/10/07 02:02:05.900, 24 %, 780 MiB, 4096 MiB, 1425 MHz, 33.73 W, 60, 0x0000000000000004
2026/10/07 02:02:07.902, 28 %, 780 MiB, 4096 MiB, 1785 MHz, 17.91 W, 57, 0x0000000000000000
2026/10/07 02:02:09.904, 99 %, 1712 MiB, 4096 MiB, 1380 MHz, 35.42 W, 60, 0x0000000000000004
2026/10/07 02:02:11.907, 100 %, 1712 MiB, 4096 MiB, 1380 MHz, 35.47 W, 60, 0x0000000000000004
2026/10/07 02:02:13.910, 100 %, 1712 MiB, 4096 MiB, 1395 MHz, 35.41 W, 60, 0x0000000000000004
2026/10/07 02:02:15.912, 100 %, 1712 MiB, 4096 MiB, 1380 MHz, 35.59 W, 60, 0x0000000000000004
2026/10/07 02:02:17.915, 100 %, 1712 MiB, 4096 MiB, 1395 MHz, 35.39 W, 60, 0x0000000000000004
2026/10/07 02:02:19.919, 100 %, 1712 MiB, 4096 MiB, 1410 MHz, 35.90 W, 60, 0x0000000000000004
2026/10/07 02:02:21.921, 100 %, 1712 MiB, 4096 MiB, 1395 MHz, 35.50 W, 60, 0x0000000000000004
2026/10/07 02:02:23.924, 100 %, 1712 MiB, 4096 MiB, 1365 MHz, 35.46 W, 60, 0x0000000000000004
2026/10/07 02:02:25.931, 100 %, 1712 MiB, 4096 MiB, 1290 MHz, 35.41 W, 60, 0x0000000000000004
2026/10/07 02:02:27.933, 100 %, 1712 MiB, 4096 MiB, 1290 MHz, 34.68 W, 60, 0x0000000000000004
2026/10/07 02:02:29.942, 100 %, 1712 MiB, 4096 MiB, 1320 MHz, 33.39 W, 60, 0x0000000000000004
2026/10/07 02:02:31.944, 100 %, 1712 MiB, 4096 MiB, 1425 MHz, 34.05 W, 60, 0x0000000000000004
2026/10/07 02:02:33.955, 100 %, 1712 MiB, 4096 MiB, 1335 MHz, 31.61 W, 60, 0x0000000000000004
2026/10/07 02:02:35.957, 100 %, 1712 MiB, 4096 MiB, 1335 MHz, 33.62 W, 60, 0x0000000000000004
2026/10/07 02:02:37.962, 100 %, 1711 MiB, 4096 MiB, 1320 MHz, 36.41 W, 60, 0x0000000000000004
2026/10/07 02:02:39.964, 100 %, 1711 MiB, 4096 MiB, 1320 MHz, 34.61 W, 60, 0x0000000000000004
2026/10/07 02:02:41.967, 100 %, 1711 MiB, 4096 MiB, 1380 MHz, 34.47 W, 60, 0x0000000000000004
2026/10/07 02:02:43.974, 94 %, 1710 MiB, 4096 MiB, 1785 MHz, 17.95 W, 57, 0x0000000000000000
2026/10/07 02:02:45.976, 0 %, 1720 MiB, 4096 MiB, 315 MHz, 5.11 W, 55, 0x0000000000000001
2026/10/07 02:02:47.998, 0 %, 1720 MiB, 4096 MiB, 300 MHz, 1.61 W, 54, 0x0000000000000001
2026/10/07 02:02:50.019, 0 %, 1712 MiB, 4096 MiB, 300 MHz, 1.60 W, 54, 0x0000000000000001
2026/10/07 02:02:52.041, 2 %, 5 MiB, 4096 MiB, 855 MHz, 13.23 W, 54, 0x0000000000000001
2026/10/07 02:02:54.059, 0 %, 5 MiB, 4096 MiB, 300 MHz, 5.45 W, 53, 0x0000000000000001
