PROBE env ts=2.18.0 torch=2.11.0+cu126 threads=16
PROBE pad tid=298 padded=(80, 71, 71) pad_lo=(0, 0, 0)
PROBE begin tid=298 padded=(80, 71, 71) pad_lo=(0, 0, 0) tiles=8 probes net=0
PROBE pad tid=8 padded=(123, 300, 322) pad_lo=(0, 0, 0)
PROBE begin tid=8 padded=(123, 300, 322) pad_lo=(0, 0, 0) tiles=27 probes net=48
PROBE acc tid=8 net=(68,188,101) tile=9 origin=(30,0,0) g=0.00476074219 n=0->0.00476074219 c0:y=7.62103081,a=0->0.0362854004 c1:y=-2.77056956,a=0->-0.0131912231 c2:y=-4.81316423,a=0->-0.0229187012
PROBE acc tid=8 net=(68,188,102) tile=9 origin=(30,0,0) g=0.00471496582 n=0->0.00471496582 c0:y=7.65414858,a=0->0.0361022949 c1:y=-2.83743834,a=0->-0.013381958 c2:y=-4.77886009,a=0->-0.0225372314
PROBE acc tid=8 net=(68,188,103) tile=9 origin=(30,0,0) g=0.00466156006 n=0->0.00466156006 c0:y=7.80793333,a=0->0.0364074707 c1:y=-3.06819081,a=0->-0.0143051147 c2:y=-4.70060587,a=0->-0.0219116211
PROBE acc tid=8 net=(68,188,104) tile=9 origin=(30,0,0) g=0.0046005249 n=0->0.0046005249 c0:y=7.84772778,a=0->0.0361022949 c1:y=-3.17898488,a=0->-0.0146255493 c2:y=-4.62883186,a=0->-0.0213012695
PROBE acc tid=8 net=(68,189,101) tile=9 origin=(30,0,0) g=0.00405502319 n=0->0.00405502319 c0:y=7.57973766,a=0->0.0307312012 c1:y=-2.64755917,a=0->-0.0107345581 c2:y=-4.89621925,a=0->-0.0198516846
PROBE acc tid=8 net=(68,189,102) tile=9 origin=(30,0,0) g=0.00401306152 n=0->0.00401306152 c0:y=7.5251956,a=0->0.0301971436 c1:y=-2.59726667,a=0->-0.0104217529 c2:y=-4.89237547,a=0->-0.0196380615
PROBE acc tid=8 net=(68,189,103) tile=9 origin=(30,0,0) g=0.00397109985 n=0->0.00397109985 c0:y=7.58818626,a=0->0.0301361084 c1:y=-2.69431663,a=0->-0.0106964111 c2:y=-4.85787106,a=0->-0.0192871094
PROBE acc tid=8 net=(68,189,104) tile=9 origin=(30,0,0) g=0.00391769409 n=0->0.00391769409 c0:y=7.58902121,a=0->0.0297241211 c1:y=-2.75503278,a=0->-0.0107955933 c2:y=-4.79738092,a=0->-0.0187988281
PROBE acc tid=8 net=(68,190,101) tile=9 origin=(30,0,0) g=0.00344657898 n=0->0.00344657898 c0:y=7.52812576,a=0->0.0259399414 c1:y=-2.83081341,a=0->-0.00975799561 c2:y=-4.66283035,a=0->-0.0160675049
PROBE acc tid=8 net=(68,190,102) tile=9 origin=(30,0,0) g=0.00341415405 n=0->0.00341415405 c0:y=7.49832535,a=0->0.025604248 c1:y=-2.79495406,a=0->-0.00954437256 c2:y=-4.66896248,a=0->-0.0159454346
PROBE acc tid=8 net=(68,190,103) tile=9 origin=(30,0,0) g=0.00337600708 n=0->0.00337600708 c0:y=7.51672077,a=0->0.0253753662 c1:y=-2.74280262,a=0->-0.00926208496 c2:y=-4.73956823,a=0->-0.0160064697
PROBE acc tid=8 net=(68,190,104) tile=9 origin=(30,0,0) g=0.00333213806 n=0->0.00333213806 c0:y=7.45411158,a=0->0.0248413086 c1:y=-2.65957904,a=0->-0.00886535645 c2:y=-4.76023483,a=0->-0.0158691406
PROBE acc tid=8 net=(68,191,101) tile=9 origin=(30,0,0) g=0.00292396545 n=0->0.00292396545 c0:y=7.17596912,a=0->0.020980835 c1:y=-3.11544752,a=0->-0.00910949707 c2:y=-4.02205849,a=0->-0.011756897
PROBE acc tid=8 net=(68,191,102) tile=9 origin=(30,0,0) g=0.00289726257 n=0->0.00289726257 c0:y=7.20697308,a=0->0.0208740234 c1:y=-3.10366178,a=0->-0.00899505615 c2:y=-4.06470728,a=0->-0.0117797852
PROBE acc tid=8 net=(68,191,103) tile=9 origin=(30,0,0) g=0.00286483765 n=0->0.00286483765 c0:y=7.20480108,a=0->0.0206451416 c1:y=-2.96853662,a=0->-0.0085067749 c2:y=-4.19744396,a=0->-0.0120239258
PROBE acc tid=8 net=(68,191,104) tile=9 origin=(30,0,0) g=0.00282669067 n=0->0.00282669067 c0:y=7.11539555,a=0->0.020111084 c1:y=-2.79686928,a=0->-0.00790405273 c2:y=-4.28007555,a=0->-0.0121002197
PROBE acc tid=8 net=(69,188,101) tile=9 origin=(30,0,0) g=0.00429916382 n=0->0.00429916382 c0:y=7.96585703,a=0->0.0342407227 c1:y=-2.07282186,a=0->-0.00891113281 c2:y=-5.86075735,a=0->-0.0251922607
PROBE acc tid=8 net=(69,188,102) tile=9 origin=(30,0,0) g=0.00425720215 n=0->0.00425720215 c0:y=8.10608768,a=0->0.0345153809 c1:y=-2.13243365,a=0->-0.00907897949 c2:y=-5.94020367,a=0->-0.0252838135
PROBE acc tid=8 net=(69,188,103) tile=9 origin=(30,0,0) g=0.00421142578 n=0->0.00421142578 c0:y=8.27957249,a=0->0.0348815918 c1:y=-2.26005507,a=0->-0.00952148438 c2:y=-5.98447847,a=0->-0.0252075195
PROBE acc tid=8 net=(69,188,104) tile=9 origin=(30,0,0) g=0.00415802002 n=0->0.00415802002 c0:y=8.29397106,a=0->0.0344848633 c1:y=-2.45126557,a=0->-0.0101928711 c2:y=-5.80665827,a=0->-0.0241394043
PROBE acc tid=8 net=(69,189,101) tile=9 origin=(30,0,0) g=0.00366210938 n=0->0.00366210938 c0:y=7.85596752,a=0->0.0287628174 c1:y=-1.99906123,a=0->-0.00732040405 c2:y=-5.8262291,a=0->-0.0213317871
PROBE acc tid=8 net=(69,189,102) tile=9 origin=(30,0,0) g=0.0036277771 n=0->0.0036277771 c0:y=7.90306044,a=0->0.0286712646 c1:y=-1.94071209,a=0->-0.00704193115 c2:y=-5.93123102,a=0->-0.0215148926
PROBE acc tid=8 net=(69,189,103) tile=9 origin=(30,0,0) g=0.00358581543 n=0->0.00358581543 c0:y=8.06192875,a=0->0.0289154053 c1:y=-1.95800304,a=0->-0.00702285767 c2:y=-6.07172632,a=0->-0.021774292
PROBE acc tid=8 net=(69,189,104) tile=9 origin=(30,0,0) g=0.00354003906 n=0->0.00354003906 c0:y=8.15081692,a=0->0.0288543701 c1:y=-2.00537014,a=0->-0.00709915161 c2:y=-6.1122508,a=0->-0.0216369629
PROBE acc tid=8 net=(69,190,101) tile=9 origin=(30,0,0) g=0.00311279297 n=0->0.00311279297 c0:y=7.90830708,a=0->0.0246124268 c1:y=-2.21989202,a=0->-0.00690841675 c2:y=-5.65687466,a=0->-0.0176086426
PROBE acc tid=8 net=(69,190,102) tile=9 origin=(30,0,0) g=0.00308418274 n=0->0.00308418274 c0:y=7.8803072,a=0->0.024307251 c1:y=-2.00482321,a=0->-0.00618362427 c2:y=-5.84416342,a=0->-0.0180206299
PROBE acc tid=8 net=(69,190,103) tile=9 origin=(30,0,0) g=0.00304985046 n=0->0.00304985046 c0:y=7.89416075,a=0->0.0240783691 c1:y=-1.86243784,a=0->-0.00568008423 c2:y=-6.00060081,a=0->-0.0182952881
PROBE acc tid=8 net=(69,190,104) tile=9 origin=(30,0,0) g=0.00300979614 n=0->0.00300979614 c0:y=7.90984678,a=0->0.0238037109 c1:y=-1.79811573,a=0->-0.00541305542 c2:y=-6.08043146,a=0->-0.0182952881
PROBE acc tid=8 net=(69,191,101) tile=9 origin=(30,0,0) g=0.00264167786 n=0->0.00264167786 c0:y=7.0308938,a=0->0.0185699463 c1:y=-2.48593831,a=0->-0.00656890869 c2:y=-4.51081228,a=0->-0.0119171143
PROBE acc tid=8 net=(69,191,102) tile=9 origin=(30,0,0) g=0.00261688232 n=0->0.00261688232 c0:y=7.05847359,a=0->0.0184783936 c1:y=-2.35651517,a=0->-0.00616836548 c2:y=-4.67061949,a=0->-0.01222229
PROBE acc tid=8 net=(69,191,103) tile=9 origin=(30,0,0) g=0.00258827209 n=0->0.00258827209 c0:y=6.80116129,a=0->0.0176086426 c1:y=-1.89392257,a=0->-0.00490188599 c2:y=-4.88184595,a=0->-0.0126342773
PROBE acc tid=8 net=(69,191,104) tile=9 origin=(30,0,0) g=0.00255393982 n=0->0.00255393982 c0:y=6.62456322,a=0->0.0169219971 c1:y=-1.44458079,a=0->-0.00368881226 c2:y=-5.15615034,a=0->-0.013168335
PROBE acc tid=8 net=(70,188,101) tile=9 origin=(30,0,0) g=0.00382423401 n=0->0.00382423401 c0:y=1.9797554,a=0->0.00757217407 c1:y=4.01334572,a=0->0.0153503418 c2:y=-6.01109838,a=0->-0.0229949951
PROBE acc tid=8 net=(70,188,102) tile=9 origin=(30,0,0) g=0.00378799438 n=0->0.00378799438 c0:y=2.87395477,a=0->0.010887146 c1:y=3.36647344,a=0->0.0127487183 c2:y=-6.25462866,a=0->-0.0236968994
PROBE acc tid=8 net=(70,188,103) tile=9 origin=(30,0,0) g=0.00374603271 n=0->0.00374603271 c0:y=4.45967484,a=0->0.016708374 c1:y=2.0982759,a=0->0.00785827637 c2:y=-6.56312466,a=0->-0.0245819092
PROBE acc tid=8 net=(70,188,104) tile=9 origin=(30,0,0) g=0.00369644165 n=0->0.00369644165 c0:y=5.25054884,a=0->0.0194091797 c1:y=1.19134939,a=0->0.00440216064 c2:y=-6.44054222,a=0->-0.0238037109
PROBE acc tid=8 net=(70,189,101) tile=9 origin=(30,0,0) g=0.00325775146 n=0->0.00325775146 c0:y=1.56407189,a=0->0.00509643555 c1:y=4.10462523,a=0->0.0133743286 c2:y=-5.69161892,a=0->-0.0185394287
PROBE acc tid=8 net=(70,189,102) tile=9 origin=(30,0,0) g=0.00322532654 n=0->0.00322532654 c0:y=1.04986691,a=0->0.00338554382 c1:y=4.60071087,a=0->0.0148391724 c2:y=-5.67807198,a=0->-0.0183105469
PROBE acc tid=8 net=(70,189,103) tile=9 origin=(30,0,0) g=0.00318908691 n=0->0.00318908691 c0:y=1.10907078,a=0->0.00353622437 c1:y=4.70743132,a=0->0.0150146484 c2:y=-5.84473467,a=0->-0.0186462402
PROBE acc tid=8 net=(70,189,104) tile=9 origin=(30,0,0) g=0.00314903259 n=0->0.00314903259 c0:y=1.15543771,a=0->0.00363922119 c1:y=4.69555426,a=0->0.0147857666 c2:y=-5.8790741,a=0->-0.0185089111
PROBE acc tid=8 net=(70,190,101) tile=9 origin=(30,0,0) g=0.00276947021 n=0->0.00276947021 c0:y=4.90861225,a=0->0.0135955811 c1:y=1.44563425,a=0->0.00400543213 c2:y=-6.35519028,a=0->-0.0175933838
PROBE acc tid=8 net=(70,190,102) tile=9 origin=(30,0,0) g=0.00274276733 n=0->0.00274276733 c0:y=3.10122395,a=0->0.0085067749 c1:y=2.88710475,a=0->0.00791931152 c2:y=-6.00289154,a=0->-0.0164642334
PROBE acc tid=8 net=(70,190,103) tile=9 origin=(30,0,0) g=0.00271224976 n=0->0.00271224976 c0:y=1.1372211,a=0->0.00308418274 c1:y=4.43211174,a=0->0.0120239258 c2:y=-5.59714317,a=0->-0.0151824951
PROBE acc tid=8 net=(70,190,104) tile=9 origin=(30,0,0) g=0.00267601013 n=0->0.00267601013 c0:y=0.91035682,a=0->0.0024356842 c1:y=4.99705219,a=0->0.0133743286 c2:y=-5.93815994,a=0->-0.0158843994
PROBE acc tid=8 net=(70,191,101) tile=9 origin=(30,0,0) g=0.00234985352 n=0->0.00234985352 c0:y=5.57877016,a=0->0.0131072998 c1:y=-0.398691624,a=0->-0.000936985016 c2:y=-5.15768242,a=0->-0.0121231079
PROBE acc tid=8 net=(70,191,102) tile=9 origin=(30,0,0) g=0.00232696533 n=0->0.00232696533 c0:y=4.67025614,a=0->0.0108642578 c1:y=0.65021354,a=0->0.00151348114 c2:y=-5.31013107,a=0->-0.0123596191
PROBE acc tid=8 net=(70,191,103) tile=9 origin=(30,0,0) g=0.0023021698 n=0->0.0023021698 c0:y=2.13032341,a=0->0.00490570068 c1:y=2.9386766,a=0->0.00676345825 c2:y=-5.08071947,a=0->-0.0116958618
PROBE acc tid=8 net=(70,191,104) tile=9 origin=(30,0,0) g=0.00227165222 n=0->0.00227165222 c0:y=0.75245887,a=0->0.00170898438 c1:y=4.28245068,a=0->0.00972747803 c2:y=-5.06064749,a=0->-0.0114974976
PROBE acc tid=8 net=(68,188,101) tile=10 origin=(30,0,65) g=0.000213742256 n=0.00476074219->0.00497436523 c0:y=7.32951498,a=0.0362854004->0.0378417969 c1:y=-2.96559525,a=-0.0131912231->-0.0138244629 c2:y=-4.3301692,a=-0.0229187012->-0.0238494873
PROBE acc tid=8 net=(68,188,102) tile=10 origin=(30,0,65) g=0.000236988068 n=0.00471496582->0.00495147705 c0:y=7.37867546,a=0.0361022949->0.0378417969 c1:y=-2.99431014,a=-0.013381958->-0.0140914917 c2:y=-4.34941626,a=-0.0225372314->-0.0235748291
PROBE acc tid=8 net=(68,188,103) tile=10 origin=(30,0,65) g=0.000262260437 n=0.00466156006->0.00492477417 c0:y=7.47837019,a=0.0364074707->0.0383605957 c1:y=-3.0973773,a=-0.0143051147->-0.0151138306 c2:y=-4.34504366,a=-0.0219116211->-0.0230560303
PROBE acc tid=8 net=(68,188,104) tile=10 origin=(30,0,65) g=0.000289916992 n=0.0046005249->0.00489044189 c0:y=7.54123878,a=0.0361022949->0.0382995605 c1:y=-3.15824246,a=-0.0146255493->-0.0155410767 c2:y=-4.34619904,a=-0.0213012695->-0.022567749
PROBE acc tid=8 net=(68,189,101) tile=10 origin=(30,0,65) g=0.000182032585 n=0.00405502319->0.00423812866 c0:y=7.25456381,a=0.0307312012->0.032043457 c1:y=-2.89776087,a=-0.0107345581->-0.0112609863 c2:y=-4.32349777,a=-0.0198516846->-0.0206451416
PROBE acc tid=8 net=(68,189,102) tile=10 origin=(30,0,65) g=0.000201821327 n=0.00401306152->0.00421524048 c0:y=7.22459269,a=0.0301971436->0.0316467285 c1:y=-2.79145288,a=-0.0104217529->-0.0109863281 c2:y=-4.39945889,a=-0.0196380615->-0.0205230713
PROBE acc tid=8 net=(68,189,103) tile=10 origin=(30,0,65) g=0.000223398209 n=0.00397109985->0.00419616699 c0:y=7.2305212,a=0.0301361084->0.0317382812 c1:y=-2.78298473,a=-0.0106964111->-0.0113143921 c2:y=-4.41351175,a=-0.0192871094->-0.0202789307
PROBE acc tid=8 net=(68,189,104) tile=10 origin=(30,0,65) g=0.000246763229 n=0.00391769409->0.00416564941 c0:y=7.25863981,a=0.0297241211->0.0315246582 c1:y=-2.78379107,a=-0.0107955933->-0.0114822388 c2:y=-4.44054079,a=-0.0187988281->-0.0198974609
PROBE acc tid=8 net=(68,190,101) tile=10 origin=(30,0,65) g=0.000154733658 n=0.00344657898->0.00360107422 c0:y=7.17397976,a=0.0259399414->0.027053833 c1:y=-3.16571474,a=-0.00975799561->-0.0102462769 c2:y=-3.97603083,a=-0.0160675049->-0.0166778564
PROBE acc tid=8 net=(68,190,102) tile=10 origin=(30,0,65) g=0.000171542168 n=0.00341415405->0.00358581543 c0:y=7.18259764,a=0.025604248->0.02684021 c1:y=-3.06473017,a=-0.00954437256->-0.0100708008 c2:y=-4.08499098,a=-0.0159454346->-0.0166473389
PROBE acc tid=8 net=(68,190,103) tile=10 origin=(30,0,65) g=0.000189900398 n=0.00337600708->0.00356674194 c0:y=7.14334774,a=0.0253753662->0.0267333984 c1:y=-2.9513216,a=-0.00926208496->-0.00981903076 c2:y=-4.15906429,a=-0.0160064697->-0.0167999268
PROBE acc tid=8 net=(68,190,104) tile=10 origin=(30,0,65) g=0.00020980835 n=0.00333213806->0.00354194641 c0:y=7.12633181,a=0.0248413086->0.0263366699 c1:y=-2.79164195,a=-0.00886535645->-0.00945281982 c2:y=-4.30190086,a=-0.0158691406->-0.0167694092
PROBE acc tid=8 net=(68,191,101) tile=10 origin=(30,0,65) g=0.000131368637 n=0.00292396545->0.00305557251 c0:y=7.09232092,a=0.020980835->0.0219116211 c1:y=-3.35310078,a=-0.00910949707->-0.00955200195 c2:y=-3.6968925,a=-0.011756897->-0.0122451782
PROBE acc tid=8 net=(68,191,102) tile=10 origin=(30,0,65) g=0.000145554543 n=0.00289726257->0.00304222107 c0:y=7.17533064,a=0.0208740234->0.0219116211 c1:y=-3.32071424,a=-0.00899505615->-0.00947570801 c2:y=-3.81145382,a=-0.0117797852->-0.012336731
PROBE acc tid=8 net=(68,191,103) tile=10 origin=(30,0,65) g=0.000161170959 n=0.00286483765->0.00302505493 c0:y=7.14160109,a=0.0206451416->0.0217895508 c1:y=-3.2148273,a=-0.0085067749->-0.00902557373 c2:y=-3.88397765,a=-0.0120239258->-0.0126495361
PROBE acc tid=8 net=(68,191,104) tile=10 origin=(30,0,65) g=0.000178098679 n=0.00282669067->0.0030040741 c0:y=7.12536669,a=0.020111084->0.0213775635 c1:y=-3.03090191,a=-0.00790405273->-0.00844573975 c2:y=-4.05195856,a=-0.0121002197->-0.0128250122
PROBE acc tid=8 net=(69,188,101) tile=10 origin=(30,0,65) g=0.000193119049 n=0.00429916382->0.00449371338 c0:y=7.52662182,a=0.0342407227->0.0357055664 c1:y=-2.10846066,a=-0.00891113281->-0.00931549072 c2:y=-5.38455009,a=-0.0251922607->-0.0262298584
PROBE acc tid=8 net=(69,188,102) tile=10 origin=(30,0,65) g=0.000214099884 n=0.00425720215->0.0044708252 c0:y=7.68580198,a=0.0345153809->0.0361633301 c1:y=-2.19571257,a=-0.00907897949->-0.00955200195 c2:y=-5.45539618,a=-0.0252838135->-0.0264587402
PROBE acc tid=8 net=(69,188,103) tile=10 origin=(30,0,65) g=0.000236988068 n=0.00421142578->0.00444793701 c0:y=7.88594389,a=0.0348815918->0.0367431641 c1:y=-2.3647306,a=-0.00952148438->-0.0100784302 c2:y=-5.48522425,a=-0.0252075195->-0.0265045166
PROBE acc tid=8 net=(69,188,104) tile=10 origin=(30,0,65) g=0.0002617836 n=0.00415802002->0.00442123413 c0:y=7.86470318,a=0.0344848633->0.036529541 c1:y=-2.40626097,a=-0.0101928711->-0.0108261108 c2:y=-5.42215204,a=-0.0241394043->-0.0255584717
PROBE acc tid=8 net=(69,189,101) tile=10 origin=(30,0,65) g=0.00016438961 n=0.00366210938->0.00382614136 c0:y=7.36634159,a=0.0287628174->0.0299682617 c1:y=-2.02690363,a=-0.00732040405->-0.00765228271 c2:y=-5.30649281,a=-0.0213317871->-0.0222015381
PROBE acc tid=8 net=(69,189,102) tile=10 origin=(30,0,65) g=0.000182271004 n=0.0036277771->0.00381088257 c0:y=7.42190075,a=0.0286712646->0.0300292969 c1:y=-1.8937602,a=-0.00704193115->-0.00738525391 c2:y=-5.49497223,a=-0.0215148926->-0.0225219727
PROBE acc tid=8 net=(69,189,103) tile=10 origin=(30,0,65) g=0.000201821327 n=0.00358581543->0.00378799438 c0:y=7.5558753,a=0.0289154053->0.0304412842 c1:y=-1.87554646,a=-0.00702285767->-0.0074005127 c2:y=-5.6464467,a=-0.021774292->-0.0229187012
PROBE acc tid=8 net=(69,189,104) tile=10 origin=(30,0,65) g=0.000223040581 n=0.00354003906->0.00376319885 c0:y=7.70090389,a=0.0288543701->0.0305786133 c1:y=-1.89448786,a=-0.00709915161->-0.00752258301 c2:y=-5.77190256,a=-0.0216369629->-0.0229187012
PROBE acc tid=8 net=(69,190,101) tile=10 origin=(30,0,65) g=0.000139832497 n=0.00311279297->0.00325202942 c0:y=7.37828255,a=0.0246124268->0.0256500244 c1:y=-2.43027472,a=-0.00690841675->-0.0072479248 c2:y=-4.9142046,a=-0.0176086426->-0.0182952881
PROBE acc tid=8 net=(69,190,102) tile=10 origin=(30,0,65) g=0.000154972076 n=0.00308418274->0.00323867798 c0:y=7.40929794,a=0.024307251->0.0254516602 c1:y=-2.18747878,a=-0.00618362427->-0.00652313232 c2:y=-5.18802977,a=-0.0180206299->-0.0188293457
PROBE acc tid=8 net=(69,190,103) tile=10 origin=(30,0,65) g=0.000171542168 n=0.00304985046->0.00322151184 c0:y=7.36762619,a=0.0240783691->0.0253448486 c1:y=-1.90355349,a=-0.00568008423->-0.00600814819 c2:y=-5.43063021,a=-0.0182952881->-0.0192260742
PROBE acc tid=8 net=(69,190,104) tile=10 origin=(30,0,65) g=0.00018954277 n=0.00300979614->0.00319862366 c0:y=7.39728737,a=0.0238037109->0.0252075195 c1:y=-1.63753545,a=-0.00541305542->-0.0057220459 c2:y=-5.72678375,a=-0.0182952881->-0.0193786621
PROBE acc tid=8 net=(69,191,101) tile=10 origin=(30,0,65) g=0.000118613243 n=0.00264167786->0.00275993347 c0:y=6.9927597,a=0.0185699463->0.0193939209 c1:y=-2.83161092,a=-0.00656890869->-0.00690460205 c2:y=-4.12232256,a=-0.0119171143->-0.0124053955
PROBE acc tid=8 net=(69,191,102) tile=10 origin=(30,0,65) g=0.000131607056 n=0.00261688232->0.00274848938 c0:y=6.99562836,a=0.0184783936->0.0193939209 c1:y=-2.65051413,a=-0.00616836548->-0.00651550293 c2:y=-4.30904388,a=-0.01222229->-0.0127868652
PROBE acc tid=8 net=(69,191,103) tile=10 origin=(30,0,65) g=0.000145554543 n=0.00258827209->0.00273323059 c0:y=6.75832796,a=0.0176086426->0.0185852051 c1:y=-2.3088882,a=-0.00490188599->-0.00523757935 c2:y=-4.41947126,a=-0.0126342773->-0.0132751465
PROBE acc tid=8 net=(69,191,104) tile=10 origin=(30,0,65) g=0.000160932541 n=0.00255393982->0.0027141571 c0:y=6.47690344,a=0.0169219971->0.0179595947 c1:y=-1.82398164,a=-0.00368881226->-0.00398254395 c2:y=-4.62857246,a=-0.013168335->-0.0139160156
PROBE acc tid=8 net=(70,188,101) tile=10 origin=(30,0,65) g=0.000171780586 n=0.00382423401->0.00399780273 c0:y=2.78233027,a=0.00757217407->0.00804901123 c1:y=2.94916153,a=0.0153503418->0.0158538818 c2:y=-5.72942543,a=-0.0229949951->-0.0239868164
PROBE acc tid=8 net=(70,188,102) tile=10 origin=(30,0,65) g=0.000190377235 n=0.00378799438->0.00397872925 c0:y=3.56318784,a=0.010887146->0.0115661621 c1:y=2.28393245,a=0.0127487183->0.0131835938 c2:y=-5.84350443,a=-0.0236968994->-0.024810791
PROBE acc tid=8 net=(70,188,103) tile=10 origin=(30,0,65) g=0.000210762024 n=0.00374603271->0.00395584106 c0:y=4.49015999,a=0.016708374->0.0176544189 c1:y=1.45429027,a=0.00785827637->0.00816345215 c2:y=-5.93759251,a=-0.0245819092->-0.0258331299
PROBE acc tid=8 net=(70,188,104) tile=10 origin=(30,0,65) g=0.000232934952 n=0.00369644165->0.00392913818 c0:y=4.96730947,a=0.0194091797->0.0205688477 c1:y=0.933748245,a=0.00440216064->0.00461959839 c2:y=-5.89235973,a=-0.0238037109->-0.025177002
PROBE acc tid=8 net=(70,189,101) tile=10 origin=(30,0,65) g=0.000146269798 n=0.00325775146->0.00340461731 c0:y=1.92449033,a=0.00509643555->0.00537872314 c1:y=3.50496411,a=0.0133743286->0.013885498 c2:y=-5.44054985,a=-0.0185394287->-0.0193328857
PROBE acc tid=8 net=(70,189,102) tile=10 origin=(30,0,65) g=0.000162124634 n=0.00322532654->0.00338745117 c0:y=1.32561338,a=0.00338554382->0.00360107422 c1:y=4.0412178,a=0.0148391724->0.0154953003 c2:y=-5.38618803,a=-0.0183105469->-0.0191802979
PROBE acc tid=8 net=(70,189,103) tile=10 origin=(30,0,65) g=0.00017952919 n=0.00318908691->0.00336837769 c0:y=1.14683783,a=0.00353622437->0.00374221802 c1:y=4.27667618,a=0.0150146484->0.0157775879 c2:y=-5.44559669,a=-0.0186462402->-0.0196228027
PROBE acc tid=8 net=(70,189,104) tile=10 origin=(30,0,65) g=0.000198364258 n=0.00314903259->0.00334739685 c0:y=1.22310305,a=0.00363922119->0.00388145447 c1:y=4.3152833,a=0.0147857666->0.0156402588 c2:y=-5.5607419,a=-0.0185089111->-0.0196075439
PROBE acc tid=8 net=(70,190,101) tile=10 origin=(30,0,65) g=0.000124335289 n=0.00276947021->0.00289344788 c0:y=4.30925941,a=0.0135955811->0.0141296387 c1:y=1.03832853,a=0.00400543213->0.00413513184 c2:y=-5.34573126,a=-0.0175933838->-0.0182647705
PROBE acc tid=8 net=(70,190,102) tile=10 origin=(30,0,65) g=0.000137805939 n=0.00274276733->0.00288009644 c0:y=2.78532434,a=0.0085067749->0.00888824463 c1:y=2.59435558,a=0.00791931152->0.00827789307 c2:y=-5.39023781,a=-0.0164642334->-0.0172119141
PROBE acc tid=8 net=(70,190,103) tile=10 origin=(30,0,65) g=0.000152587891 n=0.00271224976->0.00286483765 c0:y=0.835096121,a=0.00308418274->0.0032119751 c1:y=4.14934349,a=0.0120239258->0.0126571655 c2:y=-5.00833893,a=-0.0151824951->-0.0159454346
PROBE acc tid=8 net=(70,190,104) tile=10 origin=(30,0,65) g=0.000168561935 n=0.00267601013->0.00284385681 c0:y=0.737231493,a=0.0024356842->0.00255966187 c1:y=4.64024878,a=0.0133743286->0.0141601562 c2:y=-5.40612793,a=-0.0158843994->-0.0167999268
PROBE acc tid=8 net=(70,191,101) tile=10 origin=(30,0,65) g=0.000105500221 n=0.00234985352->0.00245475769 c0:y=5.25803185,a=0.0131072998->0.0136642456 c1:y=-0.68429184,a=-0.000936985016->-0.00100898743 c2:y=-4.54830027,a=-0.0121231079->-0.0126037598
PROBE acc tid=8 net=(70,191,102) tile=10 origin=(30,0,65) g=0.000117003918 n=0.00232696533->0.0024433136 c0:y=4.24263048,a=0.0108642578->0.0113601685 c1:y=0.473917693,a=0.00151348114->0.00156879425 c2:y=-4.70371056,a=-0.0123596191->-0.0129089355
PROBE acc tid=8 net=(70,191,103) tile=10 origin=(30,0,65) g=0.000129461288 n=0.0023021698->0.00243186951 c0:y=1.98710585,a=0.00490570068->0.0051612854 c1:y=2.43104434,a=0.00676345825->0.00708007812 c2:y=-4.42577457,a=-0.0116958618->-0.0122680664
PROBE acc tid=8 net=(70,191,104) tile=10 origin=(30,0,65) g=0.000143051147 n=0.00227165222->0.00241470337 c0:y=0.656696439,a=0.00170898438->0.00180339813 c1:y=3.98663163,a=0.00972747803->0.0102996826 c2:y=-4.66797161,a=-0.0114974976->-0.0121688843
PROBE acc tid=8 net=(68,188,101) tile=12 origin=(30,54,0) g=2.109375 n=0.00497436523->2.11523438 c0:y=7.47464228,a=0.0378417969->15.8046875 c1:y=-3.20565534,a=-0.0138244629->-6.77734375 c2:y=-4.23378086,a=-0.0238494873->-8.953125
PROBE acc tid=8 net=(68,188,102) tile=12 origin=(30,54,0) g=2.08789062 n=0.00495147705->2.09375 c0:y=7.53868055,a=0.0378417969->15.78125 c1:y=-3.12384319,a=-0.0140914917->-6.53515625 c2:y=-4.37862778,a=-0.0235748291->-9.1640625
PROBE acc tid=8 net=(68,188,103) tile=12 origin=(30,54,0) g=2.06445312 n=0.00492477417->2.0703125 c0:y=7.69570541,a=0.0383605957->15.9296875 c1:y=-3.14735532,a=-0.0151138306->-6.51171875 c2:y=-4.51079702,a=-0.0230560303->-9.3359375
PROBE acc tid=8 net=(68,188,104) tile=12 origin=(30,54,0) g=2.0390625 n=0.00489044189->2.04492188 c0:y=7.74118042,a=0.0382995605->15.8203125 c1:y=-3.05003381,a=-0.0155410767->-6.234375 c2:y=-4.65300846,a=-0.022567749->-9.5078125
PROBE acc tid=8 net=(68,189,101) tile=12 origin=(30,54,0) g=1.97265625 n=0.00423812866->1.9765625 c0:y=7.53180218,a=0.032043457->14.890625 c1:y=-3.20372891,a=-0.0112609863->-6.33203125 c2:y=-4.29271317,a=-0.0206451416->-8.4921875
PROBE acc tid=8 net=(68,189,102) tile=12 origin=(30,54,0) g=1.95410156 n=0.00421524048->1.95800781 c0:y=7.49075747,a=0.0316467285->14.671875 c1:y=-2.98550367,a=-0.0109863281->-5.84375 c2:y=-4.46975803,a=-0.0205230713->-8.7578125
PROBE acc tid=8 net=(68,189,103) tile=12 origin=(30,54,0) g=1.93164062 n=0.00419616699->1.93554688 c0:y=7.55647469,a=0.0317382812->14.625 c1:y=-2.88322902,a=-0.0113143921->-5.58203125 c2:y=-4.63739681,a=-0.0202789307->-8.9765625
PROBE acc tid=8 net=(68,189,104) tile=12 origin=(30,54,0) g=1.90722656 n=0.00416564941->1.91113281 c0:y=7.54922295,a=0.0315246582->14.4296875 c1:y=-2.75615191,a=-0.0114822388->-5.26953125 c2:y=-4.7573843,a=-0.0198974609->-9.09375
PROBE acc tid=8 net=(68,190,101) tile=12 origin=(30,54,0) g=1.84179688 n=0.00360107422->1.84570312 c0:y=7.67341948,a=0.027053833->14.15625 c1:y=-3.45821595,a=-0.0102462769->-6.37890625 c2:y=-4.17799234,a=-0.0166778564->-7.7109375
PROBE acc tid=8 net=(68,190,102) tile=12 origin=(30,54,0) g=1.82421875 n=0.00358581543->1.828125 c0:y=7.64307308,a=0.02684021->13.96875 c1:y=-3.22816706,a=-0.0100708008->-5.8984375 c2:y=-4.37737226,a=-0.0166473389->-8
PROBE acc tid=8 net=(68,190,103) tile=12 origin=(30,54,0) g=1.80371094 n=0.00356674194->1.80761719 c0:y=7.63639259,a=0.0267333984->13.796875 c1:y=-2.97815919,a=-0.00981903076->-5.3828125 c2:y=-4.62110424,a=-0.0167999268->-8.3515625
PROBE acc tid=8 net=(68,190,104) tile=12 origin=(30,54,0) g=1.78027344 n=0.00354194641->1.78417969 c0:y=7.58503246,a=0.0263366699->13.53125 c1:y=-2.76943874,a=-0.00945281982->-4.94140625 c2:y=-4.77957869,a=-0.0167694092->-8.5234375
PROBE acc tid=8 net=(68,191,101) tile=12 origin=(30,54,0) g=1.71679688 n=0.00305557251->1.71972656 c0:y=7.81248569,a=0.0219116211->13.4375 c1:y=-3.74723411,a=-0.00955200195->-6.44140625 c2:y=-4.02649975,a=-0.0122451782->-6.92578125
PROBE acc tid=8 net=(68,191,102) tile=12 origin=(30,54,0) g=1.70019531 n=0.00304222107->1.703125 c0:y=7.77138805,a=0.0219116211->13.234375 c1:y=-3.5398128,a=-0.00947570801->-6.02734375 c2:y=-4.19319201,a=-0.012336731->-7.140625
PROBE acc tid=8 net=(68,191,103) tile=12 origin=(30,54,0) g=1.68164062 n=0.00302505493->1.68457031 c0:y=7.74722481,a=0.0217895508->13.046875 c1:y=-3.2767961,a=-0.00902557373->-5.51953125 c2:y=-4.43292046,a=-0.0126495361->-7.46875
PROBE acc tid=8 net=(68,191,104) tile=12 origin=(30,54,0) g=1.65917969 n=0.0030040741->1.66210938 c0:y=7.70673561,a=0.0213775635->12.8046875 c1:y=-3.01933622,a=-0.00844573975->-5.01953125 c2:y=-4.65083408,a=-0.0128250122->-7.73046875
PROBE acc tid=8 net=(69,188,101) tile=12 origin=(30,54,0) g=1.90527344 n=0.00449371338->1.91015625 c0:y=7.59735727,a=0.0357055664->14.5078125 c1:y=-2.23187947,a=-0.00931549072->-4.26171875 c2:y=-5.33242989,a=-0.0262298584->-10.1875
PROBE acc tid=8 net=(69,188,102) tile=12 origin=(30,54,0) g=1.88671875 n=0.0044708252->1.89160156 c0:y=7.7742486,a=0.0361633301->14.703125 c1:y=-2.28594851,a=-0.00955200195->-4.32421875 c2:y=-5.45396662,a=-0.0264587402->-10.3203125
PROBE acc tid=8 net=(69,188,103) tile=12 origin=(30,54,0) g=1.86621094 n=0.00444793701->1.87109375 c0:y=8.01233387,a=0.0367431641->14.9921875 c1:y=-2.41682649,a=-0.0100784302->-4.51953125 c2:y=-5.55993843,a=-0.0265045166->-10.40625
PROBE acc tid=8 net=(69,188,104) tile=12 origin=(30,54,0) g=1.84179688 n=0.00442123413->1.84667969 c0:y=8.15447903,a=0.036529541->15.0546875 c1:y=-2.46903896,a=-0.0108261108->-4.55859375 c2:y=-5.64906645,a=-0.0255584717->-10.4296875
PROBE acc tid=8 net=(69,189,101) tile=12 origin=(30,54,0) g=1.78222656 n=0.00382614136->1.78613281 c0:y=7.67312765,a=0.0299682617->13.703125 c1:y=-2.30826044,a=-0.00765228271->-4.12109375 c2:y=-5.331388,a=-0.0222015381->-9.5234375
PROBE acc tid=8 net=(69,189,102) tile=12 origin=(30,54,0) g=1.76464844 n=0.00381088257->1.76855469 c0:y=7.76652861,a=0.0300292969->13.734375 c1:y=-2.18859696,a=-0.00738525391->-3.86914062 c2:y=-5.54385757,a=-0.0225219727->-9.8046875
PROBE acc tid=8 net=(69,189,103) tile=12 origin=(30,54,0) g=1.74511719 n=0.00378799438->1.74902344 c0:y=7.94089127,a=0.0304412842->13.890625 c1:y=-2.14829063,a=-0.0074005127->-3.75585938 c2:y=-5.75807524,a=-0.0229187012->-10.0703125
PROBE acc tid=8 net=(69,189,104) tile=12 origin=(30,54,0) g=1.72265625 n=0.00376319885->1.7265625 c0:y=8.06180096,a=0.0305786133->13.921875 c1:y=-2.09785318,a=-0.00752258301->-3.62109375 c2:y=-5.92939568,a=-0.0229187012->-10.234375
PROBE acc tid=8 net=(69,190,101) tile=12 origin=(30,54,0) g=1.6640625 n=0.00325202942->1.66699219 c0:y=7.71651602,a=0.0256500244->12.8671875 c1:y=-2.6657145,a=-0.0072479248->-4.44140625 c2:y=-5.0158186,a=-0.0182952881->-8.3671875
PROBE acc tid=8 net=(69,190,102) tile=12 origin=(30,54,0) g=1.6484375 n=0.00323867798->1.65136719 c0:y=7.93111467,a=0.0254516602->13.1015625 c1:y=-2.55350876,a=-0.00652313232->-4.21484375 c2:y=-5.34168482,a=-0.0188293457->-8.828125
PROBE acc tid=8 net=(69,190,103) tile=12 origin=(30,54,0) g=1.62988281 n=0.00322151184->1.6328125 c0:y=8.03042507,a=0.0253448486->13.1171875 c1:y=-2.31933498,a=-0.00600814819->-3.78710938 c2:y=-5.6754818,a=-0.0192260742->-9.2734375
PROBE acc tid=8 net=(69,190,104) tile=12 origin=(30,54,0) g=1.60839844 n=0.00319862366->1.61132812 c0:y=8.05307579,a=0.0252075195->12.9765625 c1:y=-2.11457467,a=-0.0057220459->-3.40625 c2:y=-5.90385056,a=-0.0193786621->-9.515625
PROBE acc tid=8 net=(69,191,101) tile=12 origin=(30,54,0) g=1.55078125 n=0.00275993347->1.55371094 c0:y=7.49328184,a=0.0193939209->11.640625 c1:y=-2.85757303,a=-0.00690460205->-4.4375 c2:y=-4.60049295,a=-0.0124053955->-7.1484375
PROBE acc tid=8 net=(69,191,102) tile=12 origin=(30,54,0) g=1.53613281 n=0.00274848938->1.5390625 c0:y=7.69740963,a=0.0193939209->11.84375 c1:y=-2.78215504,a=-0.00651550293->-4.28125 c2:y=-4.8786068,a=-0.0127868652->-7.5078125
PROBE acc tid=8 net=(69,191,103) tile=12 origin=(30,54,0) g=1.51855469 n=0.00273323059->1.52148438 c0:y=7.95286274,a=0.0185852051->12.09375 c1:y=-2.72312379,a=-0.00523757935->-4.140625 c2:y=-5.19273996,a=-0.0132751465->-7.8984375
PROBE acc tid=8 net=(69,191,104) tile=12 origin=(30,54,0) g=1.49902344 n=0.0027141571->1.50195312 c0:y=8.15736485,a=0.0179595947->12.2421875 c1:y=-2.57910299,a=-0.00398254395->-3.87109375 c2:y=-5.54184341,a=-0.0139160156->-8.3203125
PROBE acc tid=8 net=(70,188,101) tile=12 origin=(30,54,0) g=1.69433594 n=0.00399780273->1.69824219 c0:y=2.83431292,a=0.00804901123->4.80859375 c1:y=3.54061913,a=0.0158538818->6.015625 c2:y=-6.37029362,a=-0.0239868164->-10.8203125
PROBE acc tid=8 net=(70,188,102) tile=12 origin=(30,54,0) g=1.67871094 n=0.00397872925->1.68261719 c0:y=3.34468436,a=0.0115661621->5.625 c1:y=3.04309988,a=0.0131835938->5.12109375 c2:y=-6.3827486,a=-0.024810791->-10.7421875
PROBE acc tid=8 net=(70,188,103) tile=12 origin=(30,54,0) g=1.65917969 n=0.00395584106->1.66308594 c0:y=4.39869499,a=0.0176544189->7.31640625 c1:y=2.03728247,a=0.00816345215->3.38867188 c2:y=-6.42819118,a=-0.0258331299->-10.6875
PROBE acc tid=8 net=(70,188,104) tile=12 origin=(30,54,0) g=1.63769531 n=0.00392913818->1.64160156 c0:y=5.10314465,a=0.0205688477->8.375 c1:y=1.25565994,a=0.00461959839->2.06054688 c2:y=-6.34847927,a=-0.025177002->-10.421875
PROBE acc tid=8 net=(70,189,101) tile=12 origin=(30,54,0) g=1.58496094 n=0.00340461731->1.58789062 c0:y=2.86439991,a=0.00537872314->4.546875 c1:y=3.49265504,a=0.013885498->5.55078125 c2:y=-6.3540659,a=-0.0193328857->-10.09375
PROBE acc tid=8 net=(70,189,102) tile=12 origin=(30,54,0) g=1.5703125 n=0.00338745117->1.57324219 c0:y=1.9593215,a=0.00360107422->3.08007812 c1:y=4.10663462,a=0.0154953003->6.46484375 c2:y=-6.07385778,a=-0.0191802979->-9.5546875
PROBE acc tid=8 net=(70,189,103) tile=12 origin=(30,54,0) g=1.55273438 n=0.00336837769->1.55566406 c0:y=1.46581686,a=0.00374221802->2.27929688 c1:y=4.47397995,a=0.0157775879->6.9609375 c2:y=-5.95599222,a=-0.0196228027->-9.265625
PROBE acc tid=8 net=(70,189,104) tile=12 origin=(30,54,0) g=1.53222656 n=0.00334739685->1.53515625 c0:y=1.24569929,a=0.00388145447->1.91210938 c1:y=4.63049126,a=0.0156402588->7.109375 c2:y=-5.8983984,a=-0.0196075439->-9.0546875
PROBE acc tid=8 net=(70,190,101) tile=12 origin=(30,54,0) g=1.47949219 n=0.00289344788->1.48242188 c0:y=5.25543165,a=0.0141296387->7.7890625 c1:y=1.29104388,a=0.00413513184->1.9140625 c2:y=-6.52921677,a=-0.0182647705->-9.6796875
PROBE acc tid=8 net=(70,190,102) tile=12 origin=(30,54,0) g=1.46582031 n=0.00288009644->1.46875 c0:y=4.2522068,a=0.00888824463->6.2421875 c1:y=2.2028091,a=0.00827789307->3.23632812 c2:y=-6.45098782,a=-0.0172119141->-9.4765625
PROBE acc tid=8 net=(70,190,103) tile=12 origin=(30,54,0) g=1.44921875 n=0.00286483765->1.45214844 c0:y=2.44712543,a=0.0032119751->3.54882812 c1:y=3.66742516,a=0.0126571655->5.328125 c2:y=-6.12798548,a=-0.0159454346->-8.8984375
PROBE acc tid=8 net=(70,190,104) tile=12 origin=(30,54,0) g=1.43066406 n=0.00284385681->1.43359375 c0:y=0.963376224,a=0.00255966187->1.38085938 c1:y=4.8009553,a=0.0141601562->6.8828125 c2:y=-5.79330206,a=-0.0167999268->-8.3046875
PROBE acc tid=8 net=(70,191,101) tile=12 origin=(30,54,0) g=1.37988281 n=0.00245475769->1.3828125 c0:y=5.75444841,a=0.0136642456->7.953125 c1:y=0.169893026,a=-0.00100898743->0.233398438 c2:y=-5.90170717,a=-0.0126037598->-8.15625
PROBE acc tid=8 net=(70,191,102) tile=12 origin=(30,54,0) g=1.36621094 n=0.0024433136->1.36914062 c0:y=5.57632589,a=0.0113601685->7.62890625 c1:y=0.500217974,a=0.00156879425->0.685058594 c2:y=-6.05999994,a=-0.0129089355->-8.2890625
PROBE acc tid=8 net=(70,191,103) tile=12 origin=(30,54,0) g=1.35058594 n=0.00243186951->1.35253906 c0:y=5.28498411,a=0.0051612854->7.14453125 c1:y=1.06298757,a=0.00708007812->1.44238281 c2:y=-6.33728743,a=-0.0122680664->-8.5703125
PROBE acc tid=8 net=(70,191,104) tile=12 origin=(30,54,0) g=1.33398438 n=0.00241470337->1.3359375 c0:y=3.80188107,a=0.00180339813->5.07421875 c1:y=2.58586717,a=0.0102996826->3.45898438 c2:y=-6.39162064,a=-0.0121688843->-8.5390625
PROBE acc tid=8 net=(68,188,101) tile=13 origin=(30,54,65) g=0.0946655273 n=2.11523438->2.20898438 c0:y=6.90716839,a=15.8046875->16.453125 c1:y=-3.2512784,a=-6.77734375->-7.0859375 c2:y=-3.62674737,a=-8.953125->-9.296875
PROBE acc tid=8 net=(68,188,102) tile=13 origin=(30,54,65) g=0.104980469 n=2.09375->2.19921875 c0:y=6.9674511,a=15.78125->16.515625 c1:y=-3.15692258,a=-6.53515625->-6.8671875 c2:y=-3.78030634,a=-9.1640625->-9.5625
PROBE acc tid=8 net=(68,188,103) tile=13 origin=(30,54,65) g=0.116210938 n=2.0703125->2.1875 c0:y=7.08490801,a=15.9296875->16.75 c1:y=-3.11738896,a=-6.51171875->-6.875 c2:y=-3.93633819,a=-9.3359375->-9.796875
PROBE acc tid=8 net=(68,188,104) tile=13 origin=(30,54,65) g=0.128417969 n=2.04492188->2.17382812 c0:y=7.17294693,a=15.8203125->16.734375 c1:y=-3.05368972,a=-6.234375->-6.625 c2:y=-4.08704758,a=-9.5078125->-10.03125
PROBE acc tid=8 net=(68,189,101) tile=13 origin=(30,54,65) g=0.0885620117 n=1.9765625->2.06445312 c0:y=6.9317131,a=14.890625->15.5078125 c1:y=-3.3185842,a=-6.33203125->-6.625 c2:y=-3.58384013,a=-8.4921875->-8.8125
PROBE acc tid=8 net=(68,189,102) tile=13 origin=(30,54,65) g=0.0982055664 n=1.95800781->2.05664062 c0:y=6.90368891,a=14.671875->15.3515625 c1:y=-3.09535837,a=-5.84375->-6.1484375 c2:y=-3.77876425,a=-8.7578125->-9.1328125
PROBE acc tid=8 net=(68,189,103) tile=13 origin=(30,54,65) g=0.108703613 n=1.93554688->2.04492188 c0:y=6.95310545,a=14.625->15.3828125 c1:y=-2.96569419,a=-5.58203125->-5.90625 c2:y=-3.95751905,a=-8.9765625->-9.40625
PROBE acc tid=8 net=(68,189,104) tile=13 origin=(30,54,65) g=0.120117188 n=1.91113281->2.03125 c0:y=6.99974585,a=14.4296875->15.2734375 c1:y=-2.86295795,a=-5.26953125->-5.61328125 c2:y=-4.10673761,a=-9.09375->-9.5859375
PROBE acc tid=8 net=(68,190,101) tile=13 origin=(30,54,65) g=0.0827026367 n=1.84570312->1.92871094 c0:y=7.00388145,a=14.15625->14.734375 c1:y=-3.55132198,a=-6.37890625->-6.671875 c2:y=-3.42199397,a=-7.7109375->-7.9921875
PROBE acc tid=8 net=(68,190,102) tile=13 origin=(30,54,65) g=0.0916748047 n=1.828125->1.91992188 c0:y=6.98444986,a=13.96875->14.609375 c1:y=-3.30749846,a=-5.8984375->-6.203125 c2:y=-3.64599371,a=-8->-8.3359375
PROBE acc tid=8 net=(68,190,103) tile=13 origin=(30,54,65) g=0.101501465 n=1.80761719->1.90917969 c0:y=6.98257494,a=13.796875->14.5078125 c1:y=-3.07449651,a=-5.3828125->-5.6953125 c2:y=-3.87741566,a=-8.3515625->-8.7421875
PROBE acc tid=8 net=(68,190,104) tile=13 origin=(30,54,65) g=0.112182617 n=1.78417969->1.89648438 c0:y=7.00776339,a=13.53125->14.3203125 c1:y=-2.89346361,a=-4.94140625->-5.265625 c2:y=-4.08421707,a=-8.5234375->-8.984375
PROBE acc tid=8 net=(68,191,101) tile=13 origin=(30,54,65) g=0.0770874023 n=1.71972656->1.796875 c0:y=7.07957077,a=13.4375->13.984375 c1:y=-3.80535245,a=-6.44140625->-6.734375 c2:y=-3.24245143,a=-6.92578125->-7.17578125
PROBE acc tid=8 net=(68,191,102) tile=13 origin=(30,54,65) g=0.0854492188 n=1.703125->1.7890625 c0:y=7.0749855,a=13.234375->13.8359375 c1:y=-3.60708833,a=-6.02734375->-6.3359375 c2:y=-3.43620133,a=-7.140625->-7.43359375
PROBE acc tid=8 net=(68,191,103) tile=13 origin=(30,54,65) g=0.0946044922 n=1.68457031->1.77929688 c0:y=7.08554745,a=13.046875->13.71875 c1:y=-3.38648319,a=-5.51953125->-5.83984375 c2:y=-3.66788054,a=-7.46875->-7.81640625
PROBE acc tid=8 net=(68,191,104) tile=13 origin=(30,54,65) g=0.104553223 n=1.66210938->1.76660156 c0:y=7.13052559,a=12.8046875->13.546875 c1:y=-3.14778018,a=-5.01953125->-5.34765625 c2:y=-3.95200801,a=-7.73046875->-8.140625
PROBE acc tid=8 net=(69,188,101) tile=13 origin=(30,54,65) g=0.0855712891 n=1.91015625->1.99609375 c0:y=7.04355431,a=14.5078125->15.109375 c1:y=-2.41621685,a=-4.26171875->-4.46875 c2:y=-4.59733152,a=-10.1875->-10.578125
PROBE acc tid=8 net=(69,188,102) tile=13 origin=(30,54,65) g=0.0948486328 n=1.89160156->1.98632812 c0:y=7.23505116,a=14.703125->15.390625 c1:y=-2.41794467,a=-4.32421875->-4.5546875 c2:y=-4.78557348,a=-10.3203125->-10.7734375
PROBE acc tid=8 net=(69,188,103) tile=13 origin=(30,54,65) g=0.104980469 n=1.87109375->1.9765625 c0:y=7.41512108,a=14.9921875->15.7734375 c1:y=-2.46368337,a=-4.51953125->-4.77734375 c2:y=-4.91877937,a=-10.40625->-10.921875
PROBE acc tid=8 net=(69,188,104) tile=13 origin=(30,54,65) g=0.116027832 n=1.84667969->1.96289062 c0:y=7.52189875,a=15.0546875->15.9296875 c1:y=-2.47029686,a=-4.55859375->-4.84375 c2:y=-5.01794291,a=-10.4296875->-11.015625
PROBE acc tid=8 net=(69,189,101) tile=13 origin=(30,54,65) g=0.0800170898 n=1.78613281->1.86621094 c0:y=7.07635498,a=13.703125->14.265625 c1:y=-2.5658443,a=-4.12109375->-4.328125 c2:y=-4.48028135,a=-9.5234375->-9.8828125
PROBE acc tid=8 net=(69,189,102) tile=13 origin=(30,54,65) g=0.0887451172 n=1.76855469->1.85742188 c0:y=7.14025784,a=13.734375->14.3671875 c1:y=-2.37360191,a=-3.86914062->-4.078125 c2:y=-4.73533058,a=-9.8046875->-10.2265625
PROBE acc tid=8 net=(69,189,103) tile=13 origin=(30,54,65) g=0.0982055664 n=1.74902344->1.84765625 c0:y=7.28171206,a=13.890625->14.609375 c1:y=-2.30805421,a=-3.75585938->-3.98242188 c2:y=-4.94130373,a=-10.0703125->-10.5546875
PROBE acc tid=8 net=(69,189,104) tile=13 origin=(30,54,65) g=0.108520508 n=1.7265625->1.83496094 c0:y=7.41706848,a=13.921875->14.7265625 c1:y=-2.24364114,a=-3.62109375->-3.86523438 c2:y=-5.14039516,a=-10.234375->-10.7890625
PROBE acc tid=8 net=(69,190,101) tile=13 origin=(30,54,65) g=0.0747070312 n=1.66699219->1.7421875 c0:y=7.10467482,a=12.8671875->13.3984375 c1:y=-2.94807482,a=-4.44140625->-4.66015625 c2:y=-4.1261096,a=-8.3671875->-8.671875
PROBE acc tid=8 net=(69,190,102) tile=13 origin=(30,54,65) g=0.082824707 n=1.65136719->1.734375 c0:y=7.27048063,a=13.1015625->13.703125 c1:y=-2.75973868,a=-4.21484375->-4.4453125 c2:y=-4.47845411,a=-8.828125->-9.1953125
PROBE acc tid=8 net=(69,190,103) tile=13 origin=(30,54,65) g=0.0916748047 n=1.6328125->1.72460938 c0:y=7.41491508,a=13.1171875->13.796875 c1:y=-2.60968828,a=-3.78710938->-4.02734375 c2:y=-4.77194643,a=-9.2734375->-9.7109375
PROBE acc tid=8 net=(69,190,104) tile=13 origin=(30,54,65) g=0.101318359 n=1.61132812->1.71289062 c0:y=7.38990164,a=12.9765625->13.7265625 c1:y=-2.32256794,a=-3.40625->-3.640625 c2:y=-5.03438425,a=-9.515625->-10.0234375
PROBE acc tid=8 net=(69,191,101) tile=13 origin=(30,54,65) g=0.0696411133 n=1.55371094->1.62304688 c0:y=6.98108912,a=11.640625->12.125 c1:y=-3.20711136,a=-4.4375->-4.66015625 c2:y=-3.74366498,a=-7.1484375->-7.41015625
PROBE acc tid=8 net=(69,191,102) tile=13 origin=(30,54,65) g=0.0772094727 n=1.5390625->1.61621094 c0:y=7.18302488,a=11.84375->12.3984375 c1:y=-3.10818172,a=-4.28125->-4.51953125 c2:y=-4.04291153,a=-7.5078125->-7.8203125
PROBE acc tid=8 net=(69,191,103) tile=13 origin=(30,54,65) g=0.0854492188 n=1.52148438->1.60742188 c0:y=7.39057302,a=12.09375->12.7265625 c1:y=-3.04554296,a=-4.140625->-4.40234375 c2:y=-4.3122263,a=-7.8984375->-8.265625
PROBE acc tid=8 net=(69,191,104) tile=13 origin=(30,54,65) g=0.0944213867 n=1.50195312->1.59667969 c0:y=7.59445238,a=12.2421875->12.9609375 c1:y=-2.8643949,a=-3.87109375->-4.140625 c2:y=-4.69668579,a=-8.3203125->-8.765625
PROBE acc tid=8 net=(70,188,101) tile=13 origin=(30,54,65) g=0.0761108398 n=1.69824219->1.77441406 c0:y=3.55230069,a=4.80859375->5.078125 c1:y=2.50093317,a=6.015625->6.20703125 c2:y=-6.03009415,a=-10.8203125->-11.28125
PROBE acc tid=8 net=(70,188,102) tile=13 origin=(30,54,65) g=0.0843505859 n=1.68261719->1.76660156 c0:y=4.33769369,a=5.625->5.9921875 c1:y=1.7405777,a=5.12109375->5.26953125 c2:y=-6.05334759,a=-10.7421875->-11.25
PROBE acc tid=8 net=(70,188,103) tile=13 origin=(30,54,65) g=0.0933837891 n=1.66308594->1.75683594 c0:y=4.94406891,a=7.31640625->7.77734375 c1:y=1.10559618,a=3.38867188->3.4921875 c2:y=-6.02430439,a=-10.6875->-11.25
PROBE acc tid=8 net=(70,188,104) tile=13 origin=(30,54,65) g=0.103210449 n=1.64160156->1.74511719 c0:y=5.16780806,a=8.375->8.90625 c1:y=0.743163466,a=2.06054688->2.13671875 c2:y=-5.88667965,a=-10.421875->-11.03125
PROBE acc tid=8 net=(70,189,101) tile=13 origin=(30,54,65) g=0.0711669922 n=1.58789062->1.65917969 c0:y=3.74285793,a=4.546875->4.8125 c1:y=2.33585525,a=5.55078125->5.71875 c2:y=-6.055758,a=-10.09375->-10.5234375
PROBE acc tid=8 net=(70,189,102) tile=13 origin=(30,54,65) g=0.078918457 n=1.57324219->1.65234375 c0:y=3.2449193,a=3.08007812->3.3359375 c1:y=2.79407811,a=6.46484375->6.68359375 c2:y=-6.02304268,a=-9.5546875->-10.03125
PROBE acc tid=8 net=(70,189,103) tile=13 origin=(30,54,65) g=0.0873413086 n=1.55566406->1.64257812 c0:y=2.96634603,a=2.27929688->2.5390625 c1:y=2.97495747,a=6.9609375->7.22265625 c2:y=-5.9311986,a=-9.265625->-9.78125
PROBE acc tid=8 net=(70,189,104) tile=13 origin=(30,54,65) g=0.096496582 n=1.53515625->1.63183594 c0:y=2.83745575,a=1.91210938->2.18554688 c1:y=3.03519392,a=7.109375->7.40234375 c2:y=-5.8672123,a=-9.0546875->-9.6171875
PROBE acc tid=8 net=(70,190,101) tile=13 origin=(30,54,65) g=0.0664672852 n=1.48242188->1.54882812 c0:y=5.09836864,a=7.7890625->8.125 c1:y=0.715186596,a=1.9140625->1.96191406 c2:y=-5.78353119,a=-9.6796875->-10.0625
PROBE acc tid=8 net=(70,190,102) tile=13 origin=(30,54,65) g=0.0736694336 n=1.46875->1.54199219 c0:y=4.59427309,a=6.2421875->6.58203125 c1:y=1.25832808,a=3.23632812->3.328125 c2:y=-5.83049107,a=-9.4765625->-9.90625
PROBE acc tid=8 net=(70,190,103) tile=13 origin=(30,54,65) g=0.0815429688 n=1.45214844->1.53320312 c0:y=3.75753665,a=3.54882812->3.85546875 c1:y=2.01285648,a=5.328125->5.4921875 c2:y=-5.758039,a=-8.8984375->-9.3671875
PROBE acc tid=8 net=(70,190,104) tile=13 origin=(30,54,65) g=0.0901489258 n=1.43359375->1.5234375 c0:y=2.25070119,a=1.38085938->1.58398438 c1:y=3.40027308,a=6.8828125->7.1875 c2:y=-5.65203094,a=-8.3046875->-8.8125
PROBE acc tid=8 net=(70,191,101) tile=13 origin=(30,54,65) g=0.0619506836 n=1.3828125->1.44433594 c0:y=5.62670851,a=7.953125->8.3046875 c1:y=-0.369471371,a=0.233398438->0.210449219 c2:y=-5.22377157,a=-8.15625->-8.4765625
PROBE acc tid=8 net=(70,191,102) tile=13 origin=(30,54,65) g=0.0686645508 n=1.36914062->1.4375 c0:y=5.45177746,a=7.62890625->8 c1:y=0.000119809665,a=0.685058594->0.685058594 c2:y=-5.42238426,a=-8.2890625->-8.6640625
PROBE acc tid=8 net=(70,191,103) tile=13 origin=(30,54,65) g=0.0760498047 n=1.35253906->1.42871094 c0:y=5.15095234,a=7.14453125->7.53515625 c1:y=0.465410084,a=1.44238281->1.47753906 c2:y=-5.59175777,a=-8.5703125->-8.9921875
PROBE acc tid=8 net=(70,191,104) tile=13 origin=(30,54,65) g=0.083984375 n=1.3359375->1.41992188 c0:y=4.40067196,a=5.07421875->5.4453125 c1:y=1.4695524,a=3.45898438->3.58203125 c2:y=-5.85349369,a=-8.5390625->-9.03125
PROBE acc tid=8 net=(68,188,101) tile=15 origin=(30,108,0) g=5.9140625 n=2.20898438->8.125 c0:y=7.07426119,a=16.453125->58.28125 c1:y=-3.20045638,a=-7.0859375->-26.015625 c2:y=-3.84042883,a=-9.296875->-32
PROBE acc tid=8 net=(68,188,102) tile=15 origin=(30,108,0) g=5.859375 n=2.19921875->8.0625 c0:y=7.11548996,a=16.515625->58.21875 c1:y=-3.13859487,a=-6.8671875->-25.25 c2:y=-3.94197655,a=-9.5625->-32.65625
PROBE acc tid=8 net=(68,188,103) tile=15 origin=(30,108,0) g=5.79296875 n=2.1875->7.98046875 c0:y=7.29714918,a=16.75->59.03125 c1:y=-3.19224024,a=-6.875->-25.375 c2:y=-4.06810617,a=-9.796875->-33.375
PROBE acc tid=8 net=(68,188,104) tile=15 origin=(30,108,0) g=5.71875 n=2.17382812->7.890625 c0:y=7.39940882,a=16.734375->59.0625 c1:y=-3.12201166,a=-6.625->-24.484375 c2:y=-4.23904324,a=-10.03125->-34.28125
PROBE acc tid=8 net=(68,189,101) tile=15 origin=(30,108,0) g=6.07421875 n=2.06445312->8.140625 c0:y=7.13532734,a=15.5078125->58.84375 c1:y=-3.20020461,a=-6.625->-26.0625 c2:y=-3.9019928,a=-8.8125->-32.5
PROBE acc tid=8 net=(68,189,102) tile=15 origin=(30,108,0) g=6.01953125 n=2.05664062->8.078125 c0:y=7.06723452,a=15.3515625->57.90625 c1:y=-2.97410536,a=-6.1484375->-24.046875 c2:y=-4.0595212,a=-9.1328125->-33.5625
PROBE acc tid=8 net=(68,189,103) tile=15 origin=(30,108,0) g=5.94921875 n=2.04492188->7.9921875 c0:y=7.14541912,a=15.3828125->57.90625 c1:y=-2.88600945,a=-5.90625->-23.078125 c2:y=-4.22507334,a=-9.40625->-34.53125
PROBE acc tid=8 net=(68,189,104) tile=15 origin=(30,108,0) g=5.875 n=2.03125->7.90625 c0:y=7.21684027,a=15.2734375->57.6875 c1:y=-2.80807281,a=-5.61328125->-22.109375 c2:y=-4.37368584,a=-9.5859375->-35.28125
PROBE acc tid=8 net=(68,190,101) tile=15 origin=(30,108,0) g=6.23046875 n=1.92871094->8.15625 c0:y=7.26529408,a=14.734375->60 c1:y=-3.50318098,a=-6.671875->-28.5 c2:y=-3.72680545,a=-7.9921875->-31.21875
PROBE acc tid=8 net=(68,190,102) tile=15 origin=(30,108,0) g=6.171875 n=1.91992188->8.09375 c0:y=7.18530512,a=14.609375->58.96875 c1:y=-3.23634934,a=-6.203125->-26.171875 c2:y=-3.91323543,a=-8.3359375->-32.5
PROBE acc tid=8 net=(68,190,103) tile=15 origin=(30,108,0) g=6.1015625 n=1.90917969->8.0078125 c0:y=7.17610025,a=14.5078125->58.28125 c1:y=-2.97320461,a=-5.6953125->-23.84375 c2:y=-4.16753244,a=-8.7421875->-34.15625
PROBE acc tid=8 net=(68,190,104) tile=15 origin=(30,108,0) g=6.0234375 n=1.89648438->7.921875 c0:y=7.16069698,a=14.3203125->57.4375 c1:y=-2.78119206,a=-5.265625->-22.015625 c2:y=-4.34498835,a=-8.984375->-35.15625
PROBE acc tid=8 net=(68,191,101) tile=15 origin=(30,108,0) g=6.37890625 n=1.796875->8.171875 c0:y=7.42425585,a=13.984375->61.34375 c1:y=-3.9021709,a=-6.734375->-31.625 c2:y=-3.4844408,a=-7.17578125->-29.40625
PROBE acc tid=8 net=(68,191,102) tile=15 origin=(30,108,0) g=6.31640625 n=1.7890625->8.109375 c0:y=7.3154459,a=13.8359375->60.03125 c1:y=-3.67426729,a=-6.3359375->-29.546875 c2:y=-3.60413074,a=-7.43359375->-30.203125
PROBE acc tid=8 net=(68,191,103) tile=15 origin=(30,108,0) g=6.24609375 n=1.77929688->8.0234375 c0:y=7.28914547,a=13.71875->59.25 c1:y=-3.41832137,a=-5.83984375->-27.1875 c2:y=-3.83476782,a=-7.81640625->-31.765625
PROBE acc tid=8 net=(68,191,104) tile=15 origin=(30,108,0) g=6.16796875 n=1.76660156->7.93359375 c0:y=7.27271795,a=13.546875->58.40625 c1:y=-3.17350984,a=-5.34765625->-24.921875 c2:y=-4.06407595,a=-8.140625->-33.21875
PROBE acc tid=8 net=(69,188,101) tile=15 origin=(30,108,0) g=5.34375 n=1.99609375->7.33984375 c0:y=7.13690281,a=15.109375->53.25 c1:y=-2.27296901,a=-4.46875->-16.609375 c2:y=-4.83295536,a=-10.578125->-36.40625
PROBE acc tid=8 net=(69,188,102) tile=15 origin=(30,108,0) g=5.29296875 n=1.98632812->7.28125 c0:y=7.31316471,a=15.390625->54.09375 c1:y=-2.36082077,a=-4.5546875->-17.046875 c2:y=-4.91914606,a=-10.7734375->-36.8125
PROBE acc tid=8 net=(69,188,103) tile=15 origin=(30,108,0) g=5.234375 n=1.9765625->7.2109375 c0:y=7.63534403,a=15.7734375->55.75 c1:y=-2.5771811,a=-4.77734375->-18.265625 c2:y=-5.02253199,a=-10.921875->-37.21875
PROBE acc tid=8 net=(69,188,104) tile=15 origin=(30,108,0) g=5.1640625 n=1.96289062->7.125 c0:y=7.76631832,a=15.9296875->56.03125 c1:y=-2.59666634,a=-4.84375->-18.25 c2:y=-5.13213587,a=-11.015625->-37.53125
PROBE acc tid=8 net=(69,189,101) tile=15 origin=(30,108,0) g=5.48828125 n=1.86621094->7.35546875 c0:y=7.11711502,a=14.265625->53.3125 c1:y=-2.33928299,a=-4.328125->-17.171875 c2:y=-4.74710846,a=-9.8828125->-35.9375
PROBE acc tid=8 net=(69,189,102) tile=15 origin=(30,108,0) g=5.4375 n=1.85742188->7.296875 c0:y=7.18624592,a=14.3671875->53.4375 c1:y=-2.22662187,a=-4.078125->-16.1875 c2:y=-4.92792463,a=-10.2265625->-37.03125
PROBE acc tid=8 net=(69,189,103) tile=15 origin=(30,108,0) g=5.375 n=1.84765625->7.22265625 c0:y=7.41573286,a=14.609375->54.46875 c1:y=-2.26021242,a=-3.98242188->-16.125 c2:y=-5.12263536,a=-10.5546875->-38.09375
PROBE acc tid=8 net=(69,189,104) tile=15 origin=(30,108,0) g=5.3046875 n=1.83496094->7.140625 c0:y=7.61347342,a=14.7265625->55.125 c1:y=-2.28761458,a=-3.86523438->-16 c2:y=-5.29181337,a=-10.7890625->-38.875
PROBE acc tid=8 net=(69,190,101) tile=15 origin=(30,108,0) g=5.62890625 n=1.7421875->7.37109375 c0:y=7.19418573,a=13.3984375->53.90625 c1:y=-2.89779329,a=-4.66015625->-20.96875 c2:y=-4.26432323,a=-8.671875->-32.6875
PROBE acc tid=8 net=(69,190,102) tile=15 origin=(30,108,0) g=5.57421875 n=1.734375->7.30859375 c0:y=7.32553959,a=13.703125->54.53125 c1:y=-2.65811849,a=-4.4453125->-19.265625 c2:y=-4.63342571,a=-9.1953125->-35.03125
PROBE acc tid=8 net=(69,190,103) tile=15 origin=(30,108,0) g=5.51171875 n=1.72460938->7.234375 c0:y=7.40857983,a=13.796875->54.625 c1:y=-2.42620707,a=-4.02734375->-17.40625 c2:y=-4.94866562,a=-9.7109375->-37
PROBE acc tid=8 net=(69,190,104) tile=15 origin=(30,108,0) g=5.44140625 n=1.71289062->7.15625 c0:y=7.42834663,a=13.7265625->54.15625 c1:y=-2.21821761,a=-3.640625->-15.7109375 c2:y=-5.17723703,a=-10.0234375->-38.1875
PROBE acc tid=8 net=(69,191,101) tile=15 origin=(30,108,0) g=5.76171875 n=1.62304688->7.3828125 c0:y=6.99453306,a=12.125->52.4375 c1:y=-3.27809787,a=-4.66015625->-23.546875 c2:y=-3.68368053,a=-7.41015625->-28.640625
PROBE acc tid=8 net=(69,191,102) tile=15 origin=(30,108,0) g=5.70703125 n=1.61621094->7.32421875 c0:y=7.16975641,a=12.3984375->53.3125 c1:y=-3.20818353,a=-4.51953125->-22.828125 c2:y=-3.92743301,a=-7.8203125->-30.234375
PROBE acc tid=8 net=(69,191,103) tile=15 origin=(30,108,0) g=5.64453125 n=1.60742188->7.25 c0:y=7.37442923,a=12.7265625->54.34375 c1:y=-3.10576582,a=-4.40234375->-21.9375 c2:y=-4.23414469,a=-8.265625->-32.15625
PROBE acc tid=8 net=(69,191,104) tile=15 origin=(30,108,0) g=5.5703125 n=1.59667969->7.16796875 c0:y=7.57557774,a=12.9609375->55.15625 c1:y=-2.91797042,a=-4.140625->-20.390625 c2:y=-4.62282038,a=-8.765625->-34.53125
PROBE acc tid=8 net=(70,188,101) tile=15 origin=(30,108,0) g=4.75390625 n=1.77441406->6.52734375 c0:y=2.9334197,a=5.078125->19.015625 c1:y=3.69297576,a=6.20703125->23.765625 c2:y=-6.61385345,a=-11.28125->-42.71875
PROBE acc tid=8 net=(70,188,102) tile=15 origin=(30,108,0) g=4.70703125 n=1.76660156->6.47265625 c0:y=3.65412712,a=5.9921875->23.1875 c1:y=3.03304362,a=5.26953125->19.546875 c2:y=-6.6719594,a=-11.25->-42.65625
PROBE acc tid=8 net=(70,188,103) tile=15 origin=(30,108,0) g=4.65625 n=1.75683594->6.4140625 c0:y=4.99662876,a=7.77734375->31.046875 c1:y=1.70974433,a=3.4921875->11.453125 c2:y=-6.68549204,a=-11.25->-42.375
PROBE acc tid=8 net=(70,188,104) tile=15 origin=(30,108,0) g=4.59375 n=1.74511719->6.33984375 c0:y=5.33619499,a=8.90625->33.40625 c1:y=1.16134691,a=2.13671875->7.47265625 c2:y=-6.47627163,a=-11.03125->-40.78125
PROBE acc tid=8 net=(70,189,101) tile=15 origin=(30,108,0) g=4.8828125 n=1.65917969->6.54296875 c0:y=2.88439178,a=4.8125->18.890625 c1:y=3.65097785,a=5.71875->23.546875 c2:y=-6.52353621,a=-10.5234375->-42.375
PROBE acc tid=8 net=(70,189,102) tile=15 origin=(30,108,0) g=4.8359375 n=1.65234375->6.48828125 c0:y=2.16990304,a=3.3359375->13.828125 c1:y=4.12826633,a=6.68359375->26.640625 c2:y=-6.29493809,a=-10.03125->-40.46875
PROBE acc tid=8 net=(70,189,103) tile=15 origin=(30,108,0) g=4.78125 n=1.64257812->6.421875 c0:y=2.14377117,a=2.5390625->12.7890625 c1:y=4.18538952,a=7.22265625->27.234375 c2:y=-6.32993746,a=-9.78125->-40.03125
PROBE acc tid=8 net=(70,189,104) tile=15 origin=(30,108,0) g=4.71875 n=1.63183594->6.3515625 c0:y=2.19005346,a=2.18554688->12.5234375 c1:y=4.11658144,a=7.40234375->26.828125 c2:y=-6.31007719,a=-9.6171875->-39.40625
PROBE acc tid=8 net=(70,190,101) tile=15 origin=(30,108,0) g=5.0078125 n=1.54882812->6.5546875 c0:y=5.3017292,a=8.125->34.6875 c1:y=1.35681129,a=1.96191406->8.7578125 c2:y=-6.63171721,a=-10.0625->-43.28125
PROBE acc tid=8 net=(70,190,102) tile=15 origin=(30,108,0) g=4.95703125 n=1.54199219->6.5 c0:y=4.33782005,a=6.58203125->28.078125 c1:y=2.20338821,a=3.328125->14.25 c2:y=-6.52636814,a=-9.90625->-42.25
PROBE acc tid=8 net=(70,190,103) tile=15 origin=(30,108,0) g=4.90234375 n=1.53320312->6.4375 c0:y=2.95752358,a=3.85546875->18.359375 c1:y=3.40601659,a=5.4921875->22.1875 c2:y=-6.36165094,a=-9.3671875->-40.5625
PROBE acc tid=8 net=(70,190,104) tile=15 origin=(30,108,0) g=4.83984375 n=1.5234375->6.36328125 c0:y=1.61885321,a=1.58398438->9.421875 c1:y=4.45359516,a=7.1875->28.75 c2:y=-6.08412504,a=-8.8125->-38.25
PROBE acc tid=8 net=(70,191,101) tile=15 origin=(30,108,0) g=5.125 n=1.44433594->6.5703125 c0:y=5.84834051,a=8.3046875->38.28125 c1:y=0.013108721,a=0.210449219->0.277587891 c2:y=-5.82843447,a=-8.4765625->-38.34375
PROBE acc tid=8 net=(70,191,102) tile=15 origin=(30,108,0) g=5.078125 n=1.4375->6.515625 c0:y=5.63011837,a=8->36.59375 c1:y=0.301696926,a=0.685058594->2.21679688 c2:y=-5.90428686,a=-8.6640625->-38.65625
PROBE acc tid=8 net=(70,191,103) tile=15 origin=(30,108,0) g=5.01953125 n=1.42871094->6.44921875 c0:y=5.36010599,a=7.53515625->34.4375 c1:y=0.845070362,a=1.47753906->5.71875 c2:y=-6.18222046,a=-8.9921875->-40.03125
PROBE acc tid=8 net=(70,191,104) tile=15 origin=(30,108,0) g=4.953125 n=1.41992188->6.375 c0:y=4.41844511,a=5.4453125->27.328125 c1:y=2.00546169,a=3.58203125->13.515625 c2:y=-6.41100025,a=-9.03125->-40.78125
PROBE acc tid=8 net=(68,188,101) tile=16 origin=(30,108,65) g=0.265625 n=8.125->8.390625 c0:y=6.97062254,a=58.28125->60.125 c1:y=-3.70315027,a=-26.015625->-27 c2:y=-3.23713207,a=-32->-32.875
PROBE acc tid=8 net=(68,188,102) tile=16 origin=(30,108,65) g=0.294433594 n=8.0625->8.359375 c0:y=7.02645159,a=58.21875->60.28125 c1:y=-3.62018013,a=-25.25->-26.3125 c2:y=-3.37441897,a=-32.65625->-33.65625
PROBE acc tid=8 net=(68,188,103) tile=16 origin=(30,108,65) g=0.325927734 n=7.98046875->8.3046875 c0:y=7.15756655,a=59.03125->61.375 c1:y=-3.59163284,a=-25.375->-26.546875 c2:y=-3.53264976,a=-33.375->-34.53125
PROBE acc tid=8 net=(68,188,104) tile=16 origin=(30,108,65) g=0.360107422 n=7.890625->8.25 c0:y=7.25286198,a=59.0625->61.6875 c1:y=-3.52807474,a=-24.484375->-25.75 c2:y=-3.68986464,a=-34.28125->-35.625
PROBE acc tid=8 net=(68,189,101) tile=16 origin=(30,108,65) g=0.272705078 n=8.140625->8.4140625 c0:y=6.94972944,a=58.84375->60.75 c1:y=-3.78046703,a=-26.0625->-27.09375 c2:y=-3.13905311,a=-32.5->-33.34375
PROBE acc tid=8 net=(68,189,102) tile=16 origin=(30,108,65) g=0.302490234 n=8.078125->8.3828125 c0:y=6.9169488,a=57.90625->60 c1:y=-3.53673887,a=-24.046875->-25.109375 c2:y=-3.34945583,a=-33.5625->-34.5625
PROBE acc tid=8 net=(68,189,103) tile=16 origin=(30,108,65) g=0.334716797 n=7.9921875->8.328125 c0:y=6.98078966,a=57.90625->60.25 c1:y=-3.40175033,a=-23.078125->-24.21875 c2:y=-3.5476613,a=-34.53125->-35.71875
PROBE acc tid=8 net=(68,189,104) tile=16 origin=(30,108,65) g=0.369873047 n=7.90625->8.2734375 c0:y=7.03718281,a=57.6875->60.28125 c1:y=-3.2915411,a=-22.109375->-23.328125 c2:y=-3.71374273,a=-35.28125->-36.65625
PROBE acc tid=8 net=(68,190,101) tile=16 origin=(30,108,65) g=0.279785156 n=8.15625->8.4375 c0:y=7.03860617,a=60->61.96875 c1:y=-4.13337374,a=-28.5->-29.65625 c2:y=-2.8732965,a=-31.21875->-32.03125
PROBE acc tid=8 net=(68,190,102) tile=16 origin=(30,108,65) g=0.310302734 n=8.09375->8.40625 c0:y=7.00707436,a=58.96875->61.15625 c1:y=-3.86033058,a=-26.171875->-27.375 c2:y=-3.11424112,a=-32.5->-33.46875
PROBE acc tid=8 net=(68,190,103) tile=16 origin=(30,108,65) g=0.343261719 n=8.0078125->8.3515625 c0:y=6.99992609,a=58.28125->60.6875 c1:y=-3.604527,a=-23.84375->-25.078125 c2:y=-3.36318636,a=-34.15625->-35.3125
PROBE acc tid=8 net=(68,190,104) tile=16 origin=(30,108,65) g=0.379394531 n=7.921875->8.3046875 c0:y=7.02922821,a=57.4375->60.09375 c1:y=-3.40277719,a=-22.015625->-23.3125 c2:y=-3.59472871,a=-35.15625->-36.53125
PROBE acc tid=8 net=(68,191,101) tile=16 origin=(30,108,65) g=0.286376953 n=8.171875->8.4609375 c0:y=7.15648508,a=61.34375->63.40625 c1:y=-4.56139517,a=-31.625->-32.9375 c2:y=-2.56124115,a=-29.40625->-30.140625
PROBE acc tid=8 net=(68,191,102) tile=16 origin=(30,108,65) g=0.317626953 n=8.109375->8.4296875 c0:y=7.1189642,a=60.03125->62.28125 c1:y=-4.33660889,a=-29.546875->-30.921875 c2:y=-2.74869275,a=-30.203125->-31.078125
PROBE acc tid=8 net=(68,191,103) tile=16 origin=(30,108,65) g=0.3515625 n=8.0234375->8.375 c0:y=7.10058641,a=59.25->61.75 c1:y=-4.08639669,a=-27.1875->-28.625 c2:y=-2.98133922,a=-31.765625->-32.8125
PROBE acc tid=8 net=(68,191,104) tile=16 origin=(30,108,65) g=0.388427734 n=7.93359375->8.3203125 c0:y=7.12993479,a=58.40625->61.1875 c1:y=-3.805516,a=-24.921875->-26.40625 c2:y=-3.29217768,a=-33.21875->-34.5
PROBE acc tid=8 net=(69,188,101) tile=16 origin=(30,108,65) g=0.239868164 n=7.33984375->7.578125 c0:y=6.87774992,a=53.25->54.90625 c1:y=-2.87881565,a=-16.609375->-17.296875 c2:y=-3.96933746,a=-36.40625->-37.34375
PROBE acc tid=8 net=(69,188,102) tile=16 origin=(30,108,65) g=0.266113281 n=7.28125->7.546875 c0:y=7.11147738,a=54.09375->56 c1:y=-2.86869097,a=-17.046875->-17.8125 c2:y=-4.21094322,a=-36.8125->-37.9375
PROBE acc tid=8 net=(69,188,103) tile=16 origin=(30,108,65) g=0.294433594 n=7.2109375->7.50390625 c0:y=7.28247976,a=55.75->57.90625 c1:y=-2.88544989,a=-18.265625->-19.109375 c2:y=-4.36366701,a=-37.21875->-38.5
PROBE acc tid=8 net=(69,188,104) tile=16 origin=(30,108,65) g=0.325439453 n=7.125->7.44921875 c0:y=7.41671085,a=56.03125->58.4375 c1:y=-2.87135077,a=-18.25->-19.1875 c2:y=-4.5103035,a=-37.53125->-39
PROBE acc tid=8 net=(69,189,101) tile=16 origin=(30,108,65) g=0.246459961 n=7.35546875->7.6015625 c0:y=6.83679104,a=53.3125->55 c1:y=-3.06900501,a=-17.171875->-17.921875 c2:y=-3.73836493,a=-35.9375->-36.84375
PROBE acc tid=8 net=(69,189,102) tile=16 origin=(30,108,65) g=0.273193359 n=7.296875->7.5703125 c0:y=6.90913868,a=53.4375->55.3125 c1:y=-2.82898998,a=-16.1875->-16.953125 c2:y=-4.04933119,a=-37.03125->-38.125
PROBE acc tid=8 net=(69,189,103) tile=16 origin=(30,108,65) g=0.302490234 n=7.22265625->7.5234375 c0:y=7.07790041,a=54.46875->56.625 c1:y=-2.76569176,a=-16.125->-16.96875 c2:y=-4.28005552,a=-38.09375->-39.375
PROBE acc tid=8 net=(69,189,104) tile=16 origin=(30,108,65) g=0.334228516 n=7.140625->7.4765625 c0:y=7.24999809,a=55.125->57.5625 c1:y=-2.71547771,a=-16->-16.90625 c2:y=-4.50129557,a=-38.875->-40.375
PROBE acc tid=8 net=(69,190,101) tile=16 origin=(30,108,65) g=0.252685547 n=7.37109375->7.625 c0:y=6.83104563,a=53.90625->55.625 c1:y=-3.52611947,a=-20.96875->-21.859375 c2:y=-3.27519941,a=-32.6875->-33.5
PROBE acc tid=8 net=(69,190,102) tile=16 origin=(30,108,65) g=0.280273438 n=7.30859375->7.58984375 c0:y=7.02395725,a=54.53125->56.5 c1:y=-3.3230679,a=-19.265625->-20.203125 c2:y=-3.66893673,a=-35.03125->-36.0625
PROBE acc tid=8 net=(69,190,103) tile=16 origin=(30,108,65) g=0.310302734 n=7.234375->7.54296875 c0:y=7.16453791,a=54.625->56.84375 c1:y=-3.13897991,a=-17.40625->-18.375 c2:y=-3.99262357,a=-37->-38.25
PROBE acc tid=8 net=(69,190,104) tile=16 origin=(30,108,65) g=0.342773438 n=7.15625->7.5 c0:y=7.13448429,a=54.15625->56.59375 c1:y=-2.82682657,a=-15.7109375->-16.6875 c2:y=-4.27518749,a=-38.1875->-39.65625
PROBE acc tid=8 net=(69,191,101) tile=16 origin=(30,108,65) g=0.258789062 n=7.3828125->7.640625 c0:y=6.70497561,a=52.4375->54.1875 c1:y=-3.88664842,a=-23.546875->-24.546875 c2:y=-2.78858066,a=-28.640625->-29.359375
PROBE acc tid=8 net=(69,191,102) tile=16 origin=(30,108,65) g=0.286865234 n=7.32421875->7.609375 c0:y=6.89749718,a=53.3125->55.28125 c1:y=-3.78023982,a=-22.828125->-23.90625 c2:y=-3.08564258,a=-30.234375->-31.125
PROBE acc tid=8 net=(69,191,103) tile=16 origin=(30,108,65) g=0.317626953 n=7.25->7.56640625 c0:y=7.07259607,a=54.34375->56.59375 c1:y=-3.69745779,a=-21.9375->-23.109375 c2:y=-3.34281492,a=-32.15625->-33.21875
PROBE acc tid=8 net=(69,191,104) tile=16 origin=(30,108,65) g=0.350830078 n=7.16796875->7.51953125 c0:y=7.28829288,a=55.15625->57.71875 c1:y=-3.50812125,a=-20.390625->-21.625 c2:y=-3.74731541,a=-34.53125->-35.84375
PROBE acc tid=8 net=(70,188,101) tile=16 origin=(30,108,65) g=0.213378906 n=6.52734375->6.7421875 c0:y=4.27364445,a=19.015625->19.921875 c1:y=2.02517509,a=23.765625->24.203125 c2:y=-6.26396227,a=-42.71875->-44.0625
PROBE acc tid=8 net=(70,188,102) tile=16 origin=(30,108,65) g=0.236572266 n=6.47265625->6.7109375 c0:y=4.91607618,a=23.1875->24.34375 c1:y=1.29765487,a=19.546875->19.859375 c2:y=-6.17909288,a=-42.65625->-44.125
PROBE acc tid=8 net=(70,188,103) tile=16 origin=(30,108,65) g=0.261962891 n=6.4140625->6.67578125 c0:y=5.27551317,a=31.046875->32.4375 c1:y=0.800784469,a=11.453125->11.6640625 c2:y=-6.04333782,a=-42.375->-43.96875
PROBE acc tid=8 net=(70,188,104) tile=16 origin=(30,108,65) g=0.289306641 n=6.33984375->6.62890625 c0:y=5.34328938,a=33.40625->34.9375 c1:y=0.492065221,a=7.47265625->7.61328125 c2:y=-5.80449963,a=-40.78125->-42.46875
PROBE acc tid=8 net=(70,189,101) tile=16 origin=(30,108,65) g=0.219238281 n=6.54296875->6.76171875 c0:y=4.38158321,a=18.890625->19.84375 c1:y=1.89139795,a=23.546875->23.96875 c2:y=-6.23813581,a=-42.375->-43.75
PROBE acc tid=8 net=(70,189,102) tile=16 origin=(30,108,65) g=0.243041992 n=6.48828125->6.73046875 c0:y=3.89076257,a=13.828125->14.7734375 c1:y=2.35607338,a=26.640625->27.21875 c2:y=-6.21953297,a=-40.46875->-41.96875
PROBE acc tid=8 net=(70,189,103) tile=16 origin=(30,108,65) g=0.269042969 n=6.421875->6.69140625 c0:y=3.73561692,a=12.7890625->13.796875 c1:y=2.43732595,a=27.234375->27.890625 c2:y=-6.15091991,a=-40.03125->-41.6875
PROBE acc tid=8 net=(70,189,104) tile=16 origin=(30,108,65) g=0.297363281 n=6.3515625->6.6484375 c0:y=3.788867,a=12.5234375->13.6484375 c1:y=2.31157517,a=26.828125->27.515625 c2:y=-6.08174944,a=-39.40625->-41.21875
PROBE acc tid=8 net=(70,190,101) tile=16 origin=(30,108,65) g=0.224853516 n=6.5546875->6.78125 c0:y=5.3517437,a=34.6875->35.90625 c1:y=0.410324514,a=8.7578125->8.8515625 c2:y=-5.72307444,a=-43.28125->-44.5625
PROBE acc tid=8 net=(70,190,102) tile=16 origin=(30,108,65) g=0.249267578 n=6.5->6.75 c0:y=5.05412436,a=28.078125->29.34375 c1:y=0.838584483,a=14.25->14.4609375 c2:y=-5.86022663,a=-42.25->-43.71875
PROBE acc tid=8 net=(70,190,103) tile=16 origin=(30,108,65) g=0.275878906 n=6.4375->6.71484375 c0:y=4.42520237,a=18.359375->19.578125 c1:y=1.50900507,a=22.1875->22.609375 c2:y=-5.90953302,a=-40.5625->-42.1875
PROBE acc tid=8 net=(70,190,104) tile=16 origin=(30,108,65) g=0.304931641 n=6.36328125->6.66796875 c0:y=3.05777979,a=9.421875->10.3515625 c1:y=2.8313899,a=28.75->29.609375 c2:y=-5.87665462,a=-38.25->-40.03125
PROBE acc tid=8 net=(70,191,101) tile=16 origin=(30,108,65) g=0.230102539 n=6.5703125->6.80078125 c0:y=5.78270388,a=38.28125->39.625 c1:y=-0.78258127,a=0.277587891->0.0975341797 c2:y=-4.95847273,a=-38.34375->-39.5
PROBE acc tid=8 net=(70,191,102) tile=16 origin=(30,108,65) g=0.255126953 n=6.515625->6.76953125 c0:y=5.62193632,a=36.59375->38.03125 c1:y=-0.400648385,a=2.21679688->2.11523438 c2:y=-5.18331861,a=-38.65625->-39.96875
PROBE acc tid=8 net=(70,191,103) tile=16 origin=(30,108,65) g=0.282470703 n=6.44921875->6.73046875 c0:y=5.33347988,a=34.4375->35.9375 c1:y=0.121954322,a=5.71875->5.75390625 c2:y=-5.42184258,a=-40.03125->-41.5625
PROBE acc tid=8 net=(70,191,104) tile=16 origin=(30,108,65) g=0.312011719 n=6.375->6.6875 c0:y=4.86945152,a=27.328125->28.84375 c1:y=0.982927144,a=13.515625->13.8203125 c2:y=-5.82424116,a=-40.78125->-42.59375
PROBE acc tid=8 net=(68,188,101) tile=18 origin=(59,0,0) g=0.000101149082 n=8.390625->8.390625 c0:y=8.67486668,a=60.125->60.125 c1:y=-2.64170384,a=-27->-27 c2:y=-6.00123978,a=-32.875->-32.875
PROBE acc tid=8 net=(68,188,102) tile=18 origin=(59,0,0) g=0.000100135803 n=8.359375->8.359375 c0:y=8.68731022,a=60.28125->60.28125 c1:y=-2.8956666,a=-26.3125->-26.3125 c2:y=-5.75716877,a=-33.65625->-33.65625
PROBE acc tid=8 net=(68,188,103) tile=18 origin=(59,0,0) g=9.90629196e-05 n=8.3046875->8.3046875 c0:y=8.87727737,a=61.375->61.375 c1:y=-3.25795174,a=-26.546875->-26.546875 c2:y=-5.5822587,a=-34.53125->-34.53125
PROBE acc tid=8 net=(68,188,104) tile=18 origin=(59,0,0) g=9.77516174e-05 n=8.25->8.25 c0:y=8.94258499,a=61.6875->61.6875 c1:y=-3.51220393,a=-25.75->-25.75 c2:y=-5.39081049,a=-35.625->-35.625
PROBE acc tid=8 net=(68,189,101) tile=18 origin=(59,0,0) g=8.61287117e-05 n=8.4140625->8.4140625 c0:y=8.4920187,a=60.75->60.75 c1:y=-2.47540975,a=-27.09375->-27.09375 c2:y=-5.98547935,a=-33.34375->-33.34375
PROBE acc tid=8 net=(68,189,102) tile=18 origin=(59,0,0) g=8.52942467e-05 n=8.3828125->8.3828125 c0:y=8.45222473,a=60->60 c1:y=-2.61687326,a=-25.109375->-25.109375 c2:y=-5.80269861,a=-34.5625->-34.5625
PROBE acc tid=8 net=(68,189,103) tile=18 origin=(59,0,0) g=8.43405724e-05 n=8.328125->8.328125 c0:y=8.59639931,a=60.25->60.25 c1:y=-2.87773681,a=-24.21875->-24.21875 c2:y=-5.68428373,a=-35.71875->-35.71875
PROBE acc tid=8 net=(68,189,104) tile=18 origin=(59,0,0) g=8.32676888e-05 n=8.2734375->8.2734375 c0:y=8.66260529,a=60.28125->60.28125 c1:y=-3.11407161,a=-23.328125->-23.328125 c2:y=-5.5118556,a=-36.65625->-36.65625
PROBE acc tid=8 net=(68,190,101) tile=18 origin=(59,0,0) g=7.31945038e-05 n=8.4375->8.4375 c0:y=8.2090826,a=61.96875->61.96875 c1:y=-2.58450341,a=-29.65625->-29.65625 c2:y=-5.59438276,a=-32.03125->-32.03125
PROBE acc tid=8 net=(68,190,102) tile=18 origin=(59,0,0) g=7.25388527e-05 n=8.40625->8.40625 c0:y=8.22177792,a=61.15625->61.15625 c1:y=-2.72393131,a=-27.375->-27.375 c2:y=-5.46646357,a=-33.46875->-33.46875
PROBE acc tid=8 net=(68,190,103) tile=18 origin=(59,0,0) g=7.17043877e-05 n=8.3515625->8.3515625 c0:y=8.34578037,a=60.6875->60.6875 c1:y=-2.85188556,a=-25.078125->-25.078125 c2:y=-5.46145535,a=-35.3125->-35.3125
PROBE acc tid=8 net=(68,190,104) tile=18 origin=(59,0,0) g=7.0810318e-05 n=8.3046875->8.3046875 c0:y=8.39393234,a=60.09375->60.09375 c1:y=-2.95404434,a=-23.3125->-23.3125 c2:y=-5.40590477,a=-36.53125->-36.53125
PROBE acc tid=8 net=(68,191,101) tile=18 origin=(59,0,0) g=6.21676445e-05 n=8.4609375->8.4609375 c0:y=7.47265244,a=63.40625->63.40625 c1:y=-2.73651838,a=-32.9375->-32.9375 c2:y=-4.69834089,a=-30.140625->-30.140625
PROBE acc tid=8 net=(68,191,102) tile=18 origin=(59,0,0) g=6.15715981e-05 n=8.4296875->8.4296875 c0:y=7.49793291,a=62.28125->62.28125 c1:y=-2.81737447,a=-30.921875->-30.921875 c2:y=-4.64222336,a=-31.078125->-31.078125
PROBE acc tid=8 net=(68,191,103) tile=18 origin=(59,0,0) g=6.08563423e-05 n=8.375->8.375 c0:y=7.55801296,a=61.75->61.75 c1:y=-2.81518984,a=-28.625->-28.625 c2:y=-4.70368958,a=-32.8125->-32.8125
PROBE acc tid=8 net=(68,191,104) tile=18 origin=(59,0,0) g=6.00814819e-05 n=8.3203125->8.3203125 c0:y=7.57496834,a=61.1875->61.1875 c1:y=-2.79307985,a=-26.40625->-26.40625 c2:y=-4.7420907,a=-34.5->-34.5
PROBE acc tid=8 net=(69,188,101) tile=18 origin=(59,0,0) g=0.000143766403 n=7.578125->7.578125 c0:y=8.97563362,a=54.90625->54.90625 c1:y=-2.03524208,a=-17.296875->-17.296875 c2:y=-6.91566181,a=-37.34375->-37.34375
PROBE acc tid=8 net=(69,188,102) tile=18 origin=(59,0,0) g=0.000142335892 n=7.546875->7.546875 c0:y=9.09609509,a=56->56 c1:y=-2.1655767,a=-17.8125->-17.8125 c2:y=-6.90334129,a=-37.9375->-37.9375
PROBE acc tid=8 net=(69,188,103) tile=18 origin=(59,0,0) g=0.000140786171 n=7.50390625->7.50390625 c0:y=9.30387592,a=57.90625->57.90625 c1:y=-2.36159372,a=-19.109375->-19.109375 c2:y=-6.91261578,a=-38.5->-38.5
PROBE acc tid=8 net=(69,188,104) tile=18 origin=(59,0,0) g=0.000138998032 n=7.44921875->7.44921875 c0:y=9.43765068,a=58.4375->58.4375 c1:y=-2.54974055,a=-19.1875->-19.1875 c2:y=-6.8553195,a=-39->-39
PROBE acc tid=8 net=(69,189,101) tile=18 origin=(59,0,0) g=0.00012242794 n=7.6015625->7.6015625 c0:y=8.74197292,a=55->55 c1:y=-1.91475558,a=-17.921875->-17.921875 c2:y=-6.80350208,a=-36.84375->-36.84375
PROBE acc tid=8 net=(69,189,102) tile=18 origin=(59,0,0) g=0.000121235847 n=7.5703125->7.5703125 c0:y=8.83267307,a=55.3125->55.3125 c1:y=-1.96136796,a=-16.953125->-16.953125 c2:y=-6.84585238,a=-38.125->-38.125
PROBE acc tid=8 net=(69,189,103) tile=18 origin=(59,0,0) g=0.000119864941 n=7.5234375->7.5234375 c0:y=9.06564903,a=56.625->56.625 c1:y=-2.0851965,a=-16.96875->-16.96875 c2:y=-6.95292425,a=-39.375->-39.375
PROBE acc tid=8 net=(69,189,104) tile=18 origin=(59,0,0) g=0.00011831522 n=7.4765625->7.4765625 c0:y=9.30512428,a=57.5625->57.5625 c1:y=-2.28383088,a=-16.90625->-16.90625 c2:y=-6.99094391,a=-40.375->-40.375
PROBE acc tid=8 net=(69,190,101) tile=18 origin=(59,0,0) g=0.00010406971 n=7.625->7.625 c0:y=8.74734974,a=55.625->55.625 c1:y=-2.01360226,a=-21.859375->-21.859375 c2:y=-6.70753622,a=-33.5->-33.5
PROBE acc tid=8 net=(69,190,102) tile=18 origin=(59,0,0) g=0.000103056431 n=7.58984375->7.58984375 c0:y=8.79192829,a=56.5->56.5 c1:y=-2.01527071,a=-20.203125->-20.203125 c2:y=-6.74970007,a=-36.0625->-36.0625
PROBE acc tid=8 net=(69,190,103) tile=18 origin=(59,0,0) g=0.000101923943 n=7.54296875->7.54296875 c0:y=8.90901566,a=56.84375->56.84375 c1:y=-2.02374291,a=-18.375->-18.375 c2:y=-6.85760546,a=-38.25->-38.25
PROBE acc tid=8 net=(69,190,104) tile=18 origin=(59,0,0) g=0.00010061264 n=7.5->7.5 c0:y=9.04498959,a=56.59375->56.59375 c1:y=-2.12369251,a=-16.6875->-16.6875 c2:y=-6.89228535,a=-39.65625->-39.65625
PROBE acc tid=8 net=(69,191,101) tile=18 origin=(59,0,0) g=8.83340836e-05 n=7.640625->7.640625 c0:y=7.43699121,a=54.1875->54.1875 c1:y=-2.0570066,a=-24.546875->-24.546875 c2:y=-5.35152292,a=-29.359375->-29.359375
PROBE acc tid=8 net=(69,191,102) tile=18 origin=(59,0,0) g=8.74996185e-05 n=7.609375->7.609375 c0:y=7.51281834,a=55.28125->55.28125 c1:y=-2.00280905,a=-23.90625->-23.90625 c2:y=-5.48417759,a=-31.125->-31.125
PROBE acc tid=8 net=(69,191,103) tile=18 origin=(59,0,0) g=8.64863396e-05 n=7.56640625->7.56640625 c0:y=7.37293768,a=56.59375->56.59375 c1:y=-1.65292478,a=-23.109375->-23.109375 c2:y=-5.69650364,a=-33.21875->-33.21875
PROBE acc tid=8 net=(69,191,104) tile=18 origin=(59,0,0) g=8.53538513e-05 n=7.51953125->7.51953125 c0:y=7.26704359,a=57.71875->57.71875 c1:y=-1.33573496,a=-21.625->-21.625 c2:y=-5.90852022,a=-35.84375->-35.84375
PROBE acc tid=8 net=(70,188,101) tile=18 origin=(59,0,0) g=0.000201106071 n=6.7421875->6.7421875 c0:y=2.75305581,a=19.921875->19.921875 c1:y=4.05868006,a=24.203125->24.203125 c2:y=-6.82773018,a=-44.0625->-44.0625
PROBE acc tid=8 net=(70,188,102) tile=18 origin=(59,0,0) g=0.000199198723 n=6.7109375->6.7109375 c0:y=4.23818588,a=24.34375->24.34375 c1:y=3.01266885,a=19.859375->19.859375 c2:y=-7.25649977,a=-44.125->-44.125
PROBE acc tid=8 net=(70,188,103) tile=18 origin=(59,0,0) g=0.000196933746 n=6.67578125->6.67578125 c0:y=5.94069195,a=32.4375->32.4375 c1:y=1.7695353,a=11.6640625->11.6640625 c2:y=-7.70722246,a=-43.96875->-43.96875
PROBE acc tid=8 net=(70,188,104) tile=18 origin=(59,0,0) g=0.000194430351 n=6.62890625->6.62890625 c0:y=6.5445776,a=34.9375->34.9375 c1:y=0.945583224,a=7.61328125->7.61328125 c2:y=-7.48259068,a=-42.46875->-42.46875
PROBE acc tid=8 net=(70,189,101) tile=18 origin=(59,0,0) g=0.000171303749 n=6.76171875->6.76171875 c0:y=1.88070488,a=19.84375->19.84375 c1:y=4.34813881,a=23.96875->23.96875 c2:y=-6.2568469,a=-43.75->-43.75
PROBE acc tid=8 net=(70,189,102) tile=18 origin=(59,0,0) g=0.000169634819 n=6.73046875->6.73046875 c0:y=1.54901481,a=14.7734375->14.7734375 c1:y=4.70161963,a=27.21875->27.21875 c2:y=-6.27938843,a=-41.96875->-41.96875
PROBE acc tid=8 net=(70,189,103) tile=18 origin=(59,0,0) g=0.00016772747 n=6.69140625->6.69140625 c0:y=1.69213557,a=13.796875->13.796875 c1:y=4.71685076,a=27.890625->27.890625 c2:y=-6.43826437,a=-41.6875->-41.6875
PROBE acc tid=8 net=(70,189,104) tile=18 origin=(59,0,0) g=0.000165581703 n=6.6484375->6.6484375 c0:y=1.85780013,a=13.6484375->13.6484375 c1:y=4.572227,a=27.515625->27.515625 c2:y=-6.45859051,a=-41.21875->-41.21875
PROBE acc tid=8 net=(70,190,101) tile=18 origin=(59,0,0) g=0.000145554543 n=6.78125->6.78125 c0:y=5.4495244,a=35.90625->35.90625 c1:y=1.70740116,a=8.8515625->8.8515625 c2:y=-7.15996647,a=-44.5625->-44.5625
PROBE acc tid=8 net=(70,190,102) tile=18 origin=(59,0,0) g=0.00014424324 n=6.75->6.75 c0:y=3.42062688,a=29.34375->29.34375 c1:y=3.18591237,a=14.4609375->14.4609375 c2:y=-6.62372398,a=-43.71875->-43.71875
PROBE acc tid=8 net=(70,190,103) tile=18 origin=(59,0,0) g=0.00014257431 n=6.71484375->6.71484375 c0:y=1.52569151,a=19.578125->19.578125 c1:y=4.64705181,a=22.609375->22.609375 c2:y=-6.20108175,a=-42.1875->-42.1875
PROBE acc tid=8 net=(70,190,104) tile=18 origin=(59,0,0) g=0.000140786171 n=6.66796875->6.66796875 c0:y=1.29524553,a=10.3515625->10.3515625 c1:y=5.11729002,a=29.609375->29.609375 c2:y=-6.4431963,a=-40.03125->-40.03125
PROBE acc tid=8 net=(70,191,101) tile=18 origin=(59,0,0) g=0.000123620033 n=6.80078125->6.80078125 c0:y=6.08028078,a=39.625->39.625 c1:y=-0.126854494,a=0.0975341797->0.0975341797 c2:y=-5.92739296,a=-39.5->-39.5
PROBE acc tid=8 net=(70,191,102) tile=18 origin=(59,0,0) g=0.00012242794 n=6.76953125->6.76953125 c0:y=4.98897028,a=38.03125->38.03125 c1:y=0.95235157,a=2.11523438->2.11523438 c2:y=-5.92631721,a=-39.96875->-39.96875
PROBE acc tid=8 net=(70,191,103) tile=18 origin=(59,0,0) g=0.000121057034 n=6.73046875->6.73046875 c0:y=2.33331585,a=35.9375->35.9375 c1:y=3.22071004,a=5.75390625->5.75390625 c2:y=-5.55876589,a=-41.5625->-41.5625
PROBE acc tid=8 net=(70,191,104) tile=18 origin=(59,0,0) g=0.000119447708 n=6.6875->6.6875 c0:y=1.26145732,a=28.84375->28.84375 c1:y=4.32712221,a=13.8203125->13.8203125 c2:y=-5.6053977,a=-42.59375->-42.59375
PROBE acc tid=8 net=(68,188,101) tile=19 origin=(59,0,65) g=4.529953e-06 n=8.390625->8.390625 c0:y=7.93194008,a=60.125->60.125 c1:y=-2.4542923,a=-27->-27 c2:y=-5.44388723,a=-32.875->-32.875
PROBE acc tid=8 net=(68,188,102) tile=19 origin=(59,0,65) g=5.00679016e-06 n=8.359375->8.359375 c0:y=8.03295326,a=60.28125->60.28125 c1:y=-2.66131163,a=-26.3125->-26.3125 c2:y=-5.33587122,a=-33.65625->-33.65625
PROBE acc tid=8 net=(68,188,103) tile=19 origin=(59,0,65) g=5.54323196e-06 n=8.3046875->8.3046875 c0:y=8.2194109,a=61.375->61.375 c1:y=-2.92319822,a=-26.546875->-26.546875 c2:y=-5.25832748,a=-34.53125->-34.53125
PROBE acc tid=8 net=(68,188,104) tile=19 origin=(59,0,65) g=6.13927841e-06 n=8.25->8.25 c0:y=8.32176018,a=61.6875->61.6875 c1:y=-3.12238693,a=-25.75->-25.75 c2:y=-5.15934896,a=-35.625->-35.625
PROBE acc tid=8 net=(68,189,101) tile=19 origin=(59,0,65) g=3.87430191e-06 n=8.4140625->8.4140625 c0:y=7.83246517,a=60.75->60.75 c1:y=-2.37156701,a=-27.09375->-27.09375 c2:y=-5.42767859,a=-33.34375->-33.34375
PROBE acc tid=8 net=(68,189,102) tile=19 origin=(59,0,65) g=4.29153442e-06 n=8.3828125->8.3828125 c0:y=7.88517904,a=60->60 c1:y=-2.46199489,a=-25.109375->-25.109375 c2:y=-5.38908148,a=-34.5625->-34.5625
PROBE acc tid=8 net=(68,189,103) tile=19 origin=(59,0,65) g=4.76837158e-06 n=8.328125->8.328125 c0:y=8.00115871,a=60.25->60.25 c1:y=-2.63274384,a=-24.21875->-24.21875 c2:y=-5.33303118,a=-35.71875->-35.71875
PROBE acc tid=8 net=(68,189,104) tile=19 origin=(59,0,65) g=5.24520874e-06 n=8.2734375->8.2734375 c0:y=8.08577442,a=60.28125->60.28125 c1:y=-2.78643036,a=-23.328125->-23.328125 c2:y=-5.26230478,a=-36.65625->-36.65625
PROBE acc tid=8 net=(68,190,101) tile=19 origin=(59,0,65) g=3.27825546e-06 n=8.4375->8.4375 c0:y=7.63524008,a=61.96875->61.96875 c1:y=-2.50267553,a=-29.65625->-29.65625 c2:y=-5.10018921,a=-32.03125->-32.03125
PROBE acc tid=8 net=(68,190,102) tile=19 origin=(59,0,65) g=3.63588333e-06 n=8.40625->8.40625 c0:y=7.72195768,a=61.15625->61.15625 c1:y=-2.56649756,a=-27.375->-27.375 c2:y=-5.12256241,a=-33.46875->-33.46875
PROBE acc tid=8 net=(68,190,103) tile=19 origin=(59,0,65) g=4.05311584e-06 n=8.3515625->8.3515625 c0:y=7.80624866,a=60.6875->60.6875 c1:y=-2.63416624,a=-25.078125->-25.078125 c2:y=-5.13843012,a=-35.3125->-35.3125
PROBE acc tid=8 net=(68,190,104) tile=19 origin=(59,0,65) g=4.47034836e-06 n=8.3046875->8.3046875 c0:y=7.87560987,a=60.09375->60.09375 c1:y=-2.66045165,a=-23.3125->-23.3125 c2:y=-5.18067074,a=-36.53125->-36.53125
PROBE acc tid=8 net=(68,191,101) tile=19 origin=(59,0,65) g=2.8014183e-06 n=8.4609375->8.4609375 c0:y=7.18967962,a=63.40625->63.40625 c1:y=-2.80546594,a=-32.9375->-32.9375 c2:y=-4.34547138,a=-30.140625->-30.140625
PROBE acc tid=8 net=(68,191,102) tile=19 origin=(59,0,65) g=3.09944153e-06 n=8.4296875->8.4296875 c0:y=7.273211,a=62.28125->62.28125 c1:y=-2.81902337,a=-30.921875->-30.921875 c2:y=-4.41488838,a=-31.078125->-31.078125
PROBE acc tid=8 net=(68,191,103) tile=19 origin=(59,0,65) g=3.39746475e-06 n=8.375->8.375 c0:y=7.31598949,a=61.75->61.75 c1:y=-2.81104112,a=-28.625->-28.625 c2:y=-4.46531773,a=-32.8125->-32.8125
PROBE acc tid=8 net=(68,191,104) tile=19 origin=(59,0,65) g=3.75509262e-06 n=8.3203125->8.3203125 c0:y=7.34931803,a=61.1875->61.1875 c1:y=-2.73819327,a=-26.40625->-26.40625 c2:y=-4.57102776,a=-34.5->-34.5
PROBE acc tid=8 net=(69,188,101) tile=19 origin=(59,0,65) g=6.43730164e-06 n=7.578125->7.578125 c0:y=8.377038,a=54.90625->54.90625 c1:y=-1.85750151,a=-17.296875->-17.296875 c2:y=-6.49194765,a=-37.34375->-37.34375
PROBE acc tid=8 net=(69,188,102) tile=19 origin=(59,0,65) g=7.15255737e-06 n=7.546875->7.546875 c0:y=8.51220512,a=56->56 c1:y=-1.94019067,a=-17.8125->-17.8125 c2:y=-6.54292154,a=-37.9375->-37.9375
PROBE acc tid=8 net=(69,188,103) tile=19 origin=(59,0,65) g=7.92741776e-06 n=7.50390625->7.50390625 c0:y=8.82862568,a=57.90625->57.90625 c1:y=-2.11055779,a=-19.109375->-19.109375 c2:y=-6.68631315,a=-38.5->-38.5
PROBE acc tid=8 net=(69,188,104) tile=19 origin=(59,0,65) g=8.76188278e-06 n=7.44921875->7.44921875 c0:y=8.98267269,a=58.4375->58.4375 c1:y=-2.29158926,a=-19.1875->-19.1875 c2:y=-6.65716219,a=-39->-39
PROBE acc tid=8 net=(69,189,101) tile=19 origin=(59,0,65) g=5.48362732e-06 n=7.6015625->7.6015625 c0:y=8.19439888,a=55->55 c1:y=-1.79400575,a=-17.921875->-17.921875 c2:y=-6.3734622,a=-36.84375->-36.84375
PROBE acc tid=8 net=(69,189,102) tile=19 origin=(59,0,65) g=6.07967377e-06 n=7.5703125->7.5703125 c0:y=8.35752869,a=55.3125->55.3125 c1:y=-1.81747425,a=-16.953125->-16.953125 c2:y=-6.51199436,a=-38.125->-38.125
PROBE acc tid=8 net=(69,189,103) tile=19 origin=(59,0,65) g=6.73532486e-06 n=7.5234375->7.5234375 c0:y=8.59725857,a=56.625->56.625 c1:y=-1.90643179,a=-16.96875->-16.96875 c2:y=-6.66081762,a=-39.375->-39.375
PROBE acc tid=8 net=(69,189,104) tile=19 origin=(59,0,65) g=7.4505806e-06 n=7.4765625->7.4765625 c0:y=8.86968231,a=57.5625->57.5625 c1:y=-2.09321094,a=-16.90625->-16.90625 c2:y=-6.74418068,a=-40.375->-40.375
PROBE acc tid=8 net=(69,190,101) tile=19 origin=(59,0,65) g=4.64916229e-06 n=7.625->7.625 c0:y=8.19666004,a=55.625->55.625 c1:y=-1.89116704,a=-21.859375->-21.859375 c2:y=-6.27704382,a=-33.5->-33.5
PROBE acc tid=8 net=(69,190,102) tile=19 origin=(59,0,65) g=5.1856041e-06 n=7.58984375->7.58984375 c0:y=8.26873493,a=56.5->56.5 c1:y=-1.81940389,a=-20.203125->-20.203125 c2:y=-6.42087412,a=-36.0625->-36.0625
PROBE acc tid=8 net=(69,190,103) tile=19 origin=(59,0,65) g=5.7220459e-06 n=7.54296875->7.54296875 c0:y=8.39814949,a=56.84375->56.84375 c1:y=-1.83711827,a=-18.375->-18.375 c2:y=-6.53158998,a=-38.25->-38.25
PROBE acc tid=8 net=(69,190,104) tile=19 origin=(59,0,65) g=6.31809235e-06 n=7.5->7.5 c0:y=8.57833767,a=56.59375->56.59375 c1:y=-1.89751458,a=-16.6875->-16.6875 c2:y=-6.65039253,a=-39.65625->-39.65625
PROBE acc tid=8 net=(69,191,101) tile=19 origin=(59,0,65) g=3.9935112e-06 n=7.640625->7.640625 c0:y=7.19691229,a=54.1875->54.1875 c1:y=-2.08939195,a=-24.546875->-24.546875 c2:y=-5.0787673,a=-29.359375->-29.359375
PROBE acc tid=8 net=(69,191,102) tile=19 origin=(59,0,65) g=4.41074371e-06 n=7.609375->7.609375 c0:y=7.13246536,a=55.28125->55.28125 c1:y=-1.80772913,a=-23.90625->-23.90625 c2:y=-5.29994583,a=-31.125->-31.125
PROBE acc tid=8 net=(69,191,103) tile=19 origin=(59,0,65) g=4.88758087e-06 n=7.56640625->7.56640625 c0:y=7.01349974,a=56.59375->56.59375 c1:y=-1.45218682,a=-23.109375->-23.109375 c2:y=-5.53701973,a=-33.21875->-33.21875
PROBE acc tid=8 net=(69,191,104) tile=19 origin=(59,0,65) g=5.36441803e-06 n=7.51953125->7.51953125 c0:y=6.92046881,a=57.71875->57.71875 c1:y=-1.11657739,a=-21.625->-21.625 c2:y=-5.78036785,a=-35.84375->-35.84375
PROBE acc tid=8 net=(70,188,101) tile=19 origin=(59,0,65) g=9.00030136e-06 n=6.7421875->6.7421875 c0:y=1.64559579,a=19.921875->19.921875 c1:y=4.87504864,a=24.203125->24.203125 c2:y=-6.54212332,a=-44.0625->-44.0625
PROBE acc tid=8 net=(70,188,102) tile=19 origin=(59,0,65) g=1.00135803e-05 n=6.7109375->6.7109375 c0:y=2.59864712,a=24.34375->24.34375 c1:y=4.16976643,a=19.859375->19.859375 c2:y=-6.78264046,a=-44.125->-44.125
PROBE acc tid=8 net=(70,188,103) tile=19 origin=(59,0,65) g=1.10864639e-05 n=6.67578125->6.67578125 c0:y=4.41544867,a=32.4375->32.4375 c1:y=2.88728523,a=11.6640625->11.6640625 c2:y=-7.30485916,a=-43.96875->-43.96875
PROBE acc tid=8 net=(70,188,104) tile=19 origin=(59,0,65) g=1.22189522e-05 n=6.62890625->6.62890625 c0:y=5.67608547,a=34.9375->34.9375 c1:y=1.67597818,a=7.61328125->7.61328125 c2:y=-7.34769773,a=-42.46875->-42.46875
PROBE acc tid=8 net=(70,189,101) tile=19 origin=(59,0,65) g=7.68899918e-06 n=6.76171875->6.76171875 c0:y=1.35243726,a=19.84375->19.84375 c1:y=4.9394846,a=23.96875->23.96875 c2:y=-6.32121181,a=-43.75->-43.75
PROBE acc tid=8 net=(70,189,102) tile=19 origin=(59,0,65) g=8.5234642e-06 n=6.73046875->6.73046875 c0:y=1.41988409,a=14.7734375->14.7734375 c1:y=5.11627054,a=27.21875->27.21875 c2:y=-6.56659651,a=-41.96875->-41.96875
PROBE acc tid=8 net=(70,189,103) tile=19 origin=(59,0,65) g=9.41753387e-06 n=6.69140625->6.69140625 c0:y=1.44560289,a=13.796875->13.796875 c1:y=5.1788125,a=27.890625->27.890625 c2:y=-6.65527821,a=-41.6875->-41.6875
PROBE acc tid=8 net=(70,189,104) tile=19 origin=(59,0,65) g=1.04308128e-05 n=6.6484375->6.6484375 c0:y=1.49176955,a=13.6484375->13.6484375 c1:y=5.16454887,a=27.515625->27.515625 c2:y=-6.6869812,a=-41.21875->-41.21875
PROBE acc tid=8 net=(70,190,101) tile=19 origin=(59,0,65) g=6.55651093e-06 n=6.78125->6.78125 c0:y=3.50503588,a=35.90625->35.90625 c1:y=2.97296214,a=8.8515625->8.8515625 c2:y=-6.49088717,a=-44.5625->-44.5625
PROBE acc tid=8 net=(70,190,102) tile=19 origin=(59,0,65) g=7.27176666e-06 n=6.75->6.75 c0:y=1.5363934,a=29.34375->29.34375 c1:y=4.49928141,a=14.4609375->14.4609375 c2:y=-6.06271076,a=-43.71875->-43.71875
PROBE acc tid=8 net=(70,190,103) tile=19 origin=(59,0,65) g=8.04662704e-06 n=6.71484375->6.71484375 c0:y=1.31164265,a=19.578125->19.578125 c1:y=5.04505396,a=22.609375->22.609375 c2:y=-6.38685036,a=-42.1875->-42.1875
PROBE acc tid=8 net=(70,190,104) tile=19 origin=(59,0,65) g=8.88109207e-06 n=6.66796875->6.66796875 c0:y=1.35994935,a=10.3515625->10.3515625 c1:y=5.4169116,a=29.609375->29.609375 c2:y=-6.80959558,a=-40.03125->-40.03125
PROBE acc tid=8 net=(70,191,101) tile=19 origin=(59,0,65) g=5.54323196e-06 n=6.80078125->6.80078125 c0:y=5.04974031,a=39.625->39.625 c1:y=0.521650851,a=0.0975341797->0.0975341797 c2:y=-5.55288649,a=-39.5->-39.5
PROBE acc tid=8 net=(70,191,102) tile=19 origin=(59,0,65) g=6.13927841e-06 n=6.76953125->6.76953125 c0:y=3.37310076,a=38.03125->38.03125 c1:y=2.16991901,a=2.11523438->2.11523438 c2:y=-5.53897524,a=-39.96875->-39.96875
PROBE acc tid=8 net=(70,191,103) tile=19 origin=(59,0,65) g=6.7949295e-06 n=6.73046875->6.73046875 c0:y=1.46743023,a=35.9375->35.9375 c1:y=3.96414399,a=5.75390625->5.75390625 c2:y=-5.4457984,a=-41.5625->-41.5625
PROBE acc tid=8 net=(70,191,104) tile=19 origin=(59,0,65) g=7.51018524e-06 n=6.6875->6.6875 c0:y=1.16086769,a=28.84375->28.84375 c1:y=4.51716042,a=13.8203125->13.8203125 c2:y=-5.69941521,a=-42.59375->-42.59375
PROBE acc tid=8 net=(68,188,101) tile=21 origin=(59,54,0) g=0.0447998047 n=8.390625->8.4375 c0:y=8.70763111,a=60.125->60.5 c1:y=-3.12532067,a=-27->-27.140625 c2:y=-5.54552507,a=-32.875->-33.125
PROBE acc tid=8 net=(68,188,102) tile=21 origin=(59,54,0) g=0.0443725586 n=8.359375->8.40625 c0:y=8.65987492,a=60.28125->60.65625 c1:y=-3.18528891,a=-26.3125->-26.453125 c2:y=-5.4363699,a=-33.65625->-33.90625
PROBE acc tid=8 net=(68,188,103) tile=21 origin=(59,54,0) g=0.0438842773 n=8.3046875->8.3515625 c0:y=8.82611942,a=61.375->61.75 c1:y=-3.29597592,a=-26.546875->-26.6875 c2:y=-5.49090672,a=-34.53125->-34.78125
PROBE acc tid=8 net=(68,188,104) tile=21 origin=(59,54,0) g=0.0433044434 n=8.25->8.296875 c0:y=8.85190582,a=61.6875->62.0625 c1:y=-3.27867723,a=-25.75->-25.890625 c2:y=-5.53305054,a=-35.625->-35.875
PROBE acc tid=8 net=(68,189,101) tile=21 origin=(59,54,0) g=0.0419006348 n=8.4140625->8.453125 c0:y=8.65833664,a=60.75->61.125 c1:y=-3.17100596,a=-27.09375->-27.234375 c2:y=-5.45032692,a=-33.34375->-33.5625
PROBE acc tid=8 net=(68,189,102) tile=21 origin=(59,54,0) g=0.0415039062 n=8.3828125->8.421875 c0:y=8.54118443,a=60->60.34375 c1:y=-3.07282662,a=-25.109375->-25.234375 c2:y=-5.43151426,a=-34.5625->-34.78125
PROBE acc tid=8 net=(68,189,103) tile=21 origin=(59,54,0) g=0.0410461426 n=8.328125->8.3671875 c0:y=8.63559532,a=60.25->60.59375 c1:y=-3.02852416,a=-24.21875->-24.34375 c2:y=-5.57052708,a=-35.71875->-35.9375
PROBE acc tid=8 net=(68,189,104) tile=21 origin=(59,54,0) g=0.0405273438 n=8.2734375->8.3125 c0:y=8.60958099,a=60.28125->60.625 c1:y=-2.95258737,a=-23.328125->-23.453125 c2:y=-5.62025881,a=-36.65625->-36.875
PROBE acc tid=8 net=(68,190,101) tile=21 origin=(59,54,0) g=0.0391235352 n=8.4375->8.4765625 c0:y=8.61751461,a=61.96875->62.3125 c1:y=-3.28221154,a=-29.65625->-29.78125 c2:y=-5.29765987,a=-32.03125->-32.25
PROBE acc tid=8 net=(68,190,102) tile=21 origin=(59,54,0) g=0.0387573242 n=8.40625->8.4453125 c0:y=8.53532791,a=61.15625->61.5 c1:y=-3.14964008,a=-27.375->-27.5 c2:y=-5.34871721,a=-33.46875->-33.6875
PROBE acc tid=8 net=(68,190,103) tile=21 origin=(59,54,0) g=0.0383300781 n=8.3515625->8.390625 c0:y=8.5981884,a=60.6875->61.03125 c1:y=-2.97847271,a=-25.078125->-25.1875 c2:y=-5.5837574,a=-35.3125->-35.53125
PROBE acc tid=8 net=(68,190,104) tile=21 origin=(59,54,0) g=0.0378417969 n=8.3046875->8.34375 c0:y=8.56448269,a=60.09375->60.40625 c1:y=-2.85644984,a=-23.3125->-23.421875 c2:y=-5.67261887,a=-36.53125->-36.75
PROBE acc tid=8 net=(68,191,101) tile=21 origin=(59,54,0) g=0.0364685059 n=8.4609375->8.5 c0:y=8.64403439,a=63.40625->63.71875 c1:y=-3.33367372,a=-32.9375->-33.0625 c2:y=-5.27133512,a=-30.140625->-30.328125
PROBE acc tid=8 net=(68,191,102) tile=21 origin=(59,54,0) g=0.0361328125 n=8.4296875->8.46875 c0:y=8.57577324,a=62.28125->62.59375 c1:y=-3.19567347,a=-30.921875->-31.03125 c2:y=-5.34170246,a=-31.078125->-31.265625
PROBE acc tid=8 net=(68,191,103) tile=21 origin=(59,54,0) g=0.035736084 n=8.375->8.4140625 c0:y=8.61660194,a=61.75->62.0625 c1:y=-2.99901509,a=-28.625->-28.734375 c2:y=-5.58026838,a=-32.8125->-33
PROBE acc tid=8 net=(68,191,104) tile=21 origin=(59,54,0) g=0.0352478027 n=8.3203125->8.359375 c0:y=8.61716557,a=61.1875->61.5 c1:y=-2.84499526,a=-26.40625->-26.5 c2:y=-5.73577261,a=-34.5->-34.6875
PROBE acc tid=8 net=(69,188,101) tile=21 origin=(59,54,0) g=0.063659668 n=7.578125->7.640625 c0:y=9.39855671,a=54.90625->55.5 c1:y=-2.68788552,a=-17.296875->-17.46875 c2:y=-6.67918968,a=-37.34375->-37.78125
PROBE acc tid=8 net=(69,188,102) tile=21 origin=(59,54,0) g=0.0630493164 n=7.546875->7.609375 c0:y=9.33450413,a=56->56.59375 c1:y=-2.59694934,a=-17.8125->-17.96875 c2:y=-6.70549059,a=-37.9375->-38.375
PROBE acc tid=8 net=(69,188,103) tile=21 origin=(59,54,0) g=0.0623779297 n=7.50390625->7.56640625 c0:y=9.50316715,a=57.90625->58.5 c1:y=-2.6203351,a=-19.109375->-19.265625 c2:y=-6.84963703,a=-38.5->-38.9375
PROBE acc tid=8 net=(69,188,104) tile=21 origin=(59,54,0) g=0.0615539551 n=7.44921875->7.51171875 c0:y=9.61344624,a=58.4375->59.03125 c1:y=-2.65321064,a=-19.1875->-19.34375 c2:y=-6.92559576,a=-39->-39.4375
PROBE acc tid=8 net=(69,189,101) tile=21 origin=(59,54,0) g=0.0595703125 n=7.6015625->7.66015625 c0:y=9.25294495,a=55->55.5625 c1:y=-2.6376071,a=-17.921875->-18.078125 c2:y=-6.5843811,a=-36.84375->-37.25
PROBE acc tid=8 net=(69,189,102) tile=21 origin=(59,54,0) g=0.0589904785 n=7.5703125->7.62890625 c0:y=9.13638401,a=55.3125->55.84375 c1:y=-2.4964993,a=-16.953125->-17.09375 c2:y=-6.60950041,a=-38.125->-38.5
PROBE acc tid=8 net=(69,189,103) tile=21 origin=(59,54,0) g=0.0583496094 n=7.5234375->7.58203125 c0:y=9.26752853,a=56.625->57.15625 c1:y=-2.43196845,a=-16.96875->-17.109375 c2:y=-6.80520248,a=-39.375->-39.78125
PROBE acc tid=8 net=(69,189,104) tile=21 origin=(59,54,0) g=0.0575866699 n=7.4765625->7.53515625 c0:y=9.34996223,a=57.5625->58.09375 c1:y=-2.39720368,a=-16.90625->-17.046875 c2:y=-6.92174864,a=-40.375->-40.78125
PROBE acc tid=8 net=(69,190,101) tile=21 origin=(59,54,0) g=0.0556030273 n=7.625->7.6796875 c0:y=9.20312595,a=55.625->56.125 c1:y=-2.68323517,a=-21.859375->-22.015625 c2:y=-6.48799181,a=-33.5->-33.875
PROBE acc tid=8 net=(69,190,102) tile=21 origin=(59,54,0) g=0.0550842285 n=7.58984375->7.64453125 c0:y=9.2921896,a=56.5->57 c1:y=-2.63951659,a=-20.203125->-20.34375 c2:y=-6.62041759,a=-36.0625->-36.4375
PROBE acc tid=8 net=(69,190,103) tile=21 origin=(59,54,0) g=0.054473877 n=7.54296875->7.59765625 c0:y=9.40854359,a=56.84375->57.34375 c1:y=-2.54407811,a=-18.375->-18.515625 c2:y=-6.83280134,a=-38.25->-38.625
PROBE acc tid=8 net=(69,190,104) tile=21 origin=(59,54,0) g=0.0537719727 n=7.5->7.5546875 c0:y=9.44689178,a=56.59375->57.09375 c1:y=-2.49836469,a=-16.6875->-16.828125 c2:y=-6.91699028,a=-39.65625->-40.03125
PROBE acc tid=8 net=(69,191,101) tile=21 origin=(59,54,0) g=0.0518493652 n=7.640625->7.69140625 c0:y=8.70382214,a=54.1875->54.625 c1:y=-2.57737327,a=-24.546875->-24.6875 c2:y=-6.0950942,a=-29.359375->-29.671875
PROBE acc tid=8 net=(69,191,102) tile=21 origin=(59,54,0) g=0.051361084 n=7.609375->7.66015625 c0:y=8.91353703,a=55.28125->55.75 c1:y=-2.56855917,a=-23.90625->-24.03125 c2:y=-6.31295681,a=-31.125->-31.453125
PROBE acc tid=8 net=(69,191,103) tile=21 origin=(59,54,0) g=0.05078125 n=7.56640625->7.6171875 c0:y=9.35359955,a=56.59375->57.0625 c1:y=-2.60843754,a=-23.109375->-23.234375 c2:y=-6.71192122,a=-33.21875->-33.5625
PROBE acc tid=8 net=(69,191,104) tile=21 origin=(59,54,0) g=0.0501098633 n=7.51953125->7.5703125 c0:y=9.44759655,a=57.71875->58.1875 c1:y=-2.58165622,a=-21.625->-21.75 c2:y=-6.8329463,a=-35.84375->-36.1875
PROBE acc tid=8 net=(70,188,101) tile=21 origin=(59,54,0) g=0.0891113281 n=6.7421875->6.83203125 c0:y=1.58102334,a=19.921875->20.0625 c1:y=5.20850563,a=24.203125->24.671875 c2:y=-6.81400299,a=-44.0625->-44.65625
PROBE acc tid=8 net=(70,188,102) tile=21 origin=(59,54,0) g=0.0882568359 n=6.7109375->6.80078125 c0:y=2.05315638,a=24.34375->24.53125 c1:y=4.60285234,a=19.859375->20.265625 c2:y=-6.67304611,a=-44.125->-44.71875
PROBE acc tid=8 net=(70,188,103) tile=21 origin=(59,54,0) g=0.0872802734 n=6.67578125->6.76171875 c0:y=4.28474092,a=32.4375->32.8125 c1:y=3.104141,a=11.6640625->11.9375 c2:y=-7.39322472,a=-43.96875->-44.625
PROBE acc tid=8 net=(70,188,104) tile=21 origin=(59,54,0) g=0.0861206055 n=6.62890625->6.71484375 c0:y=5.56568909,a=34.9375->35.40625 c1:y=1.90027964,a=7.61328125->7.77734375 c2:y=-7.46262503,a=-42.46875->-43.125
PROBE acc tid=8 net=(70,189,101) tile=21 origin=(59,54,0) g=0.0833740234 n=6.76171875->6.84375 c0:y=1.53274953,a=19.84375->19.96875 c1:y=5.11044693,a=23.96875->24.390625 c2:y=-6.66705179,a=-43.75->-44.3125
PROBE acc tid=8 net=(70,189,102) tile=21 origin=(59,54,0) g=0.0825805664 n=6.73046875->6.8125 c0:y=1.5339818,a=14.7734375->14.8984375 c1:y=5.18982601,a=27.21875->27.640625 c2:y=-6.74828339,a=-41.96875->-42.53125
PROBE acc tid=8 net=(70,189,103) tile=21 origin=(59,54,0) g=0.0816040039 n=6.69140625->6.7734375 c0:y=1.56692636,a=13.796875->13.921875 c1:y=5.28801346,a=27.890625->28.328125 c2:y=-6.88076496,a=-41.6875->-42.25
PROBE acc tid=8 net=(70,189,104) tile=21 origin=(59,54,0) g=0.0805664062 n=6.6484375->6.73046875 c0:y=1.53982711,a=13.6484375->13.7734375 c1:y=5.33799267,a=27.515625->27.953125 c2:y=-6.9054141,a=-41.21875->-41.78125
PROBE acc tid=8 net=(70,190,101) tile=21 origin=(59,54,0) g=0.0778198242 n=6.78125->6.859375 c0:y=5.00837326,a=35.90625->36.28125 c1:y=2.41227698,a=8.8515625->9.0390625 c2:y=-7.41701603,a=-44.5625->-45.125
PROBE acc tid=8 net=(70,190,102) tile=21 origin=(59,54,0) g=0.0770874023 n=6.75->6.828125 c0:y=3.44716954,a=29.34375->29.609375 c1:y=3.50590301,a=14.4609375->14.734375 c2:y=-6.96350336,a=-43.71875->-44.25
PROBE acc tid=8 net=(70,190,103) tile=21 origin=(59,54,0) g=0.0762329102 n=6.71484375->6.79296875 c0:y=1.48752654,a=19.578125->19.6875 c1:y=4.97263622,a=22.609375->22.984375 c2:y=-6.48636627,a=-42.1875->-42.6875
PROBE acc tid=8 net=(70,190,104) tile=21 origin=(59,54,0) g=0.0752563477 n=6.66796875->6.7421875 c0:y=1.41819632,a=10.3515625->10.4609375 c1:y=5.41658115,a=29.609375->30.015625 c2:y=-6.86683989,a=-40.03125->-40.5625
PROBE acc tid=8 net=(70,191,101) tile=21 origin=(59,54,0) g=0.0725097656 n=6.80078125->6.875 c0:y=6.41859818,a=39.625->40.09375 c1:y=0.666651726,a=0.0975341797->0.145874023 c2:y=-7.06749105,a=-39.5->-40
PROBE acc tid=8 net=(70,191,102) tile=21 origin=(59,54,0) g=0.0718383789 n=6.76953125->6.83984375 c0:y=6.09120989,a=38.03125->38.46875 c1:y=1.13423014,a=2.11523438->2.19726562 c2:y=-7.21384907,a=-39.96875->-40.5
PROBE acc tid=8 net=(70,191,103) tile=21 origin=(59,54,0) g=0.0710449219 n=6.73046875->6.80078125 c0:y=5.56733894,a=35.9375->36.34375 c1:y=1.90154576,a=5.75390625->5.890625 c2:y=-7.46376657,a=-41.5625->-42.09375
PROBE acc tid=8 net=(70,191,104) tile=21 origin=(59,54,0) g=0.0701293945 n=6.6875->6.7578125 c0:y=2.75162745,a=28.84375->29.03125 c1:y=4.02674007,a=13.8203125->14.1015625 c2:y=-6.79624748,a=-42.59375->-43.0625
PROBE acc tid=8 net=(68,188,101) tile=22 origin=(59,54,65) g=0.00201225281 n=8.4375->8.4375 c0:y=8.11076069,a=60.5->60.53125 c1:y=-3.39950037,a=-27.140625->-27.140625 c2:y=-4.67279196,a=-33.125->-33.125
PROBE acc tid=8 net=(68,188,102) tile=22 origin=(59,54,65) g=0.0022315979 n=8.40625->8.40625 c0:y=8.08674908,a=60.65625->60.6875 c1:y=-3.33919835,a=-26.453125->-26.453125 c2:y=-4.70801306,a=-33.90625->-33.90625
PROBE acc tid=8 net=(68,188,103) tile=22 origin=(59,54,65) g=0.00247001648 n=8.3515625->8.3515625 c0:y=8.17031479,a=61.75->61.78125 c1:y=-3.34494424,a=-26.6875->-26.703125 c2:y=-4.78471899,a=-34.78125->-34.78125
PROBE acc tid=8 net=(68,188,104) tile=22 origin=(59,54,65) g=0.00272941589 n=8.296875->8.296875 c0:y=8.19471455,a=62.0625->62.09375 c1:y=-3.28364444,a=-25.890625->-25.90625 c2:y=-4.86931944,a=-35.875->-35.875
PROBE acc tid=8 net=(68,189,101) tile=22 origin=(59,54,65) g=0.00188159943 n=8.453125->8.453125 c0:y=8.11658382,a=61.125->61.125 c1:y=-3.5157361,a=-27.234375->-27.234375 c2:y=-4.56238127,a=-33.5625->-33.5625
PROBE acc tid=8 net=(68,189,102) tile=22 origin=(59,54,65) g=0.0020866394 n=8.421875->8.421875 c0:y=8.02188969,a=60.34375->60.375 c1:y=-3.30028319,a=-25.234375->-25.234375 c2:y=-4.68334198,a=-34.78125->-34.78125
PROBE acc tid=8 net=(68,189,103) tile=22 origin=(59,54,65) g=0.00230979919 n=8.3671875->8.3671875 c0:y=8.02076435,a=60.59375->60.625 c1:y=-3.19610167,a=-24.34375->-24.34375 c2:y=-4.78612375,a=-35.9375->-35.9375
PROBE acc tid=8 net=(68,189,104) tile=22 origin=(59,54,65) g=0.00255203247 n=8.3125->8.3125 c0:y=7.99452019,a=60.625->60.65625 c1:y=-3.08522367,a=-23.453125->-23.46875 c2:y=-4.87044334,a=-36.875->-36.875
PROBE acc tid=8 net=(68,190,101) tile=22 origin=(59,54,65) g=0.00175666809 n=8.4765625->8.4765625 c0:y=8.09706593,a=62.3125->62.3125 c1:y=-3.69139004,a=-29.78125->-29.78125 c2:y=-4.3669467,a=-32.25->-32.25
PROBE acc tid=8 net=(68,190,102) tile=22 origin=(59,54,65) g=0.00194835663 n=8.4453125->8.4453125 c0:y=8.04691124,a=61.5->61.53125 c1:y=-3.44971657,a=-27.5->-27.5 c2:y=-4.55849218,a=-33.6875->-33.6875
PROBE acc tid=8 net=(68,190,103) tile=22 origin=(59,54,65) g=0.0021572113 n=8.390625->8.390625 c0:y=8.02242756,a=61.03125->61.0625 c1:y=-3.28556132,a=-25.1875->-25.1875 c2:y=-4.69830847,a=-35.53125->-35.53125
PROBE acc tid=8 net=(68,190,104) tile=22 origin=(59,54,65) g=0.00238227844 n=8.34375->8.34375 c0:y=7.98542309,a=60.40625->60.4375 c1:y=-3.12731433,a=-23.421875->-23.421875 c2:y=-4.81987906,a=-36.75->-36.75
PROBE acc tid=8 net=(68,191,101) tile=22 origin=(59,54,65) g=0.0016374588 n=8.5->8.5 c0:y=8.09966469,a=63.71875->63.71875 c1:y=-3.78659487,a=-33.0625->-33.0625 c2:y=-4.27369738,a=-30.328125->-30.328125
PROBE acc tid=8 net=(68,191,102) tile=22 origin=(59,54,65) g=0.0018157959 n=8.46875->8.46875 c0:y=8.07721424,a=62.59375->62.59375 c1:y=-3.62062311,a=-31.03125->-31.03125 c2:y=-4.41743374,a=-31.265625->-31.28125
PROBE acc tid=8 net=(68,191,103) tile=22 origin=(59,54,65) g=0.00201034546 n=8.4140625->8.4140625 c0:y=8.05553341,a=62.0625->62.09375 c1:y=-3.49638081,a=-28.734375->-28.734375 c2:y=-4.52047729,a=-33->-33
PROBE acc tid=8 net=(68,191,104) tile=22 origin=(59,54,65) g=0.00222206116 n=8.359375->8.359375 c0:y=8.04589558,a=61.5->61.53125 c1:y=-3.29606128,a=-26.5->-26.5 c2:y=-4.71162128,a=-34.6875->-34.6875
PROBE acc tid=8 net=(69,188,101) tile=22 origin=(59,54,65) g=0.0028591156 n=7.640625->7.64453125 c0:y=8.81438828,a=55.5->55.53125 c1:y=-2.60776186,a=-17.46875->-17.46875 c2:y=-6.17197466,a=-37.78125->-37.8125
PROBE acc tid=8 net=(69,188,102) tile=22 origin=(59,54,65) g=0.00317001343 n=7.609375->7.61328125 c0:y=8.79216003,a=56.59375->56.625 c1:y=-2.53411293,a=-17.96875->-17.984375 c2:y=-6.22324848,a=-38.375->-38.40625
PROBE acc tid=8 net=(69,188,103) tile=22 origin=(59,54,65) g=0.00350952148 n=7.56640625->7.5703125 c0:y=8.9104538,a=58.5->58.53125 c1:y=-2.56523418,a=-19.265625->-19.28125 c2:y=-6.30931664,a=-38.9375->-38.96875
PROBE acc tid=8 net=(69,188,104) tile=22 origin=(59,54,65) g=0.00387763977 n=7.51171875->7.515625 c0:y=8.95436096,a=59.03125->59.0625 c1:y=-2.56786346,a=-19.34375->-19.359375 c2:y=-6.34958601,a=-39.4375->-39.46875
PROBE acc tid=8 net=(69,189,101) tile=22 origin=(59,54,65) g=0.00267410278 n=7.66015625->7.6640625 c0:y=8.68836498,a=55.5625->55.59375 c1:y=-2.60606956,a=-18.078125->-18.078125 c2:y=-6.04816437,a=-37.25->-37.28125
PROBE acc tid=8 net=(69,189,102) tile=22 origin=(59,54,65) g=0.00296592712 n=7.62890625->7.6328125 c0:y=8.60560894,a=55.84375->55.875 c1:y=-2.46075773,a=-17.09375->-17.09375 c2:y=-6.11161137,a=-38.5->-38.53125
PROBE acc tid=8 net=(69,189,103) tile=22 origin=(59,54,65) g=0.003282547 n=7.58203125->7.5859375 c0:y=8.66298008,a=57.15625->57.1875 c1:y=-2.40193295,a=-17.109375->-17.125 c2:y=-6.22749949,a=-39.78125->-39.8125
PROBE acc tid=8 net=(69,189,104) tile=22 origin=(59,54,65) g=0.0036277771 n=7.53515625->7.5390625 c0:y=8.81284904,a=58.09375->58.125 c1:y=-2.39933586,a=-17.046875->-17.0625 c2:y=-6.37909985,a=-40.78125->-40.8125
PROBE acc tid=8 net=(69,190,101) tile=22 origin=(59,54,65) g=0.00249671936 n=7.6796875->7.68359375 c0:y=8.72197628,a=56.125->56.15625 c1:y=-2.98719978,a=-22.015625->-22.015625 c2:y=-5.69934416,a=-33.875->-33.875
PROBE acc tid=8 net=(69,190,102) tile=22 origin=(59,54,65) g=0.00276947021 n=7.64453125->7.6484375 c0:y=8.84355736,a=57->57.03125 c1:y=-2.83854342,a=-20.34375->-20.359375 c2:y=-5.96933126,a=-36.4375->-36.46875
PROBE acc tid=8 net=(69,190,103) tile=22 origin=(59,54,65) g=0.00306510925 n=7.59765625->7.6015625 c0:y=8.89283848,a=57.34375->57.375 c1:y=-2.64264202,a=-18.515625->-18.53125 c2:y=-6.21447229,a=-38.625->-38.65625
PROBE acc tid=8 net=(69,190,104) tile=22 origin=(59,54,65) g=0.00338745117 n=7.5546875->7.55859375 c0:y=8.86363602,a=57.09375->57.125 c1:y=-2.48367667,a=-16.828125->-16.84375 c2:y=-6.34506702,a=-40.03125->-40.0625
PROBE acc tid=8 net=(69,191,101) tile=22 origin=(59,54,65) g=0.00232696533 n=7.69140625->7.6953125 c0:y=8.23451614,a=54.625->54.65625 c1:y=-2.87460566,a=-24.6875->-24.6875 c2:y=-5.32511806,a=-29.671875->-29.6875
PROBE acc tid=8 net=(69,191,102) tile=22 origin=(59,54,65) g=0.0025806427 n=7.66015625->7.6640625 c0:y=8.46173954,a=55.75->55.78125 c1:y=-2.86932874,a=-24.03125->-24.03125 c2:y=-5.55671358,a=-31.453125->-31.46875
PROBE acc tid=8 net=(69,191,103) tile=22 origin=(59,54,65) g=0.00285720825 n=7.6171875->7.62109375 c0:y=8.7457304,a=57.0625->57.09375 c1:y=-2.94952178,a=-23.234375->-23.25 c2:y=-5.75920391,a=-33.5625->-33.59375
PROBE acc tid=8 net=(69,191,104) tile=22 origin=(59,54,65) g=0.00315666199 n=7.5703125->7.57421875 c0:y=8.95251465,a=58.1875->58.21875 c1:y=-2.78157973,a=-21.75->-21.765625 c2:y=-6.13366175,a=-36.1875->-36.21875
PROBE acc tid=8 net=(70,188,101) tile=22 origin=(59,54,65) g=0.00400161743 n=6.83203125->6.8359375 c0:y=1.76984155,a=20.0625->20.0625 c1:y=5.09288502,a=24.671875->24.6875 c2:y=-6.88062,a=-44.65625->-44.6875
PROBE acc tid=8 net=(70,188,102) tile=22 origin=(59,54,65) g=0.00443649292 n=6.80078125->6.8046875 c0:y=2.28362322,a=24.53125->24.546875 c1:y=4.49436235,a=20.265625->20.28125 c2:y=-6.7854538,a=-44.71875->-44.75
PROBE acc tid=8 net=(70,188,103) tile=22 origin=(59,54,65) g=0.00490951538 n=6.76171875->6.765625 c0:y=4.22381115,a=32.8125->32.84375 c1:y=2.83230567,a=11.9375->11.953125 c2:y=-7.05069923,a=-44.625->-44.65625
PROBE acc tid=8 net=(70,188,104) tile=22 origin=(59,54,65) g=0.00542449951 n=6.71484375->6.71875 c0:y=5.19507074,a=35.40625->35.4375 c1:y=1.92035651,a=7.77734375->7.7890625 c2:y=-7.1060729,a=-43.125->-43.15625
PROBE acc tid=8 net=(70,189,101) tile=22 origin=(59,54,65) g=0.00374221802 n=6.84375->6.84765625 c0:y=1.71643674,a=19.96875->19.96875 c1:y=4.97798491,a=24.390625->24.40625 c2:y=-6.71156883,a=-44.3125->-44.34375
PROBE acc tid=8 net=(70,189,102) tile=22 origin=(59,54,65) g=0.00415039062 n=6.8125->6.81640625 c0:y=1.72894907,a=14.8984375->14.90625 c1:y=5.02094841,a=27.640625->27.65625 c2:y=-6.76767731,a=-42.53125->-42.5625
PROBE acc tid=8 net=(70,189,103) tile=22 origin=(59,54,65) g=0.00459289551 n=6.7734375->6.77734375 c0:y=1.70304835,a=13.921875->13.9296875 c1:y=5.04174328,a=28.328125->28.34375 c2:y=-6.76370716,a=-42.25->-42.28125
PROBE acc tid=8 net=(70,189,104) tile=22 origin=(59,54,65) g=0.00507354736 n=6.73046875->6.734375 c0:y=1.68522716,a=13.7734375->13.78125 c1:y=5.13832331,a=27.953125->27.984375 c2:y=-6.845263,a=-41.78125->-41.8125
PROBE acc tid=8 net=(70,190,101) tile=22 origin=(59,54,65) g=0.0034942627 n=6.859375->6.86328125 c0:y=4.60190296,a=36.28125->36.3125 c1:y=2.33035445,a=9.0390625->9.046875 c2:y=-6.92193937,a=-45.125->-45.15625
PROBE acc tid=8 net=(70,190,102) tile=22 origin=(59,54,65) g=0.00387382507 n=6.828125->6.83203125 c0:y=3.72213387,a=29.609375->29.625 c1:y=3.16999769,a=14.734375->14.75 c2:y=-6.8911972,a=-44.25->-44.28125
PROBE acc tid=8 net=(70,190,103) tile=22 origin=(59,54,65) g=0.00428771973 n=6.79296875->6.796875 c0:y=1.91914737,a=19.6875->19.703125 c1:y=4.52499628,a=22.984375->23 c2:y=-6.4588933,a=-42.6875->-42.71875
PROBE acc tid=8 net=(70,190,104) tile=22 origin=(59,54,65) g=0.004737854 n=6.7421875->6.74609375 c0:y=1.53455937,a=10.4609375->10.46875 c1:y=5.19291544,a=30.015625->30.046875 c2:y=-6.75324202,a=-40.5625->-40.59375
PROBE acc tid=8 net=(70,191,101) tile=22 origin=(59,54,65) g=0.00325775146 n=6.875->6.87890625 c0:y=5.76494932,a=40.09375->40.125 c1:y=0.710236609,a=0.145874023->0.148193359 c2:y=-6.45285034,a=-40->-40.03125
PROBE acc tid=8 net=(70,191,102) tile=22 origin=(59,54,65) g=0.00361061096 n=6.83984375->6.84375 c0:y=5.61173153,a=38.46875->38.5 c1:y=1.04503572,a=2.19726562->2.20117188 c2:y=-6.6380744,a=-40.5->-40.53125
PROBE acc tid=8 net=(70,191,103) tile=22 origin=(59,54,65) g=0.00399780273 n=6.80078125->6.8046875 c0:y=5.07834864,a=36.34375->36.375 c1:y=1.66492927,a=5.890625->5.8984375 c2:y=-6.73156214,a=-42.09375->-42.125
PROBE acc tid=8 net=(70,191,104) tile=22 origin=(59,54,65) g=0.00441741943 n=6.7578125->6.76171875 c0:y=3.21281528,a=29.03125->29.046875 c1:y=3.56382298,a=14.1015625->14.1171875 c2:y=-6.78068781,a=-43.0625->-43.09375
PROBE acc tid=8 net=(68,188,101) tile=24 origin=(59,108,0) g=0.125610352 n=8.4375->8.5625 c0:y=8.41260529,a=60.53125->61.59375 c1:y=-3.46576691,a=-27.140625->-27.578125 c2:y=-4.904634,a=-33.125->-33.75
PROBE acc tid=8 net=(68,188,102) tile=24 origin=(59,108,0) g=0.124450684 n=8.40625->8.53125 c0:y=8.40333748,a=60.6875->61.71875 c1:y=-3.55414128,a=-26.453125->-26.890625 c2:y=-4.80531216,a=-33.90625->-34.5
PROBE acc tid=8 net=(68,188,103) tile=24 origin=(59,108,0) g=0.123046875 n=8.3515625->8.4765625 c0:y=8.55073929,a=61.78125->62.84375 c1:y=-3.62776184,a=-26.703125->-27.15625 c2:y=-4.8783288,a=-34.78125->-35.375
PROBE acc tid=8 net=(68,188,104) tile=24 origin=(59,108,0) g=0.121459961 n=8.296875->8.421875 c0:y=8.54105186,a=62.09375->63.125 c1:y=-3.49020648,a=-25.90625->-26.328125 c2:y=-5.00614023,a=-35.875->-36.46875
PROBE acc tid=8 net=(68,189,101) tile=24 origin=(59,108,0) g=0.129150391 n=8.453125->8.5859375 c0:y=8.42986298,a=61.125->62.21875 c1:y=-3.51290178,a=-27.234375->-27.6875 c2:y=-4.87492085,a=-33.5625->-34.1875
PROBE acc tid=8 net=(68,189,102) tile=24 origin=(59,108,0) g=0.127807617 n=8.421875->8.546875 c0:y=8.33336735,a=60.375->61.4375 c1:y=-3.42241764,a=-25.234375->-25.671875 c2:y=-4.86908531,a=-34.78125->-35.40625
PROBE acc tid=8 net=(68,189,103) tile=24 origin=(59,108,0) g=0.126464844 n=8.3671875->8.4921875 c0:y=8.37922859,a=60.625->61.6875 c1:y=-3.33391976,a=-24.34375->-24.765625 c2:y=-5.00404167,a=-35.9375->-36.5625
PROBE acc tid=8 net=(68,189,104) tile=24 origin=(59,108,0) g=0.124816895 n=8.3125->8.4375 c0:y=8.27274323,a=60.65625->61.6875 c1:y=-3.1266284,a=-23.46875->-23.859375 c2:y=-5.10554314,a=-36.875->-37.5
PROBE acc tid=8 net=(68,190,101) tile=24 origin=(59,108,0) g=0.132324219 n=8.4765625->8.609375 c0:y=8.45199013,a=62.3125->63.4375 c1:y=-3.66549802,a=-29.78125->-30.265625 c2:y=-4.74393606,a=-32.25->-32.875
PROBE acc tid=8 net=(68,190,102) tile=24 origin=(59,108,0) g=0.131103516 n=8.4453125->8.578125 c0:y=8.36964989,a=61.53125->62.625 c1:y=-3.53233027,a=-27.5->-27.96875 c2:y=-4.79533243,a=-33.6875->-34.3125
PROBE acc tid=8 net=(68,190,103) tile=24 origin=(59,108,0) g=0.129638672 n=8.390625->8.5234375 c0:y=8.36668587,a=61.0625->62.15625 c1:y=-3.31418514,a=-25.1875->-25.609375 c2:y=-5.01180315,a=-35.53125->-36.1875
PROBE acc tid=8 net=(68,190,104) tile=24 origin=(59,108,0) g=0.127929688 n=8.34375->8.46875 c0:y=8.24758244,a=60.4375->61.5 c1:y=-3.08149314,a=-23.421875->-23.8125 c2:y=-5.12661076,a=-36.75->-37.40625
PROBE acc tid=8 net=(68,191,101) tile=24 origin=(59,108,0) g=0.135498047 n=8.5->8.6328125 c0:y=8.50151825,a=63.71875->64.875 c1:y=-3.78116059,a=-33.0625->-33.5625 c2:y=-4.67704296,a=-30.328125->-30.96875
PROBE acc tid=8 net=(68,191,102) tile=24 origin=(59,108,0) g=0.134277344 n=8.46875->8.6015625 c0:y=8.41091251,a=62.59375->63.71875 c1:y=-3.62568521,a=-31.03125->-31.515625 c2:y=-4.74238205,a=-31.28125->-31.921875
PROBE acc tid=8 net=(68,191,103) tile=24 origin=(59,108,0) g=0.13269043 n=8.4140625->8.546875 c0:y=8.3837738,a=62.09375->63.21875 c1:y=-3.36329579,a=-28.734375->-29.1875 c2:y=-4.97859192,a=-33->-33.65625
PROBE acc tid=8 net=(68,191,104) tile=24 origin=(59,108,0) g=0.130981445 n=8.359375->8.4921875 c0:y=8.28697968,a=61.53125->62.625 c1:y=-3.11519361,a=-26.5->-26.90625 c2:y=-5.13129997,a=-34.6875->-35.375
PROBE acc tid=8 net=(69,188,101) tile=24 origin=(59,108,0) g=0.178588867 n=7.64453125->7.82421875 c0:y=9.18497944,a=55.53125->57.15625 c1:y=-2.96626258,a=-17.46875->-18 c2:y=-6.18310022,a=-37.8125->-38.90625
PROBE acc tid=8 net=(69,188,102) tile=24 origin=(59,108,0) g=0.176879883 n=7.61328125->7.7890625 c0:y=9.14666462,a=56.625->58.25 c1:y=-2.91125107,a=-17.984375->-18.5 c2:y=-6.19909763,a=-38.40625->-39.5
PROBE acc tid=8 net=(69,188,103) tile=24 origin=(59,108,0) g=0.174926758 n=7.5703125->7.74609375 c0:y=9.35551929,a=58.53125->60.15625 c1:y=-2.94321442,a=-19.28125->-19.796875 c2:y=-6.37468338,a=-38.96875->-40.09375
PROBE acc tid=8 net=(69,188,104) tile=24 origin=(59,108,0) g=0.172607422 n=7.515625->7.6875 c0:y=9.39545536,a=59.0625->60.6875 c1:y=-2.89610052,a=-19.359375->-19.859375 c2:y=-6.46086979,a=-39.46875->-40.59375
PROBE acc tid=8 net=(69,189,101) tile=24 origin=(59,108,0) g=0.18347168 n=7.6640625->7.84765625 c0:y=9.03895664,a=55.59375->57.25 c1:y=-2.93744731,a=-18.078125->-18.609375 c2:y=-6.06652975,a=-37.28125->-38.40625
PROBE acc tid=8 net=(69,189,102) tile=24 origin=(59,108,0) g=0.181762695 n=7.6328125->7.81640625 c0:y=8.94264603,a=55.875->57.5 c1:y=-2.8054378,a=-17.09375->-17.609375 c2:y=-6.10269594,a=-38.53125->-39.625
PROBE acc tid=8 net=(69,189,103) tile=24 origin=(59,108,0) g=0.1796875 n=7.5859375->7.765625 c0:y=9.04888821,a=57.1875->58.8125 c1:y=-2.7091217,a=-17.125->-17.609375 c2:y=-6.30546618,a=-39.8125->-40.9375
PROBE acc tid=8 net=(69,189,104) tile=24 origin=(59,108,0) g=0.177368164 n=7.5390625->7.71484375 c0:y=9.11258602,a=58.125->59.75 c1:y=-2.62421036,a=-17.0625->-17.53125 c2:y=-6.45382118,a=-40.8125->-41.96875
PROBE acc tid=8 net=(69,190,101) tile=24 origin=(59,108,0) g=0.188110352 n=7.68359375->7.87109375 c0:y=9.03249741,a=56.15625->57.84375 c1:y=-3.09023094,a=-22.015625->-22.59375 c2:y=-5.90603209,a=-33.875->-35
PROBE acc tid=8 net=(69,190,102) tile=24 origin=(59,108,0) g=0.186401367 n=7.6484375->7.8359375 c0:y=9.1682291,a=57.03125->58.75 c1:y=-3.01910925,a=-20.359375->-20.921875 c2:y=-6.11221838,a=-36.46875->-37.59375
PROBE acc tid=8 net=(69,190,103) tile=24 origin=(59,108,0) g=0.184326172 n=7.6015625->7.78515625 c0:y=9.22276783,a=57.375->59.0625 c1:y=-2.87122941,a=-18.53125->-19.0625 c2:y=-6.31575871,a=-38.65625->-39.8125
PROBE acc tid=8 net=(69,190,104) tile=24 origin=(59,108,0) g=0.181884766 n=7.55859375->7.7421875 c0:y=9.12598324,a=57.125->58.78125 c1:y=-2.69397044,a=-16.84375->-17.328125 c2:y=-6.39758635,a=-40.0625->-41.21875
PROBE acc tid=8 net=(69,191,101) tile=24 origin=(59,108,0) g=0.192626953 n=7.6953125->7.88671875 c0:y=8.54602528,a=54.65625->56.3125 c1:y=-2.9862473,a=-24.6875->-25.265625 c2:y=-5.52367258,a=-29.6875->-30.75
PROBE acc tid=8 net=(69,191,102) tile=24 origin=(59,108,0) g=0.190795898 n=7.6640625->7.85546875 c0:y=8.70524693,a=55.78125->57.4375 c1:y=-2.99595594,a=-24.03125->-24.609375 c2:y=-5.6724267,a=-31.46875->-32.5625
PROBE acc tid=8 net=(69,191,103) tile=24 origin=(59,108,0) g=0.188598633 n=7.62109375->7.80859375 c0:y=9.03860474,a=57.09375->58.8125 c1:y=-3.01461315,a=-23.25->-23.8125 c2:y=-5.98682928,a=-33.59375->-34.71875
PROBE acc tid=8 net=(69,191,104) tile=24 origin=(59,108,0) g=0.186157227 n=7.57421875->7.76171875 c0:y=9.17277431,a=58.21875->59.9375 c1:y=-2.88596225,a=-21.765625->-22.296875 c2:y=-6.25000906,a=-36.21875->-37.375
PROBE acc tid=8 net=(70,188,101) tile=24 origin=(59,108,0) g=0.24987793 n=6.8359375->7.0859375 c0:y=1.67106485,a=20.0625->20.484375 c1:y=5.34485388,a=24.6875->26.015625 c2:y=-7.04081774,a=-44.6875->-46.4375
PROBE acc tid=8 net=(70,188,102) tile=24 origin=(59,108,0) g=0.247558594 n=6.8046875->7.05078125 c0:y=2.02409673,a=24.546875->25.046875 c1:y=4.71513796,a=20.28125->21.453125 c2:y=-6.75385046,a=-44.75->-46.4375
PROBE acc tid=8 net=(70,188,103) tile=24 origin=(59,108,0) g=0.244750977 n=6.765625->7.01171875 c0:y=4.32392645,a=32.84375->33.90625 c1:y=2.92777514,a=11.953125->12.671875 c2:y=-7.25290918,a=-44.65625->-46.4375
PROBE acc tid=8 net=(70,188,104) tile=24 origin=(59,108,0) g=0.241577148 n=6.71875->6.9609375 c0:y=5.22475719,a=35.4375->36.6875 c1:y=1.99016249,a=7.7890625->8.2734375 c2:y=-7.21070814,a=-43.15625->-44.90625
PROBE acc tid=8 net=(70,189,101) tile=24 origin=(59,108,0) g=0.256835938 n=6.84765625->7.10546875 c0:y=1.62445414,a=19.96875->20.390625 c1:y=5.17108774,a=24.40625->25.734375 c2:y=-6.81859398,a=-44.34375->-46.09375
PROBE acc tid=8 net=(70,189,102) tile=24 origin=(59,108,0) g=0.254394531 n=6.81640625->7.0703125 c0:y=1.61742818,a=14.90625->15.3203125 c1:y=5.21842766,a=27.65625->28.984375 c2:y=-6.85939884,a=-42.5625->-44.3125
PROBE acc tid=8 net=(70,189,103) tile=24 origin=(59,108,0) g=0.251464844 n=6.77734375->7.02734375 c0:y=1.65107286,a=13.9296875->14.34375 c1:y=5.31208086,a=28.34375->29.671875 c2:y=-6.98809719,a=-42.28125->-44.03125
PROBE acc tid=8 net=(70,189,104) tile=24 origin=(59,108,0) g=0.248168945 n=6.734375->6.984375 c0:y=1.59395468,a=13.78125->14.1796875 c1:y=5.34604311,a=27.984375->29.3125 c2:y=-6.96718693,a=-41.8125->-43.53125
PROBE acc tid=8 net=(70,190,101) tile=24 origin=(59,108,0) g=0.263183594 n=6.86328125->7.125 c0:y=4.65018845,a=36.3125->37.53125 c1:y=2.44166255,a=9.046875->9.6875 c2:y=-7.08627176,a=-45.15625->-47.03125
PROBE acc tid=8 net=(70,190,102) tile=24 origin=(59,108,0) g=0.260742188 n=6.83203125->7.09375 c0:y=3.76888466,a=29.625->30.609375 c1:y=3.20327806,a=14.75->15.5859375 c2:y=-6.97642517,a=-44.28125->-46.09375
PROBE acc tid=8 net=(70,190,103) tile=24 origin=(59,108,0) g=0.2578125 n=6.796875->7.0546875 c0:y=1.96819544,a=19.703125->20.203125 c1:y=4.64776564,a=23->24.203125 c2:y=-6.63576412,a=-42.71875->-44.4375
PROBE acc tid=8 net=(70,190,104) tile=24 origin=(59,108,0) g=0.254394531 n=6.74609375->7 c0:y=1.46918488,a=10.46875->10.84375 c1:y=5.36608315,a=30.046875->31.40625 c2:y=-6.86561823,a=-40.59375->-42.34375
PROBE acc tid=8 net=(70,191,101) tile=24 origin=(59,108,0) g=0.26953125 n=6.87890625->7.1484375 c0:y=5.88095951,a=40.125->41.71875 c1:y=0.679714501,a=0.148193359->0.331298828 c2:y=-6.54146671,a=-40.03125->-41.78125
PROBE acc tid=8 net=(70,191,102) tile=24 origin=(59,108,0) g=0.266845703 n=6.84375->7.109375 c0:y=5.59640837,a=38.5->40 c1:y=1.08357608,a=2.20117188->2.49023438 c2:y=-6.66614199,a=-40.53125->-42.3125
PROBE acc tid=8 net=(70,191,103) tile=24 origin=(59,108,0) g=0.263916016 n=6.8046875->7.0703125 c0:y=5.14509344,a=36.375->37.71875 c1:y=1.79537559,a=5.8984375->6.37109375 c2:y=-6.93202353,a=-42.125->-43.96875
PROBE acc tid=8 net=(70,191,104) tile=24 origin=(59,108,0) g=0.260498047 n=6.76171875->7.0234375 c0:y=3.25582886,a=29.046875->29.890625 c1:y=3.59813142,a=14.1171875->15.0546875 c2:y=-6.86292124,a=-43.09375->-44.875
PROBE acc tid=8 net=(68,188,101) tile=25 origin=(59,108,65) g=0.00564193726 n=8.5625->8.5703125 c0:y=8.1313839,a=61.59375->61.625 c1:y=-3.74276042,a=-27.578125->-27.59375 c2:y=-4.34759235,a=-33.75->-33.78125
PROBE acc tid=8 net=(68,188,102) tile=25 origin=(59,108,65) g=0.00625610352 n=8.53125->8.5390625 c0:y=8.12108421,a=61.71875->61.78125 c1:y=-3.69946098,a=-26.890625->-26.90625 c2:y=-4.37942553,a=-34.5->-34.53125
PROBE acc tid=8 net=(68,188,103) tile=25 origin=(59,108,65) g=0.00692367554 n=8.4765625->8.484375 c0:y=8.18072319,a=62.84375->62.90625 c1:y=-3.66354442,a=-27.15625->-27.1875 c2:y=-4.47410059,a=-35.375->-35.40625
PROBE acc tid=8 net=(68,188,104) tile=25 origin=(59,108,65) g=0.00765228271 n=8.421875->8.4296875 c0:y=8.14858532,a=63.125->63.1875 c1:y=-3.49127269,a=-26.328125->-26.359375 c2:y=-4.61355257,a=-36.46875->-36.5
PROBE acc tid=8 net=(68,189,101) tile=25 origin=(59,108,65) g=0.00579452515 n=8.5859375->8.59375 c0:y=8.15243244,a=62.21875->62.28125 c1:y=-3.78421855,a=-27.6875->-27.703125 c2:y=-4.32741213,a=-34.1875->-34.21875
PROBE acc tid=8 net=(68,189,102) tile=25 origin=(59,108,65) g=0.00642776489 n=8.546875->8.5546875 c0:y=8.02405262,a=61.4375->61.5 c1:y=-3.54428744,a=-25.671875->-25.6875 c2:y=-4.43934202,a=-35.40625->-35.4375
PROBE acc tid=8 net=(68,189,103) tile=25 origin=(59,108,65) g=0.0071144104 n=8.4921875->8.5 c0:y=7.96184921,a=61.6875->61.75 c1:y=-3.3477385,a=-24.765625->-24.796875 c2:y=-4.57400894,a=-36.5625->-36.59375
PROBE acc tid=8 net=(68,189,104) tile=25 origin=(59,108,65) g=0.00785827637 n=8.4375->8.4453125 c0:y=7.87404919,a=61.6875->61.75 c1:y=-3.11058402,a=-23.859375->-23.890625 c2:y=-4.72360086,a=-37.5->-37.53125
PROBE acc tid=8 net=(68,190,101) tile=25 origin=(59,108,65) g=0.00594329834 n=8.609375->8.6171875 c0:y=8.17124557,a=63.4375->63.5 c1:y=-3.99567056,a=-30.265625->-30.296875 c2:y=-4.13425303,a=-32.875->-32.90625
PROBE acc tid=8 net=(68,190,102) tile=25 origin=(59,108,65) g=0.00659179688 n=8.578125->8.5859375 c0:y=8.07992077,a=62.625->62.6875 c1:y=-3.70959997,a=-27.96875->-28 c2:y=-4.32920694,a=-34.3125->-34.34375
PROBE acc tid=8 net=(68,190,103) tile=25 origin=(59,108,65) g=0.00729370117 n=8.5234375->8.53125 c0:y=7.99072742,a=62.15625->62.21875 c1:y=-3.43002081,a=-25.609375->-25.640625 c2:y=-4.52041006,a=-36.1875->-36.21875
PROBE acc tid=8 net=(68,190,104) tile=25 origin=(59,108,65) g=0.00806427002 n=8.46875->8.4765625 c0:y=7.8825717,a=61.5->61.5625 c1:y=-3.1209209,a=-23.8125->-23.84375 c2:y=-4.72250414,a=-37.40625->-37.4375
PROBE acc tid=8 net=(68,191,101) tile=25 origin=(59,108,65) g=0.00608444214 n=8.6328125->8.640625 c0:y=8.20886707,a=64.875->64.9375 c1:y=-4.17537928,a=-33.5625->-33.59375 c2:y=-3.99132371,a=-30.96875->-31
PROBE acc tid=8 net=(68,191,102) tile=25 origin=(59,108,65) g=0.00674819946 n=8.6015625->8.609375 c0:y=8.13862324,a=63.71875->63.78125 c1:y=-3.95942569,a=-31.515625->-31.546875 c2:y=-4.13754225,a=-31.921875->-31.953125
PROBE acc tid=8 net=(68,191,103) tile=25 origin=(59,108,65) g=0.00746917725 n=8.546875->8.5546875 c0:y=8.04706192,a=63.21875->63.28125 c1:y=-3.71487474,a=-29.1875->-29.21875 c2:y=-4.29168606,a=-33.65625->-33.6875
PROBE acc tid=8 net=(68,191,104) tile=25 origin=(59,108,65) g=0.00825500488 n=8.4921875->8.5 c0:y=7.95447731,a=62.625->62.6875 c1:y=-3.34899163,a=-26.90625->-26.9375 c2:y=-4.56622219,a=-35.375->-35.40625
PROBE acc tid=8 net=(69,188,101) tile=25 origin=(59,108,65) g=0.00801849365 n=7.82421875->7.83203125 c0:y=8.87946033,a=57.15625->57.21875 c1:y=-2.95277762,a=-18->-18.03125 c2:y=-5.88937521,a=-38.90625->-38.96875
PROBE acc tid=8 net=(69,188,102) tile=25 origin=(59,108,65) g=0.00889587402 n=7.7890625->7.796875 c0:y=8.87966061,a=58.25->58.34375 c1:y=-2.89743543,a=-18.5->-18.53125 c2:y=-5.94455814,a=-39.5->-39.5625
PROBE acc tid=8 net=(69,188,103) tile=25 origin=(59,108,65) g=0.00984191895 n=7.74609375->7.7578125 c0:y=9.01844501,a=60.15625->60.25 c1:y=-2.91020107,a=-19.796875->-19.828125 c2:y=-6.06939793,a=-40.09375->-40.15625
PROBE acc tid=8 net=(69,188,104) tile=25 origin=(59,108,65) g=0.0108795166 n=7.6875->7.69921875 c0:y=9.0117588,a=60.6875->60.78125 c1:y=-2.81757808,a=-19.859375->-19.890625 c2:y=-6.15460587,a=-40.59375->-40.65625
PROBE acc tid=8 net=(69,189,101) tile=25 origin=(59,108,65) g=0.00823974609 n=7.84765625->7.85546875 c0:y=8.70657158,a=57.25->57.3125 c1:y=-2.92558694,a=-18.609375->-18.640625 c2:y=-5.74444389,a=-38.40625->-38.46875
PROBE acc tid=8 net=(69,189,102) tile=25 origin=(59,108,65) g=0.00913238525 n=7.81640625->7.82421875 c0:y=8.6363678,a=57.5->57.59375 c1:y=-2.77105093,a=-17.609375->-17.640625 c2:y=-5.82946491,a=-39.625->-39.6875
PROBE acc tid=8 net=(69,189,103) tile=25 origin=(59,108,65) g=0.0101089478 n=7.765625->7.77734375 c0:y=8.66688347,a=58.8125->58.90625 c1:y=-2.63945055,a=-17.609375->-17.640625 c2:y=-5.9916687,a=-40.9375->-41
PROBE acc tid=8 net=(69,189,104) tile=25 origin=(59,108,65) g=0.0111694336 n=7.71484375->7.7265625 c0:y=8.78798962,a=59.75->59.84375 c1:y=-2.56851649,a=-17.53125->-17.5625 c2:y=-6.1833005,a=-41.96875->-42.03125
PROBE acc tid=8 net=(69,190,101) tile=25 origin=(59,108,65) g=0.00844573975 n=7.87109375->7.87890625 c0:y=8.7097559,a=57.84375->57.90625 c1:y=-3.30637336,a=-22.59375->-22.625 c2:y=-5.36537457,a=-35->-35.03125
PROBE acc tid=8 net=(69,190,102) tile=25 origin=(59,108,65) g=0.00936889648 n=7.8359375->7.84375 c0:y=8.82038784,a=58.75->58.84375 c1:y=-3.16620779,a=-20.921875->-20.953125 c2:y=-5.61590719,a=-37.59375->-37.65625
PROBE acc tid=8 net=(69,190,103) tile=25 origin=(59,108,65) g=0.0103683472 n=7.78515625->7.796875 c0:y=8.79994488,a=59.0625->59.15625 c1:y=-2.89569426,a=-19.0625->-19.09375 c2:y=-5.8667326,a=-39.8125->-39.875
PROBE acc tid=8 net=(69,190,104) tile=25 origin=(59,108,65) g=0.0114593506 n=7.7421875->7.75390625 c0:y=8.73552418,a=58.78125->58.875 c1:y=-2.59337807,a=-17.328125->-17.359375 c2:y=-6.10624218,a=-41.21875->-41.28125
PROBE acc tid=8 net=(69,191,101) tile=25 origin=(59,108,65) g=0.0086517334 n=7.88671875->7.89453125 c0:y=8.25945091,a=56.3125->56.375 c1:y=-3.26688147,a=-25.265625->-25.296875 c2:y=-4.95425701,a=-30.75->-30.796875
PROBE acc tid=8 net=(69,191,102) tile=25 origin=(59,108,65) g=0.00959014893 n=7.85546875->7.86328125 c0:y=8.40263367,a=57.4375->57.53125 c1:y=-3.2234273,a=-24.609375->-24.640625 c2:y=-5.14023113,a=-32.5625->-32.625
PROBE acc tid=8 net=(69,191,103) tile=25 origin=(59,108,65) g=0.0106124878 n=7.80859375->7.8203125 c0:y=8.5748024,a=58.8125->58.90625 c1:y=-3.20785189,a=-23.8125->-23.84375 c2:y=-5.3278718,a=-34.71875->-34.78125
PROBE acc tid=8 net=(69,191,104) tile=25 origin=(59,108,65) g=0.0117263794 n=7.76171875->7.7734375 c0:y=8.8100729,a=59.9375->60.03125 c1:y=-2.98922515,a=-22.296875->-22.328125 c2:y=-5.78211927,a=-37.375->-37.4375
PROBE acc tid=8 net=(70,188,101) tile=25 origin=(59,108,65) g=0.0112228394 n=7.0859375->7.09765625 c0:y=1.83812487,a=20.484375->20.5 c1:y=5.18295288,a=26.015625->26.078125 c2:y=-7.03863096,a=-46.4375->-46.53125
PROBE acc tid=8 net=(70,188,102) tile=25 origin=(59,108,65) g=0.0124435425 n=7.05078125->7.0625 c0:y=2.44369054,a=25.046875->25.078125 c1:y=4.49709797,a=21.453125->21.515625 c2:y=-6.94590282,a=-46.4375->-46.53125
PROBE acc tid=8 net=(70,188,103) tile=25 origin=(59,108,65) g=0.0137710571 n=7.01171875->7.02734375 c0:y=4.43832254,a=33.90625->33.96875 c1:y=2.70466304,a=12.671875->12.7109375 c2:y=-7.13463593,a=-46.4375->-46.53125
PROBE acc tid=8 net=(70,188,104) tile=25 origin=(59,108,65) g=0.0152206421 n=6.9609375->6.9765625 c0:y=5.12090015,a=36.6875->36.75 c1:y=2.00455952,a=8.2734375->8.3046875 c2:y=-7.11478662,a=-44.90625->-45
PROBE acc tid=8 net=(70,189,101) tile=25 origin=(59,108,65) g=0.0115280151 n=7.10546875->7.1171875 c0:y=1.78580558,a=20.390625->20.40625 c1:y=5.04434443,a=25.734375->25.796875 c2:y=-6.84626913,a=-46.09375->-46.1875
PROBE acc tid=8 net=(70,189,102) tile=25 origin=(59,108,65) g=0.0127792358 n=7.0703125->7.08203125 c0:y=1.79368484,a=15.3203125->15.34375 c1:y=5.07896852,a=28.984375->29.046875 c2:y=-6.88948774,a=-44.3125->-44.40625
PROBE acc tid=8 net=(70,189,103) tile=25 origin=(59,108,65) g=0.0141448975 n=7.02734375->7.04296875 c0:y=1.78053582,a=14.34375->14.3671875 c1:y=5.09302282,a=29.671875->29.75 c2:y=-6.89120865,a=-44.03125->-44.125
PROBE acc tid=8 net=(70,189,104) tile=25 origin=(59,108,65) g=0.0156402588 n=6.984375->7 c0:y=1.7585361,a=14.1796875->14.2109375 c1:y=5.17567921,a=29.3125->29.390625 c2:y=-6.95511532,a=-43.53125->-43.625
PROBE acc tid=8 net=(70,190,101) tile=25 origin=(59,108,65) g=0.0118179321 n=7.125->7.13671875 c0:y=4.39468384,a=37.53125->37.59375 c1:y=2.45229292,a=9.6875->9.71875 c2:y=-6.8353343,a=-47.03125->-47.125
PROBE acc tid=8 net=(70,190,102) tile=25 origin=(59,108,65) g=0.0131072998 n=7.09375->7.10546875 c0:y=3.86792994,a=30.609375->30.65625 c1:y=3.01471424,a=15.5859375->15.625 c2:y=-6.87778234,a=-46.09375->-46.1875
PROBE acc tid=8 net=(70,190,103) tile=25 origin=(59,108,65) g=0.0145111084 n=7.0546875->7.0703125 c0:y=2.38259315,a=20.203125->20.234375 c1:y=4.29005384,a=24.203125->24.265625 c2:y=-6.68076754,a=-44.4375->-44.53125
PROBE acc tid=8 net=(70,190,104) tile=25 origin=(59,108,65) g=0.0160369873 n=7->7.015625 c0:y=1.63006091,a=10.84375->10.8671875 c1:y=5.20470238,a=31.40625->31.484375 c2:y=-6.85861969,a=-42.34375->-42.46875
PROBE acc tid=8 net=(70,191,101) tile=25 origin=(59,108,65) g=0.0121002197 n=7.1484375->7.16015625 c0:y=5.51959896,a=41.71875->41.78125 c1:y=0.759501994,a=0.331298828->0.340576172 c2:y=-6.25486851,a=-41.78125->-41.84375
PROBE acc tid=8 net=(70,191,102) tile=25 origin=(59,108,65) g=0.013420105 n=7.109375->7.12109375 c0:y=5.33496761,a=40->40.0625 c1:y=1.06834495,a=2.49023438->2.50390625 c2:y=-6.38231659,a=-42.3125->-42.40625
PROBE acc tid=8 net=(70,191,103) tile=25 origin=(59,108,65) g=0.0148544312 n=7.0703125->7.0859375 c0:y=4.88908625,a=37.71875->37.78125 c1:y=1.65757501,a=6.37109375->6.39453125 c2:y=-6.53142357,a=-43.96875->-44.0625
PROBE acc tid=8 net=(70,191,104) tile=25 origin=(59,108,65) g=0.016418457 n=7.0234375->7.0390625 c0:y=3.62360668,a=29.890625->29.953125 c1:y=3.23298955,a=15.0546875->15.109375 c2:y=-6.85346699,a=-44.875->-45
PROBE final tid=8 net=(68,188,101) n=8.5703125 c0=7.19140625 c1=-3.21875 c2=-3.94140625
PROBE final tid=8 net=(68,188,102) n=8.5390625 c0=7.234375 c1=-3.15039062 c2=-4.04296875
PROBE final tid=8 net=(68,188,103) n=8.484375 c0=7.4140625 c1=-3.20507812 c2=-4.171875
PROBE final tid=8 net=(68,188,104) n=8.4296875 c0=7.49609375 c1=-3.12695312 c2=-4.328125
PROBE final tid=8 net=(68,189,101) n=8.59375 c0=7.24609375 c1=-3.22460938 c2=-3.98242188
PROBE final tid=8 net=(68,189,102) n=8.5546875 c0=7.1875 c1=-3.00195312 c2=-4.140625
PROBE final tid=8 net=(68,189,103) n=8.5 c0=7.265625 c1=-2.91796875 c2=-4.3046875
PROBE final tid=8 net=(68,189,104) n=8.4453125 c0=7.3125 c1=-2.828125 c2=-4.4453125
PROBE final tid=8 net=(68,190,101) n=8.6171875 c0=7.3671875 c1=-3.515625 c2=-3.81835938
PROBE final tid=8 net=(68,190,102) n=8.5859375 c0=7.30078125 c1=-3.26171875 c2=-4
PROBE final tid=8 net=(68,190,103) n=8.53125 c0=7.29296875 c1=-3.00585938 c2=-4.24609375
PROBE final tid=8 net=(68,190,104) n=8.4765625 c0=7.26171875 c1=-2.8125 c2=-4.41796875
PROBE final tid=8 net=(68,191,101) n=8.640625 c0=7.515625 c1=-3.88867188 c2=-3.58789062
PROBE final tid=8 net=(68,191,102) n=8.609375 c0=7.41015625 c1=-3.6640625 c2=-3.7109375
PROBE final tid=8 net=(68,191,103) n=8.5546875 c0=7.3984375 c1=-3.41601562 c2=-3.9375
PROBE final tid=8 net=(68,191,104) n=8.5 c0=7.375 c1=-3.16992188 c2=-4.1640625
PROBE final tid=8 net=(69,188,101) n=7.83203125 c0=7.3046875 c1=-2.30273438 c2=-4.9765625
PROBE final tid=8 net=(69,188,102) n=7.796875 c0=7.484375 c1=-2.37695312 c2=-5.07421875
PROBE final tid=8 net=(69,188,103) n=7.7578125 c0=7.765625 c1=-2.55664062 c2=-5.17578125
PROBE final tid=8 net=(69,188,104) n=7.69921875 c0=7.89453125 c1=-2.58398438 c2=-5.28125
PROBE final tid=8 net=(69,189,101) n=7.85546875 c0=7.296875 c1=-2.37304688 c2=-4.8984375
PROBE final tid=8 net=(69,189,102) n=7.82421875 c0=7.359375 c1=-2.25390625 c2=-5.07421875
PROBE final tid=8 net=(69,189,103) n=7.77734375 c0=7.57421875 c1=-2.26757812 c2=-5.2734375
PROBE final tid=8 net=(69,189,104) n=7.7265625 c0=7.74609375 c1=-2.2734375 c2=-5.44140625
PROBE final tid=8 net=(69,190,101) n=7.87890625 c0=7.34765625 c1=-2.87109375 c2=-4.4453125
PROBE final tid=8 net=(69,190,102) n=7.84375 c0=7.50390625 c1=-2.671875 c2=-4.80078125
PROBE final tid=8 net=(69,190,103) n=7.796875 c0=7.5859375 c1=-2.44921875 c2=-5.11328125
PROBE final tid=8 net=(69,190,104) n=7.75390625 c0=7.59375 c1=-2.23828125 c2=-5.32421875
PROBE final tid=8 net=(69,191,101) n=7.89453125 c0=7.140625 c1=-3.20507812 c2=-3.90039062
PROBE final tid=8 net=(69,191,102) n=7.86328125 c0=7.31640625 c1=-3.1328125 c2=-4.1484375
PROBE final tid=8 net=(69,191,103) n=7.8203125 c0=7.53125 c1=-3.04882812 c2=-4.44921875
PROBE final tid=8 net=(69,191,104) n=7.7734375 c0=7.72265625 c1=-2.87304688 c2=-4.81640625
PROBE final tid=8 net=(70,188,101) n=7.09765625 c0=2.88867188 c1=3.67382812 c2=-6.5546875
PROBE final tid=8 net=(70,188,102) n=7.0625 c0=3.55078125 c1=3.046875 c2=-6.58984375
PROBE final tid=8 net=(70,188,103) n=7.02734375 c0=4.83203125 c1=1.80859375 c2=-6.62109375
PROBE final tid=8 net=(70,188,104) n=6.9765625 c0=5.26953125 c1=1.19042969 c2=-6.44921875
PROBE final tid=8 net=(70,189,101) n=7.1171875 c0=2.8671875 c1=3.625 c2=-6.48828125
PROBE final tid=8 net=(70,189,102) n=7.08203125 c0=2.16601562 c1=4.1015625 c2=-6.26953125
PROBE final tid=8 net=(70,189,103) n=7.04296875 c0=2.0390625 c1=4.22265625 c2=-6.265625
PROBE final tid=8 net=(70,189,104) n=7 c0=2.02929688 c1=4.19921875 c2=-6.23046875
PROBE final tid=8 net=(70,190,101) n=7.13671875 c0=5.26953125 c1=1.36132812 c2=-6.6015625
PROBE final tid=8 net=(70,190,102) n=7.10546875 c0=4.31640625 c1=2.19921875 c2=-6.5
PROBE final tid=8 net=(70,190,103) n=7.0703125 c0=2.86132812 c1=3.43164062 c2=-6.296875
PROBE final tid=8 net=(70,190,104) n=7.015625 c0=1.54882812 c1=4.48828125 c2=-6.0546875
PROBE final tid=8 net=(70,191,101) n=7.16015625 c0=5.8359375 c1=0.0475769043 c2=-5.84375
PROBE final tid=8 net=(70,191,102) n=7.12109375 c0=5.625 c1=0.3515625 c2=-5.953125
PROBE final tid=8 net=(70,191,103) n=7.0859375 c0=5.33203125 c1=0.90234375 c2=-6.21875
PROBE final tid=8 net=(70,191,104) n=7.0390625 c0=4.25390625 c1=2.14648438 c2=-6.39453125
