timestamp, utilization.gpu [%], memory.used [MiB], memory.total [MiB]
2026/10/03 16:54:10.994, 99 %, 9025 MiB, 12282 MiB
2026/10/03 16:54:20.997, 100 %, 8718 MiB, 12282 MiB
2026/10/03 16:54:31.006, 100 %, 10535 MiB, 12282 MiB
2026/10/03 16:54:41.017, 99 %, 10283 MiB, 12282 MiB
2026/10/03 16:54:51.029, 0 %, 3124 MiB, 12282 MiB
2026/10/03 16:55:01.044, 67 %, 3124 MiB, 12282 MiB
2026/10/03 16:55:11.048, 48 %, 2619 MiB, 12282 MiB
2026/10/03 16:55:21.054, 37 %, 2322 MiB, 12282 MiB
2026/10/03 16:55:31.059, 29 %, 3825 MiB, 12282 MiB
2026/10/03 16:55:41.070, 69 %, 3477 MiB, 12282 MiB
2026/10/03 16:55:51.083, 26 %, 3767 MiB, 12282 MiB
2026/10/03 16:56:01.094, 52 %, 3938 MiB, 12282 MiB
2026/10/03 16:56:11.108, 0 %, 1361 MiB, 12282 MiB
2026/10/03 16:56:21.121, 47 %, 2299 MiB, 12282 MiB
2026/10/03 16:56:31.134, 13 %, 3082 MiB, 12282 MiB
2026/10/03 16:56:41.135, 0 %, 3770 MiB, 12282 MiB
2026/10/03 16:56:51.140, 35 %, 2299 MiB, 12282 MiB
2026/10/03 16:57:01.146, 42 %, 3441 MiB, 12282 MiB
2026/10/03 16:57:11.152, 65 %, 3441 MiB, 12282 MiB
2026/10/03 16:57:21.153, 45 %, 2718 MiB, 12282 MiB
2026/10/03 16:57:31.164, 71 %, 2716 MiB, 12282 MiB
2026/10/03 16:57:41.180, 71 %, 2357 MiB, 12282 MiB
2026/10/03 16:57:51.196, 5 %, 1357 MiB, 12282 MiB
2026/10/03 16:58:01.201, 0 %, 3685 MiB, 12282 MiB
2026/10/03 16:58:11.211, 12 %, 3299 MiB, 12282 MiB
2026/10/03 16:58:21.223, 70 %, 3539 MiB, 12282 MiB
2026/10/03 16:58:31.225, 67 %, 4229 MiB, 12282 MiB
2026/10/03 16:58:41.237, 61 %, 2625 MiB, 12282 MiB
2026/10/03 16:58:51.246, 54 %, 2327 MiB, 12282 MiB
2026/10/03 16:59:01.251, 63 %, 3563 MiB, 12282 MiB
2026/10/03 16:59:11.254, 32 %, 4187 MiB, 12282 MiB
2026/10/03 16:59:21.257, 26 %, 3515 MiB, 12282 MiB
2026/10/03 16:59:31.264, 63 %, 3657 MiB, 12282 MiB
2026/10/03 16:59:41.277, 54 %, 2709 MiB, 12282 MiB
2026/10/03 16:59:51.290, 30 %, 2355 MiB, 12282 MiB
2026/10/03 17:00:01.305, 12 %, 2355 MiB, 12282 MiB
2026/10/03 17:00:11.320, 68 %, 4228 MiB, 12282 MiB
2026/10/03 17:00:21.330, 42 %, 3368 MiB, 12282 MiB
2026/10/03 17:00:31.344, 59 %, 3628 MiB, 12282 MiB
2026/10/03 17:00:41.349, 2 %, 1004 MiB, 12282 MiB
2026/10/03 17:00:51.359, 28 %, 2596 MiB, 12282 MiB
2026/10/03 17:01:01.370, 70 %, 2362 MiB, 12282 MiB
2026/10/03 17:01:11.373, 13 %, 2888 MiB, 12282 MiB
2026/10/03 17:01:21.375, 13 %, 1414 MiB, 12282 MiB
2026/10/03 17:01:31.379, 41 %, 2709 MiB, 12282 MiB
2026/10/03 17:01:41.387, 69 %, 2358 MiB, 12282 MiB
2026/10/03 17:01:51.389, 31 %, 2358 MiB, 12282 MiB
2026/10/03 17:02:01.401, 57 %, 3841 MiB, 12282 MiB
2026/10/03 17:02:11.412, 47 %, 3957 MiB, 12282 MiB
2026/10/03 17:02:21.415, 54 %, 3493 MiB, 12282 MiB
2026/10/03 17:02:31.431, 46 %, 3783 MiB, 12282 MiB
2026/10/03 17:02:41.439, 10 %, 1371 MiB, 12282 MiB
2026/10/03 17:02:51.452, 27 %, 2317 MiB, 12282 MiB
2026/10/03 17:03:01.456, 65 %, 3766 MiB, 12282 MiB
2026/10/03 17:03:11.460, 53 %, 3139 MiB, 12282 MiB
2026/10/03 17:03:21.467, 71 %, 3369 MiB, 12282 MiB
2026/10/03 17:03:31.471, 67 %, 2526 MiB, 12282 MiB
2026/10/03 17:03:41.476, 42 %, 2342 MiB, 12282 MiB
2026/10/03 17:03:51.487, 13 %, 3441 MiB, 12282 MiB
2026/10/03 17:04:01.491, 57 %, 3523 MiB, 12282 MiB
2026/10/03 17:04:11.497, 51 %, 3199 MiB, 12282 MiB
2026/10/03 17:04:21.513, 48 %, 3523 MiB, 12282 MiB
2026/10/03 17:04:31.529, 0 %, 2666 MiB, 12282 MiB
2026/10/03 17:04:41.531, 31 %, 2664 MiB, 12282 MiB
2026/10/03 17:04:51.539, 58 %, 2370 MiB, 12282 MiB
2026/10/03 17:05:01.542, 30 %, 3517 MiB, 12282 MiB
2026/10/03 17:05:11.558, 20 %, 3255 MiB, 12282 MiB
2026/10/03 17:05:21.559, 70 %, 3472 MiB, 12282 MiB
2026/10/03 17:05:31.572, 1 %, 4082 MiB, 12282 MiB
2026/10/03 17:05:41.574, 76 %, 2652 MiB, 12282 MiB
2026/10/03 17:05:51.582, 3 %, 1107 MiB, 12282 MiB
2026/10/03 17:06:01.595, 37 %, 3073 MiB, 12282 MiB
2026/10/03 17:06:11.608, 25 %, 3698 MiB, 12282 MiB
2026/10/03 17:06:21.616, 38 %, 2605 MiB, 12282 MiB
2026/10/03 17:06:31.620, 60 %, 2403 MiB, 12282 MiB
2026/10/03 17:06:41.623, 48 %, 3141 MiB, 12282 MiB
2026/10/03 17:06:51.631, 55 %, 3840 MiB, 12282 MiB
2026/10/03 17:07:01.634, 21 %, 2608 MiB, 12282 MiB
2026/10/03 17:07:11.646, 46 %, 2351 MiB, 12282 MiB
2026/10/03 17:07:21.661, 55 %, 3532 MiB, 12282 MiB
2026/10/03 17:07:31.662, 32 %, 3620 MiB, 12282 MiB
2026/10/03 17:07:41.677, 23 %, 3488 MiB, 12282 MiB
2026/10/03 17:07:51.689, 12 %, 3620 MiB, 12282 MiB
2026/10/03 17:08:01.694, 63 %, 2647 MiB, 12282 MiB
2026/10/03 17:08:11.696, 76 %, 2758 MiB, 12282 MiB
2026/10/03 17:08:21.711, 78 %, 2758 MiB, 12282 MiB
2026/10/03 17:08:31.715, 27 %, 2402 MiB, 12282 MiB
2026/10/03 17:08:41.721, 53 %, 3519 MiB, 12282 MiB
2026/10/03 17:08:51.731, 68 %, 3607 MiB, 12282 MiB
2026/10/03 17:09:01.738, 70 %, 3475 MiB, 12282 MiB
2026/10/03 17:09:11.742, 69 %, 3607 MiB, 12282 MiB
2026/10/03 17:09:21.744, 18 %, 2697 MiB, 12282 MiB
2026/10/03 17:09:31.758, 43 %, 2381 MiB, 12282 MiB
2026/10/03 17:09:41.774, 7 %, 1402 MiB, 12282 MiB
2026/10/03 17:09:51.791, 0 %, 3178 MiB, 12282 MiB
2026/10/03 17:10:01.795, 26 %, 3494 MiB, 12282 MiB
2026/10/03 17:10:11.810, 23 %, 2648 MiB, 12282 MiB
2026/10/03 17:10:21.825, 32 %, 2365 MiB, 12282 MiB
2026/10/03 17:10:31.838, 30 %, 3487 MiB, 12282 MiB
2026/10/03 17:10:41.844, 63 %, 3487 MiB, 12282 MiB
2026/10/03 17:10:51.859, 47 %, 2577 MiB, 12282 MiB
2026/10/03 17:11:01.873, 49 %, 2340 MiB, 12282 MiB
2026/10/03 17:11:11.886, 46 %, 4446 MiB, 12282 MiB
2026/10/03 17:11:21.907, 16 %, 4606 MiB, 12282 MiB
2026/10/03 17:11:31.919, 27 %, 3960 MiB, 12282 MiB
2026/10/03 17:11:41.926, 56 %, 4364 MiB, 12282 MiB
2026/10/03 17:11:51.928, 64 %, 4606 MiB, 12282 MiB
2026/10/03 17:12:01.933, 0 %, 5588 MiB, 12282 MiB
2026/10/03 17:12:11.937, 0 %, 2117 MiB, 12282 MiB
2026/10/03 17:12:21.944, 29 %, 2745 MiB, 12282 MiB
2026/10/03 17:12:31.955, 36 %, 2397 MiB, 12282 MiB
2026/10/03 17:12:41.966, 29 %, 2397 MiB, 12282 MiB
2026/10/03 17:12:51.982, 67 %, 2619 MiB, 12282 MiB
2026/10/03 17:13:01.985, 64 %, 2635 MiB, 12282 MiB
2026/10/03 17:13:11.997, 27 %, 4237 MiB, 12282 MiB
2026/10/03 17:13:22.001, 0 %, 5067 MiB, 12282 MiB
2026/10/03 17:13:32.004, 29 %, 2611 MiB, 12282 MiB
2026/10/03 17:13:42.015, 12 %, 2635 MiB, 12282 MiB
2026/10/03 17:13:52.028, 0 %, 2634 MiB, 12282 MiB
2026/10/03 17:14:02.035, 0 %, 1021 MiB, 12282 MiB
2026/10/03 17:14:12.040, 100 %, 2806 MiB, 12282 MiB
2026/10/03 17:14:22.054, 0 %, 923 MiB, 12282 MiB
2026/10/03 17:14:32.075, 0 %, 923 MiB, 12282 MiB
2026/10/03 17:14:42.093, 0 %, 923 MiB, 12282 MiB
2026/10/03 17:14:52.116, 0 %, 923 MiB, 12282 MiB
2026/10/03 17:15:02.127, 0 %, 923 MiB, 12282 MiB
2026/10/03 17:15:12.134, 0 %, 923 MiB, 12282 MiB
2026/10/03 17:15:22.146, 0 %, 923 MiB, 12282 MiB
2026/10/03 17:15:32.155, 0 %, 923 MiB, 12282 MiB
2026/10/03 17:15:42.170, 0 %, 923 MiB, 12282 MiB
2026/10/03 17:15:52.190, 0 %, 923 MiB, 12282 MiB
2026/10/03 17:16:02.206, 0 %, 923 MiB, 12282 MiB
2026/10/03 17:16:12.232, 0 %, 923 MiB, 12282 MiB
2026/10/03 17:16:22.248, 0 %, 923 MiB, 12282 MiB
2026/10/03 17:16:32.270, 0 %, 923 MiB, 12282 MiB
2026/10/03 17:16:42.277, 0 %, 923 MiB, 12282 MiB
2026/10/03 17:16:52.288, 0 %, 923 MiB, 12282 MiB
2026/10/03 17:17:02.302, 0 %, 923 MiB, 12282 MiB
2026/10/03 17:17:12.318, 0 %, 923 MiB, 12282 MiB
2026/10/03 17:17:22.344, 0 %, 923 MiB, 12282 MiB
2026/10/03 17:17:32.355, 0 %, 923 MiB, 12282 MiB
2026/10/03 17:17:42.372, 0 %, 923 MiB, 12282 MiB
2026/10/03 17:17:52.379, 0 %, 923 MiB, 12282 MiB
2026/10/03 17:18:02.396, 0 %, 923 MiB, 12282 MiB
2026/10/03 17:18:12.412, 0 %, 923 MiB, 12282 MiB
2026/10/03 17:18:22.435, 0 %, 923 MiB, 12282 MiB
2026/10/03 17:18:32.463, 0 %, 923 MiB, 12282 MiB
2026/10/03 17:18:42.499, 0 %, 923 MiB, 12282 MiB
2026/10/03 17:18:52.506, 0 %, 923 MiB, 12282 MiB
2026/10/03 17:19:02.513, 0 %, 923 MiB, 12282 MiB
2026/10/03 17:19:12.527, 0 %, 923 MiB, 12282 MiB
2026/10/03 17:19:22.538, 0 %, 923 MiB, 12282 MiB
2026/10/03 17:19:32.562, 0 %, 923 MiB, 12282 MiB
2026/10/03 17:19:42.580, 0 %, 923 MiB, 12282 MiB
2026/10/03 17:19:52.603, 0 %, 923 MiB, 12282 MiB
2026/10/03 17:20:02.615, 0 %, 923 MiB, 12282 MiB
2026/10/03 17:20:12.626, 0 %, 923 MiB, 12282 MiB
2026/10/03 17:20:22.640, 0 %, 923 MiB, 12282 MiB
2026/10/03 17:20:32.652, 0 %, 923 MiB, 12282 MiB
2026/10/03 17:20:42.656, 0 %, 923 MiB, 12282 MiB
2026/10/03 17:20:52.664, 0 %, 923 MiB, 12282 MiB
2026/10/03 17:21:02.677, 0 %, 923 MiB, 12282 MiB
2026/10/03 17:21:12.700, 0 %, 923 MiB, 12282 MiB
2026/10/03 17:21:22.711, 0 %, 923 MiB, 12282 MiB
2026/10/03 17:21:32.729, 0 %, 923 MiB, 12282 MiB
2026/10/03 17:21:42.752, 0 %, 923 MiB, 12282 MiB
2026/10/03 17:21:52.759, 0 %, 923 MiB, 12282 MiB
2026/10/03 17:22:02.765, 0 %, 923 MiB, 12282 MiB
2026/10/03 17:22:12.773, 0 %, 923 MiB, 12282 MiB
2026/10/03 17:22:22.781, 0 %, 923 MiB, 12282 MiB
2026/10/03 17:22:32.799, 0 %, 923 MiB, 12282 MiB
2026/10/03 17:22:42.815, 0 %, 923 MiB, 12282 MiB
2026/10/03 17:22:52.822, 0 %, 923 MiB, 12282 MiB
2026/10/03 17:23:02.840, 0 %, 923 MiB, 12282 MiB
2026/10/03 17:23:12.850, 0 %, 923 MiB, 12282 MiB
2026/10/03 17:23:22.863, 0 %, 923 MiB, 12282 MiB
2026/10/03 17:23:32.886, 0 %, 923 MiB, 12282 MiB
2026/10/03 17:23:42.897, 0 %, 923 MiB, 12282 MiB
2026/10/03 17:23:52.902, 0 %, 923 MiB, 12282 MiB
2026/10/03 17:24:02.911, 0 %, 923 MiB, 12282 MiB
2026/10/03 17:24:12.930, 0 %, 923 MiB, 12282 MiB
2026/10/03 17:24:22.940, 0 %, 923 MiB, 12282 MiB
2026/10/03 17:24:32.947, 0 %, 923 MiB, 12282 MiB
2026/10/03 17:24:42.962, 0 %, 923 MiB, 12282 MiB
2026/10/03 17:24:52.971, 0 %, 923 MiB, 12282 MiB
2026/10/03 17:25:02.980, 0 %, 923 MiB, 12282 MiB
2026/10/03 17:25:12.989, 0 %, 922 MiB, 12282 MiB
2026/10/03 17:25:23.011, 0 %, 925 MiB, 12282 MiB
2026/10/03 17:25:33.031, 0 %, 922 MiB, 12282 MiB
2026/10/03 17:25:43.047, 0 %, 922 MiB, 12282 MiB
2026/10/03 17:25:53.051, 0 %, 922 MiB, 12282 MiB
2026/10/03 17:26:03.070, 0 %, 922 MiB, 12282 MiB
2026/10/03 17:26:13.074, 0 %, 922 MiB, 12282 MiB
2026/10/03 17:26:23.092, 0 %, 922 MiB, 12282 MiB
2026/10/03 17:26:33.102, 0 %, 922 MiB, 12282 MiB
2026/10/03 17:26:43.117, 0 %, 922 MiB, 12282 MiB
2026/10/03 17:26:53.125, 0 %, 922 MiB, 12282 MiB
2026/10/03 17:27:03.135, 0 %, 922 MiB, 12282 MiB
2026/10/03 17:27:13.149, 0 %, 925 MiB, 12282 MiB
2026/10/03 17:27:23.175, 0 %, 922 MiB, 12282 MiB
2026/10/03 17:27:33.198, 0 %, 922 MiB, 12282 MiB
2026/10/03 17:27:43.206, 0 %, 922 MiB, 12282 MiB
2026/10/03 17:27:53.242, 0 %, 922 MiB, 12282 MiB
2026/10/03 17:28:03.267, 0 %, 922 MiB, 12282 MiB
2026/10/03 17:28:13.288, 0 %, 922 MiB, 12282 MiB
2026/10/03 17:28:23.301, 0 %, 922 MiB, 12282 MiB
2026/10/03 17:28:33.315, 0 %, 922 MiB, 12282 MiB
2026/10/03 17:28:43.328, 0 %, 922 MiB, 12282 MiB
2026/10/03 17:28:53.344, 0 %, 922 MiB, 12282 MiB
2026/10/03 17:29:03.355, 0 %, 922 MiB, 12282 MiB
2026/10/03 17:29:13.372, 0 %, 922 MiB, 12282 MiB
2026/10/03 17:29:23.383, 0 %, 922 MiB, 12282 MiB
2026/10/03 17:29:33.401, 0 %, 922 MiB, 12282 MiB
2026/10/03 17:29:43.419, 0 %, 922 MiB, 12282 MiB
2026/10/03 17:29:53.435, 0 %, 922 MiB, 12282 MiB
2026/10/03 17:30:03.440, 0 %, 922 MiB, 12282 MiB
2026/10/03 17:30:13.476, 0 %, 922 MiB, 12282 MiB
2026/10/03 17:30:23.480, 0 %, 922 MiB, 12282 MiB
2026/10/03 17:30:33.494, 0 %, 922 MiB, 12282 MiB
2026/10/03 17:30:43.515, 0 %, 922 MiB, 12282 MiB
2026/10/03 17:30:53.534, 0 %, 922 MiB, 12282 MiB
2026/10/03 17:31:03.548, 0 %, 922 MiB, 12282 MiB
2026/10/03 17:31:13.562, 0 %, 922 MiB, 12282 MiB
2026/10/03 17:31:23.572, 0 %, 922 MiB, 12282 MiB
2026/10/03 17:31:33.591, 0 %, 925 MiB, 12282 MiB
2026/10/03 17:31:43.607, 1 %, 925 MiB, 12282 MiB
2026/10/03 17:31:53.628, 0 %, 925 MiB, 12282 MiB
2026/10/03 17:32:03.637, 1 %, 925 MiB, 12282 MiB
2026/10/03 17:32:13.654, 1 %, 927 MiB, 12282 MiB
2026/10/03 17:32:23.676, 1 %, 925 MiB, 12282 MiB
2026/10/03 17:32:33.682, 3 %, 925 MiB, 12282 MiB
2026/10/03 17:32:43.691, 2 %, 925 MiB, 12282 MiB
2026/10/03 17:32:53.704, 2 %, 925 MiB, 12282 MiB
2026/10/03 17:33:03.727, 0 %, 925 MiB, 12282 MiB
2026/10/03 17:33:13.745, 2 %, 925 MiB, 12282 MiB
2026/10/03 17:33:23.754, 1 %, 925 MiB, 12282 MiB
2026/10/03 17:33:33.778, 1 %, 925 MiB, 12282 MiB
2026/10/03 17:33:43.786, 0 %, 925 MiB, 12282 MiB
2026/10/03 17:33:53.798, 3 %, 925 MiB, 12282 MiB
2026/10/03 17:34:03.808, 3 %, 925 MiB, 12282 MiB
2026/10/03 17:34:13.825, 3 %, 925 MiB, 12282 MiB
2026/10/03 17:34:23.842, 1 %, 925 MiB, 12282 MiB
2026/10/03 17:34:33.850, 0 %, 925 MiB, 12282 MiB
2026/10/03 17:34:43.855, 1 %, 926 MiB, 12282 MiB
2026/10/03 17:34:53.866, 1 %, 926 MiB, 12282 MiB
2026/10/03 17:35:03.878, 0 %, 926 MiB, 12282 MiB
2026/10/03 17:35:13.886, 0 %, 926 MiB, 12282 MiB
2026/10/03 17:35:23.907, 0 %, 926 MiB, 12282 MiB
2026/10/03 17:35:33.924, 12 %, 926 MiB, 12282 MiB
2026/10/03 17:35:43.940, 0 %, 926 MiB, 12282 MiB
2026/10/03 17:35:53.946, 0 %, 926 MiB, 12282 MiB
2026/10/03 17:36:03.958, 0 %, 926 MiB, 12282 MiB
2026/10/03 17:36:13.972, 0 %, 926 MiB, 12282 MiB
2026/10/03 17:36:23.985, 0 %, 926 MiB, 12282 MiB
2026/10/03 17:36:34.009, 0 %, 926 MiB, 12282 MiB
2026/10/03 17:36:44.015, 0 %, 926 MiB, 12282 MiB
2026/10/03 17:36:54.030, 0 %, 926 MiB, 12282 MiB
2026/10/03 17:37:04.048, 0 %, 926 MiB, 12282 MiB
2026/10/03 17:37:14.068, 1 %, 928 MiB, 12282 MiB
2026/10/03 17:37:24.074, 1 %, 926 MiB, 12282 MiB
2026/10/03 17:37:34.080, 0 %, 926 MiB, 12282 MiB
2026/10/03 17:37:44.093, 0 %, 926 MiB, 12282 MiB
2026/10/03 17:37:54.100, 0 %, 926 MiB, 12282 MiB
2026/10/03 17:38:04.118, 0 %, 926 MiB, 12282 MiB
2026/10/03 17:38:14.131, 2 %, 928 MiB, 12282 MiB
2026/10/03 17:38:24.138, 0 %, 926 MiB, 12282 MiB
2026/10/03 17:38:34.156, 0 %, 926 MiB, 12282 MiB
2026/10/03 17:38:44.173, 0 %, 926 MiB, 12282 MiB
2026/10/03 17:38:54.189, 1 %, 926 MiB, 12282 MiB
2026/10/03 17:39:04.194, 1 %, 926 MiB, 12282 MiB
2026/10/03 17:39:14.226, 1 %, 926 MiB, 12282 MiB
2026/10/03 17:39:24.243, 0 %, 926 MiB, 12282 MiB
2026/10/03 17:39:34.268, 0 %, 926 MiB, 12282 MiB
2026/10/03 17:39:44.281, 0 %, 926 MiB, 12282 MiB
2026/10/03 17:39:54.285, 0 %, 926 MiB, 12282 MiB
2026/10/03 17:40:04.291, 0 %, 926 MiB, 12282 MiB
2026/10/03 17:40:14.298, 0 %, 926 MiB, 12282 MiB
2026/10/03 17:40:24.307, 0 %, 926 MiB, 12282 MiB
2026/10/03 17:40:34.325, 0 %, 926 MiB, 12282 MiB
2026/10/03 17:40:44.339, 1 %, 926 MiB, 12282 MiB
2026/10/03 17:40:54.347, 1 %, 926 MiB, 12282 MiB
2026/10/03 17:41:04.364, 2 %, 926 MiB, 12282 MiB
2026/10/03 17:41:14.373, 1 %, 926 MiB, 12282 MiB
2026/10/03 17:41:24.384, 0 %, 926 MiB, 12282 MiB
2026/10/03 17:41:34.399, 1 %, 926 MiB, 12282 MiB
2026/10/03 17:41:44.405, 0 %, 926 MiB, 12282 MiB
2026/10/03 17:41:54.429, 1 %, 926 MiB, 12282 MiB
2026/10/03 17:42:04.450, 1 %, 926 MiB, 12282 MiB
2026/10/03 17:42:14.477, 0 %, 926 MiB, 12282 MiB
2026/10/03 17:42:24.494, 1 %, 928 MiB, 12282 MiB
2026/10/03 17:42:34.507, 1 %, 926 MiB, 12282 MiB
2026/10/03 17:42:44.526, 2 %, 926 MiB, 12282 MiB
2026/10/03 17:42:54.536, 0 %, 926 MiB, 12282 MiB
2026/10/03 17:43:04.568, 1 %, 926 MiB, 12282 MiB
2026/10/03 17:43:14.578, 1 %, 926 MiB, 12282 MiB
2026/10/03 17:43:24.582, 1 %, 926 MiB, 12282 MiB
2026/10/03 17:43:34.605, 0 %, 926 MiB, 12282 MiB
2026/10/03 17:43:44.624, 0 %, 926 MiB, 12282 MiB
2026/10/03 17:43:54.642, 0 %, 926 MiB, 12282 MiB
2026/10/03 17:44:04.650, 0 %, 926 MiB, 12282 MiB
2026/10/03 17:44:14.654, 0 %, 926 MiB, 12282 MiB
2026/10/03 17:44:24.667, 0 %, 926 MiB, 12282 MiB
2026/10/03 17:44:34.686, 0 %, 926 MiB, 12282 MiB
2026/10/03 17:44:44.704, 0 %, 926 MiB, 12282 MiB
2026/10/03 17:44:54.723, 0 %, 926 MiB, 12282 MiB
2026/10/03 17:45:04.747, 0 %, 926 MiB, 12282 MiB
2026/10/03 17:45:14.757, 0 %, 926 MiB, 12282 MiB
2026/10/03 17:45:24.777, 0 %, 926 MiB, 12282 MiB
2026/10/03 17:45:34.788, 0 %, 926 MiB, 12282 MiB
2026/10/03 17:45:44.805, 0 %, 926 MiB, 12282 MiB
2026/10/03 17:45:54.825, 0 %, 926 MiB, 12282 MiB
2026/10/03 17:46:04.832, 0 %, 926 MiB, 12282 MiB
2026/10/03 17:46:14.842, 0 %, 926 MiB, 12282 MiB
2026/10/03 17:46:24.852, 0 %, 926 MiB, 12282 MiB
2026/10/03 17:46:34.865, 0 %, 926 MiB, 12282 MiB
2026/10/03 17:46:44.868, 0 %, 926 MiB, 12282 MiB
2026/10/03 17:46:54.878, 0 %, 926 MiB, 12282 MiB
2026/10/03 17:47:04.900, 0 %, 926 MiB, 12282 MiB
2026/10/03 17:47:14.910, 0 %, 926 MiB, 12282 MiB
2026/10/03 17:47:24.943, 0 %, 926 MiB, 12282 MiB
2026/10/03 17:47:34.957, 0 %, 926 MiB, 12282 MiB
2026/10/03 17:47:44.972, 0 %, 926 MiB, 12282 MiB
2026/10/03 17:47:54.983, 0 %, 926 MiB, 12282 MiB
2026/10/03 17:48:04.986, 0 %, 926 MiB, 12282 MiB
2026/10/03 17:48:14.999, 0 %, 926 MiB, 12282 MiB
2026/10/03 17:48:25.014, 0 %, 926 MiB, 12282 MiB
2026/10/03 17:48:35.025, 0 %, 926 MiB, 12282 MiB
2026/10/03 17:48:45.028, 0 %, 926 MiB, 12282 MiB
2026/10/03 17:48:55.053, 0 %, 926 MiB, 12282 MiB
2026/10/03 17:49:05.063, 0 %, 926 MiB, 12282 MiB
2026/10/03 17:49:15.080, 0 %, 928 MiB, 12282 MiB
2026/10/03 17:49:25.087, 0 %, 926 MiB, 12282 MiB
2026/10/03 17:49:35.102, 0 %, 926 MiB, 12282 MiB
2026/10/03 17:49:45.125, 0 %, 926 MiB, 12282 MiB
2026/10/03 17:49:55.133, 0 %, 926 MiB, 12282 MiB
2026/10/03 17:50:05.148, 0 %, 926 MiB, 12282 MiB
2026/10/03 17:50:15.154, 0 %, 926 MiB, 12282 MiB
2026/10/03 17:50:25.178, 0 %, 926 MiB, 12282 MiB
2026/10/03 17:50:35.196, 0 %, 926 MiB, 12282 MiB
2026/10/03 17:50:45.205, 0 %, 926 MiB, 12282 MiB
2026/10/03 17:50:55.217, 0 %, 926 MiB, 12282 MiB
2026/10/03 17:51:05.230, 0 %, 926 MiB, 12282 MiB
2026/10/03 17:51:15.246, 0 %, 926 MiB, 12282 MiB
2026/10/03 17:51:25.250, 0 %, 926 MiB, 12282 MiB
2026/10/03 17:51:35.262, 0 %, 926 MiB, 12282 MiB
2026/10/03 17:51:45.271, 0 %, 926 MiB, 12282 MiB
2026/10/03 17:51:55.288, 0 %, 926 MiB, 12282 MiB
2026/10/03 17:52:05.311, 0 %, 926 MiB, 12282 MiB
2026/10/03 17:52:15.321, 0 %, 926 MiB, 12282 MiB
2026/10/03 17:52:25.338, 0 %, 928 MiB, 12282 MiB
2026/10/03 17:52:35.352, 0 %, 926 MiB, 12282 MiB
2026/10/03 17:52:45.382, 0 %, 926 MiB, 12282 MiB
2026/10/03 17:52:55.393, 0 %, 926 MiB, 12282 MiB
2026/10/03 17:53:05.405, 0 %, 926 MiB, 12282 MiB
2026/10/03 17:53:15.421, 0 %, 926 MiB, 12282 MiB
2026/10/03 17:53:25.436, 0 %, 926 MiB, 12282 MiB
2026/10/03 17:53:35.451, 0 %, 926 MiB, 12282 MiB
2026/10/03 17:53:45.459, 0 %, 926 MiB, 12282 MiB
2026/10/03 17:53:55.475, 0 %, 926 MiB, 12282 MiB
2026/10/03 17:54:05.498, 0 %, 926 MiB, 12282 MiB
2026/10/03 17:54:15.511, 0 %, 926 MiB, 12282 MiB
2026/10/03 17:54:25.524, 0 %, 926 MiB, 12282 MiB
2026/10/03 17:54:35.536, 0 %, 926 MiB, 12282 MiB
2026/10/03 17:54:45.557, 0 %, 926 MiB, 12282 MiB
2026/10/03 17:54:55.565, 0 %, 926 MiB, 12282 MiB
2026/10/03 17:55:05.574, 13 %, 926 MiB, 12282 MiB
2026/10/03 17:55:15.577, 0 %, 926 MiB, 12282 MiB
2026/10/03 17:55:25.592, 0 %, 926 MiB, 12282 MiB
2026/10/03 17:55:35.610, 0 %, 926 MiB, 12282 MiB
2026/10/03 17:55:45.624, 0 %, 926 MiB, 12282 MiB
2026/10/03 17:55:55.644, 0 %, 926 MiB, 12282 MiB
2026/10/03 17:56:05.682, 0 %, 926 MiB, 12282 MiB
2026/10/03 17:56:15.690, 0 %, 926 MiB, 12282 MiB
2026/10/03 17:56:25.703, 0 %, 926 MiB, 12282 MiB
2026/10/03 17:56:35.728, 0 %, 926 MiB, 12282 MiB
2026/10/03 17:56:45.752, 0 %, 926 MiB, 12282 MiB
2026/10/03 17:56:55.758, 0 %, 926 MiB, 12282 MiB
2026/10/03 17:57:05.782, 0 %, 926 MiB, 12282 MiB
2026/10/03 17:57:15.798, 0 %, 926 MiB, 12282 MiB
2026/10/03 17:57:25.811, 0 %, 926 MiB, 12282 MiB
2026/10/03 17:57:35.824, 0 %, 926 MiB, 12282 MiB
2026/10/03 17:57:45.830, 13 %, 926 MiB, 12282 MiB
2026/10/03 17:57:55.843, 0 %, 926 MiB, 12282 MiB
2026/10/03 17:58:05.853, 0 %, 926 MiB, 12282 MiB
2026/10/03 17:58:15.871, 0 %, 926 MiB, 12282 MiB
2026/10/03 17:58:25.883, 0 %, 926 MiB, 12282 MiB
2026/10/03 17:58:35.894, 0 %, 926 MiB, 12282 MiB
2026/10/03 17:58:45.905, 0 %, 926 MiB, 12282 MiB
2026/10/03 17:58:55.923, 0 %, 926 MiB, 12282 MiB
2026/10/03 17:59:05.938, 0 %, 926 MiB, 12282 MiB
2026/10/03 17:59:15.984, 0 %, 926 MiB, 12282 MiB
2026/10/03 17:59:25.994, 0 %, 926 MiB, 12282 MiB
2026/10/03 17:59:36.013, 0 %, 926 MiB, 12282 MiB
2026/10/03 17:59:46.028, 0 %, 926 MiB, 12282 MiB
2026/10/03 17:59:56.038, 0 %, 926 MiB, 12282 MiB
2026/10/03 18:00:06.065, 0 %, 926 MiB, 12282 MiB
2026/10/03 18:00:16.073, 0 %, 926 MiB, 12282 MiB
2026/10/03 18:00:26.085, 0 %, 926 MiB, 12282 MiB
2026/10/03 18:00:36.094, 0 %, 926 MiB, 12282 MiB
2026/10/03 18:00:46.116, 0 %, 926 MiB, 12282 MiB
2026/10/03 18:00:56.133, 0 %, 926 MiB, 12282 MiB
2026/10/03 18:01:06.135, 0 %, 926 MiB, 12282 MiB
2026/10/03 18:01:16.139, 4 %, 946 MiB, 12282 MiB
2026/10/03 18:01:26.147, 14 %, 924 MiB, 12282 MiB
2026/10/03 18:01:36.169, 0 %, 924 MiB, 12282 MiB
2026/10/03 18:01:46.179, 0 %, 924 MiB, 12282 MiB
2026/10/03 18:01:56.191, 0 %, 924 MiB, 12282 MiB
2026/10/03 18:02:06.208, 0 %, 924 MiB, 12282 MiB
2026/10/03 18:02:16.243, 0 %, 924 MiB, 12282 MiB
2026/10/03 18:02:26.248, 0 %, 924 MiB, 12282 MiB
2026/10/03 18:02:36.252, 0 %, 924 MiB, 12282 MiB
2026/10/03 18:02:46.265, 0 %, 924 MiB, 12282 MiB
2026/10/03 18:02:56.274, 0 %, 924 MiB, 12282 MiB
2026/10/03 18:03:06.286, 0 %, 924 MiB, 12282 MiB
2026/10/03 18:03:16.294, 12 %, 924 MiB, 12282 MiB
2026/10/03 18:03:26.310, 0 %, 924 MiB, 12282 MiB
2026/10/03 18:03:36.326, 0 %, 924 MiB, 12282 MiB
2026/10/03 18:03:46.332, 0 %, 924 MiB, 12282 MiB
2026/10/03 18:03:56.340, 0 %, 924 MiB, 12282 MiB
2026/10/03 18:04:06.358, 0 %, 924 MiB, 12282 MiB
2026/10/03 18:04:16.375, 0 %, 924 MiB, 12282 MiB
2026/10/03 18:04:26.383, 0 %, 924 MiB, 12282 MiB
2026/10/03 18:04:36.402, 0 %, 924 MiB, 12282 MiB
2026/10/03 18:04:46.425, 0 %, 924 MiB, 12282 MiB
2026/10/03 18:04:56.446, 0 %, 924 MiB, 12282 MiB
2026/10/03 18:05:06.450, 0 %, 924 MiB, 12282 MiB
2026/10/03 18:05:16.457, 0 %, 924 MiB, 12282 MiB
2026/10/03 18:05:26.470, 0 %, 924 MiB, 12282 MiB
2026/10/03 18:05:36.491, 0 %, 924 MiB, 12282 MiB
2026/10/03 18:05:46.501, 0 %, 924 MiB, 12282 MiB
2026/10/03 18:05:56.512, 0 %, 924 MiB, 12282 MiB
2026/10/03 18:06:06.517, 0 %, 924 MiB, 12282 MiB
2026/10/03 18:06:16.527, 0 %, 924 MiB, 12282 MiB
2026/10/03 18:06:26.531, 0 %, 924 MiB, 12282 MiB
2026/10/03 18:06:36.541, 0 %, 924 MiB, 12282 MiB
2026/10/03 18:06:46.552, 0 %, 924 MiB, 12282 MiB
2026/10/03 18:06:56.562, 0 %, 924 MiB, 12282 MiB
2026/10/03 18:07:06.572, 0 %, 924 MiB, 12282 MiB
2026/10/03 18:07:16.579, 0 %, 924 MiB, 12282 MiB
2026/10/03 18:07:26.604, 0 %, 924 MiB, 12282 MiB
2026/10/03 18:07:36.618, 0 %, 924 MiB, 12282 MiB
2026/10/03 18:07:46.632, 0 %, 924 MiB, 12282 MiB
2026/10/03 18:07:56.658, 0 %, 924 MiB, 12282 MiB
2026/10/03 18:08:06.669, 0 %, 924 MiB, 12282 MiB
2026/10/03 18:08:16.694, 0 %, 924 MiB, 12282 MiB
2026/10/03 18:08:26.719, 0 %, 924 MiB, 12282 MiB
2026/10/03 18:08:36.738, 0 %, 924 MiB, 12282 MiB
2026/10/03 18:08:46.752, 0 %, 924 MiB, 12282 MiB
2026/10/03 18:08:56.771, 0 %, 924 MiB, 12282 MiB
2026/10/03 18:09:06.798, 0 %, 924 MiB, 12282 MiB
2026/10/03 18:09:16.808, 0 %, 924 MiB, 12282 MiB
2026/10/03 18:09:26.828, 0 %, 924 MiB, 12282 MiB
2026/10/03 18:09:36.832, 0 %, 924 MiB, 12282 MiB
2026/10/03 18:09:46.846, 0 %, 924 MiB, 12282 MiB
2026/10/03 18:09:56.862, 0 %, 924 MiB, 12282 MiB
2026/10/03 18:10:06.878, 0 %, 924 MiB, 12282 MiB
2026/10/03 18:10:16.887, 0 %, 924 MiB, 12282 MiB
2026/10/03 18:10:26.898, 0 %, 924 MiB, 12282 MiB
2026/10/03 18:10:36.912, 0 %, 924 MiB, 12282 MiB
2026/10/03 18:10:46.917, 0 %, 924 MiB, 12282 MiB
2026/10/03 18:10:56.932, 0 %, 924 MiB, 12282 MiB
2026/10/03 18:11:06.948, 0 %, 924 MiB, 12282 MiB
2026/10/03 18:11:16.953, 0 %, 924 MiB, 12282 MiB
2026/10/03 18:11:26.955, 0 %, 924 MiB, 12282 MiB
2026/10/03 18:11:36.967, 0 %, 924 MiB, 12282 MiB
2026/10/03 18:11:46.981, 0 %, 924 MiB, 12282 MiB
2026/10/03 18:11:57.002, 0 %, 924 MiB, 12282 MiB
2026/10/03 18:12:07.011, 0 %, 924 MiB, 12282 MiB
2026/10/03 18:12:17.034, 0 %, 924 MiB, 12282 MiB
2026/10/03 18:12:27.058, 0 %, 924 MiB, 12282 MiB
2026/10/03 18:12:37.077, 0 %, 924 MiB, 12282 MiB
2026/10/03 18:12:47.087, 0 %, 924 MiB, 12282 MiB
2026/10/03 18:12:57.124, 0 %, 924 MiB, 12282 MiB
2026/10/03 18:13:07.140, 0 %, 924 MiB, 12282 MiB
2026/10/03 18:13:17.147, 0 %, 924 MiB, 12282 MiB
2026/10/03 18:13:27.162, 0 %, 924 MiB, 12282 MiB
2026/10/03 18:13:37.174, 0 %, 924 MiB, 12282 MiB
2026/10/03 18:13:47.205, 0 %, 924 MiB, 12282 MiB
2026/10/03 18:13:57.212, 0 %, 924 MiB, 12282 MiB
2026/10/03 18:14:07.226, 0 %, 924 MiB, 12282 MiB
2026/10/03 18:14:17.238, 0 %, 924 MiB, 12282 MiB
2026/10/03 18:14:27.251, 0 %, 924 MiB, 12282 MiB
2026/10/03 18:14:37.255, 0 %, 924 MiB, 12282 MiB
2026/10/03 18:14:47.287, 0 %, 924 MiB, 12282 MiB
2026/10/03 18:14:57.296, 0 %, 924 MiB, 12282 MiB
2026/10/03 18:15:07.305, 0 %, 924 MiB, 12282 MiB
2026/10/03 18:15:17.312, 0 %, 924 MiB, 12282 MiB
2026/10/03 18:15:27.336, 0 %, 924 MiB, 12282 MiB
2026/10/03 18:15:37.351, 0 %, 924 MiB, 12282 MiB
2026/10/03 18:15:47.369, 0 %, 924 MiB, 12282 MiB
2026/10/03 18:15:57.383, 0 %, 924 MiB, 12282 MiB
2026/10/03 18:16:07.407, 0 %, 924 MiB, 12282 MiB
2026/10/03 18:16:17.416, 0 %, 924 MiB, 12282 MiB
2026/10/03 18:16:27.423, 0 %, 924 MiB, 12282 MiB
2026/10/03 18:16:37.440, 0 %, 924 MiB, 12282 MiB
2026/10/03 18:16:47.455, 0 %, 924 MiB, 12282 MiB
2026/10/03 18:16:57.467, 0 %, 924 MiB, 12282 MiB
2026/10/03 18:17:07.475, 0 %, 924 MiB, 12282 MiB
2026/10/03 18:17:17.518, 0 %, 924 MiB, 12282 MiB
2026/10/03 18:17:27.550, 0 %, 924 MiB, 12282 MiB
2026/10/03 18:17:37.553, 0 %, 924 MiB, 12282 MiB
2026/10/03 18:17:47.557, 0 %, 924 MiB, 12282 MiB
2026/10/03 18:17:57.573, 0 %, 924 MiB, 12282 MiB
2026/10/03 18:18:07.584, 0 %, 924 MiB, 12282 MiB
2026/10/03 18:18:17.594, 0 %, 924 MiB, 12282 MiB
2026/10/03 18:18:27.604, 0 %, 924 MiB, 12282 MiB
2026/10/03 18:18:37.615, 0 %, 924 MiB, 12282 MiB
2026/10/03 18:18:47.628, 0 %, 924 MiB, 12282 MiB
2026/10/03 18:18:57.646, 0 %, 924 MiB, 12282 MiB
2026/10/03 18:19:07.659, 0 %, 924 MiB, 12282 MiB
2026/10/03 18:19:17.670, 0 %, 924 MiB, 12282 MiB
2026/10/03 18:19:27.685, 0 %, 925 MiB, 12282 MiB
2026/10/03 18:19:37.696, 0 %, 925 MiB, 12282 MiB
2026/10/03 18:19:47.705, 1 %, 925 MiB, 12282 MiB
2026/10/03 18:19:57.724, 2 %, 925 MiB, 12282 MiB
2026/10/03 18:20:07.741, 0 %, 925 MiB, 12282 MiB
2026/10/03 18:20:17.756, 1 %, 925 MiB, 12282 MiB
2026/10/03 18:20:27.775, 0 %, 925 MiB, 12282 MiB
2026/10/03 18:20:37.780, 0 %, 925 MiB, 12282 MiB
2026/10/03 18:20:47.795, 0 %, 925 MiB, 12282 MiB
2026/10/03 18:20:57.816, 0 %, 925 MiB, 12282 MiB
2026/10/03 18:21:07.833, 0 %, 925 MiB, 12282 MiB
2026/10/03 18:21:17.841, 0 %, 925 MiB, 12282 MiB
2026/10/03 18:21:27.858, 0 %, 925 MiB, 12282 MiB
2026/10/03 18:21:37.876, 0 %, 925 MiB, 12282 MiB
2026/10/03 18:21:47.892, 0 %, 925 MiB, 12282 MiB
2026/10/03 18:21:57.897, 0 %, 925 MiB, 12282 MiB
2026/10/03 18:22:07.915, 0 %, 925 MiB, 12282 MiB
2026/10/03 18:22:17.921, 0 %, 925 MiB, 12282 MiB
2026/10/03 18:22:27.930, 0 %, 925 MiB, 12282 MiB
2026/10/03 18:22:37.962, 0 %, 925 MiB, 12282 MiB
2026/10/03 18:22:47.968, 0 %, 925 MiB, 12282 MiB
2026/10/03 18:22:57.984, 0 %, 925 MiB, 12282 MiB
2026/10/03 18:23:07.998, 0 %, 925 MiB, 12282 MiB
2026/10/03 18:23:18.005, 0 %, 925 MiB, 12282 MiB
2026/10/03 18:23:28.019, 0 %, 925 MiB, 12282 MiB
2026/10/03 18:23:38.020, 0 %, 925 MiB, 12282 MiB
2026/10/03 18:23:48.031, 0 %, 925 MiB, 12282 MiB
2026/10/03 18:23:58.046, 0 %, 925 MiB, 12282 MiB
2026/10/03 18:24:08.054, 0 %, 925 MiB, 12282 MiB
2026/10/03 18:24:18.068, 0 %, 925 MiB, 12282 MiB
2026/10/03 18:24:28.091, 0 %, 925 MiB, 12282 MiB
2026/10/03 18:24:38.100, 0 %, 925 MiB, 12282 MiB
2026/10/03 18:24:48.125, 0 %, 925 MiB, 12282 MiB
2026/10/03 18:24:58.150, 0 %, 925 MiB, 12282 MiB
2026/10/03 18:25:08.165, 0 %, 925 MiB, 12282 MiB
2026/10/03 18:25:18.179, 0 %, 925 MiB, 12282 MiB
2026/10/03 18:25:28.185, 0 %, 925 MiB, 12282 MiB
2026/10/03 18:25:38.208, 0 %, 925 MiB, 12282 MiB
2026/10/03 18:25:48.216, 0 %, 925 MiB, 12282 MiB
2026/10/03 18:25:58.226, 0 %, 925 MiB, 12282 MiB
2026/10/03 18:26:08.247, 0 %, 925 MiB, 12282 MiB
2026/10/03 18:26:18.253, 0 %, 925 MiB, 12282 MiB
2026/10/03 18:26:28.266, 0 %, 925 MiB, 12282 MiB
2026/10/03 18:26:38.273, 0 %, 925 MiB, 12282 MiB
2026/10/03 18:26:48.292, 0 %, 925 MiB, 12282 MiB
2026/10/03 18:26:58.299, 0 %, 925 MiB, 12282 MiB
2026/10/03 18:27:08.313, 0 %, 925 MiB, 12282 MiB
2026/10/03 18:27:18.332, 0 %, 925 MiB, 12282 MiB
2026/10/03 18:27:28.346, 0 %, 925 MiB, 12282 MiB
2026/10/03 18:27:38.359, 0 %, 925 MiB, 12282 MiB
2026/10/03 18:27:48.371, 0 %, 925 MiB, 12282 MiB
2026/10/03 18:27:58.384, 0 %, 925 MiB, 12282 MiB
2026/10/03 18:28:08.400, 0 %, 925 MiB, 12282 MiB
2026/10/03 18:28:18.420, 0 %, 925 MiB, 12282 MiB
2026/10/03 18:28:28.427, 0 %, 925 MiB, 12282 MiB
2026/10/03 18:28:38.438, 0 %, 925 MiB, 12282 MiB
2026/10/03 18:28:48.451, 0 %, 925 MiB, 12282 MiB
2026/10/03 18:28:58.463, 0 %, 925 MiB, 12282 MiB
2026/10/03 18:29:08.475, 0 %, 925 MiB, 12282 MiB
2026/10/03 18:29:18.495, 0 %, 925 MiB, 12282 MiB
2026/10/03 18:29:28.507, 0 %, 925 MiB, 12282 MiB
2026/10/03 18:29:38.536, 0 %, 925 MiB, 12282 MiB
2026/10/03 18:29:48.551, 0 %, 925 MiB, 12282 MiB
2026/10/03 18:29:58.553, 0 %, 925 MiB, 12282 MiB
2026/10/03 18:30:08.558, 0 %, 925 MiB, 12282 MiB
2026/10/03 18:30:18.574, 0 %, 925 MiB, 12282 MiB
2026/10/03 18:30:28.591, 0 %, 925 MiB, 12282 MiB
2026/10/03 18:30:38.608, 0 %, 925 MiB, 12282 MiB
2026/10/03 18:30:48.629, 0 %, 925 MiB, 12282 MiB
2026/10/03 18:30:58.643, 0 %, 925 MiB, 12282 MiB
2026/10/03 18:31:08.654, 0 %, 925 MiB, 12282 MiB
2026/10/03 18:31:18.671, 0 %, 925 MiB, 12282 MiB
2026/10/03 18:31:28.674, 0 %, 925 MiB, 12282 MiB
2026/10/03 18:31:38.689, 0 %, 925 MiB, 12282 MiB
2026/10/03 18:31:48.703, 0 %, 925 MiB, 12282 MiB
2026/10/03 18:31:58.704, 0 %, 925 MiB, 12282 MiB
2026/10/03 18:32:08.727, 0 %, 925 MiB, 12282 MiB
2026/10/03 18:32:18.732, 0 %, 925 MiB, 12282 MiB
2026/10/03 18:32:28.769, 0 %, 925 MiB, 12282 MiB
2026/10/03 18:32:38.783, 0 %, 925 MiB, 12282 MiB
2026/10/03 18:32:48.785, 0 %, 925 MiB, 12282 MiB
2026/10/03 18:32:58.826, 0 %, 925 MiB, 12282 MiB
2026/10/03 18:33:08.847, 0 %, 925 MiB, 12282 MiB
2026/10/03 18:33:18.864, 0 %, 925 MiB, 12282 MiB
2026/10/03 18:33:28.866, 0 %, 925 MiB, 12282 MiB
2026/10/03 18:33:38.876, 0 %, 925 MiB, 12282 MiB
2026/10/03 18:33:48.888, 0 %, 925 MiB, 12282 MiB
2026/10/03 18:33:58.903, 0 %, 925 MiB, 12282 MiB
2026/10/03 18:34:08.905, 0 %, 925 MiB, 12282 MiB
2026/10/03 18:34:18.919, 0 %, 925 MiB, 12282 MiB
2026/10/03 18:34:28.937, 0 %, 925 MiB, 12282 MiB
2026/10/03 18:34:38.949, 0 %, 925 MiB, 12282 MiB
2026/10/03 18:34:48.965, 0 %, 925 MiB, 12282 MiB
2026/10/03 18:34:58.970, 0 %, 925 MiB, 12282 MiB
2026/10/03 18:35:08.990, 0 %, 925 MiB, 12282 MiB
2026/10/03 18:35:18.995, 0 %, 925 MiB, 12282 MiB
2026/10/03 18:35:29.002, 0 %, 925 MiB, 12282 MiB
2026/10/03 18:35:39.014, 0 %, 925 MiB, 12282 MiB
2026/10/03 18:35:49.019, 0 %, 925 MiB, 12282 MiB
2026/10/03 18:35:59.047, 0 %, 925 MiB, 12282 MiB
2026/10/03 18:36:09.050, 0 %, 925 MiB, 12282 MiB
2026/10/03 18:36:19.057, 0 %, 925 MiB, 12282 MiB
2026/10/03 18:36:29.062, 0 %, 925 MiB, 12282 MiB
2026/10/03 18:36:39.072, 0 %, 925 MiB, 12282 MiB
2026/10/03 18:36:49.095, 0 %, 925 MiB, 12282 MiB
2026/10/03 18:36:59.107, 0 %, 925 MiB, 12282 MiB
2026/10/03 18:37:09.116, 0 %, 925 MiB, 12282 MiB
2026/10/03 18:37:19.128, 0 %, 925 MiB, 12282 MiB
2026/10/03 18:37:29.135, 0 %, 925 MiB, 12282 MiB
2026/10/03 18:37:39.149, 0 %, 925 MiB, 12282 MiB
2026/10/03 18:37:49.160, 0 %, 925 MiB, 12282 MiB
2026/10/03 18:37:59.170, 0 %, 925 MiB, 12282 MiB
2026/10/03 18:38:09.179, 0 %, 925 MiB, 12282 MiB
2026/10/03 18:38:19.193, 0 %, 925 MiB, 12282 MiB
2026/10/03 18:38:29.228, 0 %, 925 MiB, 12282 MiB
2026/10/03 18:38:39.233, 0 %, 925 MiB, 12282 MiB
2026/10/03 18:38:49.272, 0 %, 925 MiB, 12282 MiB
2026/10/03 18:38:59.284, 0 %, 925 MiB, 12282 MiB
2026/10/03 18:39:09.294, 0 %, 925 MiB, 12282 MiB
2026/10/03 18:39:19.311, 0 %, 925 MiB, 12282 MiB
2026/10/03 18:39:29.316, 0 %, 925 MiB, 12282 MiB
2026/10/03 18:39:39.330, 0 %, 925 MiB, 12282 MiB
2026/10/03 18:39:49.346, 0 %, 925 MiB, 12282 MiB
2026/10/03 18:39:59.355, 0 %, 925 MiB, 12282 MiB
2026/10/03 18:40:09.371, 0 %, 925 MiB, 12282 MiB
2026/10/03 18:40:19.380, 0 %, 925 MiB, 12282 MiB
2026/10/03 18:40:29.401, 0 %, 925 MiB, 12282 MiB
2026/10/03 18:40:39.412, 0 %, 925 MiB, 12282 MiB
2026/10/03 18:40:49.420, 0 %, 925 MiB, 12282 MiB
2026/10/03 18:40:59.440, 0 %, 925 MiB, 12282 MiB
2026/10/03 18:41:09.450, 0 %, 925 MiB, 12282 MiB
2026/10/03 18:41:19.469, 0 %, 925 MiB, 12282 MiB
2026/10/03 18:41:29.480, 0 %, 925 MiB, 12282 MiB
2026/10/03 18:41:39.497, 0 %, 925 MiB, 12282 MiB
2026/10/03 18:41:49.510, 0 %, 925 MiB, 12282 MiB
2026/10/03 18:41:59.533, 0 %, 925 MiB, 12282 MiB
2026/10/03 18:42:09.538, 0 %, 925 MiB, 12282 MiB
2026/10/03 18:42:19.550, 0 %, 925 MiB, 12282 MiB
2026/10/03 18:42:29.564, 0 %, 925 MiB, 12282 MiB
2026/10/03 18:42:39.580, 0 %, 925 MiB, 12282 MiB
2026/10/03 18:42:49.596, 0 %, 925 MiB, 12282 MiB
2026/10/03 18:42:59.604, 0 %, 925 MiB, 12282 MiB
2026/10/03 18:43:09.616, 0 %, 925 MiB, 12282 MiB
2026/10/03 18:43:19.639, 0 %, 925 MiB, 12282 MiB
2026/10/03 18:43:29.672, 0 %, 925 MiB, 12282 MiB
2026/10/03 18:43:39.678, 0 %, 925 MiB, 12282 MiB
2026/10/03 18:43:49.690, 0 %, 925 MiB, 12282 MiB
2026/10/03 18:43:59.694, 0 %, 925 MiB, 12282 MiB
2026/10/03 18:44:09.703, 0 %, 925 MiB, 12282 MiB
2026/10/03 18:44:19.718, 0 %, 925 MiB, 12282 MiB
2026/10/03 18:44:29.733, 0 %, 925 MiB, 12282 MiB
2026/10/03 18:44:39.740, 0 %, 925 MiB, 12282 MiB
2026/10/03 18:44:49.756, 0 %, 925 MiB, 12282 MiB
2026/10/03 18:44:59.767, 0 %, 925 MiB, 12282 MiB
2026/10/03 18:45:09.779, 0 %, 925 MiB, 12282 MiB
2026/10/03 18:45:19.787, 0 %, 925 MiB, 12282 MiB
2026/10/03 18:45:29.803, 0 %, 925 MiB, 12282 MiB
2026/10/03 18:45:39.821, 0 %, 925 MiB, 12282 MiB
2026/10/03 18:45:49.824, 0 %, 924 MiB, 12282 MiB
2026/10/03 18:45:59.838, 0 %, 924 MiB, 12282 MiB
2026/10/03 18:46:09.870, 0 %, 924 MiB, 12282 MiB
2026/10/03 18:46:19.880, 0 %, 924 MiB, 12282 MiB
2026/10/03 18:46:29.895, 0 %, 924 MiB, 12282 MiB
2026/10/03 18:46:39.919, 0 %, 924 MiB, 12282 MiB
2026/10/03 18:46:49.922, 0 %, 924 MiB, 12282 MiB
2026/10/03 18:46:59.947, 0 %, 924 MiB, 12282 MiB
2026/10/03 18:47:09.950, 0 %, 924 MiB, 12282 MiB
2026/10/03 18:47:19.965, 0 %, 924 MiB, 12282 MiB
2026/10/03 18:47:29.974, 0 %, 924 MiB, 12282 MiB
2026/10/03 18:47:39.996, 0 %, 924 MiB, 12282 MiB
2026/10/03 18:47:50.007, 0 %, 924 MiB, 12282 MiB
2026/10/03 18:48:00.028, 0 %, 924 MiB, 12282 MiB
2026/10/03 18:48:10.047, 0 %, 924 MiB, 12282 MiB
2026/10/03 18:48:20.059, 0 %, 924 MiB, 12282 MiB
2026/10/03 18:48:30.071, 0 %, 924 MiB, 12282 MiB
2026/10/03 18:48:40.080, 0 %, 924 MiB, 12282 MiB
2026/10/03 18:48:50.086, 0 %, 924 MiB, 12282 MiB
2026/10/03 18:49:00.093, 0 %, 924 MiB, 12282 MiB
2026/10/03 18:49:10.108, 0 %, 924 MiB, 12282 MiB
2026/10/03 18:49:20.115, 0 %, 924 MiB, 12282 MiB
2026/10/03 18:49:30.147, 0 %, 924 MiB, 12282 MiB
2026/10/03 18:49:40.161, 0 %, 924 MiB, 12282 MiB
2026/10/03 18:49:50.183, 0 %, 924 MiB, 12282 MiB
2026/10/03 18:50:00.192, 0 %, 924 MiB, 12282 MiB
2026/10/03 18:50:10.205, 0 %, 924 MiB, 12282 MiB
2026/10/03 18:50:20.215, 0 %, 924 MiB, 12282 MiB
2026/10/03 18:50:30.225, 0 %, 924 MiB, 12282 MiB
2026/10/03 18:50:40.235, 0 %, 924 MiB, 12282 MiB
2026/10/03 18:50:50.248, 0 %, 924 MiB, 12282 MiB
2026/10/03 18:51:00.268, 0 %, 924 MiB, 12282 MiB
2026/10/03 18:51:10.284, 0 %, 924 MiB, 12282 MiB
2026/10/03 18:51:20.329, 0 %, 924 MiB, 12282 MiB
2026/10/03 18:51:30.336, 0 %, 924 MiB, 12282 MiB
2026/10/03 18:51:40.341, 0 %, 924 MiB, 12282 MiB
2026/10/03 18:51:50.352, 0 %, 924 MiB, 12282 MiB
2026/10/03 18:52:00.369, 0 %, 924 MiB, 12282 MiB
2026/10/03 18:52:10.375, 0 %, 924 MiB, 12282 MiB
2026/10/03 18:52:20.390, 0 %, 924 MiB, 12282 MiB
2026/10/03 18:52:30.396, 0 %, 924 MiB, 12282 MiB
2026/10/03 18:52:40.411, 0 %, 924 MiB, 12282 MiB
2026/10/03 18:52:50.441, 0 %, 924 MiB, 12282 MiB
2026/10/03 18:53:00.447, 0 %, 924 MiB, 12282 MiB
2026/10/03 18:53:10.450, 0 %, 924 MiB, 12282 MiB
2026/10/03 18:53:20.471, 0 %, 924 MiB, 12282 MiB
2026/10/03 18:53:30.473, 0 %, 924 MiB, 12282 MiB
2026/10/03 18:53:40.480, 0 %, 924 MiB, 12282 MiB
2026/10/03 18:53:50.500, 0 %, 924 MiB, 12282 MiB
2026/10/03 18:54:00.512, 0 %, 924 MiB, 12282 MiB
2026/10/03 18:54:10.522, 0 %, 924 MiB, 12282 MiB
2026/10/03 18:54:20.537, 0 %, 924 MiB, 12282 MiB
2026/10/03 18:54:30.547, 0 %, 924 MiB, 12282 MiB
2026/10/03 18:54:40.557, 0 %, 924 MiB, 12282 MiB
2026/10/03 18:54:50.565, 0 %, 924 MiB, 12282 MiB
2026/10/03 18:55:00.568, 0 %, 924 MiB, 12282 MiB
2026/10/03 18:55:10.584, 0 %, 924 MiB, 12282 MiB
2026/10/03 18:55:20.588, 0 %, 924 MiB, 12282 MiB
2026/10/03 18:55:30.599, 0 %, 924 MiB, 12282 MiB
2026/10/03 18:55:40.609, 0 %, 924 MiB, 12282 MiB
2026/10/03 18:55:50.625, 0 %, 924 MiB, 12282 MiB
2026/10/03 18:56:00.636, 0 %, 924 MiB, 12282 MiB
2026/10/03 18:56:10.643, 0 %, 924 MiB, 12282 MiB
2026/10/03 18:56:20.660, 0 %, 924 MiB, 12282 MiB
2026/10/03 18:56:30.663, 0 %, 924 MiB, 12282 MiB
2026/10/03 18:56:40.669, 0 %, 924 MiB, 12282 MiB
2026/10/03 18:56:50.691, 0 %, 924 MiB, 12282 MiB
2026/10/03 18:57:00.721, 0 %, 924 MiB, 12282 MiB
2026/10/03 18:57:10.743, 0 %, 924 MiB, 12282 MiB
2026/10/03 18:57:20.756, 0 %, 924 MiB, 12282 MiB
2026/10/03 18:57:30.785, 0 %, 924 MiB, 12282 MiB
2026/10/03 18:57:40.800, 0 %, 924 MiB, 12282 MiB
2026/10/03 18:57:50.806, 0 %, 924 MiB, 12282 MiB
2026/10/03 18:58:00.814, 0 %, 924 MiB, 12282 MiB
2026/10/03 18:58:10.822, 0 %, 924 MiB, 12282 MiB
2026/10/03 18:58:20.859, 0 %, 924 MiB, 12282 MiB
2026/10/03 18:58:30.868, 0 %, 924 MiB, 12282 MiB
2026/10/03 18:58:40.873, 0 %, 924 MiB, 12282 MiB
2026/10/03 18:58:50.898, 0 %, 924 MiB, 12282 MiB
2026/10/03 18:59:00.924, 0 %, 924 MiB, 12282 MiB
2026/10/03 18:59:10.939, 0 %, 924 MiB, 12282 MiB
2026/10/03 18:59:20.954, 0 %, 924 MiB, 12282 MiB
2026/10/03 18:59:30.959, 0 %, 924 MiB, 12282 MiB
2026/10/03 18:59:40.973, 0 %, 924 MiB, 12282 MiB
2026/10/03 18:59:50.982, 0 %, 924 MiB, 12282 MiB
2026/10/03 19:00:00.988, 0 %, 924 MiB, 12282 MiB
2026/10/03 19:00:10.993, 0 %, 924 MiB, 12282 MiB
2026/10/03 19:00:21.003, 0 %, 924 MiB, 12282 MiB
2026/10/03 19:00:31.016, 0 %, 924 MiB, 12282 MiB
2026/10/03 19:00:41.040, 0 %, 924 MiB, 12282 MiB
2026/10/03 19:00:51.079, 0 %, 924 MiB, 12282 MiB
2026/10/03 19:01:01.096, 0 %, 924 MiB, 12282 MiB
2026/10/03 19:01:11.099, 0 %, 924 MiB, 12282 MiB
2026/10/03 19:01:21.110, 5 %, 953 MiB, 12282 MiB
2026/10/03 19:01:31.115, 0 %, 923 MiB, 12282 MiB
2026/10/03 19:01:41.127, 0 %, 923 MiB, 12282 MiB
2026/10/03 19:01:51.134, 0 %, 923 MiB, 12282 MiB
2026/10/03 19:02:01.141, 0 %, 923 MiB, 12282 MiB
2026/10/03 19:02:11.151, 0 %, 923 MiB, 12282 MiB
2026/10/03 19:02:21.164, 0 %, 923 MiB, 12282 MiB
2026/10/03 19:02:31.174, 0 %, 923 MiB, 12282 MiB
2026/10/03 19:02:41.182, 0 %, 923 MiB, 12282 MiB
2026/10/03 19:02:51.200, 0 %, 923 MiB, 12282 MiB
2026/10/03 19:03:01.208, 0 %, 923 MiB, 12282 MiB
2026/10/03 19:03:11.215, 0 %, 923 MiB, 12282 MiB
2026/10/03 19:03:21.226, 0 %, 923 MiB, 12282 MiB
2026/10/03 19:03:31.239, 0 %, 923 MiB, 12282 MiB
2026/10/03 19:03:41.265, 0 %, 923 MiB, 12282 MiB
2026/10/03 19:03:51.271, 0 %, 923 MiB, 12282 MiB
2026/10/03 19:04:01.285, 0 %, 923 MiB, 12282 MiB
2026/10/03 19:04:11.302, 0 %, 923 MiB, 12282 MiB
2026/10/03 19:04:21.324, 0 %, 923 MiB, 12282 MiB
2026/10/03 19:04:31.335, 0 %, 923 MiB, 12282 MiB
2026/10/03 19:04:41.363, 0 %, 923 MiB, 12282 MiB
2026/10/03 19:04:51.377, 0 %, 923 MiB, 12282 MiB
2026/10/03 19:05:01.393, 0 %, 923 MiB, 12282 MiB
2026/10/03 19:05:11.414, 0 %, 923 MiB, 12282 MiB
2026/10/03 19:05:21.426, 0 %, 922 MiB, 12282 MiB
2026/10/03 19:05:31.439, 0 %, 922 MiB, 12282 MiB
2026/10/03 19:05:41.457, 0 %, 922 MiB, 12282 MiB
2026/10/03 19:05:51.467, 0 %, 922 MiB, 12282 MiB
2026/10/03 19:06:01.474, 0 %, 922 MiB, 12282 MiB
2026/10/03 19:06:11.490, 0 %, 922 MiB, 12282 MiB
2026/10/03 19:06:21.497, 0 %, 922 MiB, 12282 MiB
2026/10/03 19:06:31.508, 0 %, 922 MiB, 12282 MiB
2026/10/03 19:06:41.519, 0 %, 922 MiB, 12282 MiB
2026/10/03 19:06:51.539, 0 %, 922 MiB, 12282 MiB
2026/10/03 19:07:01.565, 0 %, 922 MiB, 12282 MiB
2026/10/03 19:07:11.569, 0 %, 922 MiB, 12282 MiB
2026/10/03 19:07:21.586, 0 %, 922 MiB, 12282 MiB
2026/10/03 19:07:31.588, 0 %, 922 MiB, 12282 MiB
2026/10/03 19:07:41.599, 0 %, 922 MiB, 12282 MiB
2026/10/03 19:07:51.606, 0 %, 922 MiB, 12282 MiB
2026/10/03 19:08:01.617, 0 %, 922 MiB, 12282 MiB
2026/10/03 19:08:11.634, 0 %, 922 MiB, 12282 MiB
2026/10/03 19:08:21.643, 0 %, 922 MiB, 12282 MiB
2026/10/03 19:08:31.658, 0 %, 922 MiB, 12282 MiB
2026/10/03 19:08:41.661, 0 %, 922 MiB, 12282 MiB
2026/10/03 19:08:51.670, 0 %, 922 MiB, 12282 MiB
2026/10/03 19:09:01.678, 0 %, 922 MiB, 12282 MiB
2026/10/03 19:09:11.691, 0 %, 922 MiB, 12282 MiB
2026/10/03 19:09:21.710, 0 %, 922 MiB, 12282 MiB
2026/10/03 19:09:31.726, 0 %, 922 MiB, 12282 MiB
2026/10/03 19:09:41.752, 0 %, 922 MiB, 12282 MiB
2026/10/03 19:09:51.761, 0 %, 922 MiB, 12282 MiB
2026/10/03 19:10:01.772, 0 %, 922 MiB, 12282 MiB
2026/10/03 19:10:11.794, 0 %, 922 MiB, 12282 MiB
2026/10/03 19:10:21.804, 0 %, 922 MiB, 12282 MiB
2026/10/03 19:10:31.824, 0 %, 922 MiB, 12282 MiB
2026/10/03 19:10:41.840, 0 %, 922 MiB, 12282 MiB
2026/10/03 19:10:51.850, 0 %, 922 MiB, 12282 MiB
2026/10/03 19:11:01.885, 0 %, 922 MiB, 12282 MiB
2026/10/03 19:11:11.905, 0 %, 922 MiB, 12282 MiB
2026/10/03 19:11:21.921, 0 %, 922 MiB, 12282 MiB
2026/10/03 19:11:31.938, 0 %, 922 MiB, 12282 MiB
2026/10/03 19:11:41.952, 0 %, 922 MiB, 12282 MiB
2026/10/03 19:11:51.956, 0 %, 922 MiB, 12282 MiB
2026/10/03 19:12:01.971, 0 %, 922 MiB, 12282 MiB
2026/10/03 19:12:11.991, 0 %, 922 MiB, 12282 MiB
2026/10/03 19:12:22.005, 0 %, 922 MiB, 12282 MiB
2026/10/03 19:12:32.012, 0 %, 922 MiB, 12282 MiB
2026/10/03 19:12:42.021, 0 %, 922 MiB, 12282 MiB
2026/10/03 19:12:52.037, 0 %, 922 MiB, 12282 MiB
2026/10/03 19:13:02.052, 0 %, 922 MiB, 12282 MiB
2026/10/03 19:13:12.066, 0 %, 922 MiB, 12282 MiB
2026/10/03 19:13:22.087, 0 %, 922 MiB, 12282 MiB
2026/10/03 19:13:32.095, 0 %, 922 MiB, 12282 MiB
2026/10/03 19:13:42.101, 0 %, 922 MiB, 12282 MiB
2026/10/03 19:13:52.120, 0 %, 922 MiB, 12282 MiB
2026/10/03 19:14:02.137, 0 %, 922 MiB, 12282 MiB
2026/10/03 19:14:12.157, 0 %, 922 MiB, 12282 MiB
2026/10/03 19:14:22.174, 0 %, 922 MiB, 12282 MiB
2026/10/03 19:14:32.187, 0 %, 922 MiB, 12282 MiB
2026/10/03 19:14:42.210, 0 %, 922 MiB, 12282 MiB
2026/10/03 19:14:52.218, 0 %, 922 MiB, 12282 MiB
2026/10/03 19:15:02.235, 0 %, 922 MiB, 12282 MiB
2026/10/03 19:15:12.254, 0 %, 922 MiB, 12282 MiB
2026/10/03 19:15:22.267, 0 %, 922 MiB, 12282 MiB
2026/10/03 19:15:32.282, 0 %, 922 MiB, 12282 MiB
2026/10/03 19:15:42.291, 0 %, 922 MiB, 12282 MiB
2026/10/03 19:15:52.297, 0 %, 922 MiB, 12282 MiB
2026/10/03 19:16:02.310, 0 %, 922 MiB, 12282 MiB
2026/10/03 19:16:12.312, 0 %, 922 MiB, 12282 MiB
2026/10/03 19:16:22.327, 0 %, 922 MiB, 12282 MiB
2026/10/03 19:16:32.334, 0 %, 922 MiB, 12282 MiB
2026/10/03 19:16:42.341, 0 %, 922 MiB, 12282 MiB
2026/10/03 19:16:52.355, 9 %, 922 MiB, 12282 MiB
2026/10/03 19:17:02.371, 0 %, 922 MiB, 12282 MiB
2026/10/03 19:17:12.381, 0 %, 922 MiB, 12282 MiB
2026/10/03 19:17:22.393, 0 %, 922 MiB, 12282 MiB
2026/10/03 19:17:32.414, 0 %, 922 MiB, 12282 MiB
2026/10/03 19:17:42.417, 0 %, 922 MiB, 12282 MiB
2026/10/03 19:17:52.426, 0 %, 922 MiB, 12282 MiB
2026/10/03 19:18:02.429, 0 %, 922 MiB, 12282 MiB
2026/10/03 19:18:12.452, 0 %, 922 MiB, 12282 MiB
2026/10/03 19:18:22.460, 0 %, 922 MiB, 12282 MiB
2026/10/03 19:18:32.470, 0 %, 922 MiB, 12282 MiB
2026/10/03 19:18:42.489, 0 %, 922 MiB, 12282 MiB
2026/10/03 19:18:52.502, 0 %, 922 MiB, 12282 MiB
2026/10/03 19:19:02.509, 0 %, 922 MiB, 12282 MiB
2026/10/03 19:19:12.518, 0 %, 922 MiB, 12282 MiB
2026/10/03 19:19:22.525, 0 %, 922 MiB, 12282 MiB
2026/10/03 19:19:32.531, 0 %, 922 MiB, 12282 MiB
2026/10/03 19:19:42.543, 0 %, 922 MiB, 12282 MiB
2026/10/03 19:19:52.557, 0 %, 922 MiB, 12282 MiB
2026/10/03 19:20:02.570, 0 %, 922 MiB, 12282 MiB
2026/10/03 19:20:12.579, 0 %, 922 MiB, 12282 MiB
2026/10/03 19:20:22.595, 0 %, 922 MiB, 12282 MiB
2026/10/03 19:20:32.617, 0 %, 922 MiB, 12282 MiB
2026/10/03 19:20:42.634, 0 %, 922 MiB, 12282 MiB
2026/10/03 19:20:52.645, 0 %, 922 MiB, 12282 MiB
2026/10/03 19:21:02.655, 0 %, 922 MiB, 12282 MiB
2026/10/03 19:21:12.657, 0 %, 922 MiB, 12282 MiB
2026/10/03 19:21:22.670, 0 %, 922 MiB, 12282 MiB
2026/10/03 19:21:32.685, 10 %, 922 MiB, 12282 MiB
2026/10/03 19:21:42.692, 0 %, 922 MiB, 12282 MiB
2026/10/03 19:21:52.716, 0 %, 922 MiB, 12282 MiB
2026/10/03 19:22:02.735, 0 %, 922 MiB, 12282 MiB
2026/10/03 19:22:12.752, 0 %, 922 MiB, 12282 MiB
2026/10/03 19:22:22.759, 0 %, 922 MiB, 12282 MiB
2026/10/03 19:22:32.768, 0 %, 922 MiB, 12282 MiB
2026/10/03 19:22:42.776, 0 %, 922 MiB, 12282 MiB
2026/10/03 19:22:52.782, 0 %, 922 MiB, 12282 MiB
2026/10/03 19:23:02.786, 12 %, 922 MiB, 12282 MiB
2026/10/03 19:23:12.800, 0 %, 922 MiB, 12282 MiB
2026/10/03 19:23:22.809, 0 %, 922 MiB, 12282 MiB
2026/10/03 19:23:32.815, 0 %, 922 MiB, 12282 MiB
2026/10/03 19:23:42.838, 0 %, 922 MiB, 12282 MiB
2026/10/03 19:23:52.852, 0 %, 922 MiB, 12282 MiB
2026/10/03 19:24:02.856, 0 %, 922 MiB, 12282 MiB
2026/10/03 19:24:12.873, 0 %, 922 MiB, 12282 MiB
2026/10/03 19:24:22.885, 0 %, 922 MiB, 12282 MiB
2026/10/03 19:24:32.895, 0 %, 922 MiB, 12282 MiB
2026/10/03 19:24:42.902, 2 %, 925 MiB, 12282 MiB
2026/10/03 19:24:52.939, 0 %, 922 MiB, 12282 MiB
2026/10/03 19:25:02.944, 0 %, 922 MiB, 12282 MiB
2026/10/03 19:25:12.948, 0 %, 922 MiB, 12282 MiB
2026/10/03 19:25:22.956, 0 %, 922 MiB, 12282 MiB
2026/10/03 19:25:32.962, 0 %, 922 MiB, 12282 MiB
2026/10/03 19:25:42.974, 0 %, 922 MiB, 12282 MiB
2026/10/03 19:25:52.981, 0 %, 922 MiB, 12282 MiB
2026/10/03 19:26:02.991, 0 %, 922 MiB, 12282 MiB
2026/10/03 19:26:13.006, 0 %, 922 MiB, 12282 MiB
2026/10/03 19:26:23.014, 0 %, 922 MiB, 12282 MiB
2026/10/03 19:26:33.023, 0 %, 922 MiB, 12282 MiB
2026/10/03 19:26:43.037, 0 %, 922 MiB, 12282 MiB
2026/10/03 19:26:53.039, 0 %, 922 MiB, 12282 MiB
2026/10/03 19:27:03.047, 0 %, 922 MiB, 12282 MiB
2026/10/03 19:27:13.056, 0 %, 922 MiB, 12282 MiB
2026/10/03 19:27:23.064, 0 %, 922 MiB, 12282 MiB
2026/10/03 19:27:33.075, 0 %, 922 MiB, 12282 MiB
2026/10/03 19:27:43.088, 0 %, 922 MiB, 12282 MiB
2026/10/03 19:27:53.102, 0 %, 922 MiB, 12282 MiB
2026/10/03 19:28:03.127, 0 %, 922 MiB, 12282 MiB
2026/10/03 19:28:13.144, 0 %, 922 MiB, 12282 MiB
2026/10/03 19:28:23.158, 0 %, 922 MiB, 12282 MiB
2026/10/03 19:28:33.171, 0 %, 922 MiB, 12282 MiB
2026/10/03 19:28:43.178, 0 %, 922 MiB, 12282 MiB
2026/10/03 19:28:53.197, 0 %, 922 MiB, 12282 MiB
2026/10/03 19:29:03.221, 0 %, 922 MiB, 12282 MiB
2026/10/03 19:29:13.229, 0 %, 922 MiB, 12282 MiB
2026/10/03 19:29:23.239, 0 %, 922 MiB, 12282 MiB
2026/10/03 19:29:33.245, 0 %, 922 MiB, 12282 MiB
2026/10/03 19:29:43.259, 0 %, 922 MiB, 12282 MiB
2026/10/03 19:29:53.266, 0 %, 922 MiB, 12282 MiB
2026/10/03 19:30:03.290, 0 %, 922 MiB, 12282 MiB
2026/10/03 19:30:13.302, 0 %, 922 MiB, 12282 MiB
2026/10/03 19:30:23.305, 0 %, 922 MiB, 12282 MiB
2026/10/03 19:30:33.320, 0 %, 922 MiB, 12282 MiB
2026/10/03 19:30:43.349, 0 %, 922 MiB, 12282 MiB
2026/10/03 19:30:53.362, 0 %, 922 MiB, 12282 MiB
2026/10/03 19:31:03.373, 0 %, 922 MiB, 12282 MiB
2026/10/03 19:31:13.385, 0 %, 922 MiB, 12282 MiB
2026/10/03 19:31:23.398, 0 %, 922 MiB, 12282 MiB
2026/10/03 19:31:33.404, 12 %, 922 MiB, 12282 MiB
2026/10/03 19:31:43.420, 0 %, 922 MiB, 12282 MiB
2026/10/03 19:31:53.434, 0 %, 922 MiB, 12282 MiB
2026/10/03 19:32:03.453, 0 %, 922 MiB, 12282 MiB
2026/10/03 19:32:13.465, 0 %, 925 MiB, 12282 MiB
2026/10/03 19:32:23.476, 0 %, 922 MiB, 12282 MiB
2026/10/03 19:32:33.500, 0 %, 922 MiB, 12282 MiB
2026/10/03 19:32:43.512, 0 %, 922 MiB, 12282 MiB
2026/10/03 19:32:53.526, 0 %, 922 MiB, 12282 MiB
2026/10/03 19:33:03.539, 0 %, 922 MiB, 12282 MiB
2026/10/03 19:33:13.544, 0 %, 922 MiB, 12282 MiB
2026/10/03 19:33:23.554, 0 %, 922 MiB, 12282 MiB
2026/10/03 19:33:33.566, 0 %, 922 MiB, 12282 MiB
2026/10/03 19:33:43.588, 0 %, 922 MiB, 12282 MiB
2026/10/03 19:33:53.600, 0 %, 922 MiB, 12282 MiB
2026/10/03 19:34:03.611, 0 %, 922 MiB, 12282 MiB
2026/10/03 19:34:13.628, 0 %, 922 MiB, 12282 MiB
2026/10/03 19:34:23.650, 0 %, 922 MiB, 12282 MiB
2026/10/03 19:34:33.652, 0 %, 922 MiB, 12282 MiB
2026/10/03 19:34:43.661, 0 %, 922 MiB, 12282 MiB
2026/10/03 19:34:53.675, 0 %, 922 MiB, 12282 MiB
2026/10/03 19:35:03.692, 0 %, 922 MiB, 12282 MiB
2026/10/03 19:35:13.705, 0 %, 922 MiB, 12282 MiB
2026/10/03 19:35:23.736, 0 %, 922 MiB, 12282 MiB
2026/10/03 19:35:33.749, 0 %, 922 MiB, 12282 MiB
2026/10/03 19:35:43.765, 0 %, 922 MiB, 12282 MiB
2026/10/03 19:35:53.778, 0 %, 922 MiB, 12282 MiB
2026/10/03 19:36:03.797, 0 %, 922 MiB, 12282 MiB
2026/10/03 19:36:13.819, 0 %, 922 MiB, 12282 MiB
2026/10/03 19:36:23.835, 0 %, 909 MiB, 12282 MiB
2026/10/03 19:36:33.854, 0 %, 922 MiB, 12282 MiB
2026/10/03 19:36:43.869, 0 %, 922 MiB, 12282 MiB
2026/10/03 19:36:53.882, 0 %, 922 MiB, 12282 MiB
2026/10/03 19:37:03.889, 0 %, 922 MiB, 12282 MiB
2026/10/03 19:37:13.903, 0 %, 922 MiB, 12282 MiB
2026/10/03 19:37:23.927, 0 %, 922 MiB, 12282 MiB
2026/10/03 19:37:33.935, 0 %, 922 MiB, 12282 MiB
2026/10/03 19:37:43.963, 0 %, 922 MiB, 12282 MiB
2026/10/03 19:37:53.983, 0 %, 922 MiB, 12282 MiB
2026/10/03 19:38:03.997, 0 %, 922 MiB, 12282 MiB
2026/10/03 19:38:14.007, 0 %, 925 MiB, 12282 MiB
2026/10/03 19:38:24.017, 0 %, 924 MiB, 12282 MiB
2026/10/03 19:38:34.031, 0 %, 924 MiB, 12282 MiB
2026/10/03 19:38:44.035, 0 %, 924 MiB, 12282 MiB
2026/10/03 19:38:54.052, 0 %, 924 MiB, 12282 MiB
2026/10/03 19:39:04.064, 0 %, 924 MiB, 12282 MiB
2026/10/03 19:39:14.081, 0 %, 924 MiB, 12282 MiB
2026/10/03 19:39:24.086, 0 %, 924 MiB, 12282 MiB
2026/10/03 19:39:34.106, 0 %, 924 MiB, 12282 MiB
2026/10/03 19:39:44.125, 0 %, 924 MiB, 12282 MiB
2026/10/03 19:39:54.141, 0 %, 924 MiB, 12282 MiB
2026/10/03 19:40:04.155, 0 %, 924 MiB, 12282 MiB
2026/10/03 19:40:14.172, 0 %, 927 MiB, 12282 MiB
2026/10/03 19:40:24.178, 0 %, 924 MiB, 12282 MiB
2026/10/03 19:40:34.182, 0 %, 924 MiB, 12282 MiB
2026/10/03 19:40:44.191, 0 %, 924 MiB, 12282 MiB
2026/10/03 19:40:54.212, 0 %, 924 MiB, 12282 MiB
2026/10/03 19:41:04.215, 0 %, 924 MiB, 12282 MiB
2026/10/03 19:41:14.230, 0 %, 924 MiB, 12282 MiB
2026/10/03 19:41:24.250, 0 %, 924 MiB, 12282 MiB
2026/10/03 19:41:34.253, 0 %, 924 MiB, 12282 MiB
2026/10/03 19:41:44.267, 0 %, 924 MiB, 12282 MiB
2026/10/03 19:41:54.278, 0 %, 924 MiB, 12282 MiB
2026/10/03 19:42:04.295, 0 %, 924 MiB, 12282 MiB
2026/10/03 19:42:14.305, 0 %, 927 MiB, 12282 MiB
2026/10/03 19:42:24.312, 0 %, 924 MiB, 12282 MiB
2026/10/03 19:42:34.335, 0 %, 924 MiB, 12282 MiB
2026/10/03 19:42:44.350, 0 %, 924 MiB, 12282 MiB
2026/10/03 19:42:54.356, 0 %, 924 MiB, 12282 MiB
2026/10/03 19:43:04.362, 0 %, 924 MiB, 12282 MiB
2026/10/03 19:43:14.377, 0 %, 924 MiB, 12282 MiB
2026/10/03 19:43:24.393, 0 %, 924 MiB, 12282 MiB
2026/10/03 19:43:34.408, 0 %, 924 MiB, 12282 MiB
2026/10/03 19:43:44.423, 0 %, 924 MiB, 12282 MiB
2026/10/03 19:43:54.428, 0 %, 924 MiB, 12282 MiB
2026/10/03 19:44:04.449, 0 %, 924 MiB, 12282 MiB
2026/10/03 19:44:14.449, 0 %, 924 MiB, 12282 MiB
2026/10/03 19:44:24.472, 0 %, 924 MiB, 12282 MiB
2026/10/03 19:44:34.479, 0 %, 924 MiB, 12282 MiB
2026/10/03 19:44:44.485, 0 %, 924 MiB, 12282 MiB
2026/10/03 19:44:54.489, 0 %, 924 MiB, 12282 MiB
2026/10/03 19:45:04.513, 0 %, 924 MiB, 12282 MiB
2026/10/03 19:45:14.525, 0 %, 924 MiB, 12282 MiB
2026/10/03 19:45:24.542, 0 %, 924 MiB, 12282 MiB
2026/10/03 19:45:34.552, 0 %, 924 MiB, 12282 MiB
2026/10/03 19:45:44.563, 0 %, 924 MiB, 12282 MiB
2026/10/03 19:45:54.585, 0 %, 924 MiB, 12282 MiB
2026/10/03 19:46:04.604, 0 %, 924 MiB, 12282 MiB
2026/10/03 19:46:14.618, 0 %, 924 MiB, 12282 MiB
2026/10/03 19:46:24.632, 0 %, 924 MiB, 12282 MiB
2026/10/03 19:46:34.647, 0 %, 924 MiB, 12282 MiB
2026/10/03 19:46:44.666, 0 %, 924 MiB, 12282 MiB
2026/10/03 19:46:54.676, 0 %, 924 MiB, 12282 MiB
2026/10/03 19:47:04.689, 0 %, 924 MiB, 12282 MiB
2026/10/03 19:47:14.705, 0 %, 924 MiB, 12282 MiB
2026/10/03 19:47:24.721, 0 %, 924 MiB, 12282 MiB
2026/10/03 19:47:34.742, 0 %, 924 MiB, 12282 MiB
2026/10/03 19:47:44.757, 0 %, 924 MiB, 12282 MiB
2026/10/03 19:47:54.775, 0 %, 924 MiB, 12282 MiB
2026/10/03 19:48:04.787, 0 %, 924 MiB, 12282 MiB
2026/10/03 19:48:14.789, 0 %, 924 MiB, 12282 MiB
2026/10/03 19:48:24.800, 0 %, 924 MiB, 12282 MiB
2026/10/03 19:48:34.819, 0 %, 924 MiB, 12282 MiB
2026/10/03 19:48:44.852, 0 %, 924 MiB, 12282 MiB
2026/10/03 19:48:54.871, 0 %, 924 MiB, 12282 MiB
2026/10/03 19:49:04.879, 0 %, 924 MiB, 12282 MiB
2026/10/03 19:49:14.896, 0 %, 924 MiB, 12282 MiB
2026/10/03 19:49:24.916, 0 %, 924 MiB, 12282 MiB
2026/10/03 19:49:34.933, 0 %, 924 MiB, 12282 MiB
2026/10/03 19:49:44.954, 0 %, 924 MiB, 12282 MiB
2026/10/03 19:49:54.972, 0 %, 924 MiB, 12282 MiB
2026/10/03 19:50:04.980, 0 %, 924 MiB, 12282 MiB
2026/10/03 19:50:14.984, 0 %, 924 MiB, 12282 MiB
2026/10/03 19:50:25.000, 0 %, 924 MiB, 12282 MiB
2026/10/03 19:50:35.009, 0 %, 924 MiB, 12282 MiB
2026/10/03 19:50:45.029, 0 %, 924 MiB, 12282 MiB
2026/10/03 19:50:55.031, 0 %, 924 MiB, 12282 MiB
2026/10/03 19:51:05.046, 0 %, 924 MiB, 12282 MiB
2026/10/03 19:51:15.062, 0 %, 924 MiB, 12282 MiB
2026/10/03 19:51:25.080, 0 %, 924 MiB, 12282 MiB
2026/10/03 19:51:35.096, 0 %, 924 MiB, 12282 MiB
2026/10/03 19:51:45.111, 0 %, 924 MiB, 12282 MiB
2026/10/03 19:51:55.132, 0 %, 924 MiB, 12282 MiB
2026/10/03 19:52:05.140, 0 %, 924 MiB, 12282 MiB
2026/10/03 19:52:15.151, 0 %, 924 MiB, 12282 MiB
2026/10/03 19:52:25.169, 0 %, 924 MiB, 12282 MiB
2026/10/03 19:52:35.185, 0 %, 927 MiB, 12282 MiB
2026/10/03 19:52:45.201, 0 %, 924 MiB, 12282 MiB
2026/10/03 19:52:55.225, 0 %, 924 MiB, 12282 MiB
2026/10/03 19:53:05.238, 0 %, 924 MiB, 12282 MiB
2026/10/03 19:53:15.251, 0 %, 924 MiB, 12282 MiB
2026/10/03 19:53:25.264, 0 %, 924 MiB, 12282 MiB
2026/10/03 19:53:35.272, 0 %, 924 MiB, 12282 MiB
2026/10/03 19:53:45.281, 0 %, 924 MiB, 12282 MiB
2026/10/03 19:53:55.285, 0 %, 924 MiB, 12282 MiB
2026/10/03 19:54:05.300, 0 %, 924 MiB, 12282 MiB
2026/10/03 19:54:15.307, 0 %, 924 MiB, 12282 MiB
2026/10/03 19:54:25.315, 0 %, 924 MiB, 12282 MiB
2026/10/03 19:54:35.318, 0 %, 924 MiB, 12282 MiB
2026/10/03 19:54:45.329, 0 %, 924 MiB, 12282 MiB
2026/10/03 19:54:55.339, 0 %, 924 MiB, 12282 MiB
2026/10/03 19:55:05.346, 0 %, 924 MiB, 12282 MiB
2026/10/03 19:55:15.364, 0 %, 924 MiB, 12282 MiB
2026/10/03 19:55:25.375, 0 %, 924 MiB, 12282 MiB
2026/10/03 19:55:35.380, 0 %, 924 MiB, 12282 MiB
2026/10/03 19:55:45.393, 0 %, 924 MiB, 12282 MiB
2026/10/03 19:55:55.417, 0 %, 924 MiB, 12282 MiB
2026/10/03 19:56:05.420, 0 %, 924 MiB, 12282 MiB
2026/10/03 19:56:15.432, 0 %, 924 MiB, 12282 MiB
2026/10/03 19:56:25.437, 0 %, 924 MiB, 12282 MiB
2026/10/03 19:56:35.446, 0 %, 924 MiB, 12282 MiB
2026/10/03 19:56:45.457, 0 %, 924 MiB, 12282 MiB
2026/10/03 19:56:55.460, 0 %, 924 MiB, 12282 MiB
2026/10/03 19:57:05.463, 0 %, 924 MiB, 12282 MiB
2026/10/03 19:57:15.471, 0 %, 924 MiB, 12282 MiB
2026/10/03 19:57:25.488, 0 %, 924 MiB, 12282 MiB
2026/10/03 19:57:35.495, 0 %, 924 MiB, 12282 MiB
2026/10/03 19:57:45.511, 0 %, 924 MiB, 12282 MiB
2026/10/03 19:57:55.529, 0 %, 924 MiB, 12282 MiB
2026/10/03 19:58:05.541, 0 %, 924 MiB, 12282 MiB
2026/10/03 19:58:15.557, 13 %, 924 MiB, 12282 MiB
2026/10/03 19:58:25.573, 0 %, 924 MiB, 12282 MiB
2026/10/03 19:58:35.586, 0 %, 924 MiB, 12282 MiB
2026/10/03 19:58:45.590, 0 %, 924 MiB, 12282 MiB
2026/10/03 19:58:55.598, 0 %, 924 MiB, 12282 MiB
2026/10/03 19:59:05.609, 0 %, 924 MiB, 12282 MiB
2026/10/03 19:59:15.627, 0 %, 924 MiB, 12282 MiB
2026/10/03 19:59:25.644, 0 %, 924 MiB, 12282 MiB
2026/10/03 19:59:35.659, 0 %, 924 MiB, 12282 MiB
2026/10/03 19:59:45.671, 0 %, 924 MiB, 12282 MiB
2026/10/03 19:59:55.688, 0 %, 924 MiB, 12282 MiB
2026/10/03 20:00:05.702, 0 %, 924 MiB, 12282 MiB
2026/10/03 20:00:15.722, 0 %, 924 MiB, 12282 MiB
2026/10/03 20:00:25.734, 0 %, 924 MiB, 12282 MiB
2026/10/03 20:00:35.750, 0 %, 924 MiB, 12282 MiB
2026/10/03 20:00:45.767, 0 %, 924 MiB, 12282 MiB
2026/10/03 20:00:55.771, 0 %, 924 MiB, 12282 MiB
2026/10/03 20:01:05.777, 0 %, 924 MiB, 12282 MiB
2026/10/03 20:01:15.795, 0 %, 924 MiB, 12282 MiB
2026/10/03 20:01:25.811, 0 %, 924 MiB, 12282 MiB
2026/10/03 20:01:35.813, 4 %, 946 MiB, 12282 MiB
2026/10/03 20:01:45.834, 0 %, 925 MiB, 12282 MiB
2026/10/03 20:01:55.845, 0 %, 925 MiB, 12282 MiB
2026/10/03 20:02:05.851, 0 %, 925 MiB, 12282 MiB
2026/10/03 20:02:15.863, 0 %, 925 MiB, 12282 MiB
2026/10/03 20:02:25.879, 0 %, 925 MiB, 12282 MiB
2026/10/03 20:02:35.887, 0 %, 925 MiB, 12282 MiB
2026/10/03 20:02:45.907, 0 %, 925 MiB, 12282 MiB
2026/10/03 20:02:55.925, 0 %, 925 MiB, 12282 MiB
2026/10/03 20:03:05.929, 0 %, 925 MiB, 12282 MiB
2026/10/03 20:03:15.940, 0 %, 925 MiB, 12282 MiB
2026/10/03 20:03:25.957, 0 %, 925 MiB, 12282 MiB
2026/10/03 20:03:35.977, 0 %, 925 MiB, 12282 MiB
2026/10/03 20:03:45.993, 0 %, 925 MiB, 12282 MiB
2026/10/03 20:03:56.002, 0 %, 925 MiB, 12282 MiB
2026/10/03 20:04:06.019, 0 %, 925 MiB, 12282 MiB
2026/10/03 20:04:16.027, 13 %, 925 MiB, 12282 MiB
2026/10/03 20:04:26.035, 0 %, 925 MiB, 12282 MiB
2026/10/03 20:04:36.044, 0 %, 925 MiB, 12282 MiB
2026/10/03 20:04:46.057, 0 %, 925 MiB, 12282 MiB
2026/10/03 20:04:56.068, 0 %, 925 MiB, 12282 MiB
2026/10/03 20:05:06.071, 0 %, 925 MiB, 12282 MiB
2026/10/03 20:05:16.083, 0 %, 925 MiB, 12282 MiB
2026/10/03 20:05:26.102, 0 %, 925 MiB, 12282 MiB
2026/10/03 20:05:36.109, 0 %, 925 MiB, 12282 MiB
2026/10/03 20:05:46.111, 0 %, 925 MiB, 12282 MiB
2026/10/03 20:05:56.130, 0 %, 925 MiB, 12282 MiB
2026/10/03 20:06:06.144, 0 %, 925 MiB, 12282 MiB
2026/10/03 20:06:16.152, 0 %, 925 MiB, 12282 MiB
2026/10/03 20:06:26.169, 0 %, 925 MiB, 12282 MiB
2026/10/03 20:06:36.186, 0 %, 925 MiB, 12282 MiB
2026/10/03 20:06:46.197, 0 %, 925 MiB, 12282 MiB
2026/10/03 20:06:56.204, 0 %, 925 MiB, 12282 MiB
2026/10/03 20:07:06.219, 0 %, 925 MiB, 12282 MiB
2026/10/03 20:07:16.229, 0 %, 925 MiB, 12282 MiB
2026/10/03 20:07:26.243, 0 %, 925 MiB, 12282 MiB
2026/10/03 20:07:36.249, 0 %, 925 MiB, 12282 MiB
2026/10/03 20:07:46.261, 0 %, 925 MiB, 12282 MiB
2026/10/03 20:07:56.267, 0 %, 925 MiB, 12282 MiB
2026/10/03 20:08:06.285, 0 %, 925 MiB, 12282 MiB
2026/10/03 20:08:16.293, 0 %, 925 MiB, 12282 MiB
2026/10/03 20:08:26.300, 0 %, 925 MiB, 12282 MiB
2026/10/03 20:08:36.316, 0 %, 925 MiB, 12282 MiB
2026/10/03 20:08:46.327, 0 %, 925 MiB, 12282 MiB
2026/10/03 20:08:56.344, 0 %, 925 MiB, 12282 MiB
2026/10/03 20:09:06.379, 0 %, 925 MiB, 12282 MiB
2026/10/03 20:09:16.397, 0 %, 925 MiB, 12282 MiB
2026/10/03 20:09:26.400, 0 %, 925 MiB, 12282 MiB
2026/10/03 20:09:36.406, 0 %, 925 MiB, 12282 MiB
2026/10/03 20:09:46.410, 0 %, 925 MiB, 12282 MiB
2026/10/03 20:09:56.417, 0 %, 925 MiB, 12282 MiB
2026/10/03 20:10:06.437, 0 %, 925 MiB, 12282 MiB
2026/10/03 20:10:16.446, 0 %, 925 MiB, 12282 MiB
2026/10/03 20:10:26.465, 0 %, 925 MiB, 12282 MiB
2026/10/03 20:10:36.468, 0 %, 925 MiB, 12282 MiB
2026/10/03 20:10:46.483, 0 %, 925 MiB, 12282 MiB
2026/10/03 20:10:56.488, 0 %, 925 MiB, 12282 MiB
2026/10/03 20:11:06.497, 0 %, 925 MiB, 12282 MiB
2026/10/03 20:11:16.511, 0 %, 925 MiB, 12282 MiB
2026/10/03 20:11:26.531, 0 %, 925 MiB, 12282 MiB
2026/10/03 20:11:36.538, 0 %, 925 MiB, 12282 MiB
2026/10/03 20:11:46.553, 0 %, 925 MiB, 12282 MiB
2026/10/03 20:11:56.559, 0 %, 925 MiB, 12282 MiB
2026/10/03 20:12:06.569, 0 %, 925 MiB, 12282 MiB
2026/10/03 20:12:16.601, 0 %, 925 MiB, 12282 MiB
2026/10/03 20:12:26.609, 0 %, 925 MiB, 12282 MiB
2026/10/03 20:12:36.622, 0 %, 925 MiB, 12282 MiB
2026/10/03 20:12:46.629, 0 %, 925 MiB, 12282 MiB
2026/10/03 20:12:56.641, 0 %, 925 MiB, 12282 MiB
2026/10/03 20:13:06.661, 0 %, 925 MiB, 12282 MiB
2026/10/03 20:13:16.675, 0 %, 925 MiB, 12282 MiB
2026/10/03 20:13:26.693, 0 %, 925 MiB, 12282 MiB
2026/10/03 20:13:36.702, 0 %, 925 MiB, 12282 MiB
2026/10/03 20:13:46.706, 0 %, 925 MiB, 12282 MiB
2026/10/03 20:13:56.725, 0 %, 925 MiB, 12282 MiB
2026/10/03 20:14:06.737, 0 %, 925 MiB, 12282 MiB
2026/10/03 20:14:16.750, 0 %, 925 MiB, 12282 MiB
2026/10/03 20:14:26.775, 0 %, 925 MiB, 12282 MiB
2026/10/03 20:14:36.782, 0 %, 925 MiB, 12282 MiB
2026/10/03 20:14:46.797, 0 %, 925 MiB, 12282 MiB
2026/10/03 20:14:56.802, 0 %, 925 MiB, 12282 MiB
2026/10/03 20:15:06.819, 0 %, 925 MiB, 12282 MiB
2026/10/03 20:15:16.823, 0 %, 925 MiB, 12282 MiB
2026/10/03 20:15:26.829, 0 %, 925 MiB, 12282 MiB
2026/10/03 20:15:36.840, 0 %, 925 MiB, 12282 MiB
2026/10/03 20:15:46.852, 0 %, 925 MiB, 12282 MiB
2026/10/03 20:15:56.856, 0 %, 925 MiB, 12282 MiB
2026/10/03 20:16:06.861, 0 %, 925 MiB, 12282 MiB
2026/10/03 20:16:16.872, 0 %, 925 MiB, 12282 MiB
2026/10/03 20:16:26.888, 0 %, 925 MiB, 12282 MiB
2026/10/03 20:16:36.891, 0 %, 925 MiB, 12282 MiB
2026/10/03 20:16:46.904, 0 %, 925 MiB, 12282 MiB
2026/10/03 20:16:56.910, 0 %, 925 MiB, 12282 MiB
2026/10/03 20:17:06.921, 0 %, 925 MiB, 12282 MiB
2026/10/03 20:17:16.935, 0 %, 925 MiB, 12282 MiB
2026/10/03 20:17:26.941, 0 %, 925 MiB, 12282 MiB
2026/10/03 20:17:36.944, 0 %, 925 MiB, 12282 MiB
2026/10/03 20:17:46.956, 0 %, 925 MiB, 12282 MiB
2026/10/03 20:17:56.966, 0 %, 925 MiB, 12282 MiB
2026/10/03 20:18:06.979, 0 %, 925 MiB, 12282 MiB
2026/10/03 20:18:17.003, 0 %, 925 MiB, 12282 MiB
2026/10/03 20:18:27.021, 0 %, 925 MiB, 12282 MiB
2026/10/03 20:18:37.028, 0 %, 925 MiB, 12282 MiB
2026/10/03 20:18:47.046, 0 %, 925 MiB, 12282 MiB
2026/10/03 20:18:57.060, 0 %, 925 MiB, 12282 MiB
2026/10/03 20:19:07.071, 0 %, 925 MiB, 12282 MiB
2026/10/03 20:19:17.088, 0 %, 925 MiB, 12282 MiB
2026/10/03 20:19:27.099, 0 %, 925 MiB, 12282 MiB
2026/10/03 20:19:37.108, 0 %, 925 MiB, 12282 MiB
2026/10/03 20:19:47.112, 0 %, 925 MiB, 12282 MiB
2026/10/03 20:19:57.127, 0 %, 925 MiB, 12282 MiB
2026/10/03 20:20:07.134, 0 %, 925 MiB, 12282 MiB
2026/10/03 20:20:17.143, 0 %, 925 MiB, 12282 MiB
2026/10/03 20:20:27.162, 0 %, 925 MiB, 12282 MiB
2026/10/03 20:20:37.180, 0 %, 925 MiB, 12282 MiB
2026/10/03 20:20:47.206, 0 %, 925 MiB, 12282 MiB
2026/10/03 20:20:57.217, 0 %, 925 MiB, 12282 MiB
2026/10/03 20:21:07.218, 0 %, 925 MiB, 12282 MiB
2026/10/03 20:21:17.234, 0 %, 925 MiB, 12282 MiB
2026/10/03 20:21:27.248, 0 %, 928 MiB, 12282 MiB
2026/10/03 20:21:37.253, 0 %, 925 MiB, 12282 MiB
2026/10/03 20:21:47.271, 0 %, 925 MiB, 12282 MiB
2026/10/03 20:21:57.282, 0 %, 925 MiB, 12282 MiB
2026/10/03 20:22:07.291, 0 %, 925 MiB, 12282 MiB
2026/10/03 20:22:17.320, 0 %, 925 MiB, 12282 MiB
2026/10/03 20:22:27.325, 0 %, 925 MiB, 12282 MiB
2026/10/03 20:22:37.338, 0 %, 925 MiB, 12282 MiB
2026/10/03 20:22:47.358, 0 %, 925 MiB, 12282 MiB
2026/10/03 20:22:57.379, 0 %, 925 MiB, 12282 MiB
2026/10/03 20:23:07.387, 0 %, 925 MiB, 12282 MiB
2026/10/03 20:23:17.407, 0 %, 925 MiB, 12282 MiB
2026/10/03 20:23:27.414, 0 %, 925 MiB, 12282 MiB
2026/10/03 20:23:37.436, 0 %, 925 MiB, 12282 MiB
2026/10/03 20:23:47.448, 0 %, 925 MiB, 12282 MiB
2026/10/03 20:23:57.455, 0 %, 925 MiB, 12282 MiB
2026/10/03 20:24:07.473, 0 %, 925 MiB, 12282 MiB
2026/10/03 20:24:17.477, 0 %, 925 MiB, 12282 MiB
2026/10/03 20:24:27.481, 0 %, 925 MiB, 12282 MiB
2026/10/03 20:24:37.500, 0 %, 925 MiB, 12282 MiB
2026/10/03 20:24:47.508, 0 %, 925 MiB, 12282 MiB
2026/10/03 20:24:57.513, 0 %, 925 MiB, 12282 MiB
2026/10/03 20:25:07.523, 0 %, 925 MiB, 12282 MiB
2026/10/03 20:25:17.534, 0 %, 925 MiB, 12282 MiB
2026/10/03 20:25:27.552, 0 %, 925 MiB, 12282 MiB
2026/10/03 20:25:37.576, 0 %, 925 MiB, 12282 MiB
2026/10/03 20:25:47.588, 0 %, 925 MiB, 12282 MiB
2026/10/03 20:25:57.591, 0 %, 925 MiB, 12282 MiB
2026/10/03 20:26:07.604, 0 %, 925 MiB, 12282 MiB
2026/10/03 20:26:17.614, 0 %, 925 MiB, 12282 MiB
2026/10/03 20:26:27.642, 0 %, 925 MiB, 12282 MiB
2026/10/03 20:26:37.662, 0 %, 925 MiB, 12282 MiB
2026/10/03 20:26:47.672, 0 %, 925 MiB, 12282 MiB
2026/10/03 20:26:57.682, 0 %, 925 MiB, 12282 MiB
2026/10/03 20:27:07.695, 0 %, 925 MiB, 12282 MiB
2026/10/03 20:27:17.699, 0 %, 925 MiB, 12282 MiB
2026/10/03 20:27:27.708, 0 %, 925 MiB, 12282 MiB
2026/10/03 20:27:37.736, 0 %, 925 MiB, 12282 MiB
2026/10/03 20:27:47.751, 0 %, 925 MiB, 12282 MiB
2026/10/03 20:27:57.757, 0 %, 925 MiB, 12282 MiB
2026/10/03 20:28:07.769, 0 %, 925 MiB, 12282 MiB
2026/10/03 20:28:17.784, 0 %, 925 MiB, 12282 MiB
2026/10/03 20:28:27.800, 0 %, 925 MiB, 12282 MiB
2026/10/03 20:28:37.805, 0 %, 925 MiB, 12282 MiB
2026/10/03 20:28:47.813, 0 %, 925 MiB, 12282 MiB
2026/10/03 20:28:57.829, 0 %, 925 MiB, 12282 MiB
2026/10/03 20:29:07.833, 0 %, 925 MiB, 12282 MiB
2026/10/03 20:29:17.844, 0 %, 925 MiB, 12282 MiB
2026/10/03 20:29:27.849, 0 %, 925 MiB, 12282 MiB
2026/10/03 20:29:37.857, 0 %, 925 MiB, 12282 MiB
2026/10/03 20:29:47.871, 0 %, 925 MiB, 12282 MiB
2026/10/03 20:29:57.883, 0 %, 925 MiB, 12282 MiB
2026/10/03 20:30:07.892, 0 %, 925 MiB, 12282 MiB
2026/10/03 20:30:17.899, 0 %, 925 MiB, 12282 MiB
2026/10/03 20:30:27.904, 0 %, 925 MiB, 12282 MiB
2026/10/03 20:30:37.916, 0 %, 928 MiB, 12282 MiB
2026/10/03 20:30:47.921, 0 %, 925 MiB, 12282 MiB
2026/10/03 20:30:57.936, 0 %, 925 MiB, 12282 MiB
2026/10/03 20:31:07.951, 3 %, 922 MiB, 12282 MiB
2026/10/03 20:31:17.957, 100 %, 3592 MiB, 12282 MiB
2026/10/03 20:31:27.967, 0 %, 929 MiB, 12282 MiB
2026/10/03 20:31:37.975, 0 %, 929 MiB, 12282 MiB
2026/10/03 20:31:47.989, 0 %, 929 MiB, 12282 MiB
2026/10/03 20:31:57.997, 0 %, 929 MiB, 12282 MiB
2026/10/03 20:32:08.013, 0 %, 929 MiB, 12282 MiB
2026/10/03 20:32:18.027, 0 %, 929 MiB, 12282 MiB
2026/10/03 20:32:28.038, 0 %, 929 MiB, 12282 MiB
2026/10/03 20:32:38.046, 0 %, 929 MiB, 12282 MiB
2026/10/03 20:32:48.055, 0 %, 929 MiB, 12282 MiB
2026/10/03 20:32:58.067, 0 %, 929 MiB, 12282 MiB
2026/10/03 20:33:08.085, 0 %, 929 MiB, 12282 MiB
2026/10/03 20:33:18.091, 0 %, 929 MiB, 12282 MiB
2026/10/03 20:33:28.106, 0 %, 929 MiB, 12282 MiB
2026/10/03 20:33:38.118, 0 %, 929 MiB, 12282 MiB
2026/10/03 20:33:48.131, 0 %, 929 MiB, 12282 MiB
2026/10/03 20:33:58.142, 0 %, 929 MiB, 12282 MiB
2026/10/03 20:34:08.156, 0 %, 929 MiB, 12282 MiB
2026/10/03 20:34:18.166, 0 %, 929 MiB, 12282 MiB
2026/10/03 20:34:28.179, 0 %, 929 MiB, 12282 MiB
2026/10/03 20:34:38.186, 0 %, 929 MiB, 12282 MiB
2026/10/03 20:34:48.197, 0 %, 929 MiB, 12282 MiB
2026/10/03 20:34:58.203, 0 %, 929 MiB, 12282 MiB
2026/10/03 20:35:08.210, 0 %, 929 MiB, 12282 MiB
2026/10/03 20:35:18.235, 0 %, 929 MiB, 12282 MiB
2026/10/03 20:35:28.265, 0 %, 929 MiB, 12282 MiB
2026/10/03 20:35:38.300, 0 %, 929 MiB, 12282 MiB
2026/10/03 20:35:48.316, 0 %, 929 MiB, 12282 MiB
2026/10/03 20:35:58.331, 0 %, 929 MiB, 12282 MiB
2026/10/03 20:36:08.346, 0 %, 929 MiB, 12282 MiB
2026/10/03 20:36:18.348, 0 %, 929 MiB, 12282 MiB
2026/10/03 20:36:28.366, 0 %, 929 MiB, 12282 MiB
2026/10/03 20:36:38.382, 0 %, 929 MiB, 12282 MiB
2026/10/03 20:36:48.387, 0 %, 929 MiB, 12282 MiB
2026/10/03 20:36:58.404, 0 %, 929 MiB, 12282 MiB
2026/10/03 20:37:08.431, 0 %, 929 MiB, 12282 MiB
2026/10/03 20:37:18.446, 0 %, 929 MiB, 12282 MiB
2026/10/03 20:37:28.452, 0 %, 929 MiB, 12282 MiB
2026/10/03 20:37:38.463, 0 %, 929 MiB, 12282 MiB
2026/10/03 20:37:48.479, 0 %, 929 MiB, 12282 MiB
2026/10/03 20:37:58.481, 0 %, 929 MiB, 12282 MiB
2026/10/03 20:38:08.500, 0 %, 929 MiB, 12282 MiB
2026/10/03 20:38:18.515, 0 %, 929 MiB, 12282 MiB
2026/10/03 20:38:28.521, 0 %, 929 MiB, 12282 MiB
2026/10/03 20:38:38.528, 0 %, 929 MiB, 12282 MiB
2026/10/03 20:38:48.538, 0 %, 929 MiB, 12282 MiB
2026/10/03 20:38:58.542, 0 %, 929 MiB, 12282 MiB
2026/10/03 20:39:08.561, 0 %, 929 MiB, 12282 MiB
2026/10/03 20:39:18.570, 0 %, 929 MiB, 12282 MiB
2026/10/03 20:39:28.582, 0 %, 929 MiB, 12282 MiB
2026/10/03 20:39:38.595, 0 %, 929 MiB, 12282 MiB
2026/10/03 20:39:48.601, 0 %, 929 MiB, 12282 MiB
2026/10/03 20:39:58.628, 0 %, 929 MiB, 12282 MiB
2026/10/03 20:40:08.637, 0 %, 929 MiB, 12282 MiB
2026/10/03 20:40:18.641, 0 %, 929 MiB, 12282 MiB
2026/10/03 20:40:28.646, 0 %, 929 MiB, 12282 MiB
2026/10/03 20:40:38.649, 0 %, 929 MiB, 12282 MiB
2026/10/03 20:40:48.666, 0 %, 929 MiB, 12282 MiB
2026/10/03 20:40:58.688, 0 %, 929 MiB, 12282 MiB
2026/10/03 20:41:08.694, 0 %, 929 MiB, 12282 MiB
2026/10/03 20:41:18.727, 0 %, 929 MiB, 12282 MiB
2026/10/03 20:41:28.743, 0 %, 929 MiB, 12282 MiB
2026/10/03 20:41:38.748, 0 %, 929 MiB, 12282 MiB
2026/10/03 20:41:48.752, 0 %, 929 MiB, 12282 MiB
2026/10/03 20:41:58.760, 0 %, 929 MiB, 12282 MiB
2026/10/03 20:42:08.778, 0 %, 929 MiB, 12282 MiB
2026/10/03 20:42:18.784, 0 %, 929 MiB, 12282 MiB
2026/10/03 20:42:28.812, 0 %, 929 MiB, 12282 MiB
2026/10/03 20:42:38.816, 0 %, 929 MiB, 12282 MiB
2026/10/03 20:42:48.834, 0 %, 929 MiB, 12282 MiB
2026/10/03 20:42:58.840, 0 %, 929 MiB, 12282 MiB
2026/10/03 20:43:08.843, 0 %, 929 MiB, 12282 MiB
2026/10/03 20:43:18.848, 0 %, 929 MiB, 12282 MiB
2026/10/03 20:43:28.875, 0 %, 929 MiB, 12282 MiB
2026/10/03 20:43:38.879, 0 %, 929 MiB, 12282 MiB
2026/10/03 20:43:48.902, 0 %, 929 MiB, 12282 MiB
2026/10/03 20:43:58.915, 0 %, 929 MiB, 12282 MiB
2026/10/03 20:44:08.917, 0 %, 929 MiB, 12282 MiB
2026/10/03 20:44:18.935, 0 %, 929 MiB, 12282 MiB
2026/10/03 20:44:28.952, 0 %, 929 MiB, 12282 MiB
2026/10/03 20:44:38.964, 0 %, 929 MiB, 12282 MiB
2026/10/03 20:44:48.979, 0 %, 929 MiB, 12282 MiB
2026/10/03 20:44:58.994, 0 %, 929 MiB, 12282 MiB
2026/10/03 20:45:09.004, 0 %, 929 MiB, 12282 MiB
2026/10/03 20:45:19.014, 0 %, 929 MiB, 12282 MiB
2026/10/03 20:45:29.033, 0 %, 929 MiB, 12282 MiB
2026/10/03 20:45:39.036, 0 %, 929 MiB, 12282 MiB
2026/10/03 20:45:49.058, 0 %, 929 MiB, 12282 MiB
2026/10/03 20:45:59.068, 0 %, 929 MiB, 12282 MiB
2026/10/03 20:46:09.072, 0 %, 929 MiB, 12282 MiB
2026/10/03 20:46:19.075, 0 %, 929 MiB, 12282 MiB
2026/10/03 20:46:29.079, 0 %, 929 MiB, 12282 MiB
2026/10/03 20:46:39.084, 0 %, 929 MiB, 12282 MiB
2026/10/03 20:46:49.099, 0 %, 929 MiB, 12282 MiB
2026/10/03 20:46:59.129, 0 %, 929 MiB, 12282 MiB
2026/10/03 20:47:09.132, 0 %, 929 MiB, 12282 MiB
2026/10/03 20:47:19.146, 0 %, 929 MiB, 12282 MiB
2026/10/03 20:47:29.158, 0 %, 929 MiB, 12282 MiB
2026/10/03 20:47:39.188, 0 %, 929 MiB, 12282 MiB
2026/10/03 20:47:49.201, 0 %, 929 MiB, 12282 MiB
2026/10/03 20:47:59.212, 0 %, 929 MiB, 12282 MiB
2026/10/03 20:48:09.221, 0 %, 929 MiB, 12282 MiB
2026/10/03 20:48:19.239, 0 %, 929 MiB, 12282 MiB
2026/10/03 20:48:29.244, 0 %, 929 MiB, 12282 MiB
2026/10/03 20:48:39.246, 0 %, 929 MiB, 12282 MiB
2026/10/03 20:48:49.271, 0 %, 929 MiB, 12282 MiB
2026/10/03 20:48:59.277, 0 %, 929 MiB, 12282 MiB
2026/10/03 20:49:09.283, 0 %, 929 MiB, 12282 MiB
2026/10/03 20:49:19.301, 0 %, 929 MiB, 12282 MiB
2026/10/03 20:49:29.304, 0 %, 929 MiB, 12282 MiB
2026/10/03 20:49:39.319, 0 %, 929 MiB, 12282 MiB
2026/10/03 20:49:49.330, 0 %, 929 MiB, 12282 MiB
2026/10/03 20:49:59.337, 0 %, 929 MiB, 12282 MiB
2026/10/03 20:50:09.339, 0 %, 929 MiB, 12282 MiB
2026/10/03 20:50:19.346, 0 %, 929 MiB, 12282 MiB
2026/10/03 20:50:29.351, 0 %, 929 MiB, 12282 MiB
2026/10/03 20:50:39.361, 0 %, 929 MiB, 12282 MiB
2026/10/03 20:50:49.374, 0 %, 929 MiB, 12282 MiB
2026/10/03 20:50:59.388, 0 %, 929 MiB, 12282 MiB
2026/10/03 20:51:09.399, 0 %, 929 MiB, 12282 MiB
2026/10/03 20:51:19.403, 0 %, 929 MiB, 12282 MiB
2026/10/03 20:51:29.412, 0 %, 929 MiB, 12282 MiB
2026/10/03 20:51:39.422, 0 %, 924 MiB, 12282 MiB
2026/10/03 20:51:49.435, 0 %, 924 MiB, 12282 MiB
2026/10/03 20:51:59.456, 0 %, 924 MiB, 12282 MiB
2026/10/03 20:52:09.480, 0 %, 924 MiB, 12282 MiB
2026/10/03 20:52:19.497, 0 %, 924 MiB, 12282 MiB
2026/10/03 20:52:29.508, 0 %, 924 MiB, 12282 MiB
2026/10/03 20:52:39.515, 0 %, 924 MiB, 12282 MiB
2026/10/03 20:52:49.532, 0 %, 924 MiB, 12282 MiB
2026/10/03 20:52:59.549, 0 %, 924 MiB, 12282 MiB
2026/10/03 20:53:09.557, 0 %, 924 MiB, 12282 MiB
2026/10/03 20:53:19.568, 0 %, 924 MiB, 12282 MiB
2026/10/03 20:53:29.569, 0 %, 924 MiB, 12282 MiB
2026/10/03 20:53:39.590, 0 %, 924 MiB, 12282 MiB
2026/10/03 20:53:49.607, 0 %, 924 MiB, 12282 MiB
2026/10/03 20:53:59.624, 0 %, 924 MiB, 12282 MiB
2026/10/03 20:54:09.646, 0 %, 924 MiB, 12282 MiB
2026/10/03 20:54:19.664, 0 %, 924 MiB, 12282 MiB
2026/10/03 20:54:29.679, 0 %, 924 MiB, 12282 MiB
2026/10/03 20:54:39.691, 0 %, 924 MiB, 12282 MiB
2026/10/03 20:54:49.704, 0 %, 924 MiB, 12282 MiB
2026/10/03 20:54:59.726, 0 %, 924 MiB, 12282 MiB
2026/10/03 20:55:09.753, 0 %, 924 MiB, 12282 MiB
2026/10/03 20:55:19.765, 0 %, 924 MiB, 12282 MiB
2026/10/03 20:55:29.768, 0 %, 924 MiB, 12282 MiB
2026/10/03 20:55:39.785, 0 %, 924 MiB, 12282 MiB
2026/10/03 20:55:49.798, 0 %, 924 MiB, 12282 MiB
2026/10/03 20:55:59.816, 0 %, 924 MiB, 12282 MiB
2026/10/03 20:56:09.828, 0 %, 924 MiB, 12282 MiB
2026/10/03 20:56:19.836, 0 %, 924 MiB, 12282 MiB
2026/10/03 20:56:29.856, 0 %, 924 MiB, 12282 MiB
2026/10/03 20:56:39.869, 0 %, 924 MiB, 12282 MiB
2026/10/03 20:56:49.880, 0 %, 924 MiB, 12282 MiB
2026/10/03 20:56:59.902, 0 %, 924 MiB, 12282 MiB
2026/10/03 20:57:09.918, 0 %, 924 MiB, 12282 MiB
2026/10/03 20:57:19.925, 0 %, 924 MiB, 12282 MiB
2026/10/03 20:57:29.938, 0 %, 924 MiB, 12282 MiB
2026/10/03 20:57:39.955, 0 %, 924 MiB, 12282 MiB
2026/10/03 20:57:49.966, 0 %, 924 MiB, 12282 MiB
2026/10/03 20:57:59.972, 0 %, 924 MiB, 12282 MiB
2026/10/03 20:58:09.976, 0 %, 924 MiB, 12282 MiB
2026/10/03 20:58:19.994, 0 %, 924 MiB, 12282 MiB
2026/10/03 20:58:30.010, 0 %, 924 MiB, 12282 MiB
2026/10/03 20:58:40.018, 0 %, 924 MiB, 12282 MiB
2026/10/03 20:58:50.027, 0 %, 924 MiB, 12282 MiB
2026/10/03 20:59:00.039, 0 %, 924 MiB, 12282 MiB
2026/10/03 20:59:10.053, 0 %, 924 MiB, 12282 MiB
2026/10/03 20:59:20.060, 0 %, 924 MiB, 12282 MiB
2026/10/03 20:59:30.066, 0 %, 924 MiB, 12282 MiB
2026/10/03 20:59:40.077, 0 %, 924 MiB, 12282 MiB
2026/10/03 20:59:50.087, 0 %, 924 MiB, 12282 MiB
2026/10/03 21:00:00.093, 0 %, 924 MiB, 12282 MiB
2026/10/03 21:00:10.111, 0 %, 924 MiB, 12282 MiB
2026/10/03 21:00:20.132, 0 %, 924 MiB, 12282 MiB
2026/10/03 21:00:30.145, 0 %, 924 MiB, 12282 MiB
2026/10/03 21:00:40.149, 0 %, 924 MiB, 12282 MiB
2026/10/03 21:00:50.150, 0 %, 924 MiB, 12282 MiB
2026/10/03 21:01:00.154, 0 %, 924 MiB, 12282 MiB
2026/10/03 21:01:10.175, 0 %, 924 MiB, 12282 MiB
2026/10/03 21:01:20.187, 0 %, 924 MiB, 12282 MiB
2026/10/03 21:01:30.198, 0 %, 924 MiB, 12282 MiB
2026/10/03 21:01:40.213, 4 %, 1005 MiB, 12282 MiB
2026/10/03 21:01:50.228, 0 %, 924 MiB, 12282 MiB
2026/10/03 21:02:00.236, 0 %, 924 MiB, 12282 MiB
2026/10/03 21:02:10.246, 0 %, 924 MiB, 12282 MiB
2026/10/03 21:02:20.253, 0 %, 924 MiB, 12282 MiB
2026/10/03 21:02:30.276, 0 %, 924 MiB, 12282 MiB
2026/10/03 21:02:40.290, 0 %, 924 MiB, 12282 MiB
2026/10/03 21:02:50.301, 0 %, 924 MiB, 12282 MiB
2026/10/03 21:03:00.312, 0 %, 924 MiB, 12282 MiB
2026/10/03 21:03:10.329, 0 %, 924 MiB, 12282 MiB
2026/10/03 21:03:20.335, 0 %, 924 MiB, 12282 MiB
2026/10/03 21:03:30.351, 0 %, 924 MiB, 12282 MiB
2026/10/03 21:03:40.364, 0 %, 924 MiB, 12282 MiB
2026/10/03 21:03:50.377, 0 %, 924 MiB, 12282 MiB
2026/10/03 21:04:00.389, 0 %, 924 MiB, 12282 MiB
2026/10/03 21:04:10.406, 0 %, 924 MiB, 12282 MiB
2026/10/03 21:04:20.428, 0 %, 924 MiB, 12282 MiB
2026/10/03 21:04:30.444, 0 %, 924 MiB, 12282 MiB
2026/10/03 21:04:40.464, 0 %, 924 MiB, 12282 MiB
2026/10/03 21:04:50.482, 0 %, 924 MiB, 12282 MiB
2026/10/03 21:05:00.492, 0 %, 924 MiB, 12282 MiB
2026/10/03 21:05:10.508, 0 %, 924 MiB, 12282 MiB
2026/10/03 21:05:20.526, 0 %, 924 MiB, 12282 MiB
2026/10/03 21:05:30.538, 0 %, 924 MiB, 12282 MiB
2026/10/03 21:05:40.545, 0 %, 924 MiB, 12282 MiB
2026/10/03 21:05:50.560, 0 %, 924 MiB, 12282 MiB
2026/10/03 21:06:00.571, 1 %, 924 MiB, 12282 MiB
2026/10/03 21:06:10.578, 0 %, 924 MiB, 12282 MiB
2026/10/03 21:06:20.590, 0 %, 924 MiB, 12282 MiB
2026/10/03 21:06:30.599, 0 %, 924 MiB, 12282 MiB
2026/10/03 21:06:40.622, 0 %, 924 MiB, 12282 MiB
2026/10/03 21:06:50.642, 0 %, 924 MiB, 12282 MiB
2026/10/03 21:07:00.658, 2 %, 924 MiB, 12282 MiB
2026/10/03 21:07:10.671, 0 %, 924 MiB, 12282 MiB
2026/10/03 21:07:20.685, 0 %, 924 MiB, 12282 MiB
2026/10/03 21:07:30.699, 0 %, 924 MiB, 12282 MiB
2026/10/03 21:07:40.711, 0 %, 924 MiB, 12282 MiB
2026/10/03 21:07:50.721, 0 %, 924 MiB, 12282 MiB
2026/10/03 21:08:00.728, 0 %, 924 MiB, 12282 MiB
2026/10/03 21:08:10.736, 0 %, 924 MiB, 12282 MiB
2026/10/03 21:08:20.739, 0 %, 924 MiB, 12282 MiB
2026/10/03 21:08:30.759, 0 %, 924 MiB, 12282 MiB
2026/10/03 21:08:40.773, 0 %, 924 MiB, 12282 MiB
2026/10/03 21:08:50.786, 0 %, 924 MiB, 12282 MiB
2026/10/03 21:09:00.790, 1 %, 924 MiB, 12282 MiB
2026/10/03 21:09:10.806, 0 %, 924 MiB, 12282 MiB
2026/10/03 21:09:20.814, 0 %, 924 MiB, 12282 MiB
2026/10/03 21:09:30.823, 0 %, 924 MiB, 12282 MiB
2026/10/03 21:09:40.832, 0 %, 924 MiB, 12282 MiB
2026/10/03 21:09:50.848, 0 %, 924 MiB, 12282 MiB
2026/10/03 21:10:00.857, 2 %, 924 MiB, 12282 MiB
2026/10/03 21:10:10.863, 0 %, 924 MiB, 12282 MiB
2026/10/03 21:10:20.870, 0 %, 924 MiB, 12282 MiB
2026/10/03 21:10:30.877, 0 %, 924 MiB, 12282 MiB
2026/10/03 21:10:40.882, 0 %, 924 MiB, 12282 MiB
2026/10/03 21:10:50.891, 0 %, 924 MiB, 12282 MiB
2026/10/03 21:11:00.905, 0 %, 924 MiB, 12282 MiB
2026/10/03 21:11:10.917, 0 %, 924 MiB, 12282 MiB
2026/10/03 21:11:20.941, 0 %, 924 MiB, 12282 MiB
2026/10/03 21:11:30.958, 0 %, 924 MiB, 12282 MiB
2026/10/03 21:11:40.963, 0 %, 924 MiB, 12282 MiB
2026/10/03 21:11:50.995, 0 %, 924 MiB, 12282 MiB
2026/10/03 21:12:01.010, 0 %, 924 MiB, 12282 MiB
2026/10/03 21:12:11.021, 0 %, 924 MiB, 12282 MiB
2026/10/03 21:12:21.042, 0 %, 924 MiB, 12282 MiB
2026/10/03 21:12:31.048, 0 %, 924 MiB, 12282 MiB
2026/10/03 21:12:41.095, 0 %, 924 MiB, 12282 MiB
2026/10/03 21:12:51.103, 0 %, 924 MiB, 12282 MiB
2026/10/03 21:13:01.121, 0 %, 924 MiB, 12282 MiB
2026/10/03 21:13:11.134, 0 %, 924 MiB, 12282 MiB
2026/10/03 21:13:21.164, 0 %, 924 MiB, 12282 MiB
2026/10/03 21:13:31.171, 0 %, 924 MiB, 12282 MiB
2026/10/03 21:13:41.178, 0 %, 924 MiB, 12282 MiB
2026/10/03 21:13:51.185, 0 %, 924 MiB, 12282 MiB
2026/10/03 21:14:01.187, 0 %, 924 MiB, 12282 MiB
2026/10/03 21:14:11.206, 0 %, 924 MiB, 12282 MiB
2026/10/03 21:14:21.219, 0 %, 924 MiB, 12282 MiB
2026/10/03 21:14:31.238, 0 %, 924 MiB, 12282 MiB
2026/10/03 21:14:41.252, 0 %, 924 MiB, 12282 MiB
2026/10/03 21:14:51.260, 0 %, 924 MiB, 12282 MiB
2026/10/03 21:15:01.276, 0 %, 924 MiB, 12282 MiB
2026/10/03 21:15:11.289, 0 %, 924 MiB, 12282 MiB
2026/10/03 21:15:21.292, 0 %, 924 MiB, 12282 MiB
2026/10/03 21:15:31.302, 0 %, 924 MiB, 12282 MiB
2026/10/03 21:15:41.314, 0 %, 924 MiB, 12282 MiB
2026/10/03 21:15:51.322, 0 %, 924 MiB, 12282 MiB
2026/10/03 21:16:01.347, 0 %, 924 MiB, 12282 MiB
2026/10/03 21:16:11.354, 0 %, 924 MiB, 12282 MiB
2026/10/03 21:16:21.368, 0 %, 924 MiB, 12282 MiB
2026/10/03 21:16:31.370, 0 %, 924 MiB, 12282 MiB
2026/10/03 21:16:41.392, 0 %, 924 MiB, 12282 MiB
2026/10/03 21:16:51.423, 0 %, 924 MiB, 12282 MiB
2026/10/03 21:17:01.433, 0 %, 924 MiB, 12282 MiB
2026/10/03 21:17:11.442, 0 %, 924 MiB, 12282 MiB
2026/10/03 21:17:21.458, 0 %, 924 MiB, 12282 MiB
2026/10/03 21:17:31.465, 0 %, 924 MiB, 12282 MiB
2026/10/03 21:17:41.490, 0 %, 924 MiB, 12282 MiB
2026/10/03 21:17:51.495, 0 %, 924 MiB, 12282 MiB
2026/10/03 21:18:01.517, 0 %, 924 MiB, 12282 MiB
2026/10/03 21:18:11.531, 0 %, 924 MiB, 12282 MiB
2026/10/03 21:18:21.547, 0 %, 924 MiB, 12282 MiB
2026/10/03 21:18:31.564, 0 %, 924 MiB, 12282 MiB
2026/10/03 21:18:41.574, 0 %, 924 MiB, 12282 MiB
2026/10/03 21:18:51.588, 0 %, 924 MiB, 12282 MiB
2026/10/03 21:19:01.600, 0 %, 924 MiB, 12282 MiB
2026/10/03 21:19:11.622, 0 %, 924 MiB, 12282 MiB
2026/10/03 21:19:21.642, 0 %, 924 MiB, 12282 MiB
2026/10/03 21:19:31.656, 0 %, 924 MiB, 12282 MiB
2026/10/03 21:19:41.666, 0 %, 924 MiB, 12282 MiB
2026/10/03 21:19:51.681, 0 %, 924 MiB, 12282 MiB
2026/10/03 21:20:01.706, 0 %, 924 MiB, 12282 MiB
2026/10/03 21:20:11.727, 0 %, 924 MiB, 12282 MiB
2026/10/03 21:20:21.741, 0 %, 924 MiB, 12282 MiB
2026/10/03 21:20:31.755, 0 %, 924 MiB, 12282 MiB
2026/10/03 21:20:41.761, 0 %, 924 MiB, 12282 MiB
2026/10/03 21:20:51.777, 0 %, 924 MiB, 12282 MiB
2026/10/03 21:21:01.797, 0 %, 924 MiB, 12282 MiB
2026/10/03 21:21:11.822, 0 %, 924 MiB, 12282 MiB
2026/10/03 21:21:21.826, 0 %, 924 MiB, 12282 MiB
2026/10/03 21:21:31.836, 0 %, 924 MiB, 12282 MiB
2026/10/03 21:21:41.851, 0 %, 924 MiB, 12282 MiB
2026/10/03 21:21:51.860, 0 %, 924 MiB, 12282 MiB
2026/10/03 21:22:01.870, 0 %, 924 MiB, 12282 MiB
2026/10/03 21:22:11.894, 0 %, 924 MiB, 12282 MiB
2026/10/03 21:22:21.914, 0 %, 924 MiB, 12282 MiB
2026/10/03 21:22:31.917, 0 %, 924 MiB, 12282 MiB
2026/10/03 21:22:41.946, 0 %, 924 MiB, 12282 MiB
2026/10/03 21:22:51.963, 0 %, 924 MiB, 12282 MiB
2026/10/03 21:23:01.972, 0 %, 924 MiB, 12282 MiB
2026/10/03 21:23:11.988, 0 %, 924 MiB, 12282 MiB
2026/10/03 21:23:22.012, 0 %, 924 MiB, 12282 MiB
2026/10/03 21:23:32.028, 0 %, 924 MiB, 12282 MiB
2026/10/03 21:23:42.069, 0 %, 924 MiB, 12282 MiB
2026/10/03 21:23:52.072, 0 %, 924 MiB, 12282 MiB
2026/10/03 21:24:02.084, 0 %, 924 MiB, 12282 MiB
2026/10/03 21:24:12.096, 0 %, 924 MiB, 12282 MiB
2026/10/03 21:24:22.103, 0 %, 924 MiB, 12282 MiB
2026/10/03 21:24:32.108, 0 %, 924 MiB, 12282 MiB
2026/10/03 21:24:42.124, 0 %, 924 MiB, 12282 MiB
2026/10/03 21:24:52.139, 0 %, 924 MiB, 12282 MiB
2026/10/03 21:25:02.151, 0 %, 924 MiB, 12282 MiB
2026/10/03 21:25:12.154, 0 %, 924 MiB, 12282 MiB
2026/10/03 21:25:22.164, 0 %, 923 MiB, 12282 MiB
2026/10/03 21:25:32.171, 0 %, 923 MiB, 12282 MiB
2026/10/03 21:25:42.195, 0 %, 923 MiB, 12282 MiB
2026/10/03 21:25:52.208, 0 %, 923 MiB, 12282 MiB
2026/10/03 21:26:02.240, 0 %, 923 MiB, 12282 MiB
2026/10/03 21:26:12.250, 0 %, 923 MiB, 12282 MiB
2026/10/03 21:26:22.265, 0 %, 923 MiB, 12282 MiB
2026/10/03 21:26:32.270, 0 %, 923 MiB, 12282 MiB
2026/10/03 21:26:42.293, 0 %, 923 MiB, 12282 MiB
2026/10/03 21:26:52.320, 0 %, 923 MiB, 12282 MiB
2026/10/03 21:27:02.323, 0 %, 923 MiB, 12282 MiB
2026/10/03 21:27:12.334, 0 %, 923 MiB, 12282 MiB
2026/10/03 21:27:22.359, 0 %, 923 MiB, 12282 MiB
2026/10/03 21:27:32.391, 0 %, 923 MiB, 12282 MiB
2026/10/03 21:27:42.415, 0 %, 923 MiB, 12282 MiB
2026/10/03 21:27:52.436, 0 %, 923 MiB, 12282 MiB
2026/10/03 21:28:02.455, 0 %, 923 MiB, 12282 MiB
2026/10/03 21:28:12.474, 0 %, 923 MiB, 12282 MiB
2026/10/03 21:28:22.497, 0 %, 923 MiB, 12282 MiB
2026/10/03 21:28:32.505, 0 %, 923 MiB, 12282 MiB
2026/10/03 21:28:42.524, 0 %, 923 MiB, 12282 MiB
2026/10/03 21:28:52.538, 0 %, 923 MiB, 12282 MiB
2026/10/03 21:29:02.566, 0 %, 923 MiB, 12282 MiB
2026/10/03 21:29:12.580, 0 %, 923 MiB, 12282 MiB
2026/10/03 21:29:22.590, 0 %, 923 MiB, 12282 MiB
2026/10/03 21:29:32.603, 0 %, 923 MiB, 12282 MiB
2026/10/03 21:29:42.611, 0 %, 922 MiB, 12282 MiB
2026/10/03 21:29:52.623, 0 %, 922 MiB, 12282 MiB
2026/10/03 21:30:02.625, 0 %, 922 MiB, 12282 MiB
2026/10/03 21:30:12.635, 0 %, 922 MiB, 12282 MiB
2026/10/03 21:30:22.653, 0 %, 922 MiB, 12282 MiB
2026/10/03 21:30:32.682, 0 %, 922 MiB, 12282 MiB
2026/10/03 21:30:42.699, 0 %, 922 MiB, 12282 MiB
2026/10/03 21:30:52.714, 0 %, 922 MiB, 12282 MiB
2026/10/03 21:31:02.729, 0 %, 922 MiB, 12282 MiB
2026/10/03 21:31:12.746, 0 %, 922 MiB, 12282 MiB
2026/10/03 21:31:22.768, 0 %, 922 MiB, 12282 MiB
2026/10/03 21:31:32.789, 0 %, 922 MiB, 12282 MiB
2026/10/03 21:31:42.807, 0 %, 922 MiB, 12282 MiB
2026/10/03 21:31:52.815, 0 %, 922 MiB, 12282 MiB
2026/10/03 21:32:02.822, 0 %, 922 MiB, 12282 MiB
2026/10/03 21:32:12.827, 0 %, 922 MiB, 12282 MiB
2026/10/03 21:32:22.837, 0 %, 922 MiB, 12282 MiB
2026/10/03 21:32:32.861, 0 %, 922 MiB, 12282 MiB
2026/10/03 21:32:42.871, 0 %, 922 MiB, 12282 MiB
2026/10/03 21:32:52.876, 0 %, 922 MiB, 12282 MiB
2026/10/03 21:33:02.907, 0 %, 922 MiB, 12282 MiB
2026/10/03 21:33:12.928, 0 %, 922 MiB, 12282 MiB
2026/10/03 21:33:22.934, 0 %, 922 MiB, 12282 MiB
2026/10/03 21:33:32.959, 0 %, 922 MiB, 12282 MiB
2026/10/03 21:33:42.977, 0 %, 922 MiB, 12282 MiB
2026/10/03 21:33:52.990, 0 %, 922 MiB, 12282 MiB
2026/10/03 21:34:03.004, 0 %, 922 MiB, 12282 MiB
2026/10/03 21:34:13.023, 0 %, 922 MiB, 12282 MiB
2026/10/03 21:34:23.037, 0 %, 922 MiB, 12282 MiB
2026/10/03 21:34:33.068, 0 %, 922 MiB, 12282 MiB
2026/10/03 21:34:43.071, 0 %, 922 MiB, 12282 MiB
2026/10/03 21:34:53.093, 0 %, 922 MiB, 12282 MiB
2026/10/03 21:35:03.099, 0 %, 922 MiB, 12282 MiB
2026/10/03 21:35:13.109, 0 %, 922 MiB, 12282 MiB
2026/10/03 21:35:23.125, 0 %, 922 MiB, 12282 MiB
2026/10/03 21:35:33.128, 0 %, 922 MiB, 12282 MiB
2026/10/03 21:35:43.160, 0 %, 922 MiB, 12282 MiB
2026/10/03 21:35:53.165, 0 %, 922 MiB, 12282 MiB
2026/10/03 21:36:03.178, 0 %, 922 MiB, 12282 MiB
2026/10/03 21:36:13.188, 0 %, 922 MiB, 12282 MiB
2026/10/03 21:36:23.215, 0 %, 922 MiB, 12282 MiB
2026/10/03 21:36:33.237, 0 %, 922 MiB, 12282 MiB
2026/10/03 21:36:43.249, 0 %, 922 MiB, 12282 MiB
2026/10/03 21:36:53.265, 0 %, 922 MiB, 12282 MiB
2026/10/03 21:37:03.282, 0 %, 922 MiB, 12282 MiB
2026/10/03 21:37:13.300, 0 %, 922 MiB, 12282 MiB
2026/10/03 21:37:23.317, 0 %, 922 MiB, 12282 MiB
2026/10/03 21:37:33.330, 0 %, 922 MiB, 12282 MiB
2026/10/03 21:37:43.350, 0 %, 922 MiB, 12282 MiB
2026/10/03 21:37:53.367, 0 %, 922 MiB, 12282 MiB
2026/10/03 21:38:03.376, 0 %, 922 MiB, 12282 MiB
2026/10/03 21:38:13.382, 0 %, 922 MiB, 12282 MiB
2026/10/03 21:38:23.400, 0 %, 922 MiB, 12282 MiB
2026/10/03 21:38:33.408, 0 %, 922 MiB, 12282 MiB
2026/10/03 21:38:43.425, 0 %, 922 MiB, 12282 MiB
2026/10/03 21:38:53.437, 0 %, 922 MiB, 12282 MiB
2026/10/03 21:39:03.453, 0 %, 922 MiB, 12282 MiB
2026/10/03 21:39:13.460, 0 %, 922 MiB, 12282 MiB
2026/10/03 21:39:23.475, 0 %, 922 MiB, 12282 MiB
2026/10/03 21:39:33.487, 0 %, 922 MiB, 12282 MiB
2026/10/03 21:39:43.511, 0 %, 922 MiB, 12282 MiB
2026/10/03 21:39:53.530, 0 %, 922 MiB, 12282 MiB
2026/10/03 21:40:03.543, 0 %, 922 MiB, 12282 MiB
2026/10/03 21:40:13.553, 0 %, 922 MiB, 12282 MiB
2026/10/03 21:40:23.568, 0 %, 922 MiB, 12282 MiB
2026/10/03 21:40:33.588, 0 %, 922 MiB, 12282 MiB
2026/10/03 21:40:43.596, 0 %, 922 MiB, 12282 MiB
2026/10/03 21:40:53.615, 0 %, 922 MiB, 12282 MiB
2026/10/03 21:41:03.628, 0 %, 922 MiB, 12282 MiB
2026/10/03 21:41:13.640, 0 %, 922 MiB, 12282 MiB
2026/10/03 21:41:23.657, 0 %, 922 MiB, 12282 MiB
2026/10/03 21:41:33.673, 0 %, 922 MiB, 12282 MiB
2026/10/03 21:41:43.687, 0 %, 922 MiB, 12282 MiB
2026/10/03 21:41:53.701, 0 %, 922 MiB, 12282 MiB
2026/10/03 21:42:03.714, 0 %, 922 MiB, 12282 MiB
2026/10/03 21:42:13.724, 0 %, 922 MiB, 12282 MiB
2026/10/03 21:42:23.737, 0 %, 922 MiB, 12282 MiB
2026/10/03 21:42:33.752, 0 %, 922 MiB, 12282 MiB
2026/10/03 21:42:43.771, 0 %, 922 MiB, 12282 MiB
2026/10/03 21:42:53.788, 0 %, 922 MiB, 12282 MiB
2026/10/03 21:43:03.802, 0 %, 922 MiB, 12282 MiB
2026/10/03 21:43:13.826, 0 %, 922 MiB, 12282 MiB
2026/10/03 21:43:23.842, 0 %, 922 MiB, 12282 MiB
2026/10/03 21:43:33.856, 0 %, 922 MiB, 12282 MiB
2026/10/03 21:43:43.872, 0 %, 922 MiB, 12282 MiB
2026/10/03 21:43:53.903, 0 %, 922 MiB, 12282 MiB
2026/10/03 21:44:03.930, 0 %, 922 MiB, 12282 MiB
2026/10/03 21:44:13.938, 0 %, 922 MiB, 12282 MiB
2026/10/03 21:44:23.951, 0 %, 922 MiB, 12282 MiB
2026/10/03 21:44:33.968, 0 %, 922 MiB, 12282 MiB
2026/10/03 21:44:43.991, 0 %, 922 MiB, 12282 MiB
2026/10/03 21:44:54.007, 0 %, 922 MiB, 12282 MiB
2026/10/03 21:45:04.019, 0 %, 922 MiB, 12282 MiB
2026/10/03 21:45:14.033, 0 %, 922 MiB, 12282 MiB
2026/10/03 21:45:24.036, 0 %, 922 MiB, 12282 MiB
2026/10/03 21:45:34.053, 0 %, 922 MiB, 12282 MiB
2026/10/03 21:45:44.069, 0 %, 922 MiB, 12282 MiB
2026/10/03 21:45:54.073, 0 %, 922 MiB, 12282 MiB
2026/10/03 21:46:04.084, 0 %, 922 MiB, 12282 MiB
2026/10/03 21:46:14.091, 0 %, 925 MiB, 12282 MiB
2026/10/03 21:46:24.104, 0 %, 922 MiB, 12282 MiB
2026/10/03 21:46:34.113, 0 %, 922 MiB, 12282 MiB
2026/10/03 21:46:44.123, 0 %, 922 MiB, 12282 MiB
2026/10/03 21:46:54.138, 0 %, 922 MiB, 12282 MiB
2026/10/03 21:47:04.147, 0 %, 922 MiB, 12282 MiB
2026/10/03 21:47:14.165, 0 %, 925 MiB, 12282 MiB
2026/10/03 21:47:24.182, 0 %, 922 MiB, 12282 MiB
2026/10/03 21:47:34.186, 0 %, 922 MiB, 12282 MiB
2026/10/03 21:47:44.196, 0 %, 922 MiB, 12282 MiB
2026/10/03 21:47:54.227, 0 %, 922 MiB, 12282 MiB
2026/10/03 21:48:04.235, 0 %, 922 MiB, 12282 MiB
2026/10/03 21:48:14.258, 0 %, 925 MiB, 12282 MiB
2026/10/03 21:48:24.273, 0 %, 922 MiB, 12282 MiB
2026/10/03 21:48:34.277, 0 %, 922 MiB, 12282 MiB
2026/10/03 21:48:44.305, 0 %, 922 MiB, 12282 MiB
2026/10/03 21:48:54.318, 0 %, 922 MiB, 12282 MiB
2026/10/03 21:49:04.334, 0 %, 922 MiB, 12282 MiB
2026/10/03 21:49:14.344, 0 %, 922 MiB, 12282 MiB
2026/10/03 21:49:24.357, 0 %, 922 MiB, 12282 MiB
2026/10/03 21:49:34.360, 0 %, 922 MiB, 12282 MiB
2026/10/03 21:49:44.385, 0 %, 922 MiB, 12282 MiB
2026/10/03 21:49:54.400, 0 %, 922 MiB, 12282 MiB
2026/10/03 21:50:04.402, 0 %, 922 MiB, 12282 MiB
2026/10/03 21:50:14.414, 0 %, 922 MiB, 12282 MiB
2026/10/03 21:50:24.423, 0 %, 922 MiB, 12282 MiB
2026/10/03 21:50:34.444, 0 %, 922 MiB, 12282 MiB
2026/10/03 21:50:44.469, 0 %, 922 MiB, 12282 MiB
2026/10/03 21:50:54.481, 0 %, 922 MiB, 12282 MiB
2026/10/03 21:51:04.508, 0 %, 922 MiB, 12282 MiB
2026/10/03 21:51:14.528, 0 %, 922 MiB, 12282 MiB
2026/10/03 21:51:24.539, 0 %, 922 MiB, 12282 MiB
2026/10/03 21:51:34.555, 0 %, 922 MiB, 12282 MiB
2026/10/03 21:51:44.582, 0 %, 922 MiB, 12282 MiB
2026/10/03 21:51:54.594, 0 %, 922 MiB, 12282 MiB
2026/10/03 21:52:04.609, 0 %, 922 MiB, 12282 MiB
2026/10/03 21:52:14.618, 0 %, 922 MiB, 12282 MiB
2026/10/03 21:52:24.628, 0 %, 922 MiB, 12282 MiB
2026/10/03 21:52:34.663, 0 %, 922 MiB, 12282 MiB
2026/10/03 21:52:44.671, 0 %, 922 MiB, 12282 MiB
2026/10/03 21:52:54.703, 0 %, 922 MiB, 12282 MiB
2026/10/03 21:53:04.713, 0 %, 922 MiB, 12282 MiB
2026/10/03 21:53:14.727, 0 %, 925 MiB, 12282 MiB
2026/10/03 21:53:24.738, 0 %, 922 MiB, 12282 MiB
2026/10/03 21:53:34.754, 0 %, 922 MiB, 12282 MiB
2026/10/03 21:53:44.756, 0 %, 922 MiB, 12282 MiB
2026/10/03 21:53:54.766, 0 %, 922 MiB, 12282 MiB
2026/10/03 21:54:04.774, 0 %, 922 MiB, 12282 MiB
2026/10/03 21:54:14.782, 0 %, 922 MiB, 12282 MiB
2026/10/03 21:54:24.790, 0 %, 922 MiB, 12282 MiB
2026/10/03 21:54:34.802, 0 %, 922 MiB, 12282 MiB
2026/10/03 21:54:44.805, 0 %, 922 MiB, 12282 MiB
2026/10/03 21:54:54.816, 0 %, 922 MiB, 12282 MiB
2026/10/03 21:55:04.830, 0 %, 922 MiB, 12282 MiB
2026/10/03 21:55:14.846, 0 %, 922 MiB, 12282 MiB
2026/10/03 21:55:24.864, 0 %, 922 MiB, 12282 MiB
2026/10/03 21:55:34.886, 0 %, 922 MiB, 12282 MiB
2026/10/03 21:55:44.899, 0 %, 922 MiB, 12282 MiB
2026/10/03 21:55:54.918, 0 %, 922 MiB, 12282 MiB
2026/10/03 21:56:04.930, 0 %, 922 MiB, 12282 MiB
2026/10/03 21:56:14.950, 0 %, 922 MiB, 12282 MiB
2026/10/03 21:56:24.968, 0 %, 922 MiB, 12282 MiB
2026/10/03 21:56:34.983, 0 %, 922 MiB, 12282 MiB
2026/10/03 21:56:44.986, 0 %, 922 MiB, 12282 MiB
2026/10/03 21:56:55.000, 0 %, 922 MiB, 12282 MiB
2026/10/03 21:57:05.017, 0 %, 922 MiB, 12282 MiB
2026/10/03 21:57:15.033, 0 %, 922 MiB, 12282 MiB
2026/10/03 21:57:25.049, 0 %, 922 MiB, 12282 MiB
2026/10/03 21:57:35.060, 0 %, 922 MiB, 12282 MiB
2026/10/03 21:57:45.088, 0 %, 922 MiB, 12282 MiB
2026/10/03 21:57:55.102, 0 %, 922 MiB, 12282 MiB
2026/10/03 21:58:05.109, 0 %, 922 MiB, 12282 MiB
2026/10/03 21:58:15.122, 0 %, 922 MiB, 12282 MiB
2026/10/03 21:58:25.132, 0 %, 922 MiB, 12282 MiB
2026/10/03 21:58:35.159, 0 %, 922 MiB, 12282 MiB
2026/10/03 21:58:45.181, 0 %, 922 MiB, 12282 MiB
2026/10/03 21:58:55.191, 0 %, 922 MiB, 12282 MiB
2026/10/03 21:59:05.213, 0 %, 922 MiB, 12282 MiB
2026/10/03 21:59:15.225, 0 %, 922 MiB, 12282 MiB
2026/10/03 21:59:25.254, 0 %, 922 MiB, 12282 MiB
2026/10/03 21:59:35.269, 0 %, 922 MiB, 12282 MiB
2026/10/03 21:59:45.290, 0 %, 922 MiB, 12282 MiB
2026/10/03 21:59:55.306, 0 %, 922 MiB, 12282 MiB
2026/10/03 22:00:05.318, 0 %, 922 MiB, 12282 MiB
2026/10/03 22:00:15.338, 0 %, 922 MiB, 12282 MiB
2026/10/03 22:00:25.351, 0 %, 922 MiB, 12282 MiB
2026/10/03 22:00:35.360, 0 %, 922 MiB, 12282 MiB
2026/10/03 22:00:45.368, 0 %, 922 MiB, 12282 MiB
2026/10/03 22:00:55.370, 0 %, 922 MiB, 12282 MiB
2026/10/03 22:01:05.388, 0 %, 922 MiB, 12282 MiB
2026/10/03 22:01:15.393, 0 %, 922 MiB, 12282 MiB
2026/10/03 22:01:25.397, 0 %, 922 MiB, 12282 MiB
2026/10/03 22:01:35.411, 0 %, 922 MiB, 12282 MiB
2026/10/03 22:01:45.419, 0 %, 922 MiB, 12282 MiB
2026/10/03 22:01:55.433, 15 %, 865 MiB, 12282 MiB
2026/10/03 22:02:05.436, 3 %, 704 MiB, 12282 MiB
2026/10/03 22:02:15.447, 0 %, 704 MiB, 12282 MiB
2026/10/03 22:02:25.450, 0 %, 704 MiB, 12282 MiB
2026/10/03 22:02:35.460, 0 %, 704 MiB, 12282 MiB
2026/10/03 22:02:45.462, 0 %, 704 MiB, 12282 MiB
2026/10/03 22:02:55.469, 0 %, 704 MiB, 12282 MiB
2026/10/03 22:03:05.478, 0 %, 704 MiB, 12282 MiB
2026/10/03 22:03:15.486, 0 %, 704 MiB, 12282 MiB
2026/10/03 22:03:25.495, 0 %, 704 MiB, 12282 MiB
2026/10/03 22:03:35.513, 0 %, 704 MiB, 12282 MiB
2026/10/03 22:03:45.526, 0 %, 704 MiB, 12282 MiB
2026/10/03 22:03:55.531, 0 %, 704 MiB, 12282 MiB
2026/10/03 22:04:05.535, 0 %, 704 MiB, 12282 MiB
2026/10/03 22:04:15.542, 0 %, 704 MiB, 12282 MiB
2026/10/03 22:04:25.558, 0 %, 704 MiB, 12282 MiB
2026/10/03 22:04:35.572, 0 %, 704 MiB, 12282 MiB
2026/10/03 22:04:45.587, 0 %, 704 MiB, 12282 MiB
2026/10/03 22:04:55.592, 0 %, 704 MiB, 12282 MiB
2026/10/03 22:05:05.606, 0 %, 704 MiB, 12282 MiB
2026/10/03 22:05:15.619, 0 %, 704 MiB, 12282 MiB
2026/10/03 22:05:25.629, 0 %, 704 MiB, 12282 MiB
2026/10/03 22:05:35.634, 0 %, 704 MiB, 12282 MiB
2026/10/03 22:05:45.649, 0 %, 704 MiB, 12282 MiB
2026/10/03 22:05:55.657, 0 %, 704 MiB, 12282 MiB
2026/10/03 22:06:05.662, 0 %, 704 MiB, 12282 MiB
2026/10/03 22:06:15.675, 0 %, 704 MiB, 12282 MiB
2026/10/03 22:06:25.680, 0 %, 704 MiB, 12282 MiB
2026/10/03 22:06:35.705, 0 %, 704 MiB, 12282 MiB
2026/10/03 22:06:45.731, 0 %, 704 MiB, 12282 MiB
2026/10/03 22:06:55.747, 0 %, 704 MiB, 12282 MiB
2026/10/03 22:07:05.760, 0 %, 704 MiB, 12282 MiB
2026/10/03 22:07:15.771, 0 %, 704 MiB, 12282 MiB
2026/10/03 22:07:25.778, 0 %, 704 MiB, 12282 MiB
2026/10/03 22:07:35.784, 0 %, 706 MiB, 12282 MiB
2026/10/03 22:07:45.796, 0 %, 704 MiB, 12282 MiB
2026/10/03 22:07:55.801, 0 %, 704 MiB, 12282 MiB
2026/10/03 22:08:05.819, 0 %, 704 MiB, 12282 MiB
2026/10/03 22:08:15.829, 0 %, 704 MiB, 12282 MiB
2026/10/03 22:08:25.850, 0 %, 704 MiB, 12282 MiB
2026/10/03 22:08:35.862, 0 %, 704 MiB, 12282 MiB
2026/10/03 22:08:45.870, 0 %, 704 MiB, 12282 MiB
2026/10/03 22:08:55.876, 0 %, 704 MiB, 12282 MiB
2026/10/03 22:09:05.896, 0 %, 704 MiB, 12282 MiB
2026/10/03 22:09:15.903, 0 %, 704 MiB, 12282 MiB
2026/10/03 22:09:25.920, 0 %, 704 MiB, 12282 MiB
2026/10/03 22:09:35.922, 0 %, 704 MiB, 12282 MiB
2026/10/03 22:09:45.937, 0 %, 704 MiB, 12282 MiB
2026/10/03 22:09:55.942, 0 %, 704 MiB, 12282 MiB
2026/10/03 22:10:05.948, 0 %, 704 MiB, 12282 MiB
2026/10/03 22:10:15.962, 0 %, 704 MiB, 12282 MiB
2026/10/03 22:10:25.978, 0 %, 704 MiB, 12282 MiB
2026/10/03 22:10:35.996, 0 %, 704 MiB, 12282 MiB
2026/10/03 22:10:45.998, 0 %, 704 MiB, 12282 MiB
2026/10/03 22:10:56.019, 0 %, 704 MiB, 12282 MiB
2026/10/03 22:11:06.027, 0 %, 704 MiB, 12282 MiB
2026/10/03 22:11:16.031, 0 %, 704 MiB, 12282 MiB
2026/10/03 22:11:26.047, 0 %, 704 MiB, 12282 MiB
2026/10/03 22:11:36.050, 0 %, 704 MiB, 12282 MiB
2026/10/03 22:11:46.065, 0 %, 704 MiB, 12282 MiB
2026/10/03 22:11:56.083, 0 %, 704 MiB, 12282 MiB
2026/10/03 22:12:06.094, 0 %, 704 MiB, 12282 MiB
2026/10/03 22:12:16.104, 0 %, 704 MiB, 12282 MiB
2026/10/03 22:12:26.123, 0 %, 703 MiB, 12282 MiB
2026/10/03 22:12:36.139, 0 %, 703 MiB, 12282 MiB
2026/10/03 22:12:46.168, 0 %, 703 MiB, 12282 MiB
2026/10/03 22:12:56.187, 0 %, 703 MiB, 12282 MiB
2026/10/03 22:13:06.197, 0 %, 703 MiB, 12282 MiB
2026/10/03 22:13:16.202, 0 %, 703 MiB, 12282 MiB
2026/10/03 22:13:26.212, 0 %, 703 MiB, 12282 MiB
2026/10/03 22:13:36.232, 0 %, 703 MiB, 12282 MiB
2026/10/03 22:13:46.245, 0 %, 703 MiB, 12282 MiB
2026/10/03 22:13:56.260, 0 %, 703 MiB, 12282 MiB
2026/10/03 22:14:06.278, 0 %, 703 MiB, 12282 MiB
2026/10/03 22:14:16.310, 0 %, 703 MiB, 12282 MiB
2026/10/03 22:14:26.316, 0 %, 703 MiB, 12282 MiB
2026/10/03 22:14:36.317, 0 %, 703 MiB, 12282 MiB
2026/10/03 22:14:46.330, 0 %, 703 MiB, 12282 MiB
2026/10/03 22:14:56.343, 0 %, 703 MiB, 12282 MiB
2026/10/03 22:15:06.353, 0 %, 703 MiB, 12282 MiB
2026/10/03 22:15:16.358, 0 %, 703 MiB, 12282 MiB
2026/10/03 22:15:26.364, 0 %, 703 MiB, 12282 MiB
2026/10/03 22:15:36.376, 0 %, 703 MiB, 12282 MiB
2026/10/03 22:15:46.384, 0 %, 703 MiB, 12282 MiB
2026/10/03 22:15:56.397, 0 %, 703 MiB, 12282 MiB
2026/10/03 22:16:06.401, 0 %, 703 MiB, 12282 MiB
2026/10/03 22:16:16.412, 0 %, 703 MiB, 12282 MiB
2026/10/03 22:16:26.424, 0 %, 703 MiB, 12282 MiB
2026/10/03 22:16:36.440, 0 %, 703 MiB, 12282 MiB
2026/10/03 22:16:46.460, 0 %, 703 MiB, 12282 MiB
2026/10/03 22:16:56.468, 0 %, 703 MiB, 12282 MiB
2026/10/03 22:17:06.480, 0 %, 703 MiB, 12282 MiB
2026/10/03 22:17:16.488, 0 %, 703 MiB, 12282 MiB
2026/10/03 22:17:26.494, 0 %, 703 MiB, 12282 MiB
2026/10/03 22:17:36.505, 0 %, 703 MiB, 12282 MiB
2026/10/03 22:17:46.520, 0 %, 703 MiB, 12282 MiB
2026/10/03 22:17:56.535, 0 %, 703 MiB, 12282 MiB
2026/10/03 22:18:06.548, 0 %, 703 MiB, 12282 MiB
2026/10/03 22:18:16.556, 0 %, 703 MiB, 12282 MiB
2026/10/03 22:18:26.573, 0 %, 703 MiB, 12282 MiB
2026/10/03 22:18:36.585, 0 %, 703 MiB, 12282 MiB
2026/10/03 22:18:46.602, 0 %, 703 MiB, 12282 MiB
2026/10/03 22:18:56.615, 0 %, 703 MiB, 12282 MiB
2026/10/03 22:19:06.630, 0 %, 703 MiB, 12282 MiB
2026/10/03 22:19:16.651, 0 %, 703 MiB, 12282 MiB
2026/10/03 22:19:26.662, 0 %, 703 MiB, 12282 MiB
2026/10/03 22:19:36.671, 0 %, 703 MiB, 12282 MiB
2026/10/03 22:19:46.685, 0 %, 703 MiB, 12282 MiB
2026/10/03 22:19:56.724, 0 %, 703 MiB, 12282 MiB
2026/10/03 22:20:06.741, 0 %, 703 MiB, 12282 MiB
2026/10/03 22:20:16.765, 0 %, 703 MiB, 12282 MiB
2026/10/03 22:20:26.787, 0 %, 703 MiB, 12282 MiB
2026/10/03 22:20:36.805, 0 %, 703 MiB, 12282 MiB
2026/10/03 22:20:46.813, 0 %, 703 MiB, 12282 MiB
2026/10/03 22:20:56.824, 0 %, 703 MiB, 12282 MiB
2026/10/03 22:21:06.839, 0 %, 703 MiB, 12282 MiB
2026/10/03 22:21:16.850, 0 %, 703 MiB, 12282 MiB
2026/10/03 22:21:26.871, 0 %, 703 MiB, 12282 MiB
2026/10/03 22:21:36.891, 0 %, 703 MiB, 12282 MiB
2026/10/03 22:21:46.903, 0 %, 703 MiB, 12282 MiB
2026/10/03 22:21:56.908, 0 %, 703 MiB, 12282 MiB
2026/10/03 22:22:06.910, 0 %, 703 MiB, 12282 MiB
2026/10/03 22:22:16.922, 0 %, 703 MiB, 12282 MiB
2026/10/03 22:22:26.928, 0 %, 703 MiB, 12282 MiB
2026/10/03 22:22:36.931, 0 %, 703 MiB, 12282 MiB
2026/10/03 22:22:46.941, 0 %, 703 MiB, 12282 MiB
2026/10/03 22:22:56.943, 0 %, 703 MiB, 12282 MiB
2026/10/03 22:23:06.966, 0 %, 703 MiB, 12282 MiB
2026/10/03 22:23:16.979, 0 %, 703 MiB, 12282 MiB
2026/10/03 22:23:26.984, 0 %, 703 MiB, 12282 MiB
2026/10/03 22:23:36.992, 0 %, 703 MiB, 12282 MiB
2026/10/03 22:23:47.007, 0 %, 703 MiB, 12282 MiB
2026/10/03 22:23:57.013, 0 %, 703 MiB, 12282 MiB
2026/10/03 22:24:07.022, 0 %, 703 MiB, 12282 MiB
2026/10/03 22:24:17.034, 0 %, 703 MiB, 12282 MiB
2026/10/03 22:24:27.042, 0 %, 703 MiB, 12282 MiB
2026/10/03 22:24:37.055, 0 %, 703 MiB, 12282 MiB
2026/10/03 22:24:47.074, 0 %, 703 MiB, 12282 MiB
2026/10/03 22:24:57.079, 0 %, 703 MiB, 12282 MiB
2026/10/03 22:25:07.088, 0 %, 703 MiB, 12282 MiB
2026/10/03 22:25:17.093, 0 %, 703 MiB, 12282 MiB
2026/10/03 22:25:27.113, 0 %, 703 MiB, 12282 MiB
2026/10/03 22:25:37.127, 0 %, 703 MiB, 12282 MiB
2026/10/03 22:25:47.148, 0 %, 703 MiB, 12282 MiB
2026/10/03 22:25:57.159, 0 %, 703 MiB, 12282 MiB
2026/10/03 22:26:07.192, 0 %, 703 MiB, 12282 MiB
2026/10/03 22:26:17.202, 0 %, 703 MiB, 12282 MiB
2026/10/03 22:26:27.216, 0 %, 703 MiB, 12282 MiB
2026/10/03 22:26:37.229, 0 %, 703 MiB, 12282 MiB
2026/10/03 22:26:47.243, 0 %, 703 MiB, 12282 MiB
2026/10/03 22:26:57.250, 0 %, 703 MiB, 12282 MiB
2026/10/03 22:27:07.266, 0 %, 703 MiB, 12282 MiB
2026/10/03 22:27:17.289, 0 %, 703 MiB, 12282 MiB
2026/10/03 22:27:27.304, 0 %, 703 MiB, 12282 MiB
2026/10/03 22:27:37.308, 0 %, 703 MiB, 12282 MiB
2026/10/03 22:27:47.324, 0 %, 703 MiB, 12282 MiB
2026/10/03 22:27:57.351, 0 %, 703 MiB, 12282 MiB
2026/10/03 22:28:07.368, 0 %, 703 MiB, 12282 MiB
2026/10/03 22:28:17.383, 0 %, 703 MiB, 12282 MiB
2026/10/03 22:28:27.387, 0 %, 703 MiB, 12282 MiB
2026/10/03 22:28:37.401, 0 %, 703 MiB, 12282 MiB
2026/10/03 22:28:47.419, 0 %, 703 MiB, 12282 MiB
2026/10/03 22:28:57.438, 0 %, 703 MiB, 12282 MiB
2026/10/03 22:29:07.446, 0 %, 703 MiB, 12282 MiB
2026/10/03 22:29:17.457, 0 %, 703 MiB, 12282 MiB
2026/10/03 22:29:27.463, 0 %, 703 MiB, 12282 MiB
2026/10/03 22:29:37.484, 0 %, 703 MiB, 12282 MiB
2026/10/03 22:29:47.494, 0 %, 703 MiB, 12282 MiB
2026/10/03 22:29:57.504, 0 %, 703 MiB, 12282 MiB
2026/10/03 22:30:07.513, 0 %, 703 MiB, 12282 MiB
2026/10/03 22:30:17.532, 0 %, 703 MiB, 12282 MiB
2026/10/03 22:30:27.538, 0 %, 703 MiB, 12282 MiB
2026/10/03 22:30:37.551, 0 %, 703 MiB, 12282 MiB
2026/10/03 22:30:47.552, 0 %, 703 MiB, 12282 MiB
2026/10/03 22:30:57.560, 0 %, 703 MiB, 12282 MiB
2026/10/03 22:31:07.578, 0 %, 704 MiB, 12282 MiB
2026/10/03 22:31:17.582, 0 %, 704 MiB, 12282 MiB
2026/10/03 22:31:27.592, 0 %, 704 MiB, 12282 MiB
2026/10/03 22:31:37.608, 0 %, 704 MiB, 12282 MiB
2026/10/03 22:31:47.615, 0 %, 704 MiB, 12282 MiB
2026/10/03 22:31:57.623, 0 %, 704 MiB, 12282 MiB
2026/10/03 22:32:07.640, 0 %, 704 MiB, 12282 MiB
2026/10/03 22:32:17.657, 0 %, 704 MiB, 12282 MiB
2026/10/03 22:32:27.666, 0 %, 704 MiB, 12282 MiB
2026/10/03 22:32:37.675, 0 %, 704 MiB, 12282 MiB
2026/10/03 22:32:47.684, 0 %, 704 MiB, 12282 MiB
2026/10/03 22:32:57.713, 0 %, 704 MiB, 12282 MiB
2026/10/03 22:33:07.731, 0 %, 704 MiB, 12282 MiB
2026/10/03 22:33:17.734, 0 %, 704 MiB, 12282 MiB
2026/10/03 22:33:27.748, 0 %, 704 MiB, 12282 MiB
2026/10/03 22:33:37.760, 0 %, 704 MiB, 12282 MiB
2026/10/03 22:33:47.781, 0 %, 704 MiB, 12282 MiB
2026/10/03 22:33:57.794, 0 %, 704 MiB, 12282 MiB
2026/10/03 22:34:07.799, 0 %, 704 MiB, 12282 MiB
2026/10/03 22:34:17.804, 0 %, 704 MiB, 12282 MiB
2026/10/03 22:34:27.808, 0 %, 704 MiB, 12282 MiB
2026/10/03 22:34:37.818, 1 %, 704 MiB, 12282 MiB
2026/10/03 22:34:47.833, 1 %, 704 MiB, 12282 MiB
2026/10/03 22:34:57.846, 1 %, 704 MiB, 12282 MiB
2026/10/03 22:35:07.857, 1 %, 704 MiB, 12282 MiB
2026/10/03 22:35:17.861, 0 %, 704 MiB, 12282 MiB
2026/10/03 22:35:27.878, 2 %, 704 MiB, 12282 MiB
2026/10/03 22:35:37.903, 0 %, 704 MiB, 12282 MiB
2026/10/03 22:35:47.917, 0 %, 704 MiB, 12282 MiB
2026/10/03 22:35:57.928, 0 %, 704 MiB, 12282 MiB
2026/10/03 22:36:07.940, 0 %, 704 MiB, 12282 MiB
2026/10/03 22:36:17.949, 0 %, 704 MiB, 12282 MiB
2026/10/03 22:36:27.971, 0 %, 704 MiB, 12282 MiB
2026/10/03 22:36:37.991, 1 %, 704 MiB, 12282 MiB
2026/10/03 22:36:47.997, 1 %, 704 MiB, 12282 MiB
2026/10/03 22:36:58.015, 1 %, 704 MiB, 12282 MiB
2026/10/03 22:37:08.035, 1 %, 704 MiB, 12282 MiB
2026/10/03 22:37:18.066, 0 %, 704 MiB, 12282 MiB
2026/10/03 22:37:28.080, 0 %, 704 MiB, 12282 MiB
2026/10/03 22:37:38.093, 1 %, 704 MiB, 12282 MiB
2026/10/03 22:37:48.108, 1 %, 704 MiB, 12282 MiB
2026/10/03 22:37:58.129, 1 %, 704 MiB, 12282 MiB
2026/10/03 22:38:08.153, 1 %, 704 MiB, 12282 MiB
2026/10/03 22:38:18.161, 1 %, 704 MiB, 12282 MiB
2026/10/03 22:38:28.174, 1 %, 704 MiB, 12282 MiB
2026/10/03 22:38:38.183, 0 %, 704 MiB, 12282 MiB
2026/10/03 22:38:48.192, 0 %, 704 MiB, 12282 MiB
2026/10/03 22:38:58.209, 0 %, 704 MiB, 12282 MiB
2026/10/03 22:39:08.217, 0 %, 704 MiB, 12282 MiB
2026/10/03 22:39:18.248, 0 %, 704 MiB, 12282 MiB
2026/10/03 22:39:28.263, 0 %, 704 MiB, 12282 MiB
2026/10/03 22:39:38.276, 0 %, 704 MiB, 12282 MiB
2026/10/03 22:39:48.300, 0 %, 704 MiB, 12282 MiB
2026/10/03 22:39:58.327, 0 %, 704 MiB, 12282 MiB
2026/10/03 22:40:08.342, 0 %, 704 MiB, 12282 MiB
2026/10/03 22:40:18.364, 0 %, 704 MiB, 12282 MiB
2026/10/03 22:40:28.379, 0 %, 704 MiB, 12282 MiB
2026/10/03 22:40:38.390, 0 %, 704 MiB, 12282 MiB
2026/10/03 22:40:48.392, 0 %, 704 MiB, 12282 MiB
2026/10/03 22:40:58.412, 0 %, 707 MiB, 12282 MiB
2026/10/03 22:41:08.418, 0 %, 704 MiB, 12282 MiB
2026/10/03 22:41:18.431, 0 %, 704 MiB, 12282 MiB
2026/10/03 22:41:28.438, 0 %, 704 MiB, 12282 MiB
2026/10/03 22:41:38.444, 1 %, 704 MiB, 12282 MiB
2026/10/03 22:41:48.460, 0 %, 704 MiB, 12282 MiB
2026/10/03 22:41:58.482, 1 %, 704 MiB, 12282 MiB
2026/10/03 22:42:08.495, 1 %, 704 MiB, 12282 MiB
2026/10/03 22:42:18.504, 0 %, 704 MiB, 12282 MiB
2026/10/03 22:42:28.512, 0 %, 704 MiB, 12282 MiB
2026/10/03 22:42:38.536, 1 %, 704 MiB, 12282 MiB
2026/10/03 22:42:48.550, 1 %, 704 MiB, 12282 MiB
2026/10/03 22:42:58.567, 1 %, 704 MiB, 12282 MiB
2026/10/03 22:43:08.583, 1 %, 704 MiB, 12282 MiB
2026/10/03 22:43:18.596, 1 %, 704 MiB, 12282 MiB
2026/10/03 22:43:28.609, 0 %, 704 MiB, 12282 MiB
2026/10/03 22:43:38.633, 0 %, 704 MiB, 12282 MiB
2026/10/03 22:43:48.645, 0 %, 704 MiB, 12282 MiB
2026/10/03 22:43:58.657, 1 %, 704 MiB, 12282 MiB
2026/10/03 22:44:08.673, 1 %, 704 MiB, 12282 MiB
2026/10/03 22:44:18.691, 1 %, 704 MiB, 12282 MiB
2026/10/03 22:44:28.693, 0 %, 704 MiB, 12282 MiB
2026/10/03 22:44:38.700, 0 %, 704 MiB, 12282 MiB
2026/10/03 22:44:48.718, 0 %, 704 MiB, 12282 MiB
2026/10/03 22:44:58.721, 2 %, 704 MiB, 12282 MiB
2026/10/03 22:45:08.739, 0 %, 704 MiB, 12282 MiB
2026/10/03 22:45:18.763, 0 %, 704 MiB, 12282 MiB
2026/10/03 22:45:28.777, 0 %, 704 MiB, 12282 MiB
2026/10/03 22:45:38.792, 0 %, 704 MiB, 12282 MiB
2026/10/03 22:45:48.802, 1 %, 704 MiB, 12282 MiB
2026/10/03 22:45:58.805, 3 %, 704 MiB, 12282 MiB
2026/10/03 22:46:08.821, 3 %, 704 MiB, 12282 MiB
2026/10/03 22:46:18.838, 1 %, 704 MiB, 12282 MiB
2026/10/03 22:46:28.840, 1 %, 704 MiB, 12282 MiB
2026/10/03 22:46:38.857, 0 %, 704 MiB, 12282 MiB
2026/10/03 22:46:48.867, 0 %, 704 MiB, 12282 MiB
2026/10/03 22:46:58.885, 0 %, 704 MiB, 12282 MiB
2026/10/03 22:47:08.912, 0 %, 704 MiB, 12282 MiB
2026/10/03 22:47:18.933, 0 %, 704 MiB, 12282 MiB
2026/10/03 22:47:28.941, 0 %, 704 MiB, 12282 MiB
2026/10/03 22:47:38.962, 0 %, 704 MiB, 12282 MiB
2026/10/03 22:47:48.979, 0 %, 704 MiB, 12282 MiB
2026/10/03 22:47:59.004, 0 %, 704 MiB, 12282 MiB
2026/10/03 22:48:09.017, 1 %, 704 MiB, 12282 MiB
2026/10/03 22:48:19.031, 1 %, 704 MiB, 12282 MiB
2026/10/03 22:48:29.038, 0 %, 704 MiB, 12282 MiB
2026/10/03 22:48:39.052, 0 %, 704 MiB, 12282 MiB
2026/10/03 22:48:49.063, 0 %, 704 MiB, 12282 MiB
2026/10/03 22:48:59.068, 0 %, 704 MiB, 12282 MiB
2026/10/03 22:49:09.083, 0 %, 704 MiB, 12282 MiB
2026/10/03 22:49:19.095, 0 %, 704 MiB, 12282 MiB
2026/10/03 22:49:29.104, 0 %, 704 MiB, 12282 MiB
2026/10/03 22:49:39.116, 0 %, 704 MiB, 12282 MiB
2026/10/03 22:49:49.131, 0 %, 704 MiB, 12282 MiB
2026/10/03 22:49:59.153, 0 %, 704 MiB, 12282 MiB
2026/10/03 22:50:09.178, 0 %, 704 MiB, 12282 MiB
2026/10/03 22:50:19.194, 0 %, 704 MiB, 12282 MiB
2026/10/03 22:50:29.213, 0 %, 704 MiB, 12282 MiB
2026/10/03 22:50:39.228, 0 %, 704 MiB, 12282 MiB
2026/10/03 22:50:49.246, 0 %, 704 MiB, 12282 MiB
2026/10/03 22:50:59.260, 1 %, 704 MiB, 12282 MiB
2026/10/03 22:51:09.265, 1 %, 704 MiB, 12282 MiB
2026/10/03 22:51:19.285, 0 %, 704 MiB, 12282 MiB
2026/10/03 22:51:29.301, 1 %, 704 MiB, 12282 MiB
2026/10/03 22:51:39.318, 1 %, 704 MiB, 12282 MiB
2026/10/03 22:51:49.320, 1 %, 704 MiB, 12282 MiB
2026/10/03 22:51:59.331, 0 %, 704 MiB, 12282 MiB
2026/10/03 22:52:09.339, 5 %, 704 MiB, 12282 MiB
2026/10/03 22:52:19.347, 2 %, 704 MiB, 12282 MiB
2026/10/03 22:52:29.362, 1 %, 704 MiB, 12282 MiB
2026/10/03 22:52:39.376, 1 %, 704 MiB, 12282 MiB
2026/10/03 22:52:49.414, 1 %, 704 MiB, 12282 MiB
2026/10/03 22:52:59.424, 0 %, 704 MiB, 12282 MiB
2026/10/03 22:53:09.442, 1 %, 704 MiB, 12282 MiB
2026/10/03 22:53:19.449, 1 %, 704 MiB, 12282 MiB
2026/10/03 22:53:29.467, 1 %, 704 MiB, 12282 MiB
2026/10/03 22:53:39.483, 1 %, 704 MiB, 12282 MiB
2026/10/03 22:53:49.502, 3 %, 704 MiB, 12282 MiB
2026/10/03 22:53:59.514, 0 %, 704 MiB, 12282 MiB
2026/10/03 22:54:09.533, 0 %, 704 MiB, 12282 MiB
2026/10/03 22:54:19.539, 0 %, 704 MiB, 12282 MiB
2026/10/03 22:54:29.553, 0 %, 704 MiB, 12282 MiB
2026/10/03 22:54:39.556, 0 %, 704 MiB, 12282 MiB
2026/10/03 22:54:49.568, 0 %, 704 MiB, 12282 MiB
2026/10/03 22:54:59.574, 0 %, 704 MiB, 12282 MiB
2026/10/03 22:55:09.587, 0 %, 704 MiB, 12282 MiB
2026/10/03 22:55:19.610, 0 %, 704 MiB, 12282 MiB
2026/10/03 22:55:29.616, 0 %, 704 MiB, 12282 MiB
2026/10/03 22:55:39.629, 0 %, 704 MiB, 12282 MiB
2026/10/03 22:55:49.633, 1 %, 704 MiB, 12282 MiB
2026/10/03 22:55:59.642, 1 %, 704 MiB, 12282 MiB
2026/10/03 22:56:09.664, 1 %, 704 MiB, 12282 MiB
2026/10/03 22:56:19.678, 0 %, 704 MiB, 12282 MiB
2026/10/03 22:56:29.684, 0 %, 704 MiB, 12282 MiB
2026/10/03 22:56:39.690, 0 %, 704 MiB, 12282 MiB
2026/10/03 22:56:49.692, 0 %, 704 MiB, 12282 MiB
2026/10/03 22:56:59.715, 0 %, 704 MiB, 12282 MiB
2026/10/03 22:57:09.725, 0 %, 704 MiB, 12282 MiB
2026/10/03 22:57:19.740, 0 %, 704 MiB, 12282 MiB
2026/10/03 22:57:29.760, 0 %, 704 MiB, 12282 MiB
2026/10/03 22:57:39.780, 0 %, 704 MiB, 12282 MiB
2026/10/03 22:57:49.785, 0 %, 704 MiB, 12282 MiB
2026/10/03 22:57:59.804, 0 %, 704 MiB, 12282 MiB
2026/10/03 22:58:09.815, 0 %, 704 MiB, 12282 MiB
2026/10/03 22:58:19.827, 0 %, 704 MiB, 12282 MiB
2026/10/03 22:58:29.838, 0 %, 704 MiB, 12282 MiB
2026/10/03 22:58:39.861, 0 %, 704 MiB, 12282 MiB
2026/10/03 22:58:49.891, 0 %, 704 MiB, 12282 MiB
2026/10/03 22:58:59.905, 0 %, 704 MiB, 12282 MiB
2026/10/03 22:59:09.911, 0 %, 704 MiB, 12282 MiB
2026/10/03 22:59:19.925, 0 %, 704 MiB, 12282 MiB
2026/10/03 22:59:29.928, 0 %, 704 MiB, 12282 MiB
2026/10/03 22:59:39.947, 0 %, 704 MiB, 12282 MiB
2026/10/03 22:59:49.963, 0 %, 704 MiB, 12282 MiB
2026/10/03 22:59:59.969, 0 %, 704 MiB, 12282 MiB
2026/10/03 23:00:09.976, 0 %, 704 MiB, 12282 MiB
2026/10/03 23:00:19.989, 0 %, 704 MiB, 12282 MiB
2026/10/03 23:00:30.000, 0 %, 706 MiB, 12282 MiB
2026/10/03 23:00:40.006, 0 %, 706 MiB, 12282 MiB
2026/10/03 23:00:50.013, 0 %, 706 MiB, 12282 MiB
2026/10/03 23:01:00.036, 0 %, 706 MiB, 12282 MiB
2026/10/03 23:01:10.053, 0 %, 706 MiB, 12282 MiB
2026/10/03 23:01:20.060, 0 %, 706 MiB, 12282 MiB
2026/10/03 23:01:30.076, 0 %, 706 MiB, 12282 MiB
2026/10/03 23:01:40.080, 0 %, 706 MiB, 12282 MiB
2026/10/03 23:01:50.092, 0 %, 706 MiB, 12282 MiB
2026/10/03 23:02:00.108, 7 %, 809 MiB, 12282 MiB
2026/10/03 23:02:10.119, 0 %, 719 MiB, 12282 MiB
2026/10/03 23:02:20.134, 0 %, 708 MiB, 12282 MiB
2026/10/03 23:02:30.140, 0 %, 708 MiB, 12282 MiB
2026/10/03 23:02:40.151, 0 %, 708 MiB, 12282 MiB
2026/10/03 23:02:50.156, 0 %, 708 MiB, 12282 MiB
2026/10/03 23:03:00.165, 0 %, 708 MiB, 12282 MiB
2026/10/03 23:03:10.177, 0 %, 708 MiB, 12282 MiB
2026/10/03 23:03:20.193, 0 %, 708 MiB, 12282 MiB
2026/10/03 23:03:30.208, 0 %, 708 MiB, 12282 MiB
2026/10/03 23:03:40.211, 0 %, 708 MiB, 12282 MiB
2026/10/03 23:03:50.222, 0 %, 708 MiB, 12282 MiB
2026/10/03 23:04:00.236, 0 %, 708 MiB, 12282 MiB
2026/10/03 23:04:10.251, 0 %, 708 MiB, 12282 MiB
2026/10/03 23:04:20.269, 0 %, 708 MiB, 12282 MiB
2026/10/03 23:04:30.276, 0 %, 708 MiB, 12282 MiB
2026/10/03 23:04:40.294, 0 %, 708 MiB, 12282 MiB
2026/10/03 23:04:50.299, 0 %, 708 MiB, 12282 MiB
2026/10/03 23:05:00.334, 0 %, 708 MiB, 12282 MiB
2026/10/03 23:05:10.338, 0 %, 708 MiB, 12282 MiB
2026/10/03 23:05:20.367, 0 %, 708 MiB, 12282 MiB
2026/10/03 23:05:30.372, 0 %, 708 MiB, 12282 MiB
2026/10/03 23:05:40.385, 0 %, 708 MiB, 12282 MiB
2026/10/03 23:05:50.390, 0 %, 708 MiB, 12282 MiB
2026/10/03 23:06:00.399, 0 %, 708 MiB, 12282 MiB
2026/10/03 23:06:10.411, 0 %, 708 MiB, 12282 MiB
2026/10/03 23:06:20.413, 0 %, 708 MiB, 12282 MiB
2026/10/03 23:06:30.415, 0 %, 708 MiB, 12282 MiB
2026/10/03 23:06:40.440, 0 %, 708 MiB, 12282 MiB
2026/10/03 23:06:50.445, 0 %, 708 MiB, 12282 MiB
2026/10/03 23:07:00.460, 0 %, 708 MiB, 12282 MiB
2026/10/03 23:07:10.465, 0 %, 708 MiB, 12282 MiB
2026/10/03 23:07:20.469, 0 %, 708 MiB, 12282 MiB
2026/10/03 23:07:30.480, 0 %, 708 MiB, 12282 MiB
2026/10/03 23:07:40.499, 0 %, 708 MiB, 12282 MiB
2026/10/03 23:07:50.515, 0 %, 708 MiB, 12282 MiB
2026/10/03 23:08:00.541, 0 %, 708 MiB, 12282 MiB
2026/10/03 23:08:10.553, 0 %, 708 MiB, 12282 MiB
2026/10/03 23:08:20.567, 0 %, 708 MiB, 12282 MiB
2026/10/03 23:08:30.586, 0 %, 708 MiB, 12282 MiB
2026/10/03 23:08:40.589, 0 %, 708 MiB, 12282 MiB
2026/10/03 23:08:50.593, 0 %, 708 MiB, 12282 MiB
2026/10/03 23:09:00.609, 0 %, 708 MiB, 12282 MiB
2026/10/03 23:09:10.629, 0 %, 708 MiB, 12282 MiB
2026/10/03 23:09:20.640, 0 %, 708 MiB, 12282 MiB
2026/10/03 23:09:30.652, 0 %, 708 MiB, 12282 MiB
2026/10/03 23:09:40.656, 0 %, 708 MiB, 12282 MiB
2026/10/03 23:09:50.672, 0 %, 708 MiB, 12282 MiB
2026/10/03 23:10:00.682, 0 %, 708 MiB, 12282 MiB
2026/10/03 23:10:10.726, 0 %, 708 MiB, 12282 MiB
2026/10/03 23:10:20.737, 0 %, 708 MiB, 12282 MiB
2026/10/03 23:10:30.740, 0 %, 708 MiB, 12282 MiB
2026/10/03 23:10:40.745, 0 %, 708 MiB, 12282 MiB
2026/10/03 23:10:50.764, 0 %, 708 MiB, 12282 MiB
2026/10/03 23:11:00.773, 0 %, 708 MiB, 12282 MiB
2026/10/03 23:11:10.782, 2 %, 708 MiB, 12282 MiB
2026/10/03 23:11:20.796, 0 %, 708 MiB, 12282 MiB
2026/10/03 23:11:30.819, 0 %, 708 MiB, 12282 MiB
2026/10/03 23:11:40.827, 0 %, 708 MiB, 12282 MiB
2026/10/03 23:11:50.833, 0 %, 708 MiB, 12282 MiB
2026/10/03 23:12:00.848, 0 %, 708 MiB, 12282 MiB
2026/10/03 23:12:10.852, 0 %, 708 MiB, 12282 MiB
2026/10/03 23:12:20.866, 0 %, 708 MiB, 12282 MiB
2026/10/03 23:12:30.885, 0 %, 708 MiB, 12282 MiB
2026/10/03 23:12:40.897, 0 %, 708 MiB, 12282 MiB
2026/10/03 23:12:50.917, 0 %, 708 MiB, 12282 MiB
2026/10/03 23:13:00.927, 0 %, 708 MiB, 12282 MiB
2026/10/03 23:13:10.952, 0 %, 708 MiB, 12282 MiB
2026/10/03 23:13:20.966, 0 %, 708 MiB, 12282 MiB
2026/10/03 23:13:30.986, 0 %, 708 MiB, 12282 MiB
2026/10/03 23:13:41.000, 0 %, 708 MiB, 12282 MiB
2026/10/03 23:13:51.006, 0 %, 708 MiB, 12282 MiB
2026/10/03 23:14:01.035, 0 %, 708 MiB, 12282 MiB
2026/10/03 23:14:11.041, 0 %, 708 MiB, 12282 MiB
2026/10/03 23:14:21.058, 0 %, 708 MiB, 12282 MiB
2026/10/03 23:14:31.067, 0 %, 708 MiB, 12282 MiB
2026/10/03 23:14:41.072, 0 %, 708 MiB, 12282 MiB
2026/10/03 23:14:51.077, 0 %, 708 MiB, 12282 MiB
2026/10/03 23:15:01.086, 0 %, 708 MiB, 12282 MiB
2026/10/03 23:15:11.096, 0 %, 708 MiB, 12282 MiB
2026/10/03 23:15:21.100, 0 %, 708 MiB, 12282 MiB
2026/10/03 23:15:31.119, 0 %, 708 MiB, 12282 MiB
2026/10/03 23:15:41.128, 0 %, 708 MiB, 12282 MiB
2026/10/03 23:15:51.140, 0 %, 708 MiB, 12282 MiB
2026/10/03 23:16:01.142, 0 %, 708 MiB, 12282 MiB
2026/10/03 23:16:11.157, 0 %, 708 MiB, 12282 MiB
2026/10/03 23:16:21.172, 0 %, 708 MiB, 12282 MiB
2026/10/03 23:16:31.196, 0 %, 708 MiB, 12282 MiB
2026/10/03 23:16:41.209, 0 %, 709 MiB, 12282 MiB
2026/10/03 23:16:51.225, 0 %, 709 MiB, 12282 MiB
2026/10/03 23:17:01.242, 0 %, 709 MiB, 12282 MiB
2026/10/03 23:17:11.258, 0 %, 709 MiB, 12282 MiB
2026/10/03 23:17:21.277, 0 %, 709 MiB, 12282 MiB
2026/10/03 23:17:31.282, 0 %, 709 MiB, 12282 MiB
2026/10/03 23:17:41.297, 0 %, 709 MiB, 12282 MiB
2026/10/03 23:17:51.318, 0 %, 709 MiB, 12282 MiB
2026/10/03 23:18:01.327, 0 %, 709 MiB, 12282 MiB
2026/10/03 23:18:11.331, 0 %, 709 MiB, 12282 MiB
2026/10/03 23:18:21.350, 0 %, 709 MiB, 12282 MiB
2026/10/03 23:18:31.378, 0 %, 709 MiB, 12282 MiB
2026/10/03 23:18:41.389, 0 %, 709 MiB, 12282 MiB
2026/10/03 23:18:51.402, 0 %, 709 MiB, 12282 MiB
2026/10/03 23:19:01.417, 0 %, 709 MiB, 12282 MiB
2026/10/03 23:19:11.434, 0 %, 709 MiB, 12282 MiB
2026/10/03 23:19:21.446, 0 %, 709 MiB, 12282 MiB
2026/10/03 23:19:31.463, 0 %, 709 MiB, 12282 MiB
2026/10/03 23:19:41.478, 0 %, 709 MiB, 12282 MiB
2026/10/03 23:19:51.497, 0 %, 709 MiB, 12282 MiB
2026/10/03 23:20:01.515, 0 %, 709 MiB, 12282 MiB
2026/10/03 23:20:11.526, 0 %, 709 MiB, 12282 MiB
2026/10/03 23:20:21.540, 0 %, 709 MiB, 12282 MiB
2026/10/03 23:20:31.545, 0 %, 709 MiB, 12282 MiB
2026/10/03 23:20:41.548, 0 %, 709 MiB, 12282 MiB
2026/10/03 23:20:51.557, 0 %, 709 MiB, 12282 MiB
2026/10/03 23:21:01.571, 0 %, 709 MiB, 12282 MiB
2026/10/03 23:21:11.589, 0 %, 709 MiB, 12282 MiB
2026/10/03 23:21:21.602, 0 %, 709 MiB, 12282 MiB
2026/10/03 23:21:31.611, 0 %, 709 MiB, 12282 MiB
2026/10/03 23:21:41.621, 0 %, 709 MiB, 12282 MiB
2026/10/03 23:21:51.626, 0 %, 709 MiB, 12282 MiB
2026/10/03 23:22:01.642, 6 %, 709 MiB, 12282 MiB
2026/10/03 23:22:11.651, 1 %, 709 MiB, 12282 MiB
2026/10/03 23:22:21.663, 1 %, 709 MiB, 12282 MiB
2026/10/03 23:22:31.675, 0 %, 709 MiB, 12282 MiB
2026/10/03 23:22:41.685, 1 %, 709 MiB, 12282 MiB
2026/10/03 23:22:51.700, 1 %, 709 MiB, 12282 MiB
2026/10/03 23:23:01.709, 0 %, 709 MiB, 12282 MiB
2026/10/03 23:23:11.718, 0 %, 709 MiB, 12282 MiB
2026/10/03 23:23:21.721, 3 %, 709 MiB, 12282 MiB
2026/10/03 23:23:31.731, 3 %, 709 MiB, 12282 MiB
2026/10/03 23:23:41.750, 1 %, 709 MiB, 12282 MiB
2026/10/03 23:23:51.764, 0 %, 709 MiB, 12282 MiB
2026/10/03 23:24:01.769, 0 %, 709 MiB, 12282 MiB
2026/10/03 23:24:11.788, 0 %, 709 MiB, 12282 MiB
2026/10/03 23:24:21.802, 0 %, 709 MiB, 12282 MiB
2026/10/03 23:24:31.817, 0 %, 709 MiB, 12282 MiB
2026/10/03 23:24:41.823, 0 %, 709 MiB, 12282 MiB
2026/10/03 23:24:51.831, 1 %, 709 MiB, 12282 MiB
2026/10/03 23:25:01.850, 0 %, 709 MiB, 12282 MiB
2026/10/03 23:25:11.861, 0 %, 709 MiB, 12282 MiB
2026/10/03 23:25:21.867, 0 %, 708 MiB, 12282 MiB
2026/10/03 23:25:31.903, 0 %, 708 MiB, 12282 MiB
2026/10/03 23:25:41.920, 0 %, 708 MiB, 12282 MiB
2026/10/03 23:25:51.934, 0 %, 708 MiB, 12282 MiB
2026/10/03 23:26:01.941, 0 %, 708 MiB, 12282 MiB
2026/10/03 23:26:11.947, 0 %, 708 MiB, 12282 MiB
2026/10/03 23:26:21.959, 0 %, 708 MiB, 12282 MiB
2026/10/03 23:26:31.963, 1 %, 708 MiB, 12282 MiB
2026/10/03 23:26:41.979, 1 %, 708 MiB, 12282 MiB
2026/10/03 23:26:51.985, 3 %, 708 MiB, 12282 MiB
2026/10/03 23:27:01.993, 1 %, 708 MiB, 12282 MiB
2026/10/03 23:27:12.010, 2 %, 708 MiB, 12282 MiB
2026/10/03 23:27:22.021, 1 %, 708 MiB, 12282 MiB
2026/10/03 23:27:32.024, 1 %, 708 MiB, 12282 MiB
2026/10/03 23:27:42.042, 3 %, 708 MiB, 12282 MiB
2026/10/03 23:27:52.055, 3 %, 708 MiB, 12282 MiB
2026/10/03 23:28:02.065, 1 %, 708 MiB, 12282 MiB
2026/10/03 23:28:12.081, 1 %, 708 MiB, 12282 MiB
2026/10/03 23:28:22.087, 1 %, 708 MiB, 12282 MiB
2026/10/03 23:28:32.093, 0 %, 708 MiB, 12282 MiB
2026/10/03 23:28:42.120, 0 %, 708 MiB, 12282 MiB
2026/10/03 23:28:52.127, 0 %, 708 MiB, 12282 MiB
2026/10/03 23:29:02.143, 0 %, 708 MiB, 12282 MiB
2026/10/03 23:29:12.147, 1 %, 708 MiB, 12282 MiB
2026/10/03 23:29:22.156, 1 %, 708 MiB, 12282 MiB
2026/10/03 23:29:32.174, 1 %, 708 MiB, 12282 MiB
2026/10/03 23:29:42.183, 1 %, 708 MiB, 12282 MiB
2026/10/03 23:29:52.209, 0 %, 708 MiB, 12282 MiB
2026/10/03 23:30:02.221, 1 %, 708 MiB, 12282 MiB
2026/10/03 23:30:12.228, 1 %, 708 MiB, 12282 MiB
2026/10/03 23:30:22.235, 0 %, 708 MiB, 12282 MiB
2026/10/03 23:30:32.252, 0 %, 708 MiB, 12282 MiB
2026/10/03 23:30:42.267, 1 %, 708 MiB, 12282 MiB
2026/10/03 23:30:52.291, 1 %, 708 MiB, 12282 MiB
2026/10/03 23:31:02.333, 0 %, 708 MiB, 12282 MiB
2026/10/03 23:31:12.344, 1 %, 708 MiB, 12282 MiB
2026/10/03 23:31:22.348, 1 %, 708 MiB, 12282 MiB
2026/10/03 23:31:32.372, 2 %, 708 MiB, 12282 MiB
2026/10/03 23:31:42.387, 1 %, 708 MiB, 12282 MiB
2026/10/03 23:31:52.404, 1 %, 708 MiB, 12282 MiB
2026/10/03 23:32:02.413, 0 %, 708 MiB, 12282 MiB
2026/10/03 23:32:12.429, 1 %, 708 MiB, 12282 MiB
2026/10/03 23:32:22.434, 1 %, 708 MiB, 12282 MiB
2026/10/03 23:32:32.441, 1 %, 708 MiB, 12282 MiB
2026/10/03 23:32:42.460, 1 %, 708 MiB, 12282 MiB
2026/10/03 23:32:52.464, 1 %, 708 MiB, 12282 MiB
2026/10/03 23:33:02.475, 2 %, 661 MiB, 12282 MiB
2026/10/03 23:33:12.484, 1 %, 661 MiB, 12282 MiB
2026/10/03 23:33:22.499, 1 %, 661 MiB, 12282 MiB
2026/10/03 23:33:32.515, 2 %, 661 MiB, 12282 MiB
2026/10/03 23:33:42.519, 2 %, 661 MiB, 12282 MiB
2026/10/03 23:33:52.521, 1 %, 661 MiB, 12282 MiB
2026/10/03 23:34:02.536, 99 %, 2116 MiB, 12282 MiB
2026/10/03 23:34:12.544, 0 %, 1070 MiB, 12282 MiB
2026/10/03 23:34:22.548, 67 %, 2116 MiB, 12282 MiB
2026/10/03 23:34:32.562, 100 %, 2092 MiB, 12282 MiB
2026/10/03 23:34:42.567, 0 %, 1069 MiB, 12282 MiB
2026/10/03 23:34:52.579, 0 %, 2122 MiB, 12282 MiB
2026/10/03 23:35:02.585, 75 %, 2117 MiB, 12282 MiB
2026/10/03 23:35:12.589, 68 %, 2053 MiB, 12282 MiB
2026/10/03 23:35:22.599, 39 %, 2093 MiB, 12282 MiB
2026/10/03 23:35:32.602, 0 %, 2101 MiB, 12282 MiB
2026/10/03 23:35:42.617, 55 %, 2122 MiB, 12282 MiB
2026/10/03 23:35:52.628, 1 %, 661 MiB, 12282 MiB
2026/10/03 23:36:02.640, 0 %, 661 MiB, 12282 MiB
2026/10/03 23:36:12.655, 1 %, 661 MiB, 12282 MiB
2026/10/03 23:36:22.659, 1 %, 661 MiB, 12282 MiB
2026/10/03 23:36:32.664, 1 %, 661 MiB, 12282 MiB
2026/10/03 23:36:42.672, 0 %, 661 MiB, 12282 MiB
2026/10/03 23:36:52.686, 1 %, 661 MiB, 12282 MiB
2026/10/03 23:37:02.702, 1 %, 661 MiB, 12282 MiB
2026/10/03 23:37:12.710, 0 %, 790 MiB, 12282 MiB
2026/10/03 23:37:22.715, 1 %, 661 MiB, 12282 MiB
2026/10/03 23:37:32.721, 100 %, 2804 MiB, 12282 MiB
2026/10/03 23:37:42.731, 0 %, 2804 MiB, 12282 MiB
2026/10/03 23:37:52.741, 0 %, 1653 MiB, 12282 MiB
2026/10/03 23:38:02.745, 100 %, 2804 MiB, 12282 MiB
2026/10/03 23:38:12.761, 0 %, 922 MiB, 12282 MiB
2026/10/03 23:38:22.768, 0 %, 922 MiB, 12282 MiB
2026/10/03 23:38:32.790, 0 %, 922 MiB, 12282 MiB
2026/10/03 23:38:42.796, 0 %, 922 MiB, 12282 MiB
2026/10/03 23:38:52.809, 0 %, 922 MiB, 12282 MiB
2026/10/03 23:39:02.814, 0 %, 922 MiB, 12282 MiB
2026/10/03 23:39:12.817, 0 %, 922 MiB, 12282 MiB
2026/10/03 23:39:22.835, 0 %, 922 MiB, 12282 MiB
2026/10/03 23:39:32.849, 0 %, 923 MiB, 12282 MiB
2026/10/03 23:39:42.860, 0 %, 923 MiB, 12282 MiB
2026/10/03 23:39:52.877, 0 %, 923 MiB, 12282 MiB
2026/10/03 23:40:02.888, 0 %, 923 MiB, 12282 MiB
2026/10/03 23:40:12.892, 0 %, 923 MiB, 12282 MiB
2026/10/03 23:40:22.908, 0 %, 923 MiB, 12282 MiB
2026/10/03 23:40:32.919, 0 %, 923 MiB, 12282 MiB
2026/10/03 23:40:42.933, 0 %, 923 MiB, 12282 MiB
2026/10/03 23:40:52.938, 0 %, 923 MiB, 12282 MiB
2026/10/03 23:41:02.946, 0 %, 923 MiB, 12282 MiB
2026/10/03 23:41:12.962, 0 %, 923 MiB, 12282 MiB
2026/10/03 23:41:22.969, 0 %, 923 MiB, 12282 MiB
2026/10/03 23:41:32.986, 0 %, 923 MiB, 12282 MiB
2026/10/03 23:41:42.993, 0 %, 923 MiB, 12282 MiB
2026/10/03 23:41:53.007, 0 %, 923 MiB, 12282 MiB
2026/10/03 23:42:03.014, 0 %, 923 MiB, 12282 MiB
2026/10/03 23:42:13.022, 0 %, 923 MiB, 12282 MiB
2026/10/03 23:42:23.035, 0 %, 923 MiB, 12282 MiB
2026/10/03 23:42:33.057, 0 %, 923 MiB, 12282 MiB
2026/10/03 23:42:43.061, 0 %, 923 MiB, 12282 MiB
2026/10/03 23:42:53.069, 0 %, 923 MiB, 12282 MiB
2026/10/03 23:43:03.086, 0 %, 923 MiB, 12282 MiB
2026/10/03 23:43:13.093, 0 %, 1020 MiB, 12282 MiB
2026/10/03 23:43:23.108, 61 %, 2684 MiB, 12282 MiB
2026/10/03 23:43:33.111, 100 %, 2684 MiB, 12282 MiB
2026/10/03 23:43:43.113, 30 %, 2684 MiB, 12282 MiB
2026/10/03 23:43:53.121, 37 %, 2684 MiB, 12282 MiB
2026/10/03 23:44:03.127, 16 %, 1588 MiB, 12282 MiB
2026/10/03 23:44:13.130, 40 %, 2684 MiB, 12282 MiB
2026/10/03 23:44:23.134, 86 %, 2684 MiB, 12282 MiB
2026/10/03 23:44:33.141, 24 %, 2659 MiB, 12282 MiB
2026/10/03 23:44:43.145, 97 %, 2659 MiB, 12282 MiB
2026/10/03 23:44:53.160, 100 %, 2659 MiB, 12282 MiB
2026/10/03 23:45:03.173, 67 %, 2659 MiB, 12282 MiB
2026/10/03 23:45:13.184, 13 %, 2659 MiB, 12282 MiB
2026/10/03 23:45:23.189, 37 %, 2659 MiB, 12282 MiB
2026/10/03 23:45:33.202, 76 %, 2659 MiB, 12282 MiB
2026/10/03 23:45:43.209, 100 %, 2659 MiB, 12282 MiB
2026/10/03 23:45:53.218, 0 %, 2659 MiB, 12282 MiB
2026/10/03 23:46:03.233, 100 %, 2659 MiB, 12282 MiB
2026/10/03 23:46:13.250, 75 %, 2659 MiB, 12282 MiB
2026/10/03 23:46:23.257, 14 %, 2659 MiB, 12282 MiB
2026/10/03 23:46:33.263, 44 %, 2659 MiB, 12282 MiB
2026/10/03 23:46:43.272, 35 %, 2659 MiB, 12282 MiB
2026/10/03 23:46:53.283, 0 %, 2659 MiB, 12282 MiB
2026/10/03 23:47:03.292, 0 %, 2659 MiB, 12282 MiB
2026/10/03 23:47:13.301, 43 %, 2659 MiB, 12282 MiB
2026/10/03 23:47:23.307, 77 %, 2659 MiB, 12282 MiB
2026/10/03 23:47:33.316, 19 %, 1406 MiB, 12282 MiB
2026/10/03 23:47:43.332, 100 %, 2460 MiB, 12282 MiB
2026/10/03 23:47:53.344, 70 %, 2460 MiB, 12282 MiB
2026/10/03 23:48:03.355, 100 %, 2460 MiB, 12282 MiB
2026/10/03 23:48:13.366, 96 %, 2460 MiB, 12282 MiB
2026/10/03 23:48:23.370, 41 %, 2460 MiB, 12282 MiB
2026/10/03 23:48:33.380, 18 %, 1524 MiB, 12282 MiB
2026/10/03 23:48:43.391, 24 %, 2460 MiB, 12282 MiB
2026/10/03 23:48:53.395, 81 %, 2460 MiB, 12282 MiB
2026/10/03 23:49:03.399, 100 %, 2460 MiB, 12282 MiB
2026/10/03 23:49:13.414, 100 %, 2460 MiB, 12282 MiB
2026/10/03 23:49:23.425, 100 %, 2460 MiB, 12282 MiB
2026/10/03 23:49:33.435, 100 %, 2460 MiB, 12282 MiB
2026/10/03 23:49:43.437, 37 %, 2460 MiB, 12282 MiB
2026/10/03 23:49:53.450, 44 %, 2460 MiB, 12282 MiB
2026/10/03 23:50:03.459, 38 %, 2460 MiB, 12282 MiB
2026/10/03 23:50:13.475, 3 %, 2460 MiB, 12282 MiB
2026/10/03 23:50:23.479, 0 %, 2460 MiB, 12282 MiB
2026/10/03 23:50:33.494, 44 %, 2460 MiB, 12282 MiB
2026/10/03 23:50:43.497, 6 %, 854 MiB, 12282 MiB
2026/10/03 23:50:53.498, 8 %, 1588 MiB, 12282 MiB
2026/10/03 23:51:03.505, 0 %, 2684 MiB, 12282 MiB
2026/10/03 23:51:13.512, 0 %, 2684 MiB, 12282 MiB
2026/10/03 23:51:23.522, 0 %, 2684 MiB, 12282 MiB
2026/10/03 23:51:33.531, 1 %, 2684 MiB, 12282 MiB
2026/10/03 23:51:43.535, 0 %, 2684 MiB, 12282 MiB
2026/10/03 23:51:53.545, 0 %, 2684 MiB, 12282 MiB
2026/10/03 23:52:03.551, 100 %, 2684 MiB, 12282 MiB
2026/10/03 23:52:13.556, 0 %, 1588 MiB, 12282 MiB
2026/10/03 23:52:23.570, 0 %, 2684 MiB, 12282 MiB
2026/10/03 23:52:33.578, 100 %, 2684 MiB, 12282 MiB
2026/10/03 23:52:43.595, 27 %, 2684 MiB, 12282 MiB
2026/10/03 23:52:53.599, 61 %, 2684 MiB, 12282 MiB
2026/10/03 23:53:03.601, 23 %, 2684 MiB, 12282 MiB
2026/10/03 23:53:13.607, 0 %, 2687 MiB, 12282 MiB
2026/10/03 23:53:23.621, 0 %, 1588 MiB, 12282 MiB
2026/10/03 23:53:33.633, 100 %, 2684 MiB, 12282 MiB
2026/10/03 23:53:43.638, 0 %, 2684 MiB, 12282 MiB
2026/10/03 23:53:53.652, 0 %, 2684 MiB, 12282 MiB
2026/10/03 23:54:03.659, 92 %, 2684 MiB, 12282 MiB
2026/10/03 23:54:13.661, 2 %, 2687 MiB, 12282 MiB
2026/10/03 23:54:23.665, 0 %, 2684 MiB, 12282 MiB
2026/10/03 23:54:33.678, 100 %, 2684 MiB, 12282 MiB
2026/10/03 23:54:43.686, 0 %, 1524 MiB, 12282 MiB
2026/10/03 23:54:53.688, 0 %, 2659 MiB, 12282 MiB
2026/10/03 23:55:03.704, 1 %, 2659 MiB, 12282 MiB
2026/10/03 23:55:13.710, 0 %, 2659 MiB, 12282 MiB
2026/10/03 23:55:23.724, 0 %, 2659 MiB, 12282 MiB
2026/10/03 23:55:33.734, 0 %, 2659 MiB, 12282 MiB
2026/10/03 23:55:43.736, 83 %, 2659 MiB, 12282 MiB
2026/10/03 23:55:53.752, 0 %, 2659 MiB, 12282 MiB
2026/10/03 23:56:03.755, 100 %, 2659 MiB, 12282 MiB
2026/10/03 23:56:13.770, 26 %, 2659 MiB, 12282 MiB
2026/10/03 23:56:23.775, 97 %, 2659 MiB, 12282 MiB
2026/10/03 23:56:33.791, 100 %, 2659 MiB, 12282 MiB
2026/10/03 23:56:43.803, 56 %, 2659 MiB, 12282 MiB
2026/10/03 23:56:53.820, 0 %, 2659 MiB, 12282 MiB
2026/10/03 23:57:03.827, 0 %, 2659 MiB, 12282 MiB
2026/10/03 23:57:13.833, 23 %, 2659 MiB, 12282 MiB
2026/10/03 23:57:23.849, 100 %, 2659 MiB, 12282 MiB
2026/10/03 23:57:33.859, 0 %, 2659 MiB, 12282 MiB
2026/10/03 23:57:43.870, 0 %, 2659 MiB, 12282 MiB
2026/10/03 23:57:53.883, 0 %, 2659 MiB, 12282 MiB
2026/10/03 23:58:03.891, 0 %, 1524 MiB, 12282 MiB
2026/10/03 23:58:13.897, 0 %, 2659 MiB, 12282 MiB
2026/10/03 23:58:23.899, 100 %, 2659 MiB, 12282 MiB
2026/10/03 23:58:33.906, 0 %, 2659 MiB, 12282 MiB
2026/10/03 23:58:43.918, 0 %, 2659 MiB, 12282 MiB
2026/10/03 23:58:53.930, 0 %, 2659 MiB, 12282 MiB
2026/10/03 23:59:03.934, 0 %, 2659 MiB, 12282 MiB
2026/10/03 23:59:13.943, 0 %, 2661 MiB, 12282 MiB
2026/10/03 23:59:23.945, 0 %, 2659 MiB, 12282 MiB
2026/10/03 23:59:33.958, 1 %, 2659 MiB, 12282 MiB
2026/10/03 23:59:43.969, 1 %, 2659 MiB, 12282 MiB
2026/10/03 23:59:53.971, 66 %, 2659 MiB, 12282 MiB
2026/10/04 00:00:03.986, 0 %, 2659 MiB, 12282 MiB
2026/10/04 00:00:13.989, 100 %, 2661 MiB, 12282 MiB
2026/10/04 00:00:23.998, 2 %, 2659 MiB, 12282 MiB
2026/10/04 00:00:34.013, 0 %, 2659 MiB, 12282 MiB
2026/10/04 00:00:44.027, 0 %, 2659 MiB, 12282 MiB
2026/10/04 00:00:54.029, 54 %, 2659 MiB, 12282 MiB
2026/10/04 00:01:04.035, 0 %, 2659 MiB, 12282 MiB
2026/10/04 00:01:14.050, 30 %, 2659 MiB, 12282 MiB
2026/10/04 00:01:24.052, 2 %, 1524 MiB, 12282 MiB
2026/10/04 00:01:34.055, 22 %, 2659 MiB, 12282 MiB
2026/10/04 00:01:44.067, 100 %, 2659 MiB, 12282 MiB
2026/10/04 00:01:54.076, 34 %, 2659 MiB, 12282 MiB
2026/10/04 00:02:04.091, 0 %, 2659 MiB, 12282 MiB
2026/10/04 00:02:14.101, 100 %, 2670 MiB, 12282 MiB
2026/10/04 00:02:24.109, 100 %, 2659 MiB, 12282 MiB
2026/10/04 00:02:34.111, 0 %, 2659 MiB, 12282 MiB
2026/10/04 00:02:44.127, 0 %, 2659 MiB, 12282 MiB
2026/10/04 00:02:54.132, 0 %, 2659 MiB, 12282 MiB
2026/10/04 00:03:04.148, 100 %, 2659 MiB, 12282 MiB
2026/10/04 00:03:14.164, 5 %, 2659 MiB, 12282 MiB
2026/10/04 00:03:24.180, 0 %, 2659 MiB, 12282 MiB
2026/10/04 00:03:34.195, 76 %, 2659 MiB, 12282 MiB
2026/10/04 00:03:44.206, 0 %, 2659 MiB, 12282 MiB
2026/10/04 00:03:54.222, 12 %, 2659 MiB, 12282 MiB
2026/10/04 00:04:04.234, 0 %, 2659 MiB, 12282 MiB
2026/10/04 00:04:14.244, 0 %, 2659 MiB, 12282 MiB
2026/10/04 00:04:24.249, 0 %, 2659 MiB, 12282 MiB
2026/10/04 00:04:34.264, 0 %, 2659 MiB, 12282 MiB
2026/10/04 00:04:44.279, 0 %, 1524 MiB, 12282 MiB
2026/10/04 00:04:54.289, 0 %, 2461 MiB, 12282 MiB
2026/10/04 00:05:04.305, 69 %, 2461 MiB, 12282 MiB
2026/10/04 00:05:14.314, 0 %, 2464 MiB, 12282 MiB
2026/10/04 00:05:24.328, 0 %, 2461 MiB, 12282 MiB
2026/10/04 00:05:34.341, 0 %, 2461 MiB, 12282 MiB
2026/10/04 00:05:44.348, 0 %, 2461 MiB, 12282 MiB
2026/10/04 00:05:54.350, 1 %, 2461 MiB, 12282 MiB
2026/10/04 00:06:04.363, 29 %, 2461 MiB, 12282 MiB
2026/10/04 00:06:14.371, 0 %, 2461 MiB, 12282 MiB
2026/10/04 00:06:24.388, 0 %, 2461 MiB, 12282 MiB
2026/10/04 00:06:34.402, 0 %, 2461 MiB, 12282 MiB
2026/10/04 00:06:44.406, 5 %, 2461 MiB, 12282 MiB
2026/10/04 00:06:54.420, 0 %, 2461 MiB, 12282 MiB
2026/10/04 00:07:04.431, 0 %, 2461 MiB, 12282 MiB
2026/10/04 00:07:14.447, 39 %, 2461 MiB, 12282 MiB
2026/10/04 00:07:24.456, 0 %, 2461 MiB, 12282 MiB
2026/10/04 00:07:34.468, 0 %, 2461 MiB, 12282 MiB
2026/10/04 00:07:44.475, 1 %, 2461 MiB, 12282 MiB
2026/10/04 00:07:54.481, 0 %, 2461 MiB, 12282 MiB
2026/10/04 00:08:04.487, 0 %, 1524 MiB, 12282 MiB
2026/10/04 00:08:14.500, 0 %, 2461 MiB, 12282 MiB
2026/10/04 00:08:24.503, 0 %, 2461 MiB, 12282 MiB
2026/10/04 00:08:34.515, 1 %, 2461 MiB, 12282 MiB
2026/10/04 00:08:44.531, 29 %, 2461 MiB, 12282 MiB
2026/10/04 00:08:54.547, 77 %, 2461 MiB, 12282 MiB
2026/10/04 00:09:04.548, 0 %, 2461 MiB, 12282 MiB
2026/10/04 00:09:14.559, 0 %, 2461 MiB, 12282 MiB
2026/10/04 00:09:24.566, 0 %, 2461 MiB, 12282 MiB
2026/10/04 00:09:34.581, 36 %, 2461 MiB, 12282 MiB
2026/10/04 00:09:44.585, 72 %, 2461 MiB, 12282 MiB
2026/10/04 00:09:54.594, 0 %, 2461 MiB, 12282 MiB
2026/10/04 00:10:04.605, 0 %, 2461 MiB, 12282 MiB
2026/10/04 00:10:14.611, 0 %, 2461 MiB, 12282 MiB
2026/10/04 00:10:24.617, 4 %, 2461 MiB, 12282 MiB
2026/10/04 00:10:34.630, 78 %, 2461 MiB, 12282 MiB
2026/10/04 00:10:44.643, 100 %, 2461 MiB, 12282 MiB
2026/10/04 00:10:54.651, 1 %, 2461 MiB, 12282 MiB
2026/10/04 00:11:04.656, 100 %, 2461 MiB, 12282 MiB
2026/10/04 00:11:14.671, 0 %, 2461 MiB, 12282 MiB
2026/10/04 00:11:24.676, 83 %, 1524 MiB, 12282 MiB
2026/10/04 00:11:34.682, 0 %, 2461 MiB, 12282 MiB
2026/10/04 00:11:44.697, 48 %, 2461 MiB, 12282 MiB
2026/10/04 00:11:54.698, 18 %, 2461 MiB, 12282 MiB
2026/10/04 00:12:04.701, 100 %, 2461 MiB, 12282 MiB
2026/10/04 00:12:14.704, 93 %, 2461 MiB, 12282 MiB
2026/10/04 00:12:24.709, 37 %, 2461 MiB, 12282 MiB
2026/10/04 00:12:34.718, 90 %, 2461 MiB, 12282 MiB
2026/10/04 00:12:44.728, 63 %, 2461 MiB, 12282 MiB
2026/10/04 00:12:54.736, 0 %, 2461 MiB, 12282 MiB
2026/10/04 00:13:04.744, 100 %, 2461 MiB, 12282 MiB
2026/10/04 00:13:14.747, 0 %, 2461 MiB, 12282 MiB
2026/10/04 00:13:24.757, 1 %, 2461 MiB, 12282 MiB
2026/10/04 00:13:34.769, 2 %, 2461 MiB, 12282 MiB
2026/10/04 00:13:44.770, 0 %, 2461 MiB, 12282 MiB
2026/10/04 00:13:54.780, 1 %, 2461 MiB, 12282 MiB
2026/10/04 00:14:04.796, 0 %, 2461 MiB, 12282 MiB
2026/10/04 00:14:14.803, 0 %, 2461 MiB, 12282 MiB
2026/10/04 00:14:24.818, 100 %, 2461 MiB, 12282 MiB
2026/10/04 00:14:34.822, 78 %, 2461 MiB, 12282 MiB
2026/10/04 00:14:44.838, 1 %, 662 MiB, 12282 MiB
2026/10/04 00:14:54.845, 0 %, 662 MiB, 12282 MiB
2026/10/04 00:15:04.854, 1 %, 662 MiB, 12282 MiB
2026/10/04 00:15:14.861, 1 %, 662 MiB, 12282 MiB
2026/10/04 00:15:24.864, 0 %, 1020 MiB, 12282 MiB
2026/10/04 00:15:34.871, 100 %, 2805 MiB, 12282 MiB
2026/10/04 00:15:44.874, 100 %, 2805 MiB, 12282 MiB
2026/10/04 00:15:54.875, 100 %, 2805 MiB, 12282 MiB
2026/10/04 00:16:04.883, 100 %, 2799 MiB, 12282 MiB
2026/10/04 00:16:14.886, 100 %, 2799 MiB, 12282 MiB
2026/10/04 00:16:24.896, 100 %, 2799 MiB, 12282 MiB
2026/10/04 00:16:34.903, 100 %, 2799 MiB, 12282 MiB
2026/10/04 00:16:44.905, 100 %, 2799 MiB, 12282 MiB
2026/10/04 00:16:54.918, 100 %, 2799 MiB, 12282 MiB
2026/10/04 00:17:04.931, 100 %, 2799 MiB, 12282 MiB
2026/10/04 00:17:14.940, 100 %, 2799 MiB, 12282 MiB
2026/10/04 00:17:24.956, 100 %, 2799 MiB, 12282 MiB
2026/10/04 00:17:34.965, 100 %, 2799 MiB, 12282 MiB
2026/10/04 00:17:44.968, 43 %, 1409 MiB, 12282 MiB
2026/10/04 00:17:54.979, 100 %, 2528 MiB, 12282 MiB
2026/10/04 00:18:04.993, 100 %, 2528 MiB, 12282 MiB
2026/10/04 00:18:15.000, 100 %, 2528 MiB, 12282 MiB
2026/10/04 00:18:25.013, 100 %, 2528 MiB, 12282 MiB
2026/10/04 00:18:35.028, 100 %, 2528 MiB, 12282 MiB
2026/10/04 00:18:45.045, 100 %, 2528 MiB, 12282 MiB
2026/10/04 00:18:55.062, 100 %, 2528 MiB, 12282 MiB
2026/10/04 00:19:05.073, 100 %, 2528 MiB, 12282 MiB
2026/10/04 00:19:15.084, 100 %, 2528 MiB, 12282 MiB
2026/10/04 00:19:25.095, 100 %, 2531 MiB, 12282 MiB
2026/10/04 00:19:35.108, 1 %, 662 MiB, 12282 MiB
2026/10/04 00:19:45.122, 0 %, 908 MiB, 12282 MiB
2026/10/04 00:19:55.130, 23 %, 1633 MiB, 12282 MiB
2026/10/04 00:20:05.137, 39 %, 2730 MiB, 12282 MiB
2026/10/04 00:20:15.141, 22 %, 2730 MiB, 12282 MiB
2026/10/04 00:20:25.146, 26 %, 2704 MiB, 12282 MiB
2026/10/04 00:20:35.149, 11 %, 2704 MiB, 12282 MiB
2026/10/04 00:20:45.156, 100 %, 2704 MiB, 12282 MiB
2026/10/04 00:20:55.161, 100 %, 2704 MiB, 12282 MiB
2026/10/04 00:21:05.169, 100 %, 2704 MiB, 12282 MiB
2026/10/04 00:21:15.176, 100 %, 2704 MiB, 12282 MiB
2026/10/04 00:21:25.189, 3 %, 662 MiB, 12282 MiB
2026/10/04 00:21:35.195, 2 %, 662 MiB, 12282 MiB
2026/10/04 00:21:45.205, 1 %, 662 MiB, 12282 MiB
2026/10/04 00:21:55.221, 1 %, 662 MiB, 12282 MiB
2026/10/04 00:22:05.227, 1 %, 662 MiB, 12282 MiB
2026/10/04 00:22:15.234, 0 %, 815 MiB, 12282 MiB
2026/10/04 00:22:25.242, 2 %, 815 MiB, 12282 MiB
2026/10/04 00:22:35.243, 1 %, 815 MiB, 12282 MiB
2026/10/04 00:22:45.254, 0 %, 815 MiB, 12282 MiB
2026/10/04 00:22:55.256, 2 %, 662 MiB, 12282 MiB
2026/10/04 00:23:05.265, 1 %, 662 MiB, 12282 MiB
2026/10/04 00:23:15.279, 1 %, 662 MiB, 12282 MiB
2026/10/04 00:23:25.286, 0 %, 662 MiB, 12282 MiB
2026/10/04 00:23:35.297, 0 %, 662 MiB, 12282 MiB
2026/10/04 00:23:45.313, 0 %, 662 MiB, 12282 MiB
2026/10/04 00:23:55.325, 0 %, 662 MiB, 12282 MiB
2026/10/04 00:24:05.333, 0 %, 662 MiB, 12282 MiB
2026/10/04 00:24:15.336, 0 %, 662 MiB, 12282 MiB
2026/10/04 00:24:25.344, 0 %, 662 MiB, 12282 MiB
2026/10/04 00:24:35.360, 0 %, 662 MiB, 12282 MiB
2026/10/04 00:24:45.370, 0 %, 662 MiB, 12282 MiB
2026/10/04 00:24:55.384, 1 %, 662 MiB, 12282 MiB
2026/10/04 00:25:05.392, 0 %, 662 MiB, 12282 MiB
2026/10/04 00:25:15.397, 0 %, 662 MiB, 12282 MiB
2026/10/04 00:25:25.409, 0 %, 662 MiB, 12282 MiB
2026/10/04 00:25:35.412, 0 %, 662 MiB, 12282 MiB
2026/10/04 00:25:45.418, 0 %, 662 MiB, 12282 MiB
2026/10/04 00:25:55.423, 0 %, 662 MiB, 12282 MiB
2026/10/04 00:26:05.432, 1 %, 662 MiB, 12282 MiB
2026/10/04 00:26:15.436, 0 %, 662 MiB, 12282 MiB
2026/10/04 00:26:25.441, 0 %, 662 MiB, 12282 MiB
2026/10/04 00:26:35.443, 1 %, 662 MiB, 12282 MiB
2026/10/04 00:26:45.451, 0 %, 662 MiB, 12282 MiB
2026/10/04 00:26:55.462, 0 %, 662 MiB, 12282 MiB
2026/10/04 00:27:05.479, 1 %, 662 MiB, 12282 MiB
2026/10/04 00:27:15.483, 0 %, 662 MiB, 12282 MiB
2026/10/04 00:27:25.492, 1 %, 662 MiB, 12282 MiB
2026/10/04 00:27:35.503, 0 %, 662 MiB, 12282 MiB
2026/10/04 00:27:45.508, 0 %, 662 MiB, 12282 MiB
2026/10/04 00:27:55.514, 1 %, 662 MiB, 12282 MiB
2026/10/04 00:28:05.520, 0 %, 662 MiB, 12282 MiB
2026/10/04 00:28:15.526, 0 %, 662 MiB, 12282 MiB
2026/10/04 00:28:25.533, 1 %, 662 MiB, 12282 MiB
2026/10/04 00:28:35.545, 1 %, 662 MiB, 12282 MiB
2026/10/04 00:28:45.549, 0 %, 662 MiB, 12282 MiB
2026/10/04 00:28:55.563, 1 %, 662 MiB, 12282 MiB
2026/10/04 00:29:05.573, 0 %, 662 MiB, 12282 MiB
2026/10/04 00:29:15.575, 2 %, 662 MiB, 12282 MiB
2026/10/04 00:29:25.588, 1 %, 662 MiB, 12282 MiB
2026/10/04 00:29:35.592, 0 %, 662 MiB, 12282 MiB
2026/10/04 00:29:45.596, 0 %, 662 MiB, 12282 MiB
2026/10/04 00:29:55.604, 1 %, 662 MiB, 12282 MiB
2026/10/04 00:30:05.610, 1 %, 662 MiB, 12282 MiB
2026/10/04 00:30:15.617, 0 %, 662 MiB, 12282 MiB
2026/10/04 00:30:25.628, 0 %, 662 MiB, 12282 MiB
2026/10/04 00:30:35.629, 0 %, 662 MiB, 12282 MiB
2026/10/04 00:30:45.630, 0 %, 662 MiB, 12282 MiB
2026/10/04 00:30:55.634, 0 %, 662 MiB, 12282 MiB
2026/10/04 00:31:05.641, 0 %, 662 MiB, 12282 MiB
2026/10/04 00:31:15.647, 0 %, 662 MiB, 12282 MiB
2026/10/04 00:31:25.663, 0 %, 662 MiB, 12282 MiB
2026/10/04 00:31:35.669, 0 %, 662 MiB, 12282 MiB
2026/10/04 00:31:45.680, 0 %, 662 MiB, 12282 MiB
2026/10/04 00:31:55.685, 0 %, 662 MiB, 12282 MiB
2026/10/04 00:32:05.699, 0 %, 662 MiB, 12282 MiB
2026/10/04 00:32:15.709, 0 %, 662 MiB, 12282 MiB
2026/10/04 00:32:25.719, 0 %, 662 MiB, 12282 MiB
2026/10/04 00:32:35.733, 0 %, 662 MiB, 12282 MiB
2026/10/04 00:32:45.744, 0 %, 662 MiB, 12282 MiB
2026/10/04 00:32:55.752, 0 %, 662 MiB, 12282 MiB
2026/10/04 00:33:05.761, 0 %, 662 MiB, 12282 MiB
2026/10/04 00:33:15.771, 0 %, 662 MiB, 12282 MiB
2026/10/04 00:33:25.778, 0 %, 662 MiB, 12282 MiB
2026/10/04 00:33:35.782, 0 %, 662 MiB, 12282 MiB
2026/10/04 00:33:45.795, 0 %, 662 MiB, 12282 MiB
2026/10/04 00:33:55.797, 0 %, 662 MiB, 12282 MiB
2026/10/04 00:34:05.800, 0 %, 662 MiB, 12282 MiB
2026/10/04 00:34:15.811, 0 %, 662 MiB, 12282 MiB
2026/10/04 00:34:25.819, 0 %, 662 MiB, 12282 MiB
2026/10/04 00:34:35.833, 0 %, 662 MiB, 12282 MiB
2026/10/04 00:34:45.848, 0 %, 662 MiB, 12282 MiB
2026/10/04 00:34:55.858, 1 %, 665 MiB, 12282 MiB
2026/10/04 00:35:05.865, 0 %, 662 MiB, 12282 MiB
2026/10/04 00:35:15.868, 0 %, 662 MiB, 12282 MiB
2026/10/04 00:35:25.874, 0 %, 662 MiB, 12282 MiB
2026/10/04 00:35:35.886, 0 %, 662 MiB, 12282 MiB
2026/10/04 00:35:45.889, 0 %, 662 MiB, 12282 MiB
2026/10/04 00:35:55.893, 0 %, 662 MiB, 12282 MiB
2026/10/04 00:36:05.906, 0 %, 662 MiB, 12282 MiB
2026/10/04 00:36:15.913, 0 %, 662 MiB, 12282 MiB
2026/10/04 00:36:25.923, 0 %, 662 MiB, 12282 MiB
2026/10/04 00:36:35.929, 0 %, 662 MiB, 12282 MiB
2026/10/04 00:36:45.944, 0 %, 662 MiB, 12282 MiB
2026/10/04 00:36:55.959, 0 %, 662 MiB, 12282 MiB
2026/10/04 00:37:05.974, 0 %, 662 MiB, 12282 MiB
2026/10/04 00:37:15.980, 0 %, 662 MiB, 12282 MiB
2026/10/04 00:37:25.987, 0 %, 662 MiB, 12282 MiB
2026/10/04 00:37:35.994, 2 %, 662 MiB, 12282 MiB
2026/10/04 00:37:45.999, 1 %, 662 MiB, 12282 MiB
2026/10/04 00:37:56.004, 1 %, 662 MiB, 12282 MiB
2026/10/04 00:38:06.005, 2 %, 662 MiB, 12282 MiB
2026/10/04 00:38:16.020, 1 %, 662 MiB, 12282 MiB
2026/10/04 00:38:26.026, 0 %, 662 MiB, 12282 MiB
2026/10/04 00:38:36.033, 1 %, 662 MiB, 12282 MiB
2026/10/04 00:38:46.040, 1 %, 662 MiB, 12282 MiB
2026/10/04 00:38:56.042, 1 %, 662 MiB, 12282 MiB
2026/10/04 00:39:06.046, 0 %, 662 MiB, 12282 MiB
2026/10/04 00:39:16.049, 0 %, 662 MiB, 12282 MiB
2026/10/04 00:39:26.054, 0 %, 662 MiB, 12282 MiB
2026/10/04 00:39:36.058, 0 %, 662 MiB, 12282 MiB
2026/10/04 00:39:46.061, 0 %, 662 MiB, 12282 MiB
2026/10/04 00:39:56.064, 0 %, 662 MiB, 12282 MiB
2026/10/04 00:40:06.069, 0 %, 662 MiB, 12282 MiB
2026/10/04 00:40:16.077, 0 %, 662 MiB, 12282 MiB
2026/10/04 00:40:26.088, 0 %, 662 MiB, 12282 MiB
2026/10/04 00:40:36.100, 0 %, 662 MiB, 12282 MiB
2026/10/04 00:40:46.102, 0 %, 662 MiB, 12282 MiB
2026/10/04 00:40:56.104, 0 %, 662 MiB, 12282 MiB
2026/10/04 00:41:06.115, 0 %, 662 MiB, 12282 MiB
2026/10/04 00:41:16.119, 0 %, 662 MiB, 12282 MiB
2026/10/04 00:41:26.130, 0 %, 662 MiB, 12282 MiB
2026/10/04 00:41:36.142, 0 %, 662 MiB, 12282 MiB
2026/10/04 00:41:46.152, 0 %, 662 MiB, 12282 MiB
2026/10/04 00:41:56.157, 0 %, 662 MiB, 12282 MiB
2026/10/04 00:42:06.163, 0 %, 662 MiB, 12282 MiB
2026/10/04 00:42:16.172, 0 %, 662 MiB, 12282 MiB
2026/10/04 00:42:26.181, 0 %, 662 MiB, 12282 MiB
2026/10/04 00:42:36.188, 0 %, 662 MiB, 12282 MiB
2026/10/04 00:42:46.200, 2 %, 662 MiB, 12282 MiB
2026/10/04 00:42:56.201, 1 %, 662 MiB, 12282 MiB
2026/10/04 00:43:06.214, 1 %, 662 MiB, 12282 MiB
2026/10/04 00:43:16.226, 0 %, 662 MiB, 12282 MiB
2026/10/04 00:43:26.237, 0 %, 662 MiB, 12282 MiB
2026/10/04 00:43:36.241, 0 %, 662 MiB, 12282 MiB
2026/10/04 00:43:46.254, 0 %, 662 MiB, 12282 MiB
2026/10/04 00:43:56.257, 0 %, 662 MiB, 12282 MiB
2026/10/04 00:44:06.267, 0 %, 662 MiB, 12282 MiB
2026/10/04 00:44:16.274, 0 %, 662 MiB, 12282 MiB
2026/10/04 00:44:26.283, 0 %, 662 MiB, 12282 MiB
2026/10/04 00:44:36.294, 0 %, 662 MiB, 12282 MiB
2026/10/04 00:44:46.305, 0 %, 662 MiB, 12282 MiB
2026/10/04 00:44:56.306, 1 %, 662 MiB, 12282 MiB
2026/10/04 00:45:06.309, 1 %, 662 MiB, 12282 MiB
2026/10/04 00:45:16.320, 0 %, 662 MiB, 12282 MiB
2026/10/04 00:45:26.328, 1 %, 662 MiB, 12282 MiB
2026/10/04 00:45:36.338, 1 %, 662 MiB, 12282 MiB
2026/10/04 00:45:46.341, 1 %, 662 MiB, 12282 MiB
2026/10/04 00:45:56.354, 0 %, 662 MiB, 12282 MiB
2026/10/04 00:46:06.358, 1 %, 662 MiB, 12282 MiB
2026/10/04 00:46:16.366, 1 %, 662 MiB, 12282 MiB
2026/10/04 00:46:26.371, 1 %, 662 MiB, 12282 MiB
2026/10/04 00:46:36.378, 1 %, 662 MiB, 12282 MiB
2026/10/04 00:46:46.386, 1 %, 662 MiB, 12282 MiB
2026/10/04 00:46:56.393, 1 %, 662 MiB, 12282 MiB
2026/10/04 00:47:06.396, 1 %, 662 MiB, 12282 MiB
2026/10/04 00:47:16.412, 1 %, 662 MiB, 12282 MiB
2026/10/04 00:47:26.415, 1 %, 662 MiB, 12282 MiB
2026/10/04 00:47:36.422, 1 %, 662 MiB, 12282 MiB
2026/10/04 00:47:46.434, 1 %, 662 MiB, 12282 MiB
2026/10/04 00:47:56.441, 2 %, 662 MiB, 12282 MiB
2026/10/04 00:48:06.457, 1 %, 662 MiB, 12282 MiB
2026/10/04 00:48:16.460, 1 %, 662 MiB, 12282 MiB
2026/10/04 00:48:26.467, 0 %, 662 MiB, 12282 MiB
2026/10/04 00:48:36.470, 0 %, 662 MiB, 12282 MiB
2026/10/04 00:48:46.474, 0 %, 662 MiB, 12282 MiB
2026/10/04 00:48:56.486, 0 %, 662 MiB, 12282 MiB
2026/10/04 00:49:06.499, 0 %, 662 MiB, 12282 MiB
2026/10/04 00:49:16.511, 0 %, 662 MiB, 12282 MiB
2026/10/04 00:49:26.512, 0 %, 662 MiB, 12282 MiB
2026/10/04 00:49:36.529, 0 %, 662 MiB, 12282 MiB
2026/10/04 00:49:46.530, 0 %, 662 MiB, 12282 MiB
2026/10/04 00:49:56.543, 0 %, 662 MiB, 12282 MiB
2026/10/04 00:50:06.554, 0 %, 662 MiB, 12282 MiB
2026/10/04 00:50:16.568, 0 %, 662 MiB, 12282 MiB
2026/10/04 00:50:26.575, 0 %, 665 MiB, 12282 MiB
2026/10/04 00:50:36.586, 0 %, 662 MiB, 12282 MiB
2026/10/04 00:50:46.595, 0 %, 662 MiB, 12282 MiB
2026/10/04 00:50:56.602, 0 %, 662 MiB, 12282 MiB
2026/10/04 00:51:06.608, 0 %, 662 MiB, 12282 MiB
2026/10/04 00:51:16.612, 0 %, 662 MiB, 12282 MiB
2026/10/04 00:51:26.623, 1 %, 662 MiB, 12282 MiB
2026/10/04 00:51:36.631, 1 %, 662 MiB, 12282 MiB
2026/10/04 00:51:46.635, 1 %, 662 MiB, 12282 MiB
2026/10/04 00:51:56.638, 0 %, 662 MiB, 12282 MiB
2026/10/04 00:52:06.642, 1 %, 662 MiB, 12282 MiB
2026/10/04 00:52:16.647, 1 %, 662 MiB, 12282 MiB
2026/10/04 00:52:26.649, 0 %, 662 MiB, 12282 MiB
2026/10/04 00:52:36.664, 1 %, 662 MiB, 12282 MiB
2026/10/04 00:52:46.665, 1 %, 662 MiB, 12282 MiB
2026/10/04 00:52:56.672, 0 %, 662 MiB, 12282 MiB
2026/10/04 00:53:06.682, 0 %, 662 MiB, 12282 MiB
2026/10/04 00:53:16.686, 0 %, 662 MiB, 12282 MiB
2026/10/04 00:53:26.695, 0 %, 662 MiB, 12282 MiB
2026/10/04 00:53:36.702, 0 %, 662 MiB, 12282 MiB
2026/10/04 00:53:46.707, 0 %, 662 MiB, 12282 MiB
2026/10/04 00:53:56.721, 0 %, 662 MiB, 12282 MiB
2026/10/04 00:54:06.736, 0 %, 662 MiB, 12282 MiB
2026/10/04 00:54:16.749, 0 %, 662 MiB, 12282 MiB
2026/10/04 00:54:26.761, 0 %, 662 MiB, 12282 MiB
2026/10/04 00:54:36.763, 0 %, 662 MiB, 12282 MiB
2026/10/04 00:54:46.771, 0 %, 662 MiB, 12282 MiB
2026/10/04 00:54:56.782, 0 %, 662 MiB, 12282 MiB
2026/10/04 00:55:06.789, 0 %, 662 MiB, 12282 MiB
2026/10/04 00:55:16.797, 0 %, 662 MiB, 12282 MiB
2026/10/04 00:55:26.799, 0 %, 662 MiB, 12282 MiB
2026/10/04 00:55:36.809, 0 %, 662 MiB, 12282 MiB
2026/10/04 00:55:46.818, 0 %, 662 MiB, 12282 MiB
2026/10/04 00:55:56.825, 0 %, 662 MiB, 12282 MiB
2026/10/04 00:56:06.831, 0 %, 662 MiB, 12282 MiB
2026/10/04 00:56:16.840, 0 %, 662 MiB, 12282 MiB
2026/10/04 00:56:26.841, 0 %, 662 MiB, 12282 MiB
2026/10/04 00:56:36.844, 0 %, 662 MiB, 12282 MiB
2026/10/04 00:56:46.854, 0 %, 662 MiB, 12282 MiB
2026/10/04 00:56:56.870, 0 %, 662 MiB, 12282 MiB
2026/10/04 00:57:06.881, 0 %, 662 MiB, 12282 MiB
2026/10/04 00:57:16.888, 0 %, 662 MiB, 12282 MiB
2026/10/04 00:57:26.900, 0 %, 662 MiB, 12282 MiB
2026/10/04 00:57:36.910, 0 %, 662 MiB, 12282 MiB
2026/10/04 00:57:46.924, 0 %, 662 MiB, 12282 MiB
2026/10/04 00:57:56.931, 0 %, 662 MiB, 12282 MiB
2026/10/04 00:58:06.934, 0 %, 662 MiB, 12282 MiB
2026/10/04 00:58:16.949, 0 %, 662 MiB, 12282 MiB
2026/10/04 00:58:26.961, 0 %, 662 MiB, 12282 MiB
2026/10/04 00:58:36.966, 0 %, 662 MiB, 12282 MiB
2026/10/04 00:58:46.970, 0 %, 662 MiB, 12282 MiB
2026/10/04 00:58:56.982, 0 %, 662 MiB, 12282 MiB
2026/10/04 00:59:06.985, 1 %, 662 MiB, 12282 MiB
2026/10/04 00:59:16.989, 1 %, 662 MiB, 12282 MiB
2026/10/04 00:59:27.003, 1 %, 662 MiB, 12282 MiB
2026/10/04 00:59:37.012, 0 %, 662 MiB, 12282 MiB
2026/10/04 00:59:47.020, 1 %, 662 MiB, 12282 MiB
2026/10/04 00:59:57.025, 0 %, 662 MiB, 12282 MiB
2026/10/04 01:00:07.034, 1 %, 662 MiB, 12282 MiB
2026/10/04 01:00:17.050, 0 %, 662 MiB, 12282 MiB
2026/10/04 01:00:27.064, 0 %, 662 MiB, 12282 MiB
2026/10/04 01:00:37.078, 0 %, 662 MiB, 12282 MiB
2026/10/04 01:00:47.087, 1 %, 662 MiB, 12282 MiB
2026/10/04 01:00:57.091, 0 %, 662 MiB, 12282 MiB
2026/10/04 01:01:07.103, 0 %, 662 MiB, 12282 MiB
2026/10/04 01:01:17.119, 1 %, 662 MiB, 12282 MiB
2026/10/04 01:01:27.134, 0 %, 662 MiB, 12282 MiB
2026/10/04 01:01:37.145, 0 %, 662 MiB, 12282 MiB
2026/10/04 01:01:47.156, 0 %, 662 MiB, 12282 MiB
2026/10/04 01:01:57.159, 1 %, 662 MiB, 12282 MiB
2026/10/04 01:02:07.173, 0 %, 662 MiB, 12282 MiB
2026/10/04 01:02:17.182, 0 %, 662 MiB, 12282 MiB
2026/10/04 01:02:27.188, 5 %, 683 MiB, 12282 MiB
2026/10/04 01:02:37.200, 1 %, 660 MiB, 12282 MiB
2026/10/04 01:02:47.205, 0 %, 660 MiB, 12282 MiB
2026/10/04 01:02:57.209, 0 %, 660 MiB, 12282 MiB
2026/10/04 01:03:07.222, 1 %, 660 MiB, 12282 MiB
2026/10/04 01:03:17.227, 1 %, 660 MiB, 12282 MiB
2026/10/04 01:03:27.238, 0 %, 660 MiB, 12282 MiB
2026/10/04 01:03:37.241, 1 %, 660 MiB, 12282 MiB
2026/10/04 01:03:47.249, 1 %, 660 MiB, 12282 MiB
2026/10/04 01:03:57.256, 0 %, 660 MiB, 12282 MiB
2026/10/04 01:04:07.268, 1 %, 660 MiB, 12282 MiB
2026/10/04 01:04:17.284, 0 %, 660 MiB, 12282 MiB
2026/10/04 01:04:27.294, 0 %, 660 MiB, 12282 MiB
2026/10/04 01:04:37.297, 0 %, 660 MiB, 12282 MiB
2026/10/04 01:04:47.306, 0 %, 660 MiB, 12282 MiB
2026/10/04 01:04:57.317, 0 %, 660 MiB, 12282 MiB
2026/10/04 01:05:07.322, 0 %, 660 MiB, 12282 MiB
2026/10/04 01:05:17.323, 0 %, 660 MiB, 12282 MiB
2026/10/04 01:05:27.336, 1 %, 660 MiB, 12282 MiB
2026/10/04 01:05:37.338, 1 %, 660 MiB, 12282 MiB
2026/10/04 01:05:47.352, 1 %, 660 MiB, 12282 MiB
2026/10/04 01:05:57.354, 1 %, 663 MiB, 12282 MiB
2026/10/04 01:06:07.370, 1 %, 660 MiB, 12282 MiB
2026/10/04 01:06:17.377, 0 %, 660 MiB, 12282 MiB
2026/10/04 01:06:27.380, 0 %, 660 MiB, 12282 MiB
2026/10/04 01:06:37.395, 1 %, 660 MiB, 12282 MiB
2026/10/04 01:06:47.410, 0 %, 660 MiB, 12282 MiB
2026/10/04 01:06:57.425, 0 %, 660 MiB, 12282 MiB
2026/10/04 01:07:07.430, 1 %, 660 MiB, 12282 MiB
2026/10/04 01:07:17.431, 1 %, 660 MiB, 12282 MiB
2026/10/04 01:07:27.440, 1 %, 660 MiB, 12282 MiB
2026/10/04 01:07:37.453, 1 %, 660 MiB, 12282 MiB
2026/10/04 01:07:47.467, 1 %, 660 MiB, 12282 MiB
2026/10/04 01:07:57.470, 0 %, 660 MiB, 12282 MiB
2026/10/04 01:08:07.481, 1 %, 660 MiB, 12282 MiB
2026/10/04 01:08:17.494, 1 %, 660 MiB, 12282 MiB
2026/10/04 01:08:27.501, 0 %, 660 MiB, 12282 MiB
2026/10/04 01:08:37.508, 0 %, 660 MiB, 12282 MiB
2026/10/04 01:08:47.521, 1 %, 660 MiB, 12282 MiB
2026/10/04 01:08:57.525, 1 %, 660 MiB, 12282 MiB
2026/10/04 01:09:07.537, 1 %, 660 MiB, 12282 MiB
2026/10/04 01:09:17.547, 1 %, 660 MiB, 12282 MiB
2026/10/04 01:09:27.557, 1 %, 660 MiB, 12282 MiB
2026/10/04 01:09:37.562, 1 %, 660 MiB, 12282 MiB
2026/10/04 01:09:47.577, 0 %, 660 MiB, 12282 MiB
2026/10/04 01:09:57.595, 0 %, 660 MiB, 12282 MiB
2026/10/04 01:10:07.604, 0 %, 660 MiB, 12282 MiB
2026/10/04 01:10:17.613, 0 %, 660 MiB, 12282 MiB
2026/10/04 01:10:27.622, 0 %, 660 MiB, 12282 MiB
2026/10/04 01:10:37.635, 1 %, 660 MiB, 12282 MiB
2026/10/04 01:10:47.637, 2 %, 660 MiB, 12282 MiB
2026/10/04 01:10:57.649, 0 %, 660 MiB, 12282 MiB
2026/10/04 01:11:07.658, 1 %, 660 MiB, 12282 MiB
2026/10/04 01:11:17.662, 2 %, 660 MiB, 12282 MiB
2026/10/04 01:11:27.667, 0 %, 660 MiB, 12282 MiB
2026/10/04 01:11:37.668, 1 %, 660 MiB, 12282 MiB
2026/10/04 01:11:47.675, 1 %, 660 MiB, 12282 MiB
2026/10/04 01:11:57.681, 3 %, 660 MiB, 12282 MiB
2026/10/04 01:12:07.685, 3 %, 660 MiB, 12282 MiB
2026/10/04 01:12:17.697, 2 %, 660 MiB, 12282 MiB
2026/10/04 01:12:27.702, 1 %, 660 MiB, 12282 MiB
2026/10/04 01:12:37.714, 0 %, 660 MiB, 12282 MiB
2026/10/04 01:12:47.720, 1 %, 660 MiB, 12282 MiB
2026/10/04 01:12:57.724, 1 %, 660 MiB, 12282 MiB
2026/10/04 01:13:07.736, 0 %, 660 MiB, 12282 MiB
2026/10/04 01:13:17.751, 0 %, 660 MiB, 12282 MiB
2026/10/04 01:13:27.765, 0 %, 660 MiB, 12282 MiB
2026/10/04 01:13:37.778, 1 %, 660 MiB, 12282 MiB
2026/10/04 01:13:47.791, 0 %, 660 MiB, 12282 MiB
2026/10/04 01:13:57.793, 0 %, 660 MiB, 12282 MiB
2026/10/04 01:14:07.796, 0 %, 660 MiB, 12282 MiB
2026/10/04 01:14:17.807, 0 %, 660 MiB, 12282 MiB
2026/10/04 01:14:27.811, 0 %, 660 MiB, 12282 MiB
2026/10/04 01:14:37.827, 0 %, 660 MiB, 12282 MiB
2026/10/04 01:14:47.838, 1 %, 660 MiB, 12282 MiB
2026/10/04 01:14:57.845, 0 %, 660 MiB, 12282 MiB
2026/10/04 01:15:07.847, 0 %, 660 MiB, 12282 MiB
2026/10/04 01:15:17.856, 1 %, 660 MiB, 12282 MiB
2026/10/04 01:15:27.865, 0 %, 660 MiB, 12282 MiB
2026/10/04 01:15:37.876, 1 %, 660 MiB, 12282 MiB
2026/10/04 01:15:47.880, 0 %, 660 MiB, 12282 MiB
2026/10/04 01:15:57.896, 0 %, 660 MiB, 12282 MiB
2026/10/04 01:16:07.898, 0 %, 660 MiB, 12282 MiB
2026/10/04 01:16:17.914, 0 %, 660 MiB, 12282 MiB
2026/10/04 01:16:27.916, 0 %, 660 MiB, 12282 MiB
2026/10/04 01:16:37.921, 0 %, 660 MiB, 12282 MiB
2026/10/04 01:16:47.923, 0 %, 660 MiB, 12282 MiB
2026/10/04 01:16:57.938, 0 %, 660 MiB, 12282 MiB
2026/10/04 01:17:07.954, 0 %, 660 MiB, 12282 MiB
2026/10/04 01:17:17.956, 0 %, 660 MiB, 12282 MiB
2026/10/04 01:17:27.962, 0 %, 660 MiB, 12282 MiB
2026/10/04 01:17:37.968, 0 %, 660 MiB, 12282 MiB
2026/10/04 01:17:47.978, 0 %, 660 MiB, 12282 MiB
2026/10/04 01:17:57.990, 0 %, 660 MiB, 12282 MiB
2026/10/04 01:18:08.006, 0 %, 660 MiB, 12282 MiB
2026/10/04 01:18:18.022, 0 %, 660 MiB, 12282 MiB
2026/10/04 01:18:28.026, 0 %, 660 MiB, 12282 MiB
2026/10/04 01:18:38.035, 0 %, 660 MiB, 12282 MiB
2026/10/04 01:18:48.049, 0 %, 660 MiB, 12282 MiB
2026/10/04 01:18:58.057, 0 %, 660 MiB, 12282 MiB
2026/10/04 01:19:08.070, 0 %, 660 MiB, 12282 MiB
2026/10/04 01:19:18.076, 0 %, 660 MiB, 12282 MiB
2026/10/04 01:19:28.085, 0 %, 660 MiB, 12282 MiB
2026/10/04 01:19:38.093, 0 %, 660 MiB, 12282 MiB
2026/10/04 01:19:48.097, 1 %, 660 MiB, 12282 MiB
2026/10/04 01:19:58.099, 1 %, 660 MiB, 12282 MiB
2026/10/04 01:20:08.108, 1 %, 660 MiB, 12282 MiB
2026/10/04 01:20:18.114, 1 %, 660 MiB, 12282 MiB
2026/10/04 01:20:28.119, 1 %, 660 MiB, 12282 MiB
2026/10/04 01:20:38.127, 1 %, 660 MiB, 12282 MiB
2026/10/04 01:20:48.140, 1 %, 660 MiB, 12282 MiB
2026/10/04 01:20:58.152, 1 %, 660 MiB, 12282 MiB
2026/10/04 01:21:08.157, 1 %, 660 MiB, 12282 MiB
2026/10/04 01:21:18.169, 0 %, 660 MiB, 12282 MiB
2026/10/04 01:21:28.175, 0 %, 660 MiB, 12282 MiB
2026/10/04 01:21:38.185, 0 %, 660 MiB, 12282 MiB
2026/10/04 01:21:48.192, 0 %, 660 MiB, 12282 MiB
2026/10/04 01:21:58.203, 0 %, 660 MiB, 12282 MiB
2026/10/04 01:22:08.211, 0 %, 660 MiB, 12282 MiB
2026/10/04 01:22:18.219, 0 %, 660 MiB, 12282 MiB
2026/10/04 01:22:28.224, 0 %, 660 MiB, 12282 MiB
2026/10/04 01:22:38.231, 0 %, 660 MiB, 12282 MiB
2026/10/04 01:22:48.244, 0 %, 660 MiB, 12282 MiB
2026/10/04 01:22:58.254, 0 %, 660 MiB, 12282 MiB
2026/10/04 01:23:08.266, 0 %, 660 MiB, 12282 MiB
2026/10/04 01:23:18.273, 0 %, 660 MiB, 12282 MiB
2026/10/04 01:23:28.282, 0 %, 660 MiB, 12282 MiB
2026/10/04 01:23:38.288, 0 %, 660 MiB, 12282 MiB
2026/10/04 01:23:48.298, 0 %, 660 MiB, 12282 MiB
2026/10/04 01:23:58.303, 0 %, 660 MiB, 12282 MiB
2026/10/04 01:24:08.310, 0 %, 660 MiB, 12282 MiB
2026/10/04 01:24:18.315, 0 %, 660 MiB, 12282 MiB
2026/10/04 01:24:28.316, 0 %, 660 MiB, 12282 MiB
2026/10/04 01:24:38.324, 0 %, 660 MiB, 12282 MiB
2026/10/04 01:24:48.340, 0 %, 660 MiB, 12282 MiB
2026/10/04 01:24:58.348, 0 %, 660 MiB, 12282 MiB
2026/10/04 01:25:08.360, 0 %, 660 MiB, 12282 MiB
2026/10/04 01:25:18.374, 0 %, 660 MiB, 12282 MiB
2026/10/04 01:25:28.389, 0 %, 660 MiB, 12282 MiB
2026/10/04 01:25:38.404, 0 %, 660 MiB, 12282 MiB
2026/10/04 01:25:48.418, 0 %, 660 MiB, 12282 MiB
2026/10/04 01:25:58.424, 0 %, 660 MiB, 12282 MiB
2026/10/04 01:26:08.425, 0 %, 660 MiB, 12282 MiB
2026/10/04 01:26:18.437, 0 %, 660 MiB, 12282 MiB
2026/10/04 01:26:28.440, 0 %, 660 MiB, 12282 MiB
2026/10/04 01:26:38.452, 0 %, 660 MiB, 12282 MiB
2026/10/04 01:26:48.460, 0 %, 660 MiB, 12282 MiB
2026/10/04 01:26:58.474, 0 %, 660 MiB, 12282 MiB
2026/10/04 01:27:08.489, 0 %, 660 MiB, 12282 MiB
2026/10/04 01:27:18.493, 0 %, 660 MiB, 12282 MiB
2026/10/04 01:27:28.501, 0 %, 660 MiB, 12282 MiB
2026/10/04 01:27:38.502, 0 %, 660 MiB, 12282 MiB
2026/10/04 01:27:48.507, 0 %, 660 MiB, 12282 MiB
2026/10/04 01:27:58.517, 0 %, 660 MiB, 12282 MiB
2026/10/04 01:28:08.530, 0 %, 660 MiB, 12282 MiB
2026/10/04 01:28:18.542, 0 %, 660 MiB, 12282 MiB
2026/10/04 01:28:28.553, 0 %, 660 MiB, 12282 MiB
2026/10/04 01:28:38.555, 0 %, 660 MiB, 12282 MiB
2026/10/04 01:28:48.565, 0 %, 660 MiB, 12282 MiB
2026/10/04 01:28:58.567, 0 %, 660 MiB, 12282 MiB
2026/10/04 01:29:08.571, 0 %, 660 MiB, 12282 MiB
2026/10/04 01:29:18.588, 0 %, 660 MiB, 12282 MiB
2026/10/04 01:29:28.589, 0 %, 660 MiB, 12282 MiB
2026/10/04 01:29:38.598, 0 %, 660 MiB, 12282 MiB
2026/10/04 01:29:48.612, 0 %, 660 MiB, 12282 MiB
2026/10/04 01:29:58.620, 0 %, 660 MiB, 12282 MiB
2026/10/04 01:30:08.632, 0 %, 660 MiB, 12282 MiB
2026/10/04 01:30:18.637, 0 %, 660 MiB, 12282 MiB
2026/10/04 01:30:28.647, 0 %, 660 MiB, 12282 MiB
2026/10/04 01:30:38.658, 0 %, 660 MiB, 12282 MiB
2026/10/04 01:30:48.675, 0 %, 660 MiB, 12282 MiB
2026/10/04 01:30:58.677, 0 %, 660 MiB, 12282 MiB
2026/10/04 01:31:08.686, 0 %, 660 MiB, 12282 MiB
2026/10/04 01:31:18.689, 0 %, 663 MiB, 12282 MiB
2026/10/04 01:31:28.700, 0 %, 660 MiB, 12282 MiB
2026/10/04 01:31:38.703, 0 %, 660 MiB, 12282 MiB
2026/10/04 01:31:48.714, 0 %, 660 MiB, 12282 MiB
2026/10/04 01:31:58.716, 0 %, 660 MiB, 12282 MiB
2026/10/04 01:32:08.726, 0 %, 660 MiB, 12282 MiB
2026/10/04 01:32:18.737, 0 %, 660 MiB, 12282 MiB
2026/10/04 01:32:28.749, 0 %, 660 MiB, 12282 MiB
2026/10/04 01:32:38.757, 0 %, 660 MiB, 12282 MiB
2026/10/04 01:32:48.771, 0 %, 660 MiB, 12282 MiB
2026/10/04 01:32:58.778, 0 %, 660 MiB, 12282 MiB
2026/10/04 01:33:08.786, 0 %, 660 MiB, 12282 MiB
2026/10/04 01:33:18.796, 0 %, 660 MiB, 12282 MiB
2026/10/04 01:33:28.811, 0 %, 660 MiB, 12282 MiB
2026/10/04 01:33:38.811, 0 %, 660 MiB, 12282 MiB
2026/10/04 01:33:48.813, 0 %, 660 MiB, 12282 MiB
2026/10/04 01:33:58.822, 0 %, 660 MiB, 12282 MiB
2026/10/04 01:34:08.825, 0 %, 660 MiB, 12282 MiB
2026/10/04 01:34:18.832, 0 %, 660 MiB, 12282 MiB
2026/10/04 01:34:28.834, 0 %, 660 MiB, 12282 MiB
2026/10/04 01:34:38.839, 0 %, 660 MiB, 12282 MiB
2026/10/04 01:34:48.852, 0 %, 660 MiB, 12282 MiB
2026/10/04 01:34:58.867, 0 %, 660 MiB, 12282 MiB
2026/10/04 01:35:08.869, 0 %, 660 MiB, 12282 MiB
2026/10/04 01:35:18.882, 0 %, 663 MiB, 12282 MiB
2026/10/04 01:35:28.895, 0 %, 660 MiB, 12282 MiB
2026/10/04 01:35:38.909, 0 %, 660 MiB, 12282 MiB
2026/10/04 01:35:48.915, 0 %, 660 MiB, 12282 MiB
2026/10/04 01:35:58.921, 0 %, 660 MiB, 12282 MiB
2026/10/04 01:36:08.933, 0 %, 663 MiB, 12282 MiB
2026/10/04 01:36:18.940, 0 %, 660 MiB, 12282 MiB
2026/10/04 01:36:28.955, 0 %, 660 MiB, 12282 MiB
2026/10/04 01:36:38.970, 0 %, 660 MiB, 12282 MiB
2026/10/04 01:36:48.979, 0 %, 660 MiB, 12282 MiB
2026/10/04 01:36:58.986, 0 %, 660 MiB, 12282 MiB
2026/10/04 01:37:09.002, 0 %, 660 MiB, 12282 MiB
2026/10/04 01:37:19.009, 0 %, 660 MiB, 12282 MiB
2026/10/04 01:37:29.023, 0 %, 660 MiB, 12282 MiB
2026/10/04 01:37:39.024, 0 %, 660 MiB, 12282 MiB
2026/10/04 01:37:49.031, 0 %, 660 MiB, 12282 MiB
2026/10/04 01:37:59.034, 0 %, 660 MiB, 12282 MiB
2026/10/04 01:38:09.038, 0 %, 660 MiB, 12282 MiB
2026/10/04 01:38:19.050, 0 %, 660 MiB, 12282 MiB
2026/10/04 01:38:29.059, 0 %, 660 MiB, 12282 MiB
2026/10/04 01:38:39.063, 0 %, 660 MiB, 12282 MiB
2026/10/04 01:38:49.065, 0 %, 660 MiB, 12282 MiB
2026/10/04 01:38:59.071, 0 %, 660 MiB, 12282 MiB
2026/10/04 01:39:09.084, 0 %, 660 MiB, 12282 MiB
2026/10/04 01:39:19.090, 0 %, 660 MiB, 12282 MiB
2026/10/04 01:39:29.095, 0 %, 660 MiB, 12282 MiB
2026/10/04 01:39:39.104, 0 %, 660 MiB, 12282 MiB
2026/10/04 01:39:49.117, 0 %, 660 MiB, 12282 MiB
2026/10/04 01:39:59.132, 0 %, 660 MiB, 12282 MiB
2026/10/04 01:40:09.135, 0 %, 660 MiB, 12282 MiB
2026/10/04 01:40:19.149, 0 %, 660 MiB, 12282 MiB
2026/10/04 01:40:29.165, 0 %, 660 MiB, 12282 MiB
2026/10/04 01:40:39.181, 0 %, 660 MiB, 12282 MiB
2026/10/04 01:40:49.186, 0 %, 660 MiB, 12282 MiB
2026/10/04 01:40:59.199, 0 %, 660 MiB, 12282 MiB
2026/10/04 01:41:09.209, 0 %, 660 MiB, 12282 MiB
2026/10/04 01:41:19.212, 0 %, 663 MiB, 12282 MiB
2026/10/04 01:41:29.222, 0 %, 660 MiB, 12282 MiB
2026/10/04 01:41:39.228, 0 %, 660 MiB, 12282 MiB
2026/10/04 01:41:49.233, 0 %, 660 MiB, 12282 MiB
2026/10/04 01:41:59.237, 0 %, 660 MiB, 12282 MiB
2026/10/04 01:42:09.242, 0 %, 660 MiB, 12282 MiB
2026/10/04 01:42:19.257, 1 %, 660 MiB, 12282 MiB
2026/10/04 01:42:29.259, 0 %, 660 MiB, 12282 MiB
2026/10/04 01:42:39.267, 0 %, 660 MiB, 12282 MiB
2026/10/04 01:42:49.278, 0 %, 660 MiB, 12282 MiB
2026/10/04 01:42:59.291, 0 %, 660 MiB, 12282 MiB
2026/10/04 01:43:09.301, 0 %, 660 MiB, 12282 MiB
2026/10/04 01:43:19.307, 0 %, 660 MiB, 12282 MiB
2026/10/04 01:43:29.316, 0 %, 660 MiB, 12282 MiB
2026/10/04 01:43:39.321, 0 %, 660 MiB, 12282 MiB
2026/10/04 01:43:49.323, 0 %, 660 MiB, 12282 MiB
2026/10/04 01:43:59.339, 0 %, 660 MiB, 12282 MiB
2026/10/04 01:44:09.353, 0 %, 660 MiB, 12282 MiB
2026/10/04 01:44:19.362, 0 %, 660 MiB, 12282 MiB
2026/10/04 01:44:29.369, 0 %, 660 MiB, 12282 MiB
2026/10/04 01:44:39.384, 0 %, 660 MiB, 12282 MiB
2026/10/04 01:44:49.395, 0 %, 660 MiB, 12282 MiB
2026/10/04 01:44:59.408, 0 %, 660 MiB, 12282 MiB
2026/10/04 01:45:09.413, 0 %, 660 MiB, 12282 MiB
2026/10/04 01:45:19.429, 0 %, 660 MiB, 12282 MiB
2026/10/04 01:45:29.446, 0 %, 660 MiB, 12282 MiB
2026/10/04 01:45:39.457, 0 %, 660 MiB, 12282 MiB
2026/10/04 01:45:49.459, 0 %, 660 MiB, 12282 MiB
2026/10/04 01:45:59.467, 0 %, 660 MiB, 12282 MiB
2026/10/04 01:46:09.483, 0 %, 660 MiB, 12282 MiB
2026/10/04 01:46:19.487, 0 %, 660 MiB, 12282 MiB
2026/10/04 01:46:29.499, 0 %, 660 MiB, 12282 MiB
2026/10/04 01:46:39.503, 0 %, 660 MiB, 12282 MiB
2026/10/04 01:46:49.509, 0 %, 660 MiB, 12282 MiB
2026/10/04 01:46:59.511, 0 %, 660 MiB, 12282 MiB
2026/10/04 01:47:09.515, 0 %, 660 MiB, 12282 MiB
2026/10/04 01:47:19.521, 0 %, 660 MiB, 12282 MiB
2026/10/04 01:47:29.530, 0 %, 660 MiB, 12282 MiB
2026/10/04 01:47:39.537, 0 %, 660 MiB, 12282 MiB
2026/10/04 01:47:49.552, 0 %, 660 MiB, 12282 MiB
2026/10/04 01:47:59.560, 0 %, 660 MiB, 12282 MiB
2026/10/04 01:48:09.567, 0 %, 660 MiB, 12282 MiB
2026/10/04 01:48:19.583, 0 %, 660 MiB, 12282 MiB
2026/10/04 01:48:29.599, 0 %, 660 MiB, 12282 MiB
2026/10/04 01:48:39.615, 0 %, 660 MiB, 12282 MiB
2026/10/04 01:48:49.622, 0 %, 660 MiB, 12282 MiB
2026/10/04 01:48:59.629, 0 %, 660 MiB, 12282 MiB
2026/10/04 01:49:09.644, 0 %, 660 MiB, 12282 MiB
2026/10/04 01:49:19.647, 0 %, 660 MiB, 12282 MiB
2026/10/04 01:49:29.658, 0 %, 660 MiB, 12282 MiB
2026/10/04 01:49:39.670, 0 %, 660 MiB, 12282 MiB
2026/10/04 01:49:49.678, 0 %, 660 MiB, 12282 MiB
2026/10/04 01:49:59.684, 0 %, 660 MiB, 12282 MiB
2026/10/04 01:50:09.696, 0 %, 660 MiB, 12282 MiB
2026/10/04 01:50:19.707, 0 %, 660 MiB, 12282 MiB
2026/10/04 01:50:29.721, 0 %, 660 MiB, 12282 MiB
2026/10/04 01:50:39.729, 0 %, 660 MiB, 12282 MiB
2026/10/04 01:50:49.733, 0 %, 660 MiB, 12282 MiB
2026/10/04 01:50:59.736, 0 %, 660 MiB, 12282 MiB
2026/10/04 01:51:09.739, 0 %, 660 MiB, 12282 MiB
2026/10/04 01:51:19.749, 0 %, 660 MiB, 12282 MiB
2026/10/04 01:51:29.762, 0 %, 660 MiB, 12282 MiB
2026/10/04 01:51:39.775, 0 %, 660 MiB, 12282 MiB
2026/10/04 01:51:49.780, 0 %, 660 MiB, 12282 MiB
2026/10/04 01:51:59.796, 0 %, 660 MiB, 12282 MiB
2026/10/04 01:52:09.804, 0 %, 660 MiB, 12282 MiB
2026/10/04 01:52:19.808, 0 %, 660 MiB, 12282 MiB
2026/10/04 01:52:29.811, 0 %, 660 MiB, 12282 MiB
2026/10/04 01:52:39.814, 0 %, 660 MiB, 12282 MiB
2026/10/04 01:52:49.815, 0 %, 660 MiB, 12282 MiB
2026/10/04 01:52:59.816, 0 %, 660 MiB, 12282 MiB
2026/10/04 01:53:09.827, 0 %, 660 MiB, 12282 MiB
2026/10/04 01:53:19.837, 0 %, 660 MiB, 12282 MiB
2026/10/04 01:53:29.840, 0 %, 660 MiB, 12282 MiB
2026/10/04 01:53:39.846, 0 %, 660 MiB, 12282 MiB
2026/10/04 01:53:49.853, 0 %, 660 MiB, 12282 MiB
2026/10/04 01:53:59.862, 0 %, 660 MiB, 12282 MiB
2026/10/04 01:54:09.873, 0 %, 660 MiB, 12282 MiB
2026/10/04 01:54:19.883, 0 %, 660 MiB, 12282 MiB
2026/10/04 01:54:29.897, 0 %, 660 MiB, 12282 MiB
2026/10/04 01:54:39.903, 0 %, 660 MiB, 12282 MiB
2026/10/04 01:54:49.906, 0 %, 660 MiB, 12282 MiB
2026/10/04 01:54:59.916, 0 %, 660 MiB, 12282 MiB
2026/10/04 01:55:09.932, 0 %, 660 MiB, 12282 MiB
2026/10/04 01:55:19.935, 0 %, 660 MiB, 12282 MiB
2026/10/04 01:55:29.940, 0 %, 660 MiB, 12282 MiB
2026/10/04 01:55:39.953, 0 %, 660 MiB, 12282 MiB
2026/10/04 01:55:49.957, 0 %, 660 MiB, 12282 MiB
2026/10/04 01:55:59.967, 0 %, 660 MiB, 12282 MiB
2026/10/04 01:56:09.981, 0 %, 660 MiB, 12282 MiB
2026/10/04 01:56:19.998, 0 %, 660 MiB, 12282 MiB
2026/10/04 01:56:30.013, 0 %, 660 MiB, 12282 MiB
2026/10/04 01:56:40.016, 0 %, 660 MiB, 12282 MiB
2026/10/04 01:56:50.025, 0 %, 660 MiB, 12282 MiB
2026/10/04 01:57:00.027, 0 %, 660 MiB, 12282 MiB
2026/10/04 01:57:10.039, 0 %, 660 MiB, 12282 MiB
2026/10/04 01:57:20.053, 0 %, 660 MiB, 12282 MiB
2026/10/04 01:57:30.055, 0 %, 660 MiB, 12282 MiB
2026/10/04 01:57:40.061, 0 %, 660 MiB, 12282 MiB
2026/10/04 01:57:50.079, 0 %, 660 MiB, 12282 MiB
2026/10/04 01:58:00.080, 0 %, 660 MiB, 12282 MiB
2026/10/04 01:58:10.081, 0 %, 660 MiB, 12282 MiB
2026/10/04 01:58:20.097, 0 %, 660 MiB, 12282 MiB
2026/10/04 01:58:30.108, 0 %, 660 MiB, 12282 MiB
2026/10/04 01:58:40.118, 0 %, 660 MiB, 12282 MiB
2026/10/04 01:58:50.120, 0 %, 660 MiB, 12282 MiB
2026/10/04 01:59:00.131, 0 %, 660 MiB, 12282 MiB
2026/10/04 01:59:10.132, 0 %, 660 MiB, 12282 MiB
2026/10/04 01:59:20.148, 0 %, 660 MiB, 12282 MiB
2026/10/04 01:59:30.158, 0 %, 660 MiB, 12282 MiB
2026/10/04 01:59:40.159, 0 %, 660 MiB, 12282 MiB
2026/10/04 01:59:50.169, 0 %, 660 MiB, 12282 MiB
2026/10/04 02:00:00.186, 0 %, 660 MiB, 12282 MiB
2026/10/04 02:00:10.198, 0 %, 660 MiB, 12282 MiB
2026/10/04 02:00:20.212, 0 %, 660 MiB, 12282 MiB
2026/10/04 02:00:30.224, 0 %, 660 MiB, 12282 MiB
2026/10/04 02:00:40.228, 0 %, 660 MiB, 12282 MiB
2026/10/04 02:00:50.241, 0 %, 660 MiB, 12282 MiB
2026/10/04 02:01:00.247, 0 %, 660 MiB, 12282 MiB
2026/10/04 02:01:10.258, 0 %, 660 MiB, 12282 MiB
2026/10/04 02:01:20.265, 0 %, 660 MiB, 12282 MiB
2026/10/04 02:01:30.272, 0 %, 660 MiB, 12282 MiB
2026/10/04 02:01:40.278, 0 %, 660 MiB, 12282 MiB
2026/10/04 02:01:50.288, 0 %, 660 MiB, 12282 MiB
2026/10/04 02:02:00.301, 0 %, 660 MiB, 12282 MiB
2026/10/04 02:02:10.303, 0 %, 660 MiB, 12282 MiB
2026/10/04 02:02:20.316, 0 %, 660 MiB, 12282 MiB
2026/10/04 02:02:30.327, 4 %, 765 MiB, 12282 MiB
2026/10/04 02:02:40.331, 5 %, 671 MiB, 12282 MiB
2026/10/04 02:02:50.347, 0 %, 660 MiB, 12282 MiB
2026/10/04 02:03:00.352, 0 %, 660 MiB, 12282 MiB
2026/10/04 02:03:10.363, 0 %, 660 MiB, 12282 MiB
2026/10/04 02:03:20.380, 0 %, 660 MiB, 12282 MiB
2026/10/04 02:03:30.390, 0 %, 660 MiB, 12282 MiB
2026/10/04 02:03:40.401, 0 %, 660 MiB, 12282 MiB
2026/10/04 02:03:50.408, 0 %, 660 MiB, 12282 MiB
2026/10/04 02:04:00.410, 0 %, 660 MiB, 12282 MiB
2026/10/04 02:04:10.418, 0 %, 660 MiB, 12282 MiB
2026/10/04 02:04:20.429, 0 %, 660 MiB, 12282 MiB
2026/10/04 02:04:30.433, 0 %, 660 MiB, 12282 MiB
2026/10/04 02:04:40.447, 0 %, 660 MiB, 12282 MiB
2026/10/04 02:04:50.451, 0 %, 660 MiB, 12282 MiB
2026/10/04 02:05:00.464, 0 %, 660 MiB, 12282 MiB
2026/10/04 02:05:10.476, 0 %, 660 MiB, 12282 MiB
2026/10/04 02:05:20.483, 0 %, 660 MiB, 12282 MiB
2026/10/04 02:05:30.497, 0 %, 660 MiB, 12282 MiB
2026/10/04 02:05:40.508, 0 %, 660 MiB, 12282 MiB
2026/10/04 02:05:50.521, 0 %, 660 MiB, 12282 MiB
2026/10/04 02:06:00.537, 0 %, 660 MiB, 12282 MiB
2026/10/04 02:06:10.553, 0 %, 660 MiB, 12282 MiB
2026/10/04 02:06:20.569, 0 %, 660 MiB, 12282 MiB
2026/10/04 02:06:30.585, 0 %, 660 MiB, 12282 MiB
2026/10/04 02:06:40.588, 0 %, 660 MiB, 12282 MiB
2026/10/04 02:06:50.600, 0 %, 660 MiB, 12282 MiB
2026/10/04 02:07:00.604, 0 %, 660 MiB, 12282 MiB
2026/10/04 02:07:10.606, 0 %, 660 MiB, 12282 MiB
2026/10/04 02:07:20.609, 0 %, 660 MiB, 12282 MiB
2026/10/04 02:07:30.616, 0 %, 660 MiB, 12282 MiB
2026/10/04 02:07:40.630, 0 %, 660 MiB, 12282 MiB
2026/10/04 02:07:50.640, 0 %, 660 MiB, 12282 MiB
2026/10/04 02:08:00.644, 0 %, 660 MiB, 12282 MiB
2026/10/04 02:08:10.653, 0 %, 660 MiB, 12282 MiB
2026/10/04 02:08:20.663, 0 %, 660 MiB, 12282 MiB
2026/10/04 02:08:30.679, 0 %, 660 MiB, 12282 MiB
2026/10/04 02:08:40.691, 0 %, 660 MiB, 12282 MiB
2026/10/04 02:08:50.692, 0 %, 660 MiB, 12282 MiB
2026/10/04 02:09:00.707, 0 %, 660 MiB, 12282 MiB
2026/10/04 02:09:10.723, 0 %, 660 MiB, 12282 MiB
2026/10/04 02:09:20.738, 0 %, 660 MiB, 12282 MiB
2026/10/04 02:09:30.752, 0 %, 660 MiB, 12282 MiB
2026/10/04 02:09:40.760, 0 %, 660 MiB, 12282 MiB
2026/10/04 02:09:50.762, 0 %, 660 MiB, 12282 MiB
2026/10/04 02:10:00.772, 0 %, 660 MiB, 12282 MiB
2026/10/04 02:10:10.781, 0 %, 660 MiB, 12282 MiB
2026/10/04 02:10:20.797, 0 %, 660 MiB, 12282 MiB
2026/10/04 02:10:30.804, 0 %, 660 MiB, 12282 MiB
2026/10/04 02:10:40.819, 0 %, 660 MiB, 12282 MiB
2026/10/04 02:10:50.826, 0 %, 660 MiB, 12282 MiB
2026/10/04 02:11:00.836, 0 %, 660 MiB, 12282 MiB
2026/10/04 02:11:10.839, 0 %, 660 MiB, 12282 MiB
2026/10/04 02:11:20.845, 0 %, 660 MiB, 12282 MiB
2026/10/04 02:11:30.849, 0 %, 660 MiB, 12282 MiB
2026/10/04 02:11:40.861, 0 %, 660 MiB, 12282 MiB
2026/10/04 02:11:50.875, 0 %, 660 MiB, 12282 MiB
2026/10/04 02:12:00.886, 0 %, 660 MiB, 12282 MiB
2026/10/04 02:12:10.901, 0 %, 660 MiB, 12282 MiB
2026/10/04 02:12:20.911, 0 %, 660 MiB, 12282 MiB
2026/10/04 02:12:30.927, 0 %, 660 MiB, 12282 MiB
2026/10/04 02:12:40.934, 0 %, 660 MiB, 12282 MiB
2026/10/04 02:12:50.943, 0 %, 660 MiB, 12282 MiB
2026/10/04 02:13:00.950, 0 %, 660 MiB, 12282 MiB
2026/10/04 02:13:10.958, 0 %, 660 MiB, 12282 MiB
2026/10/04 02:13:20.965, 0 %, 660 MiB, 12282 MiB
2026/10/04 02:13:30.980, 0 %, 660 MiB, 12282 MiB
2026/10/04 02:13:40.990, 0 %, 660 MiB, 12282 MiB
2026/10/04 02:13:50.996, 0 %, 660 MiB, 12282 MiB
2026/10/04 02:14:01.007, 0 %, 660 MiB, 12282 MiB
2026/10/04 02:14:11.019, 0 %, 660 MiB, 12282 MiB
2026/10/04 02:14:21.029, 0 %, 660 MiB, 12282 MiB
2026/10/04 02:14:31.035, 0 %, 660 MiB, 12282 MiB
2026/10/04 02:14:41.038, 0 %, 660 MiB, 12282 MiB
2026/10/04 02:14:51.043, 0 %, 660 MiB, 12282 MiB
2026/10/04 02:15:01.057, 0 %, 660 MiB, 12282 MiB
2026/10/04 02:15:11.067, 0 %, 660 MiB, 12282 MiB
2026/10/04 02:15:21.070, 0 %, 660 MiB, 12282 MiB
2026/10/04 02:15:31.077, 0 %, 660 MiB, 12282 MiB
2026/10/04 02:15:41.091, 0 %, 660 MiB, 12282 MiB
2026/10/04 02:15:51.096, 0 %, 660 MiB, 12282 MiB
2026/10/04 02:16:01.099, 0 %, 660 MiB, 12282 MiB
2026/10/04 02:16:11.104, 0 %, 660 MiB, 12282 MiB
2026/10/04 02:16:21.116, 0 %, 660 MiB, 12282 MiB
2026/10/04 02:16:31.131, 0 %, 660 MiB, 12282 MiB
2026/10/04 02:16:41.135, 0 %, 660 MiB, 12282 MiB
2026/10/04 02:16:51.144, 0 %, 660 MiB, 12282 MiB
2026/10/04 02:17:01.158, 0 %, 660 MiB, 12282 MiB
2026/10/04 02:17:11.172, 0 %, 660 MiB, 12282 MiB
2026/10/04 02:17:21.179, 0 %, 660 MiB, 12282 MiB
2026/10/04 02:17:31.189, 0 %, 660 MiB, 12282 MiB
2026/10/04 02:17:41.191, 0 %, 660 MiB, 12282 MiB
2026/10/04 02:17:51.200, 0 %, 660 MiB, 12282 MiB
2026/10/04 02:18:01.215, 0 %, 660 MiB, 12282 MiB
2026/10/04 02:18:11.218, 0 %, 660 MiB, 12282 MiB
2026/10/04 02:18:21.224, 0 %, 660 MiB, 12282 MiB
2026/10/04 02:18:31.233, 0 %, 660 MiB, 12282 MiB
2026/10/04 02:18:41.245, 0 %, 660 MiB, 12282 MiB
2026/10/04 02:18:51.258, 0 %, 660 MiB, 12282 MiB
2026/10/04 02:19:01.264, 0 %, 660 MiB, 12282 MiB
2026/10/04 02:19:11.270, 0 %, 660 MiB, 12282 MiB
2026/10/04 02:19:21.276, 0 %, 660 MiB, 12282 MiB
2026/10/04 02:19:31.291, 0 %, 660 MiB, 12282 MiB
2026/10/04 02:19:41.293, 0 %, 660 MiB, 12282 MiB
2026/10/04 02:19:51.300, 0 %, 660 MiB, 12282 MiB
2026/10/04 02:20:01.311, 0 %, 660 MiB, 12282 MiB
2026/10/04 02:20:11.314, 0 %, 660 MiB, 12282 MiB
2026/10/04 02:20:21.318, 0 %, 660 MiB, 12282 MiB
2026/10/04 02:20:31.321, 0 %, 660 MiB, 12282 MiB
2026/10/04 02:20:41.334, 0 %, 660 MiB, 12282 MiB
2026/10/04 02:20:51.336, 0 %, 660 MiB, 12282 MiB
2026/10/04 02:21:01.346, 0 %, 660 MiB, 12282 MiB
2026/10/04 02:21:11.358, 0 %, 660 MiB, 12282 MiB
2026/10/04 02:21:21.369, 0 %, 660 MiB, 12282 MiB
2026/10/04 02:21:31.386, 0 %, 660 MiB, 12282 MiB
2026/10/04 02:21:41.389, 0 %, 660 MiB, 12282 MiB
2026/10/04 02:21:51.396, 0 %, 660 MiB, 12282 MiB
2026/10/04 02:22:01.406, 0 %, 660 MiB, 12282 MiB
2026/10/04 02:22:11.410, 0 %, 660 MiB, 12282 MiB
2026/10/04 02:22:21.413, 0 %, 660 MiB, 12282 MiB
2026/10/04 02:22:31.419, 0 %, 660 MiB, 12282 MiB
2026/10/04 02:22:41.429, 0 %, 660 MiB, 12282 MiB
2026/10/04 02:22:51.440, 0 %, 662 MiB, 12282 MiB
2026/10/04 02:23:01.448, 0 %, 660 MiB, 12282 MiB
2026/10/04 02:23:11.453, 0 %, 660 MiB, 12282 MiB
2026/10/04 02:23:21.461, 0 %, 660 MiB, 12282 MiB
2026/10/04 02:23:31.475, 0 %, 660 MiB, 12282 MiB
2026/10/04 02:23:41.492, 0 %, 660 MiB, 12282 MiB
2026/10/04 02:23:51.496, 0 %, 660 MiB, 12282 MiB
2026/10/04 02:24:01.498, 0 %, 660 MiB, 12282 MiB
2026/10/04 02:24:11.502, 0 %, 660 MiB, 12282 MiB
2026/10/04 02:24:21.516, 0 %, 660 MiB, 12282 MiB
2026/10/04 02:24:31.528, 0 %, 660 MiB, 12282 MiB
2026/10/04 02:24:41.543, 0 %, 660 MiB, 12282 MiB
2026/10/04 02:24:51.547, 0 %, 660 MiB, 12282 MiB
2026/10/04 02:25:01.561, 0 %, 660 MiB, 12282 MiB
2026/10/04 02:25:11.568, 0 %, 660 MiB, 12282 MiB
2026/10/04 02:25:21.580, 0 %, 660 MiB, 12282 MiB
2026/10/04 02:25:31.586, 0 %, 660 MiB, 12282 MiB
2026/10/04 02:25:41.595, 0 %, 660 MiB, 12282 MiB
2026/10/04 02:25:51.612, 0 %, 660 MiB, 12282 MiB
2026/10/04 02:26:01.616, 0 %, 660 MiB, 12282 MiB
2026/10/04 02:26:11.620, 0 %, 660 MiB, 12282 MiB
2026/10/04 02:26:21.628, 0 %, 660 MiB, 12282 MiB
2026/10/04 02:26:31.633, 0 %, 660 MiB, 12282 MiB
2026/10/04 02:26:41.640, 0 %, 660 MiB, 12282 MiB
2026/10/04 02:26:51.656, 0 %, 660 MiB, 12282 MiB
2026/10/04 02:27:01.660, 0 %, 660 MiB, 12282 MiB
2026/10/04 02:27:11.669, 0 %, 660 MiB, 12282 MiB
2026/10/04 02:27:21.684, 0 %, 660 MiB, 12282 MiB
2026/10/04 02:27:31.688, 0 %, 660 MiB, 12282 MiB
2026/10/04 02:27:41.695, 0 %, 660 MiB, 12282 MiB
2026/10/04 02:27:51.699, 0 %, 660 MiB, 12282 MiB
2026/10/04 02:28:01.704, 0 %, 660 MiB, 12282 MiB
2026/10/04 02:28:11.719, 0 %, 660 MiB, 12282 MiB
2026/10/04 02:28:21.729, 0 %, 660 MiB, 12282 MiB
2026/10/04 02:28:31.739, 0 %, 660 MiB, 12282 MiB
2026/10/04 02:28:41.749, 0 %, 660 MiB, 12282 MiB
2026/10/04 02:28:51.751, 0 %, 660 MiB, 12282 MiB
2026/10/04 02:29:01.757, 0 %, 660 MiB, 12282 MiB
2026/10/04 02:29:11.769, 0 %, 660 MiB, 12282 MiB
2026/10/04 02:29:21.778, 0 %, 660 MiB, 12282 MiB
2026/10/04 02:29:31.785, 0 %, 660 MiB, 12282 MiB
2026/10/04 02:29:41.790, 0 %, 660 MiB, 12282 MiB
2026/10/04 02:29:51.797, 0 %, 660 MiB, 12282 MiB
2026/10/04 02:30:01.799, 0 %, 660 MiB, 12282 MiB
2026/10/04 02:30:11.805, 0 %, 660 MiB, 12282 MiB
2026/10/04 02:30:21.812, 0 %, 660 MiB, 12282 MiB
2026/10/04 02:30:31.824, 0 %, 660 MiB, 12282 MiB
2026/10/04 02:30:41.831, 0 %, 660 MiB, 12282 MiB
2026/10/04 02:30:51.833, 0 %, 660 MiB, 12282 MiB
2026/10/04 02:31:01.849, 0 %, 660 MiB, 12282 MiB
2026/10/04 02:31:11.857, 0 %, 660 MiB, 12282 MiB
2026/10/04 02:31:21.865, 0 %, 660 MiB, 12282 MiB
2026/10/04 02:31:31.874, 0 %, 660 MiB, 12282 MiB
2026/10/04 02:31:41.879, 0 %, 660 MiB, 12282 MiB
2026/10/04 02:31:51.891, 0 %, 660 MiB, 12282 MiB
2026/10/04 02:32:01.904, 0 %, 660 MiB, 12282 MiB
2026/10/04 02:32:11.910, 0 %, 660 MiB, 12282 MiB
2026/10/04 02:32:21.923, 0 %, 660 MiB, 12282 MiB
2026/10/04 02:32:31.927, 0 %, 660 MiB, 12282 MiB
2026/10/04 02:32:41.929, 0 %, 660 MiB, 12282 MiB
2026/10/04 02:32:51.937, 0 %, 660 MiB, 12282 MiB
2026/10/04 02:33:01.951, 0 %, 660 MiB, 12282 MiB
2026/10/04 02:33:11.952, 0 %, 660 MiB, 12282 MiB
2026/10/04 02:33:21.960, 0 %, 660 MiB, 12282 MiB
2026/10/04 02:33:31.961, 0 %, 660 MiB, 12282 MiB
2026/10/04 02:33:41.963, 0 %, 660 MiB, 12282 MiB
2026/10/04 02:33:51.978, 0 %, 660 MiB, 12282 MiB
2026/10/04 02:34:01.988, 0 %, 660 MiB, 12282 MiB
2026/10/04 02:34:11.995, 0 %, 660 MiB, 12282 MiB
2026/10/04 02:34:22.003, 0 %, 660 MiB, 12282 MiB
2026/10/04 02:34:32.009, 0 %, 660 MiB, 12282 MiB
2026/10/04 02:34:42.024, 0 %, 660 MiB, 12282 MiB
2026/10/04 02:34:52.035, 0 %, 660 MiB, 12282 MiB
2026/10/04 02:35:02.043, 0 %, 660 MiB, 12282 MiB
2026/10/04 02:35:12.057, 0 %, 660 MiB, 12282 MiB
2026/10/04 02:35:22.066, 0 %, 660 MiB, 12282 MiB
2026/10/04 02:35:32.078, 0 %, 660 MiB, 12282 MiB
2026/10/04 02:35:42.092, 0 %, 660 MiB, 12282 MiB
2026/10/04 02:35:52.100, 0 %, 660 MiB, 12282 MiB
2026/10/04 02:36:02.112, 0 %, 660 MiB, 12282 MiB
2026/10/04 02:36:12.124, 0 %, 660 MiB, 12282 MiB
2026/10/04 02:36:22.134, 0 %, 660 MiB, 12282 MiB
2026/10/04 02:36:32.150, 0 %, 660 MiB, 12282 MiB
2026/10/04 02:36:42.153, 0 %, 660 MiB, 12282 MiB
2026/10/04 02:36:52.159, 0 %, 660 MiB, 12282 MiB
2026/10/04 02:37:02.172, 0 %, 660 MiB, 12282 MiB
2026/10/04 02:37:12.185, 0 %, 660 MiB, 12282 MiB
2026/10/04 02:37:22.192, 0 %, 660 MiB, 12282 MiB
2026/10/04 02:37:32.196, 0 %, 660 MiB, 12282 MiB
2026/10/04 02:37:42.206, 0 %, 660 MiB, 12282 MiB
2026/10/04 02:37:52.217, 0 %, 660 MiB, 12282 MiB
2026/10/04 02:38:02.222, 0 %, 660 MiB, 12282 MiB
2026/10/04 02:38:12.227, 0 %, 660 MiB, 12282 MiB
2026/10/04 02:38:22.230, 0 %, 660 MiB, 12282 MiB
2026/10/04 02:38:32.233, 0 %, 660 MiB, 12282 MiB
2026/10/04 02:38:42.243, 1 %, 660 MiB, 12282 MiB
2026/10/04 02:38:52.250, 1 %, 660 MiB, 12282 MiB
2026/10/04 02:39:02.257, 1 %, 660 MiB, 12282 MiB
2026/10/04 02:39:12.274, 1 %, 660 MiB, 12282 MiB
2026/10/04 02:39:22.283, 1 %, 660 MiB, 12282 MiB
2026/10/04 02:39:32.298, 1 %, 660 MiB, 12282 MiB
2026/10/04 02:39:42.305, 1 %, 660 MiB, 12282 MiB
2026/10/04 02:39:52.311, 100 %, 2668 MiB, 12282 MiB
2026/10/04 02:40:02.321, 100 %, 2388 MiB, 12282 MiB
2026/10/04 02:40:12.323, 100 %, 4129 MiB, 12282 MiB
2026/10/04 02:40:22.331, 100 %, 4058 MiB, 12282 MiB
2026/10/04 02:40:32.337, 100 %, 2748 MiB, 12282 MiB
2026/10/04 02:40:42.348, 100 %, 2475 MiB, 12282 MiB
2026/10/04 02:40:52.351, 96 %, 2621 MiB, 12282 MiB
2026/10/04 02:41:02.353, 44 %, 2637 MiB, 12282 MiB
2026/10/04 02:41:12.357, 80 %, 2613 MiB, 12282 MiB
2026/10/04 02:41:22.371, 29 %, 2637 MiB, 12282 MiB
2026/10/04 02:41:32.384, 2 %, 714 MiB, 12282 MiB
2026/10/04 02:41:42.391, 100 %, 2117 MiB, 12282 MiB
2026/10/04 02:41:52.392, 51 %, 2093 MiB, 12282 MiB
2026/10/04 02:42:02.408, 9 %, 660 MiB, 12282 MiB
2026/10/04 02:42:12.416, 1 %, 2612 MiB, 12282 MiB
2026/10/04 02:42:22.426, 2 %, 662 MiB, 12282 MiB
2026/10/04 02:42:32.435, 1 %, 660 MiB, 12282 MiB
2026/10/04 02:42:42.451, 1 %, 660 MiB, 12282 MiB
2026/10/04 02:42:52.458, 1 %, 660 MiB, 12282 MiB
2026/10/04 02:43:02.472, 0 %, 660 MiB, 12282 MiB
2026/10/04 02:43:12.485, 1 %, 660 MiB, 12282 MiB
2026/10/04 02:43:22.500, 1 %, 660 MiB, 12282 MiB
2026/10/04 02:43:32.513, 1 %, 660 MiB, 12282 MiB
2026/10/04 02:43:42.525, 1 %, 660 MiB, 12282 MiB
2026/10/04 02:43:52.528, 1 %, 660 MiB, 12282 MiB
2026/10/04 02:44:02.530, 1 %, 660 MiB, 12282 MiB
2026/10/04 02:44:12.532, 1 %, 660 MiB, 12282 MiB
2026/10/04 02:44:22.538, 1 %, 660 MiB, 12282 MiB
2026/10/04 02:44:32.541, 0 %, 660 MiB, 12282 MiB
2026/10/04 02:44:42.553, 0 %, 660 MiB, 12282 MiB
