timestamp, utilization.gpu [%], memory.used [MiB], temperature.gpu, power.draw [W]
2026/10/07 00:13:26.320, 5 %, 1410 MiB, 42, 12.15 W
2026/10/07 00:13:36.332, 2 %, 1537 MiB, 44, 25.59 W
2026/10/07 00:13:46.349, 100 %, 2114 MiB, 66, 182.06 W
2026/10/07 00:13:56.360, 100 %, 3034 MiB, 66, 122.02 W
2026/10/07 00:14:06.367, 100 %, 3521 MiB, 67, 120.15 W
2026/10/07 00:14:16.369, 100 %, 3497 MiB, 69, 185.68 W
2026/10/07 00:14:26.377, 100 %, 3077 MiB, 70, 187.71 W
2026/10/07 00:14:36.380, 100 %, 3387 MiB, 69, 136.18 W
2026/10/07 00:14:46.384, 100 %, 3041 MiB, 68, 187.48 W
2026/10/07 00:14:56.392, 0 %, 2111 MiB, 58, 185.34 W
2026/10/07 00:15:06.406, 100 %, 3036 MiB, 71, 187.17 W
2026/10/07 00:15:16.415, 100 %, 3473 MiB, 70, 182.02 W
2026/10/07 00:15:26.424, 100 %, 3647 MiB, 71, 187.95 W
2026/10/07 00:15:36.427, 100 %, 3652 MiB, 72, 186.46 W
2026/10/07 00:15:46.436, 100 %, 3138 MiB, 73, 187.92 W
2026/10/07 00:15:56.448, 100 %, 3138 MiB, 72, 186.82 W
2026/10/07 00:16:06.452, 100 %, 2910 MiB, 71, 139.27 W
2026/10/07 00:16:16.462, 100 %, 3514 MiB, 72, 187.69 W
2026/10/07 00:16:26.478, 100 %, 3092 MiB, 73, 188.29 W
2026/10/07 00:16:36.483, 100 %, 3093 MiB, 71, 118.18 W
2026/10/07 00:16:46.492, 22 %, 3480 MiB, 65, 133.68 W
2026/10/07 00:16:56.497, 100 %, 3638 MiB, 73, 187.50 W
2026/10/07 00:17:06.511, 100 %, 3134 MiB, 73, 188.16 W
2026/10/07 00:17:16.514, 100 %, 3133 MiB, 70, 188.89 W
2026/10/07 00:17:26.530, 100 %, 3460 MiB, 74, 190.16 W
2026/10/07 00:17:36.538, 100 %, 3469 MiB, 74, 187.93 W
2026/10/07 00:17:46.547, 100 %, 3077 MiB, 74, 187.69 W
2026/10/07 00:17:56.562, 100 %, 3474 MiB, 72, 163.27 W
2026/10/07 00:18:06.572, 100 %, 3630 MiB, 72, 188.76 W
2026/10/07 00:18:16.587, 5 %, 3408 MiB, 58, 130.51 W
2026/10/07 00:18:26.590, 100 %, 3133 MiB, 69, 188.02 W
2026/10/07 00:18:36.598, 100 %, 3133 MiB, 70, 189.65 W
2026/10/07 00:18:46.607, 0 %, 2928 MiB, 58, 114.81 W
2026/10/07 00:18:56.615, 100 %, 3414 MiB, 74, 134.45 W
2026/10/07 00:19:06.625, 100 %, 3054 MiB, 73, 190.03 W
2026/10/07 00:19:16.640, 100 %, 2120 MiB, 73, 189.51 W
2026/10/07 00:19:26.644, 100 %, 3042 MiB, 72, 154.16 W
2026/10/07 00:19:36.654, 100 %, 3503 MiB, 72, 186.42 W
2026/10/07 00:19:46.655, 100 %, 3506 MiB, 74, 136.94 W
2026/10/07 00:19:56.663, 100 %, 3089 MiB, 75, 188.30 W
2026/10/07 00:20:06.666, 100 %, 3090 MiB, 75, 188.22 W
2026/10/07 00:20:16.682, 100 %, 3486 MiB, 74, 186.72 W
2026/10/07 00:20:26.684, 47 %, 3485 MiB, 61, 181.59 W
2026/10/07 00:20:36.686, 100 %, 3078 MiB, 74, 187.06 W
2026/10/07 00:20:46.698, 100 %, 3411 MiB, 68, 128.22 W
2026/10/07 00:20:56.714, 100 %, 3055 MiB, 74, 191.76 W
2026/10/07 00:21:06.722, 100 %, 3307 MiB, 72, 93.83 W
2026/10/07 00:21:16.737, 100 %, 3424 MiB, 74, 186.85 W
2026/10/07 00:21:26.741, 100 %, 3061 MiB, 74, 164.91 W
2026/10/07 00:21:36.753, 100 %, 3061 MiB, 71, 136.34 W
2026/10/07 00:21:46.761, 100 %, 3487 MiB, 74, 187.02 W
2026/10/07 00:21:56.766, 100 %, 3650 MiB, 75, 187.29 W
2026/10/07 00:22:06.774, 100 %, 3650 MiB, 73, 190.36 W
2026/10/07 00:22:16.785, 100 %, 3138 MiB, 75, 188.38 W
2026/10/07 00:22:26.791, 100 %, 3139 MiB, 72, 190.00 W
2026/10/07 00:22:36.805, 100 %, 3555 MiB, 70, 113.85 W
2026/10/07 00:22:46.813, 100 %, 3554 MiB, 73, 189.16 W
2026/10/07 00:22:56.829, 100 %, 3107 MiB, 75, 188.35 W
2026/10/07 00:23:06.840, 100 %, 3107 MiB, 76, 188.59 W
2026/10/07 00:23:16.844, 100 %, 3474 MiB, 75, 189.74 W
2026/10/07 00:23:26.856, 100 %, 3076 MiB, 74, 118.74 W
2026/10/07 00:23:36.861, 100 %, 3076 MiB, 76, 189.98 W
2026/10/07 00:23:46.864, 100 %, 3373 MiB, 74, 188.46 W
2026/10/07 00:23:56.874, 100 %, 3040 MiB, 74, 126.36 W
2026/10/07 00:24:06.888, 100 %, 3463 MiB, 72, 99.68 W
2026/10/07 00:24:16.900, 100 %, 3621 MiB, 75, 186.52 W
2026/10/07 00:24:26.916, 100 %, 3403 MiB, 74, 110.33 W
2026/10/07 00:24:36.924, 100 %, 3130 MiB, 74, 190.09 W
2026/10/07 00:24:46.935, 100 %, 3131 MiB, 75, 187.76 W
2026/10/07 00:24:56.943, 0 %, 3130 MiB, 60, 160.79 W
2026/10/07 00:25:06.947, 6 %, 1710 MiB, 52, 34.94 W
2026/10/07 00:25:16.956, 100 %, 4178 MiB, 69, 185.32 W
2026/10/07 00:25:26.971, 100 %, 4722 MiB, 68, 103.97 W
2026/10/07 00:25:36.972, 89 %, 5383 MiB, 74, 182.18 W
2026/10/07 00:25:46.977, 0 %, 4539 MiB, 60, 165.66 W
2026/10/07 00:25:56.980, 100 %, 4633 MiB, 73, 185.90 W
2026/10/07 00:26:06.985, 100 %, 4452 MiB, 73, 185.18 W
2026/10/07 00:26:16.997, 100 %, 4821 MiB, 67, 75.89 W
2026/10/07 00:26:27.001, 100 %, 4422 MiB, 74, 186.16 W
2026/10/07 00:26:37.012, 100 %, 4996 MiB, 74, 185.11 W
2026/10/07 00:26:47.020, 100 %, 4922 MiB, 73, 142.30 W
2026/10/07 00:26:57.039, 100 %, 4113 MiB, 73, 187.46 W
2026/10/07 00:27:07.043, 100 %, 5401 MiB, 73, 109.74 W
2026/10/07 00:27:17.058, 100 %, 5151 MiB, 72, 185.05 W
2026/10/07 00:27:27.068, 100 %, 4635 MiB, 73, 181.59 W
2026/10/07 00:27:37.070, 100 %, 4635 MiB, 74, 134.09 W
2026/10/07 00:27:47.090, 100 %, 4693 MiB, 72, 186.46 W
2026/10/07 00:27:57.101, 100 %, 4688 MiB, 75, 185.42 W
2026/10/07 00:28:07.107, 100 %, 4319 MiB, 74, 126.69 W
2026/10/07 00:28:17.108, 0 %, 4809 MiB, 58, 123.04 W
2026/10/07 00:28:27.112, 87 %, 4463 MiB, 70, 70.06 W
2026/10/07 00:28:37.120, 0 %, 4712 MiB, 57, 86.75 W
2026/10/07 00:28:47.131, 100 %, 4338 MiB, 74, 185.24 W
2026/10/07 00:28:57.134, 100 %, 4693 MiB, 75, 187.89 W
2026/10/07 00:29:07.143, 100 %, 4631 MiB, 74, 142.88 W
2026/10/07 00:29:17.148, 100 %, 4649 MiB, 73, 173.46 W
2026/10/07 00:29:27.151, 100 %, 4638 MiB, 73, 141.23 W
2026/10/07 00:29:37.167, 100 %, 6087 MiB, 71, 185.93 W
2026/10/07 00:29:47.173, 95 %, 5383 MiB, 67, 57.12 W
2026/10/07 00:29:57.178, 14 %, 5969 MiB, 62, 168.51 W
2026/10/07 00:30:07.191, 82 %, 3350 MiB, 73, 135.13 W
2026/10/07 00:30:17.195, 12 %, 3366 MiB, 61, 132.65 W
2026/10/07 00:30:27.208, 100 %, 3342 MiB, 71, 142.30 W
2026/10/07 00:30:37.220, 94 %, 3366 MiB, 60, 131.83 W
2026/10/07 00:30:47.236, 100 %, 3259 MiB, 67, 71.79 W
2026/10/07 00:30:57.242, 100 %, 3348 MiB, 71, 186.95 W
2026/10/07 00:31:07.254, 0 %, 2874 MiB, 54, 47.98 W
2026/10/07 00:31:17.257, 100 %, 3355 MiB, 69, 128.44 W
2026/10/07 00:31:27.268, 100 %, 3492 MiB, 63, 186.54 W
2026/10/07 00:31:37.275, 0 %, 2652 MiB, 55, 57.03 W
2026/10/07 00:31:47.280, 0 %, 3072 MiB, 55, 56.75 W
2026/10/07 00:31:57.292, 1 %, 1672 MiB, 55, 122.26 W
2026/10/07 00:32:07.308, 100 %, 3382 MiB, 71, 186.63 W
2026/10/07 00:32:17.323, 0 %, 2110 MiB, 55, 85.85 W
2026/10/07 00:32:27.340, 100 %, 3320 MiB, 58, 132.63 W
2026/10/07 00:32:37.348, 100 %, 3377 MiB, 72, 190.44 W
2026/10/07 00:32:47.357, 100 %, 3036 MiB, 70, 117.76 W
2026/10/07 00:32:57.365, 100 %, 3472 MiB, 69, 186.22 W
2026/10/07 00:33:07.379, 100 %, 3414 MiB, 66, 74.07 W
2026/10/07 00:33:17.384, 100 %, 3650 MiB, 73, 187.29 W
2026/10/07 00:33:27.400, 100 %, 3136 MiB, 72, 186.84 W
2026/10/07 00:33:37.406, 100 %, 3136 MiB, 72, 189.78 W
2026/10/07 00:33:47.415, 100 %, 3137 MiB, 73, 187.84 W
2026/10/07 00:33:57.419, 100 %, 3510 MiB, 68, 185.12 W
2026/10/07 00:34:07.423, 100 %, 3513 MiB, 73, 184.90 W
2026/10/07 00:34:17.426, 100 %, 3091 MiB, 74, 186.16 W
2026/10/07 00:34:27.436, 100 %, 3091 MiB, 68, 187.18 W
2026/10/07 00:34:37.442, 100 %, 3479 MiB, 73, 130.31 W
2026/10/07 00:34:47.448, 100 %, 3633 MiB, 68, 188.09 W
2026/10/07 00:34:57.458, 100 %, 3637 MiB, 72, 129.71 W
2026/10/07 00:35:07.462, 100 %, 3133 MiB, 74, 188.25 W
2026/10/07 00:35:17.468, 100 %, 3132 MiB, 74, 175.27 W
2026/10/07 00:35:27.479, 100 %, 3372 MiB, 64, 129.12 W
2026/10/07 00:35:37.496, 100 %, 3468 MiB, 72, 189.01 W
2026/10/07 00:35:47.506, 100 %, 3077 MiB, 70, 65.01 W
2026/10/07 00:35:57.520, 100 %, 3076 MiB, 69, 188.98 W
2026/10/07 00:36:07.533, 22 %, 3473 MiB, 65, 67.33 W
2026/10/07 00:36:17.547, 100 %, 3629 MiB, 72, 188.57 W
2026/10/07 00:36:27.563, 100 %, 3634 MiB, 73, 187.50 W
2026/10/07 00:36:37.578, 100 %, 3634 MiB, 74, 186.92 W
2026/10/07 00:36:47.586, 100 %, 3132 MiB, 74, 187.24 W
2026/10/07 00:36:57.591, 0 %, 3055 MiB, 57, 57.27 W
2026/10/07 00:37:07.606, 0 %, 3324 MiB, 60, 120.71 W
2026/10/07 00:37:17.620, 100 %, 3413 MiB, 73, 187.62 W
2026/10/07 00:37:27.628, 100 %, 3053 MiB, 70, 79.68 W
2026/10/07 00:37:37.631, 100 %, 3299 MiB, 70, 92.77 W
2026/10/07 00:37:47.641, 0 %, 3235 MiB, 55, 76.67 W
2026/10/07 00:37:57.656, 100 %, 3041 MiB, 72, 185.46 W
2026/10/07 00:38:07.667, 0 %, 3397 MiB, 55, 133.86 W
2026/10/07 00:38:17.675, 0 %, 2125 MiB, 55, 60.09 W
2026/10/07 00:38:27.682, 100 %, 3508 MiB, 68, 186.19 W
2026/10/07 00:38:37.697, 100 %, 3090 MiB, 68, 188.00 W
2026/10/07 00:38:47.700, 33 %, 3089 MiB, 59, 179.42 W
2026/10/07 00:38:57.707, 0 %, 2126 MiB, 55, 45.42 W
2026/10/07 00:39:07.714, 100 %, 3484 MiB, 62, 185.82 W
2026/10/07 00:39:17.722, 1 %, 2119 MiB, 56, 106.07 W
2026/10/07 00:39:27.732, 100 %, 3084 MiB, 72, 187.60 W
2026/10/07 00:39:37.737, 0 %, 2126 MiB, 55, 89.74 W
2026/10/07 00:39:47.749, 100 %, 3414 MiB, 72, 187.87 W
2026/10/07 00:39:57.764, 100 %, 3054 MiB, 71, 188.65 W
2026/10/07 00:40:07.773, 100 %, 3059 MiB, 71, 187.28 W
2026/10/07 00:40:17.789, 100 %, 3418 MiB, 73, 187.81 W
2026/10/07 00:40:27.800, 100 %, 3424 MiB, 70, 186.46 W
2026/10/07 00:40:37.812, 100 %, 2142 MiB, 62, 102.53 W
2026/10/07 00:40:47.822, 100 %, 3060 MiB, 72, 187.82 W
2026/10/07 00:40:57.826, 100 %, 3485 MiB, 69, 183.77 W
2026/10/07 00:41:07.838, 0 %, 3418 MiB, 56, 48.21 W
2026/10/07 00:41:17.841, 100 %, 3649 MiB, 74, 188.82 W
2026/10/07 00:41:27.846, 100 %, 3138 MiB, 73, 186.45 W
2026/10/07 00:41:37.855, 100 %, 3138 MiB, 73, 186.98 W
2026/10/07 00:41:47.867, 100 %, 3138 MiB, 73, 185.57 W
2026/10/07 00:41:57.876, 80 %, 3413 MiB, 60, 133.99 W
2026/10/07 00:42:07.888, 100 %, 3558 MiB, 73, 188.30 W
2026/10/07 00:42:17.893, 47 %, 2126 MiB, 57, 78.14 W
2026/10/07 00:42:27.908, 100 %, 3106 MiB, 71, 189.22 W
2026/10/07 00:42:37.918, 100 %, 3106 MiB, 72, 189.66 W
2026/10/07 00:42:47.924, 100 %, 3477 MiB, 72, 187.45 W
2026/10/07 00:42:57.927, 100 %, 3477 MiB, 73, 186.43 W
2026/10/07 00:43:07.937, 100 %, 3075 MiB, 73, 186.68 W
2026/10/07 00:43:17.951, 0 %, 2172 MiB, 56, 117.05 W
2026/10/07 00:43:27.961, 0 %, 2172 MiB, 56, 83.84 W
2026/10/07 00:43:37.974, 100 %, 3039 MiB, 73, 189.75 W
2026/10/07 00:43:47.985, 8 %, 2184 MiB, 56, 91.58 W
2026/10/07 00:43:57.990, 100 %, 3620 MiB, 74, 186.44 W
2026/10/07 00:44:08.002, 100 %, 3625 MiB, 73, 188.85 W
2026/10/07 00:44:18.011, 100 %, 3635 MiB, 71, 184.11 W
2026/10/07 00:44:28.015, 22 %, 3138 MiB, 64, 177.26 W
2026/10/07 00:44:38.030, 0 %, 2190 MiB, 58, 69.77 W
2026/10/07 00:44:48.039, 1 %, 3129 MiB, 55, 38.12 W
2026/10/07 00:44:58.049, 100 %, 3273 MiB, 69, 105.70 W
2026/10/07 00:45:08.066, 100 %, 3366 MiB, 72, 187.24 W
2026/10/07 00:45:18.071, 100 %, 3039 MiB, 73, 186.91 W
2026/10/07 00:45:28.078, 100 %, 3509 MiB, 71, 187.47 W
2026/10/07 00:45:38.086, 100 %, 3089 MiB, 73, 188.69 W
2026/10/07 00:45:48.102, 1 %, 2389 MiB, 57, 79.35 W
2026/10/07 00:45:58.115, 100 %, 3400 MiB, 73, 134.19 W
2026/10/07 00:46:08.124, 100 %, 3055 MiB, 70, 188.85 W
2026/10/07 00:46:18.127, 100 %, 3457 MiB, 75, 188.74 W
2026/10/07 00:46:28.139, 100 %, 3059 MiB, 74, 168.60 W
2026/10/07 00:46:38.142, 100 %, 3654 MiB, 75, 189.06 W
2026/10/07 00:46:48.157, 100 %, 3658 MiB, 75, 188.69 W
2026/10/07 00:46:58.162, 100 %, 3665 MiB, 75, 188.68 W
2026/10/07 00:47:08.169, 100 %, 3151 MiB, 73, 169.73 W
2026/10/07 00:47:18.183, 100 %, 3151 MiB, 75, 189.47 W
2026/10/07 00:47:28.193, 100 %, 3523 MiB, 70, 187.41 W
2026/10/07 00:47:38.201, 0 %, 2159 MiB, 62, 168.55 W
2026/10/07 00:47:48.207, 100 %, 3108 MiB, 75, 186.98 W
2026/10/07 00:47:58.221, 100 %, 3107 MiB, 74, 187.07 W
2026/10/07 00:48:08.234, 100 %, 3490 MiB, 74, 184.89 W
2026/10/07 00:48:18.239, 100 %, 3651 MiB, 75, 190.37 W
2026/10/07 00:48:28.242, 100 %, 3149 MiB, 75, 192.22 W
2026/10/07 00:48:38.249, 100 %, 3149 MiB, 75, 189.50 W
2026/10/07 00:48:48.264, 100 %, 3473 MiB, 70, 188.53 W
2026/10/07 00:48:58.273, 100 %, 3478 MiB, 74, 187.86 W
2026/10/07 00:49:08.279, 100 %, 3085 MiB, 75, 188.09 W
2026/10/07 00:49:18.287, 100 %, 3487 MiB, 71, 114.63 W
2026/10/07 00:49:28.296, 100 %, 3645 MiB, 75, 187.59 W
2026/10/07 00:49:38.305, 100 %, 3650 MiB, 74, 188.46 W
2026/10/07 00:49:48.313, 100 %, 3148 MiB, 75, 191.97 W
2026/10/07 00:49:58.329, 100 %, 3147 MiB, 72, 190.79 W
2026/10/07 00:50:08.332, 100 %, 2145 MiB, 74, 120.86 W
2026/10/07 00:50:18.347, 100 %, 3425 MiB, 75, 188.87 W
2026/10/07 00:50:28.349, 0 %, 2132 MiB, 58, 107.50 W
2026/10/07 00:50:38.359, 100 %, 3391 MiB, 72, 136.99 W
2026/10/07 00:50:48.366, 100 %, 3056 MiB, 74, 187.88 W
2026/10/07 00:50:58.367, 100 %, 3516 MiB, 73, 187.02 W
2026/10/07 00:51:08.383, 100 %, 3516 MiB, 74, 186.35 W
2026/10/07 00:51:18.395, 100 %, 3104 MiB, 75, 187.41 W
2026/10/07 00:51:28.401, 100 %, 3104 MiB, 76, 189.64 W
2026/10/07 00:51:38.417, 100 %, 3493 MiB, 75, 188.45 W
2026/10/07 00:51:48.429, 0 %, 3090 MiB, 59, 123.00 W
2026/10/07 00:51:58.431, 100 %, 3090 MiB, 75, 191.15 W
2026/10/07 00:52:08.445, 100 %, 3423 MiB, 74, 185.94 W
2026/10/07 00:52:18.450, 100 %, 2132 MiB, 75, 188.38 W
2026/10/07 00:52:28.466, 0 %, 3319 MiB, 59, 139.48 W
2026/10/07 00:52:38.476, 100 %, 3432 MiB, 75, 187.30 W
2026/10/07 00:52:48.491, 100 %, 3074 MiB, 76, 189.15 W
2026/10/07 00:52:58.501, 100 %, 3073 MiB, 76, 188.44 W
2026/10/07 00:53:08.503, 100 %, 3428 MiB, 74, 109.89 W
2026/10/07 00:53:18.509, 100 %, 3662 MiB, 74, 191.80 W
2026/10/07 00:53:28.513, 100 %, 3663 MiB, 76, 188.57 W
2026/10/07 00:53:38.521, 100 %, 3074 MiB, 72, 101.10 W
2026/10/07 00:53:48.524, 100 %, 3153 MiB, 76, 188.35 W
2026/10/07 00:53:58.533, 100 %, 3565 MiB, 75, 188.04 W
2026/10/07 00:54:08.535, 0 %, 3370 MiB, 59, 129.76 W
2026/10/07 00:54:18.544, 100 %, 3119 MiB, 76, 191.15 W
2026/10/07 00:54:28.550, 100 %, 3118 MiB, 72, 189.26 W
2026/10/07 00:54:38.564, 100 %, 3493 MiB, 75, 185.95 W
2026/10/07 00:54:48.574, 100 %, 3089 MiB, 76, 191.16 W
2026/10/07 00:54:58.581, 0 %, 3089 MiB, 60, 138.57 W
2026/10/07 00:55:08.588, 100 %, 3380 MiB, 71, 187.89 W
2026/10/07 00:55:18.589, 100 %, 3051 MiB, 75, 187.77 W
2026/10/07 00:55:28.604, 100 %, 3475 MiB, 74, 185.28 W
2026/10/07 00:55:38.606, 100 %, 3633 MiB, 75, 186.04 W
2026/10/07 00:55:48.618, 100 %, 3639 MiB, 74, 188.21 W
2026/10/07 00:55:58.623, 100 %, 3142 MiB, 76, 187.54 W
2026/10/07 00:56:08.629, 100 %, 3142 MiB, 76, 187.63 W
2026/10/07 00:56:18.643, 0 %, 3142 MiB, 58, 46.42 W
2026/10/07 00:56:28.648, 0 %, 1439 MiB, 52, 12.71 W
2026/10/07 00:56:38.656, 0 %, 1440 MiB, 49, 11.48 W
2026/10/07 00:56:48.669, 0 %, 1440 MiB, 47, 11.43 W
2026/10/07 00:56:58.680, 0 %, 1439 MiB, 45, 11.17 W
2026/10/07 00:57:08.702, 0 %, 1439 MiB, 44, 11.19 W
2026/10/07 00:57:18.729, 2 %, 1439 MiB, 43, 11.30 W
2026/10/07 00:57:28.761, 0 %, 1439 MiB, 42, 11.14 W
2026/10/07 00:57:38.774, 0 %, 1439 MiB, 41, 11.16 W
2026/10/07 00:57:48.796, 0 %, 1439 MiB, 40, 11.11 W
2026/10/07 00:57:58.798, 0 %, 1439 MiB, 40, 11.10 W
2026/10/07 00:58:08.808, 0 %, 1439 MiB, 39, 11.11 W
2026/10/07 00:58:18.814, 0 %, 1439 MiB, 38, 11.07 W
2026/10/07 00:58:28.820, 0 %, 1439 MiB, 38, 11.87 W
2026/10/07 00:58:38.832, 0 %, 1439 MiB, 38, 11.27 W
2026/10/07 00:58:48.839, 2 %, 1439 MiB, 37, 11.11 W
2026/10/07 00:58:58.845, 0 %, 1439 MiB, 38, 11.09 W
2026/10/07 00:59:08.853, 0 %, 1439 MiB, 38, 11.06 W
2026/10/07 00:59:18.870, 0 %, 1439 MiB, 38, 11.02 W
2026/10/07 00:59:28.886, 0 %, 1439 MiB, 38, 11.04 W
2026/10/07 00:59:38.905, 0 %, 1439 MiB, 38, 11.11 W
2026/10/07 00:59:48.914, 0 %, 1439 MiB, 39, 11.13 W
2026/10/07 00:59:58.923, 2 %, 1439 MiB, 39, 11.04 W
2026/10/07 01:00:08.927, 0 %, 1440 MiB, 39, 11.04 W
2026/10/07 01:00:18.942, 0 %, 1440 MiB, 39, 11.11 W
2026/10/07 01:00:28.949, 0 %, 1440 MiB, 39, 11.18 W
2026/10/07 01:00:38.965, 0 %, 1440 MiB, 39, 11.11 W
2026/10/07 01:00:48.974, 0 %, 1440 MiB, 39, 11.12 W
2026/10/07 01:00:58.987, 0 %, 1440 MiB, 39, 11.19 W
2026/10/07 01:01:09.011, 2 %, 1440 MiB, 39, 11.17 W
2026/10/07 01:01:19.019, 0 %, 1440 MiB, 39, 11.16 W
2026/10/07 01:01:29.023, 0 %, 1440 MiB, 40, 11.25 W
2026/10/07 01:01:39.030, 0 %, 1440 MiB, 40, 11.18 W
2026/10/07 01:01:49.037, 0 %, 1440 MiB, 40, 11.19 W
2026/10/07 01:01:59.047, 0 %, 1440 MiB, 40, 11.21 W
2026/10/07 01:02:09.070, 0 %, 1440 MiB, 40, 11.16 W
2026/10/07 01:02:19.075, 0 %, 1440 MiB, 40, 11.15 W
2026/10/07 01:02:29.085, 2 %, 1440 MiB, 40, 11.09 W
2026/10/07 01:02:39.090, 2 %, 1440 MiB, 40, 11.12 W
2026/10/07 01:02:49.102, 0 %, 1440 MiB, 40, 11.14 W
2026/10/07 01:02:59.113, 0 %, 1440 MiB, 40, 11.28 W
2026/10/07 01:03:09.129, 0 %, 1440 MiB, 40, 11.31 W
2026/10/07 01:03:19.142, 0 %, 1441 MiB, 40, 11.18 W
2026/10/07 01:03:29.145, 0 %, 1441 MiB, 40, 11.24 W
2026/10/07 01:03:39.154, 0 %, 1441 MiB, 40, 11.21 W
2026/10/07 01:03:49.165, 2 %, 1441 MiB, 40, 11.22 W
2026/10/07 01:03:59.171, 0 %, 1441 MiB, 40, 11.24 W
2026/10/07 01:04:09.173, 0 %, 1441 MiB, 40, 11.18 W
2026/10/07 01:04:19.184, 0 %, 1441 MiB, 40, 11.11 W
2026/10/07 01:04:29.194, 0 %, 1441 MiB, 40, 11.24 W
2026/10/07 01:04:39.209, 0 %, 1441 MiB, 40, 11.24 W
2026/10/07 01:04:49.224, 0 %, 1441 MiB, 40, 11.18 W
2026/10/07 01:04:59.232, 2 %, 1441 MiB, 40, 11.16 W
2026/10/07 01:05:09.246, 0 %, 1441 MiB, 40, 11.14 W
2026/10/07 01:05:19.261, 0 %, 1441 MiB, 40, 11.13 W
2026/10/07 01:05:29.278, 0 %, 1441 MiB, 40, 11.15 W
2026/10/07 01:05:39.293, 0 %, 1441 MiB, 40, 11.18 W
2026/10/07 01:05:49.308, 0 %, 1441 MiB, 40, 11.35 W
2026/10/07 01:05:59.314, 0 %, 1441 MiB, 40, 11.29 W
2026/10/07 01:06:09.329, 0 %, 1441 MiB, 40, 11.26 W
2026/10/07 01:06:19.339, 2 %, 1441 MiB, 40, 11.18 W
2026/10/07 01:06:29.345, 2 %, 1441 MiB, 40, 11.32 W
2026/10/07 01:06:39.356, 0 %, 1441 MiB, 40, 11.23 W
2026/10/07 01:06:49.363, 0 %, 1441 MiB, 40, 11.33 W
2026/10/07 01:06:59.368, 0 %, 1441 MiB, 40, 11.21 W
2026/10/07 01:07:09.376, 0 %, 1441 MiB, 40, 11.28 W
2026/10/07 01:07:19.385, 0 %, 1441 MiB, 40, 11.11 W
2026/10/07 01:07:29.400, 4 %, 1443 MiB, 41, 12.18 W
2026/10/07 01:07:39.418, 4 %, 1443 MiB, 41, 12.16 W
2026/10/07 01:07:49.427, 0 %, 1447 MiB, 41, 11.17 W
2026/10/07 01:07:59.431, 0 %, 1443 MiB, 41, 11.07 W
2026/10/07 01:08:09.439, 0 %, 1443 MiB, 40, 11.11 W
2026/10/07 01:08:19.448, 0 %, 1443 MiB, 40, 11.22 W
2026/10/07 01:08:29.456, 0 %, 1443 MiB, 40, 11.15 W
2026/10/07 01:08:39.472, 0 %, 1443 MiB, 40, 11.10 W
2026/10/07 01:08:49.488, 2 %, 1443 MiB, 40, 11.27 W
2026/10/07 01:08:59.505, 0 %, 1443 MiB, 40, 11.24 W
2026/10/07 01:09:09.520, 0 %, 1443 MiB, 40, 11.11 W
2026/10/07 01:09:19.526, 0 %, 1443 MiB, 40, 11.13 W
2026/10/07 01:09:29.531, 0 %, 1443 MiB, 40, 11.30 W
2026/10/07 01:09:39.535, 0 %, 1443 MiB, 40, 11.26 W
2026/10/07 01:09:49.551, 0 %, 1443 MiB, 40, 11.17 W
2026/10/07 01:09:59.572, 2 %, 1443 MiB, 40, 11.21 W
2026/10/07 01:10:09.575, 5 %, 1443 MiB, 40, 11.20 W
2026/10/07 01:10:19.585, 2 %, 1443 MiB, 40, 11.32 W
2026/10/07 01:10:29.609, 0 %, 1444 MiB, 40, 11.26 W
2026/10/07 01:10:39.620, 0 %, 1444 MiB, 40, 11.22 W
2026/10/07 01:10:49.627, 0 %, 1444 MiB, 40, 11.19 W
2026/10/07 01:10:59.633, 0 %, 1444 MiB, 40, 11.14 W
2026/10/07 01:11:09.640, 0 %, 1444 MiB, 40, 11.15 W
2026/10/07 01:11:19.651, 1 %, 1444 MiB, 40, 11.21 W
2026/10/07 01:11:29.653, 0 %, 1444 MiB, 40, 11.23 W
2026/10/07 01:11:39.663, 0 %, 1444 MiB, 40, 11.17 W
2026/10/07 01:11:49.673, 0 %, 1444 MiB, 40, 11.16 W
2026/10/07 01:11:59.678, 0 %, 1444 MiB, 40, 11.23 W
2026/10/07 01:12:09.691, 0 %, 1444 MiB, 40, 11.20 W
2026/10/07 01:12:19.698, 0 %, 1444 MiB, 40, 11.22 W
2026/10/07 01:12:29.701, 2 %, 1444 MiB, 40, 11.31 W
2026/10/07 01:12:39.714, 2 %, 1444 MiB, 40, 11.22 W
2026/10/07 01:12:49.742, 0 %, 1444 MiB, 40, 11.25 W
2026/10/07 01:12:59.753, 0 %, 1444 MiB, 40, 11.24 W
2026/10/07 01:13:09.767, 0 %, 1444 MiB, 40, 11.21 W
2026/10/07 01:13:19.772, 0 %, 1444 MiB, 40, 11.26 W
2026/10/07 01:13:29.782, 0 %, 1444 MiB, 40, 11.20 W
2026/10/07 01:13:39.795, 0 %, 1444 MiB, 40, 11.28 W
2026/10/07 01:13:49.801, 2 %, 1444 MiB, 40, 11.35 W
2026/10/07 01:13:59.817, 0 %, 1444 MiB, 40, 11.23 W
2026/10/07 01:14:09.824, 0 %, 1444 MiB, 40, 11.27 W
2026/10/07 01:14:19.837, 0 %, 1444 MiB, 40, 11.27 W
2026/10/07 01:14:29.854, 0 %, 1444 MiB, 40, 11.25 W
2026/10/07 01:14:39.872, 0 %, 1444 MiB, 40, 11.20 W
2026/10/07 01:14:49.886, 0 %, 1444 MiB, 40, 11.34 W
2026/10/07 01:14:59.900, 0 %, 1444 MiB, 40, 11.23 W
2026/10/07 01:15:09.904, 2 %, 1444 MiB, 40, 11.10 W
2026/10/07 01:15:19.921, 2 %, 1444 MiB, 40, 11.12 W
2026/10/07 01:15:29.936, 0 %, 1444 MiB, 40, 11.11 W
2026/10/07 01:15:39.941, 0 %, 1444 MiB, 40, 11.22 W
2026/10/07 01:15:49.951, 0 %, 1444 MiB, 40, 11.21 W
2026/10/07 01:15:59.957, 0 %, 1444 MiB, 40, 11.16 W
2026/10/07 01:16:09.967, 0 %, 1444 MiB, 40, 11.18 W
2026/10/07 01:16:19.989, 1 %, 1444 MiB, 40, 11.18 W
2026/10/07 01:16:30.004, 2 %, 1444 MiB, 40, 11.26 W
2026/10/07 01:16:40.029, 0 %, 1444 MiB, 40, 11.22 W
2026/10/07 01:16:50.049, 0 %, 1444 MiB, 40, 11.18 W
2026/10/07 01:17:00.051, 0 %, 1444 MiB, 40, 11.23 W
2026/10/07 01:17:10.057, 0 %, 1444 MiB, 40, 11.18 W
2026/10/07 01:17:20.071, 0 %, 1444 MiB, 40, 11.13 W
2026/10/07 01:17:30.087, 0 %, 1444 MiB, 40, 11.20 W
2026/10/07 01:17:40.094, 2 %, 1444 MiB, 40, 11.15 W
2026/10/07 01:17:50.121, 0 %, 1444 MiB, 40, 11.20 W
2026/10/07 01:18:00.128, 0 %, 1444 MiB, 40, 11.20 W
2026/10/07 01:18:10.146, 0 %, 1446 MiB, 40, 11.23 W
2026/10/07 01:18:20.159, 0 %, 1446 MiB, 40, 11.13 W
2026/10/07 01:18:30.170, 0 %, 1446 MiB, 40, 11.10 W
2026/10/07 01:18:40.175, 0 %, 1446 MiB, 40, 11.09 W
2026/10/07 01:18:50.181, 0 %, 1446 MiB, 40, 11.10 W
2026/10/07 01:19:00.189, 2 %, 1446 MiB, 40, 11.06 W
2026/10/07 01:19:10.198, 0 %, 1446 MiB, 40, 11.09 W
2026/10/07 01:19:20.208, 0 %, 1446 MiB, 40, 11.12 W
2026/10/07 01:19:30.224, 0 %, 1446 MiB, 40, 11.10 W
2026/10/07 01:19:40.231, 0 %, 1446 MiB, 40, 11.15 W
2026/10/07 01:19:50.240, 0 %, 1446 MiB, 40, 11.16 W
2026/10/07 01:20:00.258, 0 %, 1446 MiB, 40, 11.09 W
2026/10/07 01:20:10.266, 2 %, 1446 MiB, 40, 11.20 W
2026/10/07 01:20:20.282, 1 %, 1446 MiB, 40, 11.17 W
2026/10/07 01:20:30.296, 0 %, 1446 MiB, 40, 11.17 W
2026/10/07 01:20:40.319, 0 %, 1446 MiB, 40, 11.14 W
2026/10/07 01:20:50.325, 0 %, 1446 MiB, 40, 11.13 W
2026/10/07 01:21:00.333, 0 %, 1446 MiB, 40, 11.12 W
2026/10/07 01:21:10.339, 0 %, 1450 MiB, 40, 11.20 W
2026/10/07 01:21:20.345, 2 %, 1445 MiB, 40, 11.30 W
2026/10/07 01:21:30.351, 2 %, 1445 MiB, 40, 11.23 W
2026/10/07 01:21:40.361, 0 %, 1445 MiB, 40, 11.20 W
2026/10/07 01:21:50.375, 0 %, 1445 MiB, 40, 11.14 W
2026/10/07 01:22:00.389, 0 %, 1445 MiB, 40, 11.20 W
2026/10/07 01:22:10.400, 0 %, 1445 MiB, 40, 11.14 W
2026/10/07 01:22:20.413, 0 %, 1445 MiB, 40, 11.05 W
2026/10/07 01:22:30.415, 0 %, 1445 MiB, 40, 11.09 W
2026/10/07 01:22:40.424, 0 %, 1445 MiB, 40, 11.17 W
2026/10/07 01:22:50.433, 2 %, 1445 MiB, 40, 11.18 W
2026/10/07 01:23:00.443, 0 %, 1445 MiB, 40, 11.18 W
2026/10/07 01:23:10.461, 0 %, 1445 MiB, 40, 11.16 W
2026/10/07 01:23:20.466, 0 %, 1445 MiB, 40, 11.11 W
2026/10/07 01:23:30.474, 0 %, 1445 MiB, 40, 11.12 W
2026/10/07 01:23:40.483, 0 %, 1445 MiB, 40, 11.23 W
2026/10/07 01:23:50.494, 0 %, 1445 MiB, 40, 11.16 W
2026/10/07 01:24:00.511, 2 %, 1445 MiB, 40, 11.15 W
2026/10/07 01:24:10.523, 2 %, 1445 MiB, 40, 11.24 W
2026/10/07 01:24:20.546, 0 %, 1445 MiB, 40, 11.26 W
2026/10/07 01:24:30.559, 0 %, 1445 MiB, 40, 11.24 W
2026/10/07 01:24:40.564, 0 %, 1445 MiB, 40, 11.15 W
2026/10/07 01:24:50.575, 0 %, 1445 MiB, 40, 11.13 W
2026/10/07 01:25:00.597, 0 %, 1445 MiB, 40, 11.17 W
2026/10/07 01:25:10.599, 1 %, 1445 MiB, 40, 11.22 W
2026/10/07 01:25:20.610, 2 %, 1445 MiB, 40, 11.15 W
2026/10/07 01:25:30.618, 0 %, 1445 MiB, 40, 11.16 W
2026/10/07 01:25:40.631, 0 %, 1445 MiB, 40, 11.13 W
2026/10/07 01:25:50.650, 0 %, 1445 MiB, 40, 11.07 W
2026/10/07 01:26:00.656, 0 %, 1445 MiB, 40, 11.05 W
2026/10/07 01:26:10.664, 0 %, 1445 MiB, 40, 11.20 W
2026/10/07 01:26:20.670, 0 %, 1445 MiB, 40, 11.17 W
2026/10/07 01:26:30.677, 0 %, 1445 MiB, 40, 11.16 W
2026/10/07 01:26:40.686, 2 %, 1445 MiB, 40, 11.00 W
2026/10/07 01:26:50.706, 0 %, 1451 MiB, 40, 11.18 W
2026/10/07 01:27:00.731, 0 %, 1447 MiB, 40, 11.13 W
2026/10/07 01:27:10.748, 0 %, 1447 MiB, 40, 11.10 W
2026/10/07 01:27:20.764, 0 %, 1447 MiB, 40, 11.11 W
2026/10/07 01:27:30.770, 0 %, 1447 MiB, 40, 11.09 W
2026/10/07 01:27:40.795, 0 %, 1447 MiB, 40, 11.12 W
2026/10/07 01:27:50.808, 2 %, 1447 MiB, 40, 11.18 W
2026/10/07 01:28:00.815, 0 %, 1447 MiB, 40, 11.19 W
2026/10/07 01:28:10.832, 0 %, 1447 MiB, 40, 11.10 W
2026/10/07 01:28:20.851, 0 %, 1447 MiB, 40, 11.06 W
2026/10/07 01:28:30.866, 0 %, 1446 MiB, 40, 11.06 W
2026/10/07 01:28:40.874, 0 %, 1447 MiB, 40, 11.14 W
2026/10/07 01:28:50.884, 0 %, 1447 MiB, 40, 11.07 W
2026/10/07 01:29:00.887, 2 %, 1447 MiB, 40, 11.11 W
2026/10/07 01:29:10.906, 2 %, 1447 MiB, 40, 11.06 W
2026/10/07 01:29:20.925, 0 %, 1447 MiB, 40, 11.12 W
2026/10/07 01:29:30.964, 0 %, 1447 MiB, 40, 11.09 W
2026/10/07 01:29:40.991, 0 %, 1447 MiB, 40, 11.07 W
2026/10/07 01:29:51.003, 0 %, 1447 MiB, 40, 11.10 W
2026/10/07 01:30:01.016, 0 %, 1447 MiB, 40, 11.06 W
2026/10/07 01:30:11.018, 2 %, 1447 MiB, 40, 11.00 W
2026/10/07 01:30:21.026, 0 %, 1447 MiB, 40, 11.09 W
2026/10/07 01:30:31.039, 2 %, 1447 MiB, 40, 11.13 W
2026/10/07 01:30:41.041, 0 %, 1453 MiB, 40, 11.05 W
2026/10/07 01:30:51.049, 0 %, 1453 MiB, 40, 11.09 W
2026/10/07 01:31:01.060, 0 %, 1453 MiB, 40, 11.02 W
2026/10/07 01:31:11.069, 0 %, 1453 MiB, 40, 11.05 W
2026/10/07 01:31:21.071, 0 %, 1453 MiB, 40, 11.03 W
2026/10/07 01:31:31.091, 0 %, 1453 MiB, 40, 11.13 W
2026/10/07 01:31:41.113, 2 %, 1453 MiB, 40, 11.10 W
2026/10/07 01:31:51.135, 0 %, 1453 MiB, 40, 11.13 W
2026/10/07 01:32:01.143, 0 %, 1453 MiB, 40, 11.10 W
2026/10/07 01:32:11.160, 0 %, 1453 MiB, 40, 11.04 W
2026/10/07 01:32:21.169, 0 %, 1453 MiB, 40, 11.13 W
2026/10/07 01:32:31.174, 0 %, 1453 MiB, 40, 11.13 W
2026/10/07 01:32:41.196, 0 %, 1453 MiB, 40, 11.14 W
2026/10/07 01:32:51.204, 2 %, 1453 MiB, 40, 11.14 W
2026/10/07 01:33:01.227, 0 %, 1453 MiB, 40, 11.26 W
2026/10/07 01:33:11.240, 0 %, 1453 MiB, 40, 11.14 W
2026/10/07 01:33:21.246, 0 %, 1453 MiB, 40, 11.19 W
2026/10/07 01:33:31.258, 0 %, 1453 MiB, 40, 11.14 W
2026/10/07 01:33:41.273, 0 %, 1453 MiB, 40, 11.11 W
2026/10/07 01:33:51.282, 0 %, 1453 MiB, 40, 11.22 W
2026/10/07 01:34:01.291, 2 %, 1453 MiB, 40, 11.11 W
2026/10/07 01:34:11.296, 0 %, 1453 MiB, 40, 11.10 W
2026/10/07 01:34:21.304, 2 %, 1453 MiB, 40, 11.14 W
2026/10/07 01:34:31.347, 0 %, 1451 MiB, 40, 11.23 W
2026/10/07 01:34:41.354, 0 %, 1451 MiB, 40, 11.20 W
2026/10/07 01:34:51.365, 0 %, 1453 MiB, 40, 11.25 W
2026/10/07 01:35:01.373, 0 %, 1453 MiB, 40, 11.20 W
2026/10/07 01:35:11.392, 0 %, 1453 MiB, 40, 11.23 W
2026/10/07 01:35:21.398, 1 %, 1456 MiB, 40, 11.30 W
2026/10/07 01:35:31.406, 2 %, 1453 MiB, 40, 11.26 W
2026/10/07 01:35:41.416, 0 %, 1453 MiB, 40, 11.22 W
2026/10/07 01:35:51.420, 0 %, 1453 MiB, 40, 11.10 W
2026/10/07 01:36:01.437, 0 %, 1453 MiB, 40, 11.13 W
2026/10/07 01:36:11.446, 0 %, 1453 MiB, 40, 11.14 W
2026/10/07 01:36:21.464, 0 %, 1453 MiB, 40, 11.30 W
2026/10/07 01:36:31.471, 0 %, 1453 MiB, 40, 11.21 W
2026/10/07 01:36:41.472, 2 %, 1452 MiB, 40, 11.18 W
2026/10/07 01:36:51.486, 0 %, 1452 MiB, 40, 11.18 W
2026/10/07 01:37:01.492, 0 %, 1452 MiB, 40, 11.09 W
2026/10/07 01:37:11.498, 0 %, 1450 MiB, 40, 11.15 W
2026/10/07 01:37:21.504, 0 %, 1451 MiB, 40, 11.17 W
2026/10/07 01:37:31.521, 0 %, 1451 MiB, 40, 11.22 W
2026/10/07 01:37:41.530, 0 %, 1451 MiB, 40, 11.26 W
2026/10/07 01:37:51.533, 2 %, 1451 MiB, 40, 11.26 W
2026/10/07 01:38:01.547, 0 %, 1451 MiB, 40, 11.21 W
2026/10/07 01:38:11.562, 0 %, 1451 MiB, 40, 11.14 W
2026/10/07 01:38:21.574, 0 %, 1451 MiB, 40, 11.23 W
2026/10/07 01:38:31.577, 0 %, 1451 MiB, 40, 11.10 W
2026/10/07 01:38:41.583, 0 %, 1451 MiB, 40, 11.18 W
2026/10/07 01:38:51.603, 0 %, 1451 MiB, 40, 11.13 W
2026/10/07 01:39:01.610, 0 %, 1451 MiB, 40, 11.19 W
2026/10/07 01:39:11.619, 0 %, 1451 MiB, 40, 11.22 W
2026/10/07 01:39:21.629, 2 %, 1451 MiB, 40, 11.16 W
2026/10/07 01:39:31.639, 0 %, 1451 MiB, 40, 11.16 W
2026/10/07 01:39:41.648, 0 %, 1451 MiB, 40, 11.23 W
2026/10/07 01:39:51.654, 0 %, 1451 MiB, 40, 11.17 W
2026/10/07 01:40:01.670, 0 %, 1451 MiB, 40, 11.19 W
2026/10/07 01:40:11.683, 0 %, 1451 MiB, 40, 11.15 W
2026/10/07 01:40:21.691, 0 %, 1451 MiB, 40, 11.23 W
2026/10/07 01:40:31.703, 2 %, 1451 MiB, 40, 11.25 W
2026/10/07 01:40:41.707, 0 %, 1451 MiB, 40, 11.13 W
2026/10/07 01:40:51.716, 0 %, 1451 MiB, 40, 11.09 W
2026/10/07 01:41:01.728, 0 %, 1451 MiB, 40, 11.05 W
2026/10/07 01:41:11.738, 0 %, 1451 MiB, 40, 11.10 W
2026/10/07 01:41:21.757, 0 %, 1451 MiB, 40, 11.06 W
2026/10/07 01:41:31.773, 0 %, 1451 MiB, 40, 11.15 W
2026/10/07 01:41:41.785, 2 %, 1451 MiB, 40, 11.12 W
2026/10/07 01:41:51.797, 0 %, 1451 MiB, 40, 11.14 W
2026/10/07 01:42:01.806, 0 %, 1451 MiB, 40, 11.14 W
2026/10/07 01:42:11.823, 0 %, 1451 MiB, 40, 11.15 W
2026/10/07 01:42:21.833, 0 %, 1451 MiB, 40, 11.12 W
2026/10/07 01:42:31.842, 0 %, 1451 MiB, 40, 11.16 W
2026/10/07 01:42:41.854, 0 %, 1451 MiB, 40, 11.29 W
2026/10/07 01:42:51.876, 0 %, 1451 MiB, 40, 11.18 W
2026/10/07 01:43:01.893, 2 %, 1451 MiB, 40, 11.16 W
2026/10/07 01:43:11.899, 0 %, 1451 MiB, 40, 11.27 W
2026/10/07 01:43:21.917, 0 %, 1451 MiB, 40, 11.27 W
2026/10/07 01:43:31.921, 0 %, 1451 MiB, 40, 11.22 W
2026/10/07 01:43:41.927, 0 %, 1451 MiB, 40, 11.31 W
2026/10/07 01:43:51.938, 0 %, 1451 MiB, 40, 11.15 W
2026/10/07 01:44:01.945, 0 %, 1451 MiB, 40, 11.21 W
2026/10/07 01:44:11.952, 2 %, 1451 MiB, 40, 11.22 W
2026/10/07 01:44:21.956, 2 %, 1451 MiB, 40, 11.36 W
2026/10/07 01:44:31.963, 0 %, 1451 MiB, 40, 11.26 W
2026/10/07 01:44:41.969, 0 %, 1451 MiB, 40, 11.19 W
2026/10/07 01:44:51.987, 0 %, 1451 MiB, 40, 11.16 W
2026/10/07 01:45:01.993, 0 %, 1451 MiB, 40, 11.20 W
2026/10/07 01:45:12.001, 0 %, 1451 MiB, 40, 11.10 W
2026/10/07 01:45:22.017, 0 %, 1451 MiB, 40, 11.22 W
2026/10/07 01:45:32.026, 2 %, 1454 MiB, 40, 11.30 W
2026/10/07 01:45:42.029, 0 %, 1451 MiB, 40, 11.15 W
2026/10/07 01:45:52.043, 0 %, 1451 MiB, 40, 11.25 W
2026/10/07 01:46:02.051, 0 %, 1451 MiB, 40, 11.28 W
2026/10/07 01:46:12.062, 0 %, 1451 MiB, 40, 11.23 W
2026/10/07 01:46:22.068, 0 %, 1451 MiB, 40, 11.15 W
2026/10/07 01:46:32.098, 0 %, 1451 MiB, 40, 11.11 W
2026/10/07 01:46:42.110, 4 %, 1470 MiB, 40, 12.02 W
2026/10/07 01:46:52.121, 2 %, 1454 MiB, 40, 11.30 W
2026/10/07 01:47:02.131, 2 %, 1454 MiB, 40, 11.26 W
2026/10/07 01:47:12.148, 0 %, 1454 MiB, 40, 11.16 W
2026/10/07 01:47:22.175, 0 %, 1454 MiB, 40, 11.18 W
2026/10/07 01:47:32.182, 0 %, 1454 MiB, 40, 11.21 W
2026/10/07 01:47:42.187, 0 %, 1454 MiB, 40, 11.20 W
2026/10/07 01:47:52.198, 0 %, 1454 MiB, 40, 11.32 W
2026/10/07 01:48:02.205, 2 %, 1454 MiB, 40, 11.29 W
2026/10/07 01:48:12.209, 2 %, 1454 MiB, 40, 11.30 W
2026/10/07 01:48:22.225, 0 %, 1454 MiB, 40, 11.31 W
2026/10/07 01:48:32.241, 0 %, 1454 MiB, 40, 11.24 W
2026/10/07 01:48:42.252, 0 %, 1454 MiB, 40, 11.21 W
2026/10/07 01:48:52.269, 0 %, 1454 MiB, 40, 11.19 W
2026/10/07 01:49:02.279, 0 %, 1454 MiB, 40, 11.23 W
2026/10/07 01:49:12.292, 0 %, 1454 MiB, 40, 11.24 W
2026/10/07 01:49:22.295, 2 %, 1454 MiB, 40, 11.20 W
2026/10/07 01:49:32.298, 0 %, 1454 MiB, 40, 11.19 W
2026/10/07 01:49:42.324, 0 %, 1454 MiB, 40, 11.15 W
2026/10/07 01:49:52.338, 0 %, 1454 MiB, 40, 11.16 W
2026/10/07 01:50:02.358, 0 %, 1454 MiB, 40, 11.22 W
2026/10/07 01:50:12.368, 0 %, 1454 MiB, 40, 11.18 W
2026/10/07 01:50:22.374, 0 %, 1454 MiB, 40, 11.13 W
2026/10/07 01:50:32.387, 0 %, 1454 MiB, 40, 11.12 W
2026/10/07 01:50:42.411, 2 %, 1454 MiB, 40, 11.13 W
2026/10/07 01:50:52.427, 0 %, 1454 MiB, 40, 11.15 W
2026/10/07 01:51:02.439, 0 %, 1454 MiB, 40, 11.21 W
2026/10/07 01:51:12.444, 0 %, 1454 MiB, 40, 11.19 W
2026/10/07 01:51:22.449, 0 %, 1454 MiB, 40, 11.09 W
2026/10/07 01:51:32.461, 0 %, 1454 MiB, 40, 11.16 W
2026/10/07 01:51:42.473, 0 %, 1454 MiB, 40, 11.11 W
2026/10/07 01:51:52.475, 2 %, 1454 MiB, 40, 11.09 W
2026/10/07 01:52:02.500, 0 %, 1454 MiB, 40, 11.21 W
2026/10/07 01:52:12.505, 0 %, 1454 MiB, 40, 11.14 W
2026/10/07 01:52:22.518, 0 %, 1454 MiB, 40, 11.19 W
2026/10/07 01:52:32.535, 0 %, 1454 MiB, 40, 11.10 W
2026/10/07 01:52:42.546, 0 %, 1454 MiB, 40, 11.22 W
2026/10/07 01:52:52.553, 0 %, 1454 MiB, 40, 11.17 W
2026/10/07 01:53:02.561, 2 %, 1454 MiB, 40, 11.21 W
2026/10/07 01:53:12.568, 2 %, 1454 MiB, 40, 11.20 W
2026/10/07 01:53:22.578, 0 %, 1454 MiB, 40, 11.29 W
2026/10/07 01:53:32.587, 0 %, 1454 MiB, 40, 11.21 W
2026/10/07 01:53:42.602, 0 %, 1454 MiB, 40, 11.21 W
2026/10/07 01:53:52.612, 0 %, 1454 MiB, 40, 11.15 W
2026/10/07 01:54:02.620, 0 %, 1454 MiB, 40, 11.17 W
2026/10/07 01:54:12.634, 0 %, 1454 MiB, 40, 11.18 W
2026/10/07 01:54:22.640, 0 %, 1454 MiB, 40, 11.18 W
2026/10/07 01:54:32.646, 2 %, 1454 MiB, 40, 11.13 W
2026/10/07 01:54:42.656, 0 %, 1454 MiB, 40, 11.18 W
2026/10/07 01:54:52.676, 0 %, 1454 MiB, 40, 11.18 W
2026/10/07 01:55:02.683, 0 %, 1454 MiB, 40, 11.14 W
2026/10/07 01:55:12.697, 0 %, 1454 MiB, 40, 11.15 W
2026/10/07 01:55:22.713, 0 %, 1456 MiB, 40, 11.14 W
2026/10/07 01:55:32.726, 0 %, 1454 MiB, 40, 11.14 W
2026/10/07 01:55:42.737, 2 %, 1454 MiB, 40, 11.06 W
2026/10/07 01:55:52.740, 2 %, 1454 MiB, 40, 11.05 W
2026/10/07 01:56:02.745, 0 %, 1454 MiB, 40, 11.02 W
2026/10/07 01:56:12.763, 0 %, 1454 MiB, 40, 10.99 W
2026/10/07 01:56:22.781, 0 %, 1454 MiB, 40, 11.08 W
2026/10/07 01:56:32.784, 0 %, 1454 MiB, 40, 11.08 W
2026/10/07 01:56:42.793, 0 %, 1454 MiB, 40, 11.06 W
2026/10/07 01:56:52.802, 1 %, 1454 MiB, 40, 11.07 W
2026/10/07 01:57:02.810, 2 %, 1454 MiB, 40, 11.11 W
2026/10/07 01:57:12.825, 0 %, 1454 MiB, 40, 11.08 W
2026/10/07 01:57:22.838, 0 %, 1454 MiB, 40, 11.12 W
2026/10/07 01:57:32.848, 0 %, 1454 MiB, 40, 11.12 W
2026/10/07 01:57:42.852, 0 %, 1454 MiB, 40, 11.11 W
2026/10/07 01:57:52.865, 0 %, 1454 MiB, 40, 11.11 W
2026/10/07 01:58:02.868, 0 %, 1454 MiB, 40, 11.04 W
2026/10/07 01:58:12.880, 2 %, 1454 MiB, 40, 11.16 W
2026/10/07 01:58:22.887, 0 %, 1454 MiB, 40, 11.20 W
2026/10/07 01:58:32.896, 0 %, 1454 MiB, 40, 11.13 W
2026/10/07 01:58:42.899, 0 %, 1454 MiB, 40, 11.09 W
2026/10/07 01:58:52.908, 0 %, 1454 MiB, 40, 11.06 W
2026/10/07 01:59:02.920, 0 %, 1454 MiB, 40, 11.10 W
2026/10/07 01:59:12.926, 0 %, 1454 MiB, 40, 11.06 W
2026/10/07 01:59:22.935, 0 %, 1454 MiB, 40, 11.04 W
2026/10/07 01:59:32.941, 2 %, 1454 MiB, 40, 11.03 W
2026/10/07 01:59:42.947, 0 %, 1454 MiB, 40, 11.09 W
2026/10/07 01:59:52.973, 0 %, 1454 MiB, 40, 11.02 W
2026/10/07 02:00:02.983, 0 %, 1454 MiB, 40, 11.17 W
2026/10/07 02:00:12.987, 0 %, 1454 MiB, 40, 11.06 W
2026/10/07 02:00:22.992, 0 %, 1453 MiB, 40, 11.15 W
2026/10/07 02:00:33.001, 0 %, 1453 MiB, 40, 11.12 W
2026/10/07 02:00:43.009, 2 %, 1453 MiB, 40, 11.09 W
2026/10/07 02:00:53.022, 1 %, 1453 MiB, 40, 11.15 W
2026/10/07 02:01:03.039, 0 %, 1456 MiB, 40, 11.08 W
2026/10/07 02:01:13.050, 0 %, 1453 MiB, 40, 11.03 W
2026/10/07 02:01:23.058, 0 %, 1453 MiB, 40, 11.12 W
2026/10/07 02:01:33.067, 0 %, 1453 MiB, 40, 11.21 W
2026/10/07 02:01:43.068, 0 %, 1453 MiB, 40, 11.18 W
2026/10/07 02:01:53.083, 2 %, 1453 MiB, 40, 11.07 W
2026/10/07 02:02:03.101, 1 %, 1453 MiB, 40, 11.15 W
2026/10/07 02:02:13.131, 0 %, 1453 MiB, 40, 11.09 W
2026/10/07 02:02:23.150, 0 %, 1453 MiB, 40, 11.24 W
2026/10/07 02:02:33.155, 0 %, 1453 MiB, 40, 11.19 W
2026/10/07 02:02:43.163, 0 %, 1454 MiB, 40, 11.20 W
2026/10/07 02:02:53.167, 0 %, 1600 MiB, 40, 11.98 W
2026/10/07 02:03:03.185, 0 %, 1600 MiB, 40, 11.24 W
2026/10/07 02:03:13.196, 0 %, 1600 MiB, 40, 11.40 W
2026/10/07 02:03:23.214, 2 %, 1600 MiB, 40, 11.32 W
2026/10/07 02:03:33.220, 0 %, 1600 MiB, 40, 11.36 W
2026/10/07 02:03:43.236, 0 %, 1600 MiB, 40, 11.30 W
2026/10/07 02:03:53.245, 0 %, 1592 MiB, 41, 15.47 W
2026/10/07 02:04:03.256, 0 %, 1592 MiB, 40, 11.29 W
2026/10/07 02:04:13.274, 0 %, 1592 MiB, 40, 11.17 W
2026/10/07 02:04:23.278, 0 %, 1592 MiB, 40, 11.26 W
2026/10/07 02:04:33.283, 2 %, 1592 MiB, 40, 11.17 W
2026/10/07 02:04:43.296, 0 %, 1592 MiB, 40, 11.30 W
2026/10/07 02:04:53.303, 0 %, 1592 MiB, 40, 11.24 W
2026/10/07 02:05:03.324, 0 %, 1592 MiB, 40, 11.13 W
2026/10/07 02:05:13.341, 0 %, 1592 MiB, 40, 11.26 W
2026/10/07 02:05:23.355, 0 %, 1594 MiB, 40, 11.20 W
2026/10/07 02:05:33.359, 0 %, 1592 MiB, 40, 11.16 W
2026/10/07 02:05:43.365, 2 %, 1592 MiB, 40, 11.25 W
2026/10/07 02:05:53.381, 2 %, 1592 MiB, 40, 11.25 W
2026/10/07 02:06:03.407, 0 %, 1592 MiB, 40, 11.18 W
2026/10/07 02:06:13.425, 0 %, 1592 MiB, 40, 11.20 W
2026/10/07 02:06:23.427, 0 %, 1592 MiB, 40, 11.27 W
2026/10/07 02:06:33.436, 0 %, 1592 MiB, 40, 11.14 W
2026/10/07 02:06:43.442, 0 %, 1592 MiB, 40, 11.20 W
2026/10/07 02:06:53.467, 0 %, 1592 MiB, 40, 11.11 W
2026/10/07 02:07:03.472, 0 %, 1592 MiB, 40, 11.16 W
2026/10/07 02:07:13.484, 2 %, 1592 MiB, 40, 11.23 W
2026/10/07 02:07:23.503, 0 %, 1592 MiB, 40, 11.12 W
2026/10/07 02:07:33.514, 0 %, 1592 MiB, 40, 11.28 W
2026/10/07 02:07:43.520, 0 %, 1592 MiB, 40, 11.21 W
2026/10/07 02:07:53.533, 0 %, 1592 MiB, 40, 11.25 W
2026/10/07 02:08:03.539, 0 %, 1592 MiB, 40, 11.13 W
2026/10/07 02:08:13.544, 0 %, 1592 MiB, 40, 11.20 W
2026/10/07 02:08:23.552, 2 %, 1592 MiB, 40, 11.23 W
2026/10/07 02:08:33.560, 0 %, 1592 MiB, 40, 11.24 W
2026/10/07 02:08:43.564, 0 %, 1592 MiB, 40, 11.17 W
2026/10/07 02:08:53.585, 0 %, 1592 MiB, 40, 11.22 W
2026/10/07 02:09:03.602, 0 %, 1592 MiB, 40, 11.11 W
2026/10/07 02:09:13.622, 0 %, 1592 MiB, 40, 11.31 W
2026/10/07 02:09:23.636, 0 %, 1592 MiB, 40, 11.09 W
2026/10/07 02:09:33.654, 2 %, 1592 MiB, 40, 11.10 W
2026/10/07 02:09:43.656, 0 %, 1592 MiB, 40, 11.03 W
2026/10/07 02:09:53.670, 0 %, 1592 MiB, 40, 11.05 W
2026/10/07 02:10:03.672, 0 %, 1592 MiB, 40, 11.09 W
2026/10/07 02:10:13.682, 0 %, 1592 MiB, 40, 11.16 W
2026/10/07 02:10:23.694, 0 %, 1592 MiB, 40, 11.09 W
2026/10/07 02:10:33.702, 0 %, 1592 MiB, 40, 11.09 W
2026/10/07 02:10:43.714, 0 %, 1592 MiB, 40, 11.08 W
2026/10/07 02:10:53.735, 0 %, 1592 MiB, 40, 11.16 W
2026/10/07 02:11:03.760, 5 %, 1592 MiB, 40, 11.24 W
2026/10/07 02:11:13.778, 0 %, 1592 MiB, 40, 11.06 W
2026/10/07 02:11:23.791, 0 %, 1592 MiB, 40, 11.04 W
2026/10/07 02:11:33.820, 0 %, 1592 MiB, 40, 11.07 W
2026/10/07 02:11:43.829, 0 %, 1592 MiB, 40, 11.09 W
2026/10/07 02:11:53.843, 0 %, 1592 MiB, 40, 11.11 W
2026/10/07 02:12:03.846, 0 %, 1592 MiB, 40, 10.99 W
2026/10/07 02:12:13.854, 2 %, 1592 MiB, 40, 11.09 W
2026/10/07 02:12:23.863, 0 %, 1592 MiB, 40, 11.05 W
2026/10/07 02:12:33.872, 0 %, 1592 MiB, 40, 11.04 W
2026/10/07 02:12:43.881, 0 %, 1592 MiB, 40, 11.07 W
2026/10/07 02:12:53.888, 0 %, 1592 MiB, 40, 11.05 W
2026/10/07 02:13:03.891, 0 %, 1592 MiB, 40, 11.02 W
2026/10/07 02:13:13.900, 0 %, 1592 MiB, 40, 11.00 W
2026/10/07 02:13:23.910, 2 %, 1592 MiB, 40, 11.05 W
2026/10/07 02:13:33.930, 0 %, 1592 MiB, 40, 11.02 W
2026/10/07 02:13:43.940, 0 %, 1592 MiB, 40, 11.02 W
2026/10/07 02:13:53.946, 0 %, 1592 MiB, 40, 11.01 W
2026/10/07 02:14:03.954, 0 %, 1592 MiB, 40, 10.98 W
2026/10/07 02:14:13.974, 0 %, 1592 MiB, 40, 11.02 W
2026/10/07 02:14:23.988, 0 %, 1592 MiB, 40, 11.04 W
2026/10/07 02:14:33.990, 0 %, 1592 MiB, 40, 11.01 W
2026/10/07 02:14:44.001, 0 %, 1592 MiB, 40, 11.06 W
2026/10/07 02:14:54.010, 2 %, 1592 MiB, 40, 11.18 W
2026/10/07 02:15:04.024, 0 %, 1592 MiB, 40, 11.17 W
2026/10/07 02:15:14.042, 0 %, 1592 MiB, 40, 11.14 W
2026/10/07 02:15:24.048, 0 %, 1592 MiB, 40, 11.23 W
2026/10/07 02:15:34.060, 0 %, 1592 MiB, 40, 11.15 W
2026/10/07 02:15:44.079, 0 %, 1592 MiB, 40, 11.11 W
2026/10/07 02:15:54.084, 2 %, 1592 MiB, 40, 11.19 W
2026/10/07 02:16:04.094, 2 %, 1592 MiB, 40, 11.09 W
2026/10/07 02:16:14.104, 0 %, 1592 MiB, 40, 11.06 W
2026/10/07 02:16:24.111, 0 %, 1592 MiB, 40, 11.13 W
2026/10/07 02:16:34.114, 0 %, 1594 MiB, 40, 11.11 W
2026/10/07 02:16:44.132, 0 %, 1592 MiB, 40, 11.08 W
2026/10/07 02:16:54.162, 0 %, 1592 MiB, 40, 11.10 W
2026/10/07 02:17:04.173, 0 %, 1592 MiB, 40, 11.10 W
2026/10/07 02:17:14.179, 2 %, 1592 MiB, 40, 11.21 W
2026/10/07 02:17:24.189, 0 %, 1592 MiB, 40, 11.13 W
2026/10/07 02:17:34.197, 0 %, 1592 MiB, 40, 11.17 W
2026/10/07 02:17:44.206, 0 %, 1592 MiB, 40, 11.19 W
2026/10/07 02:17:54.210, 0 %, 1592 MiB, 40, 11.14 W
2026/10/07 02:18:04.223, 0 %, 1592 MiB, 40, 11.24 W
2026/10/07 02:18:14.239, 0 %, 1592 MiB, 40, 11.18 W
2026/10/07 02:18:24.249, 1 %, 1592 MiB, 40, 11.15 W
2026/10/07 02:18:34.255, 2 %, 1592 MiB, 40, 11.12 W
2026/10/07 02:18:44.269, 2 %, 1592 MiB, 40, 11.12 W
2026/10/07 02:18:54.286, 0 %, 1592 MiB, 40, 11.10 W
2026/10/07 02:19:04.302, 0 %, 1592 MiB, 40, 11.24 W
2026/10/07 02:19:14.323, 0 %, 1592 MiB, 40, 11.10 W
2026/10/07 02:19:24.324, 0 %, 1592 MiB, 40, 11.16 W
2026/10/07 02:19:34.336, 0 %, 1592 MiB, 40, 11.27 W
2026/10/07 02:19:44.350, 2 %, 1592 MiB, 40, 11.12 W
2026/10/07 02:19:54.374, 2 %, 1592 MiB, 40, 11.17 W
2026/10/07 02:20:04.394, 0 %, 1592 MiB, 40, 11.14 W
2026/10/07 02:20:14.405, 0 %, 1592 MiB, 40, 11.21 W
2026/10/07 02:20:24.417, 0 %, 1592 MiB, 40, 11.07 W
2026/10/07 02:20:34.430, 0 %, 1592 MiB, 40, 11.10 W
2026/10/07 02:20:44.443, 0 %, 1592 MiB, 40, 11.25 W
2026/10/07 02:20:54.454, 0 %, 1592 MiB, 40, 11.12 W
2026/10/07 02:21:04.456, 2 %, 1592 MiB, 40, 11.15 W
2026/10/07 02:21:14.467, 0 %, 1592 MiB, 40, 11.10 W
2026/10/07 02:21:24.475, 0 %, 1592 MiB, 40, 11.01 W
2026/10/07 02:21:34.493, 0 %, 1592 MiB, 40, 11.15 W
2026/10/07 02:21:44.510, 0 %, 1592 MiB, 40, 11.18 W
2026/10/07 02:21:54.524, 0 %, 1592 MiB, 40, 11.17 W
2026/10/07 02:22:04.525, 0 %, 1592 MiB, 40, 11.08 W
2026/10/07 02:22:14.533, 2 %, 1592 MiB, 40, 11.16 W
2026/10/07 02:22:24.542, 0 %, 1592 MiB, 40, 11.19 W
2026/10/07 02:22:34.557, 0 %, 1592 MiB, 40, 11.04 W
2026/10/07 02:22:44.570, 0 %, 1592 MiB, 40, 11.15 W
2026/10/07 02:22:54.583, 0 %, 1592 MiB, 40, 11.01 W
2026/10/07 02:23:04.589, 0 %, 1592 MiB, 40, 11.05 W
2026/10/07 02:23:14.611, 0 %, 1592 MiB, 40, 11.08 W
2026/10/07 02:23:24.618, 0 %, 1592 MiB, 40, 11.11 W
2026/10/07 02:23:34.629, 2 %, 1592 MiB, 40, 11.09 W
2026/10/07 02:23:44.634, 2 %, 1592 MiB, 40, 11.11 W
2026/10/07 02:23:54.642, 0 %, 1592 MiB, 40, 11.08 W
2026/10/07 02:24:04.659, 0 %, 1592 MiB, 40, 11.07 W
2026/10/07 02:24:14.673, 0 %, 1592 MiB, 40, 11.13 W
2026/10/07 02:24:24.681, 0 %, 1592 MiB, 40, 11.12 W
2026/10/07 02:24:34.694, 0 %, 1592 MiB, 40, 11.10 W
2026/10/07 02:24:44.696, 2 %, 1592 MiB, 40, 11.25 W
2026/10/07 02:24:54.708, 2 %, 1592 MiB, 40, 11.19 W
2026/10/07 02:25:04.738, 0 %, 1592 MiB, 40, 11.15 W
2026/10/07 02:25:14.754, 0 %, 1592 MiB, 40, 11.11 W
2026/10/07 02:25:24.771, 0 %, 1592 MiB, 40, 11.17 W
2026/10/07 02:25:34.786, 0 %, 1592 MiB, 40, 11.12 W
2026/10/07 02:25:44.813, 0 %, 1592 MiB, 40, 11.20 W
2026/10/07 02:25:54.828, 0 %, 1592 MiB, 40, 11.15 W
2026/10/07 02:26:04.846, 2 %, 1592 MiB, 40, 11.14 W
2026/10/07 02:26:14.858, 0 %, 1592 MiB, 40, 11.17 W
2026/10/07 02:26:24.867, 0 %, 1592 MiB, 40, 11.12 W
2026/10/07 02:26:34.882, 0 %, 1592 MiB, 40, 11.17 W
2026/10/07 02:26:44.898, 0 %, 1592 MiB, 40, 11.13 W
2026/10/07 02:26:54.908, 0 %, 1592 MiB, 40, 11.20 W
2026/10/07 02:27:04.914, 0 %, 1592 MiB, 40, 11.17 W
2026/10/07 02:27:14.929, 0 %, 1592 MiB, 40, 11.21 W
2026/10/07 02:27:24.951, 2 %, 1592 MiB, 40, 11.19 W
2026/10/07 02:27:34.970, 2 %, 1592 MiB, 40, 11.28 W
2026/10/07 02:27:44.975, 0 %, 1592 MiB, 40, 11.23 W
2026/10/07 02:27:54.987, 0 %, 1592 MiB, 40, 11.11 W
2026/10/07 02:28:04.997, 0 %, 1592 MiB, 40, 11.08 W
2026/10/07 02:28:15.004, 0 %, 1592 MiB, 40, 11.09 W
2026/10/07 02:28:25.020, 0 %, 1592 MiB, 40, 11.12 W
2026/10/07 02:28:35.030, 1 %, 1592 MiB, 40, 11.22 W
2026/10/07 02:28:45.044, 2 %, 1592 MiB, 40, 11.23 W
2026/10/07 02:28:55.062, 0 %, 1592 MiB, 40, 11.20 W
2026/10/07 02:29:05.072, 0 %, 1592 MiB, 40, 11.15 W
2026/10/07 02:29:15.086, 0 %, 1592 MiB, 40, 11.15 W
2026/10/07 02:29:25.103, 0 %, 1592 MiB, 40, 11.19 W
2026/10/07 02:29:35.106, 0 %, 1592 MiB, 40, 11.20 W
2026/10/07 02:29:45.114, 2 %, 1592 MiB, 40, 11.24 W
2026/10/07 02:29:55.125, 2 %, 1592 MiB, 40, 11.18 W
2026/10/07 02:30:05.129, 0 %, 1592 MiB, 40, 11.15 W
2026/10/07 02:30:15.144, 0 %, 1592 MiB, 40, 11.31 W
2026/10/07 02:30:25.152, 0 %, 1592 MiB, 40, 11.29 W
2026/10/07 02:30:35.166, 0 %, 1592 MiB, 40, 11.40 W
2026/10/07 02:30:45.178, 0 %, 1592 MiB, 40, 11.30 W
2026/10/07 02:30:55.196, 0 %, 1592 MiB, 40, 11.14 W
2026/10/07 02:31:05.208, 0 %, 1592 MiB, 40, 11.26 W
2026/10/07 02:31:15.214, 2 %, 1592 MiB, 40, 11.26 W
2026/10/07 02:31:25.222, 0 %, 1592 MiB, 40, 11.26 W
2026/10/07 02:31:35.230, 0 %, 1592 MiB, 40, 11.25 W
2026/10/07 02:31:45.247, 0 %, 1592 MiB, 40, 11.23 W
2026/10/07 02:31:55.258, 0 %, 1592 MiB, 40, 11.28 W
2026/10/07 02:32:05.283, 0 %, 1592 MiB, 40, 11.31 W
2026/10/07 02:32:15.305, 0 %, 1592 MiB, 40, 11.16 W
2026/10/07 02:32:25.318, 2 %, 1592 MiB, 40, 11.21 W
2026/10/07 02:32:35.324, 1 %, 1592 MiB, 40, 11.19 W
2026/10/07 02:32:45.341, 0 %, 1592 MiB, 40, 11.09 W
2026/10/07 02:32:55.361, 0 %, 1592 MiB, 40, 11.29 W
2026/10/07 02:33:05.369, 0 %, 1592 MiB, 40, 11.13 W
2026/10/07 02:33:15.389, 0 %, 1592 MiB, 40, 11.19 W
2026/10/07 02:33:25.409, 0 %, 1592 MiB, 40, 11.26 W
2026/10/07 02:33:35.432, 2 %, 1592 MiB, 40, 11.15 W
2026/10/07 02:33:45.435, 2 %, 1592 MiB, 40, 11.22 W
2026/10/07 02:33:55.457, 0 %, 1592 MiB, 40, 11.28 W
2026/10/07 02:34:05.473, 0 %, 1592 MiB, 40, 11.19 W
2026/10/07 02:34:15.477, 0 %, 1592 MiB, 40, 11.19 W
2026/10/07 02:34:25.487, 0 %, 1592 MiB, 40, 11.12 W
2026/10/07 02:34:35.495, 0 %, 1592 MiB, 40, 11.15 W
2026/10/07 02:34:45.504, 0 %, 1592 MiB, 40, 11.63 W
2026/10/07 02:34:55.517, 0 %, 1592 MiB, 40, 11.24 W
2026/10/07 02:35:05.529, 2 %, 1592 MiB, 40, 11.18 W
2026/10/07 02:35:15.547, 0 %, 1592 MiB, 40, 11.33 W
2026/10/07 02:35:25.550, 0 %, 1592 MiB, 40, 11.20 W
2026/10/07 02:35:35.569, 0 %, 1592 MiB, 40, 11.34 W
2026/10/07 02:35:45.582, 0 %, 1592 MiB, 40, 11.21 W
2026/10/07 02:35:55.608, 0 %, 1592 MiB, 40, 11.21 W
2026/10/07 02:36:05.627, 0 %, 1592 MiB, 40, 11.26 W
2026/10/07 02:36:15.637, 2 %, 1592 MiB, 40, 11.31 W
2026/10/07 02:36:25.649, 0 %, 1592 MiB, 40, 11.19 W
2026/10/07 02:36:35.651, 0 %, 1591 MiB, 40, 11.22 W
2026/10/07 02:36:45.657, 0 %, 1591 MiB, 40, 11.05 W
2026/10/07 02:36:55.687, 0 %, 1591 MiB, 40, 11.23 W
2026/10/07 02:37:05.693, 0 %, 1591 MiB, 40, 11.19 W
2026/10/07 02:37:15.701, 0 %, 1591 MiB, 40, 11.23 W
2026/10/07 02:37:25.706, 2 %, 1591 MiB, 40, 11.21 W
2026/10/07 02:37:35.711, 0 %, 1591 MiB, 40, 11.15 W
2026/10/07 02:37:45.726, 0 %, 1591 MiB, 40, 11.18 W
2026/10/07 02:37:55.737, 0 %, 1591 MiB, 40, 11.10 W
2026/10/07 02:38:05.750, 0 %, 1591 MiB, 40, 11.19 W
2026/10/07 02:38:15.763, 0 %, 1591 MiB, 40, 11.13 W
2026/10/07 02:38:25.781, 0 %, 1591 MiB, 40, 11.14 W
2026/10/07 02:38:35.792, 2 %, 1591 MiB, 40, 11.13 W
2026/10/07 02:38:45.803, 0 %, 1591 MiB, 40, 11.22 W
2026/10/07 02:38:55.819, 2 %, 1591 MiB, 40, 11.22 W
2026/10/07 02:39:05.826, 0 %, 1591 MiB, 40, 11.29 W
2026/10/07 02:39:15.837, 0 %, 1591 MiB, 40, 11.23 W
2026/10/07 02:39:25.851, 0 %, 1591 MiB, 40, 11.34 W
2026/10/07 02:39:35.873, 0 %, 1591 MiB, 40, 11.32 W
2026/10/07 02:39:45.901, 0 %, 1591 MiB, 40, 11.30 W
2026/10/07 02:39:55.915, 0 %, 1591 MiB, 40, 11.27 W
2026/10/07 02:40:05.931, 2 %, 1591 MiB, 40, 11.23 W
2026/10/07 02:40:15.953, 0 %, 1591 MiB, 40, 11.27 W
2026/10/07 02:40:25.970, 0 %, 1591 MiB, 40, 11.27 W
2026/10/07 02:40:35.980, 0 %, 1591 MiB, 40, 11.13 W
2026/10/07 02:40:46.001, 0 %, 1591 MiB, 40, 11.64 W
2026/10/07 02:40:56.017, 0 %, 1591 MiB, 40, 11.30 W
2026/10/07 02:41:06.031, 0 %, 1591 MiB, 40, 11.28 W
2026/10/07 02:41:16.051, 2 %, 1591 MiB, 40, 11.19 W
2026/10/07 02:41:26.066, 1 %, 1591 MiB, 40, 11.20 W
2026/10/07 02:41:36.073, 0 %, 1591 MiB, 40, 11.25 W
2026/10/07 02:41:46.096, 0 %, 1591 MiB, 40, 11.19 W
2026/10/07 02:41:56.099, 8 %, 1591 MiB, 40, 11.23 W
2026/10/07 02:42:06.109, 0 %, 1591 MiB, 40, 11.19 W
2026/10/07 02:42:16.127, 0 %, 1591 MiB, 40, 11.26 W
2026/10/07 02:42:26.137, 2 %, 1593 MiB, 40, 11.16 W
2026/10/07 02:42:36.150, 2 %, 1591 MiB, 40, 11.22 W
2026/10/07 02:42:46.157, 2 %, 1591 MiB, 40, 11.18 W
2026/10/07 02:42:56.167, 0 %, 1591 MiB, 40, 11.15 W
2026/10/07 02:43:06.170, 0 %, 1591 MiB, 40, 11.20 W
2026/10/07 02:43:16.188, 0 %, 1591 MiB, 40, 11.36 W
2026/10/07 02:43:26.209, 0 %, 1591 MiB, 40, 11.25 W
2026/10/07 02:43:36.230, 0 %, 1591 MiB, 40, 11.20 W
2026/10/07 02:43:46.255, 2 %, 1591 MiB, 40, 11.23 W
2026/10/07 02:43:56.269, 2 %, 1591 MiB, 40, 11.15 W
2026/10/07 02:44:06.286, 0 %, 1591 MiB, 40, 11.19 W
2026/10/07 02:44:16.293, 0 %, 1591 MiB, 40, 11.20 W
2026/10/07 02:44:26.296, 6 %, 1591 MiB, 40, 11.61 W
2026/10/07 02:44:36.302, 0 %, 1591 MiB, 40, 11.13 W
2026/10/07 02:44:46.312, 0 %, 1591 MiB, 40, 11.16 W
2026/10/07 02:44:56.324, 0 %, 1591 MiB, 40, 11.24 W
2026/10/07 02:45:06.325, 2 %, 1591 MiB, 40, 11.26 W
2026/10/07 02:45:16.332, 0 %, 1591 MiB, 40, 11.18 W
2026/10/07 02:45:26.338, 0 %, 1591 MiB, 40, 11.14 W
2026/10/07 02:45:36.346, 0 %, 1591 MiB, 40, 11.12 W
2026/10/07 02:45:46.358, 0 %, 1591 MiB, 40, 11.14 W
2026/10/07 02:45:56.371, 0 %, 1591 MiB, 40, 11.24 W
2026/10/07 02:46:06.386, 0 %, 1591 MiB, 40, 11.15 W
2026/10/07 02:46:16.395, 2 %, 1591 MiB, 40, 11.20 W
2026/10/07 02:46:26.410, 0 %, 1591 MiB, 40, 11.27 W
2026/10/07 02:46:36.428, 0 %, 1591 MiB, 40, 11.14 W
2026/10/07 02:46:46.436, 4 %, 1608 MiB, 40, 12.12 W
2026/10/07 02:46:56.450, 0 %, 1593 MiB, 40, 11.26 W
2026/10/07 02:47:06.475, 4 %, 1595 MiB, 40, 12.03 W
2026/10/07 02:47:16.483, 4 %, 1595 MiB, 40, 12.07 W
2026/10/07 02:47:26.514, 1 %, 1595 MiB, 41, 22.16 W
2026/10/07 02:47:36.530, 0 %, 1595 MiB, 41, 30.23 W
2026/10/07 02:47:46.548, 0 %, 1603 MiB, 41, 11.40 W
2026/10/07 02:47:56.569, 0 %, 1595 MiB, 41, 11.28 W
2026/10/07 02:48:06.573, 0 %, 1595 MiB, 41, 11.18 W
2026/10/07 02:48:16.582, 0 %, 1595 MiB, 40, 11.20 W
2026/10/07 02:48:26.589, 0 %, 1595 MiB, 40, 11.15 W
2026/10/07 02:48:36.596, 0 %, 1595 MiB, 40, 11.22 W
2026/10/07 02:48:46.613, 0 %, 1595 MiB, 40, 11.14 W
2026/10/07 02:48:56.618, 2 %, 1595 MiB, 40, 11.13 W
2026/10/07 02:49:06.621, 0 %, 1595 MiB, 40, 11.11 W
2026/10/07 02:49:16.629, 0 %, 1595 MiB, 40, 11.20 W
2026/10/07 02:49:26.647, 0 %, 1595 MiB, 40, 11.24 W
2026/10/07 02:49:36.659, 0 %, 1595 MiB, 40, 11.23 W
2026/10/07 02:49:46.664, 0 %, 1595 MiB, 40, 11.19 W
2026/10/07 02:49:56.673, 0 %, 1595 MiB, 40, 11.16 W
2026/10/07 02:50:06.687, 2 %, 1595 MiB, 40, 11.17 W
2026/10/07 02:50:16.693, 0 %, 1595 MiB, 40, 11.20 W
2026/10/07 02:50:26.703, 0 %, 1595 MiB, 40, 11.24 W
2026/10/07 02:50:36.719, 0 %, 1595 MiB, 40, 11.15 W
2026/10/07 02:50:46.736, 0 %, 1595 MiB, 40, 11.27 W
2026/10/07 02:50:56.751, 0 %, 1595 MiB, 40, 11.22 W
2026/10/07 02:51:06.763, 0 %, 1595 MiB, 40, 11.08 W
2026/10/07 02:51:16.765, 0 %, 1595 MiB, 40, 11.23 W
2026/10/07 02:51:26.783, 2 %, 1595 MiB, 40, 11.27 W
2026/10/07 02:51:36.801, 1 %, 1595 MiB, 40, 11.20 W
2026/10/07 02:51:46.817, 0 %, 1595 MiB, 40, 11.26 W
2026/10/07 02:51:56.832, 0 %, 1595 MiB, 40, 11.15 W
2026/10/07 02:52:06.837, 0 %, 1595 MiB, 40, 11.13 W
2026/10/07 02:52:16.851, 0 %, 1595 MiB, 40, 11.15 W
2026/10/07 02:52:26.853, 0 %, 1595 MiB, 40, 11.23 W
2026/10/07 02:52:36.861, 2 %, 1595 MiB, 40, 11.11 W
2026/10/07 02:52:46.867, 2 %, 1595 MiB, 40, 11.27 W
2026/10/07 02:52:56.904, 0 %, 1595 MiB, 40, 11.17 W
2026/10/07 02:53:06.912, 0 %, 1595 MiB, 40, 11.25 W
2026/10/07 02:53:16.923, 0 %, 1595 MiB, 40, 11.21 W
2026/10/07 02:53:26.931, 0 %, 1595 MiB, 40, 11.25 W
2026/10/07 02:53:36.938, 0 %, 1595 MiB, 40, 11.14 W
2026/10/07 02:53:46.951, 0 %, 1595 MiB, 40, 11.22 W
2026/10/07 02:53:56.972, 2 %, 1595 MiB, 40, 11.26 W
2026/10/07 02:54:06.976, 0 %, 1595 MiB, 40, 11.24 W
2026/10/07 02:54:16.988, 0 %, 1595 MiB, 40, 11.16 W
2026/10/07 02:54:26.990, 0 %, 1595 MiB, 40, 11.17 W
2026/10/07 02:54:36.999, 0 %, 1595 MiB, 40, 11.10 W
2026/10/07 02:54:47.008, 0 %, 1595 MiB, 40, 11.11 W
2026/10/07 02:54:57.016, 0 %, 1595 MiB, 40, 11.21 W
2026/10/07 02:55:07.029, 0 %, 1595 MiB, 40, 11.14 W
2026/10/07 02:55:17.046, 2 %, 1595 MiB, 40, 11.22 W
2026/10/07 02:55:27.062, 2 %, 1595 MiB, 40, 11.19 W
2026/10/07 02:55:37.077, 0 %, 1595 MiB, 40, 11.18 W
2026/10/07 02:55:47.084, 0 %, 1595 MiB, 40, 11.21 W
2026/10/07 02:55:57.092, 0 %, 1595 MiB, 40, 11.20 W
2026/10/07 02:56:07.111, 0 %, 1595 MiB, 40, 11.22 W
2026/10/07 02:56:17.123, 0 %, 1595 MiB, 40, 11.25 W
2026/10/07 02:56:27.127, 0 %, 1595 MiB, 40, 11.20 W
2026/10/07 02:56:37.144, 2 %, 1595 MiB, 40, 11.20 W
2026/10/07 02:56:47.163, 0 %, 1595 MiB, 40, 11.23 W
2026/10/07 02:56:57.170, 0 %, 1595 MiB, 40, 11.44 W
2026/10/07 02:57:07.178, 0 %, 1595 MiB, 40, 11.31 W
2026/10/07 02:57:17.182, 0 %, 1595 MiB, 40, 11.33 W
2026/10/07 02:57:27.194, 0 %, 1595 MiB, 40, 11.23 W
2026/10/07 02:57:37.201, 0 %, 1595 MiB, 40, 11.28 W
2026/10/07 02:57:47.213, 2 %, 1595 MiB, 40, 11.26 W
2026/10/07 02:57:57.220, 0 %, 1595 MiB, 40, 11.21 W
2026/10/07 02:58:07.232, 8 %, 1595 MiB, 40, 11.66 W
2026/10/07 02:58:17.248, 0 %, 1595 MiB, 40, 11.10 W
2026/10/07 02:58:27.257, 0 %, 1595 MiB, 40, 11.09 W
2026/10/07 02:58:37.269, 0 %, 1595 MiB, 40, 11.19 W
2026/10/07 02:58:47.285, 2 %, 1595 MiB, 40, 11.17 W
2026/10/07 02:58:57.292, 0 %, 1595 MiB, 40, 11.19 W
2026/10/07 02:59:07.300, 2 %, 1595 MiB, 40, 11.16 W
2026/10/07 02:59:17.311, 0 %, 1595 MiB, 40, 11.23 W
2026/10/07 02:59:27.331, 0 %, 1595 MiB, 40, 11.23 W
2026/10/07 02:59:37.347, 0 %, 1595 MiB, 40, 11.30 W
2026/10/07 02:59:47.352, 0 %, 1595 MiB, 40, 11.30 W
2026/10/07 02:59:57.355, 0 %, 1595 MiB, 40, 11.23 W
2026/10/07 03:00:07.363, 0 %, 1595 MiB, 40, 11.24 W
2026/10/07 03:00:17.374, 2 %, 1595 MiB, 40, 11.31 W
2026/10/07 03:00:27.382, 0 %, 1595 MiB, 40, 11.35 W
2026/10/07 03:00:37.400, 0 %, 1595 MiB, 40, 11.22 W
2026/10/07 03:00:47.409, 0 %, 1595 MiB, 40, 11.68 W
2026/10/07 03:00:57.415, 0 %, 1595 MiB, 40, 11.24 W
2026/10/07 03:01:07.426, 0 %, 1595 MiB, 40, 11.21 W
2026/10/07 03:01:17.439, 0 %, 1595 MiB, 40, 11.29 W
2026/10/07 03:01:27.472, 2 %, 1595 MiB, 40, 11.20 W
2026/10/07 03:01:37.483, 2 %, 1595 MiB, 40, 11.36 W
2026/10/07 03:01:47.520, 0 %, 1595 MiB, 40, 11.25 W
2026/10/07 03:01:57.527, 0 %, 1595 MiB, 40, 11.24 W
2026/10/07 03:02:07.537, 0 %, 1595 MiB, 40, 11.27 W
2026/10/07 03:02:17.543, 0 %, 1595 MiB, 40, 11.22 W
2026/10/07 03:02:27.562, 0 %, 1595 MiB, 40, 11.26 W
2026/10/07 03:02:37.572, 0 %, 1595 MiB, 40, 11.17 W
2026/10/07 03:02:47.581, 2 %, 1595 MiB, 40, 11.28 W
2026/10/07 03:02:57.588, 2 %, 1595 MiB, 40, 11.20 W
2026/10/07 03:03:07.605, 0 %, 1595 MiB, 40, 11.42 W
2026/10/07 03:03:17.626, 0 %, 1595 MiB, 40, 11.22 W
2026/10/07 03:03:27.632, 4 %, 1603 MiB, 40, 12.35 W
2026/10/07 03:03:37.639, 0 %, 1595 MiB, 40, 11.16 W
2026/10/07 03:03:47.657, 0 %, 1595 MiB, 40, 11.15 W
2026/10/07 03:03:57.665, 0 %, 1595 MiB, 40, 11.15 W
2026/10/07 03:04:07.683, 2 %, 1595 MiB, 40, 11.11 W
2026/10/07 03:04:17.696, 1 %, 1595 MiB, 40, 11.09 W
2026/10/07 03:04:27.708, 0 %, 1595 MiB, 40, 11.14 W
2026/10/07 03:04:37.711, 0 %, 1595 MiB, 40, 11.24 W
2026/10/07 03:04:47.721, 0 %, 1593 MiB, 40, 11.28 W
2026/10/07 03:04:57.732, 0 %, 1593 MiB, 40, 11.19 W
2026/10/07 03:05:07.733, 0 %, 1593 MiB, 40, 11.11 W
2026/10/07 03:05:17.741, 2 %, 1593 MiB, 40, 11.15 W
2026/10/07 03:05:27.745, 2 %, 1593 MiB, 40, 11.31 W
2026/10/07 03:05:37.755, 0 %, 1593 MiB, 40, 11.21 W
2026/10/07 03:05:47.763, 0 %, 1593 MiB, 40, 11.16 W
2026/10/07 03:05:57.773, 0 %, 1593 MiB, 40, 11.22 W
2026/10/07 03:06:07.783, 0 %, 1593 MiB, 40, 11.46 W
2026/10/07 03:06:17.790, 0 %, 1593 MiB, 40, 11.12 W
2026/10/07 03:06:27.799, 0 %, 1593 MiB, 40, 11.12 W
2026/10/07 03:06:37.802, 2 %, 1593 MiB, 40, 11.13 W
2026/10/07 03:06:47.820, 0 %, 1593 MiB, 40, 11.13 W
2026/10/07 03:06:57.837, 0 %, 1593 MiB, 40, 11.14 W
2026/10/07 03:07:07.858, 0 %, 1593 MiB, 40, 11.25 W
2026/10/07 03:07:17.879, 0 %, 1593 MiB, 40, 11.16 W
2026/10/07 03:07:27.889, 0 %, 1593 MiB, 40, 11.08 W
2026/10/07 03:07:37.896, 0 %, 1593 MiB, 40, 11.20 W
2026/10/07 03:07:47.901, 0 %, 1593 MiB, 40, 11.23 W
2026/10/07 03:07:57.932, 2 %, 1593 MiB, 40, 11.17 W
2026/10/07 03:08:07.935, 0 %, 1593 MiB, 40, 11.18 W
2026/10/07 03:08:17.955, 0 %, 1593 MiB, 40, 11.16 W
2026/10/07 03:08:27.973, 0 %, 1593 MiB, 40, 11.15 W
2026/10/07 03:08:37.982, 0 %, 1770 MiB, 41, 30.56 W
2026/10/07 03:08:47.993, 100 %, 3555 MiB, 61, 199.40 W
2026/10/07 03:08:58.000, 100 %, 3555 MiB, 64, 165.93 W
2026/10/07 03:09:08.015, 100 %, 3555 MiB, 55, 180.97 W
2026/10/07 03:09:18.018, 100 %, 3549 MiB, 66, 179.54 W
2026/10/07 03:09:28.027, 100 %, 3549 MiB, 68, 163.32 W
2026/10/07 03:09:38.035, 100 %, 3549 MiB, 66, 169.13 W
2026/10/07 03:09:48.043, 0 %, 2341 MiB, 56, 148.12 W
2026/10/07 03:09:58.055, 100 %, 3549 MiB, 68, 168.63 W
2026/10/07 03:10:08.062, 100 %, 3549 MiB, 71, 199.60 W
2026/10/07 03:10:18.066, 100 %, 3549 MiB, 72, 199.41 W
2026/10/07 03:10:28.076, 100 %, 3549 MiB, 70, 195.64 W
2026/10/07 03:10:38.084, 100 %, 3549 MiB, 72, 198.79 W
2026/10/07 03:10:48.091, 100 %, 3549 MiB, 73, 194.98 W
2026/10/07 03:10:58.098, 100 %, 3278 MiB, 72, 195.70 W
2026/10/07 03:11:08.104, 100 %, 3278 MiB, 73, 165.44 W
2026/10/07 03:11:18.120, 100 %, 3278 MiB, 72, 168.95 W
2026/10/07 03:11:28.125, 92 %, 2341 MiB, 68, 122.17 W
2026/10/07 03:11:38.128, 100 %, 3278 MiB, 72, 168.49 W
2026/10/07 03:11:48.134, 100 %, 3278 MiB, 73, 197.99 W
2026/10/07 03:11:58.146, 100 %, 3278 MiB, 74, 198.67 W
2026/10/07 03:12:08.153, 100 %, 3278 MiB, 73, 196.93 W
2026/10/07 03:12:18.160, 100 %, 3278 MiB, 74, 200.68 W
2026/10/07 03:12:28.166, 100 %, 3278 MiB, 74, 197.36 W
2026/10/07 03:12:38.173, 100 %, 3578 MiB, 72, 116.08 W
2026/10/07 03:12:48.186, 100 %, 3578 MiB, 70, 168.35 W
2026/10/07 03:12:58.194, 100 %, 2353 MiB, 62, 99.66 W
2026/10/07 03:13:08.200, 100 %, 3578 MiB, 68, 169.04 W
2026/10/07 03:13:18.203, 100 %, 3578 MiB, 74, 168.24 W
2026/10/07 03:13:28.219, 100 %, 3578 MiB, 74, 166.55 W
2026/10/07 03:13:38.234, 100 %, 3578 MiB, 74, 196.91 W
2026/10/07 03:13:48.243, 100 %, 3692 MiB, 68, 163.74 W
2026/10/07 03:13:58.251, 100 %, 3692 MiB, 66, 183.49 W
2026/10/07 03:14:08.261, 100 %, 3692 MiB, 75, 199.97 W
2026/10/07 03:14:18.277, 100 %, 3692 MiB, 75, 195.43 W
2026/10/07 03:14:28.291, 100 %, 2354 MiB, 73, 133.05 W
2026/10/07 03:14:38.298, 100 %, 3692 MiB, 75, 196.84 W
2026/10/07 03:14:48.305, 100 %, 3692 MiB, 75, 199.90 W
2026/10/07 03:14:58.311, 100 %, 3692 MiB, 75, 197.30 W
2026/10/07 03:15:08.318, 100 %, 3692 MiB, 75, 163.04 W
2026/10/07 03:15:18.328, 100 %, 3692 MiB, 65, 190.07 W
2026/10/07 03:15:28.335, 100 %, 3692 MiB, 75, 199.22 W
2026/10/07 03:15:38.342, 100 %, 3692 MiB, 75, 193.91 W
2026/10/07 03:15:48.352, 100 %, 3692 MiB, 74, 163.13 W
2026/10/07 03:15:58.360, 7 %, 2354 MiB, 68, 59.95 W
2026/10/07 03:16:08.367, 100 %, 3311 MiB, 74, 196.74 W
2026/10/07 03:16:18.371, 100 %, 3311 MiB, 75, 164.54 W
2026/10/07 03:16:28.381, 100 %, 3311 MiB, 74, 168.32 W
2026/10/07 03:16:38.387, 100 %, 3311 MiB, 75, 198.92 W
2026/10/07 03:16:48.394, 100 %, 3311 MiB, 74, 195.24 W
2026/10/07 03:16:58.404, 100 %, 3311 MiB, 73, 164.26 W
2026/10/07 03:17:08.408, 100 %, 3311 MiB, 65, 173.69 W
2026/10/07 03:17:18.419, 100 %, 3311 MiB, 75, 199.85 W
2026/10/07 03:17:28.426, 100 %, 3122 MiB, 75, 198.96 W
2026/10/07 03:17:38.433, 100 %, 3311 MiB, 74, 165.95 W
2026/10/07 03:17:48.441, 100 %, 3311 MiB, 67, 185.76 W
2026/10/07 03:17:58.448, 100 %, 3311 MiB, 75, 200.05 W
2026/10/07 03:18:08.459, 100 %, 3311 MiB, 75, 196.05 W
2026/10/07 03:18:18.471, 100 %, 3491 MiB, 74, 199.01 W
2026/10/07 03:18:28.479, 100 %, 3490 MiB, 67, 166.09 W
2026/10/07 03:18:38.488, 30 %, 3490 MiB, 69, 91.59 W
2026/10/07 03:18:48.503, 0 %, 1785 MiB, 59, 119.65 W
2026/10/07 03:18:58.520, 100 %, 3581 MiB, 64, 185.09 W
2026/10/07 03:19:08.533, 100 %, 3581 MiB, 75, 199.34 W
2026/10/07 03:19:18.542, 100 %, 3581 MiB, 75, 196.24 W
2026/10/07 03:19:28.548, 100 %, 3581 MiB, 75, 198.38 W
2026/10/07 03:19:38.556, 100 %, 3581 MiB, 75, 195.74 W
2026/10/07 03:19:48.562, 100 %, 3581 MiB, 75, 163.42 W
2026/10/07 03:19:58.574, 100 %, 3581 MiB, 75, 196.24 W
2026/10/07 03:20:08.591, 100 %, 3581 MiB, 74, 163.67 W
2026/10/07 03:20:18.606, 100 %, 3581 MiB, 66, 171.56 W
2026/10/07 03:20:28.611, 0 %, 1785 MiB, 62, 155.03 W
2026/10/07 03:20:38.621, 100 %, 3285 MiB, 75, 198.98 W
2026/10/07 03:20:48.626, 100 %, 3285 MiB, 74, 199.46 W
2026/10/07 03:20:58.633, 100 %, 3285 MiB, 75, 180.37 W
2026/10/07 03:21:08.637, 100 %, 3285 MiB, 75, 196.58 W
2026/10/07 03:21:18.647, 100 %, 3285 MiB, 75, 165.84 W
2026/10/07 03:21:28.660, 100 %, 3285 MiB, 75, 168.96 W
2026/10/07 03:21:38.663, 100 %, 3285 MiB, 73, 165.81 W
2026/10/07 03:21:48.672, 100 %, 3285 MiB, 68, 170.36 W
2026/10/07 03:21:58.680, 100 %, 3285 MiB, 76, 199.81 W
2026/10/07 03:22:08.684, 100 %, 3285 MiB, 76, 199.60 W
2026/10/07 03:22:18.695, 100 %, 3538 MiB, 74, 199.17 W
2026/10/07 03:22:28.700, 100 %, 3538 MiB, 75, 182.64 W
2026/10/07 03:22:38.705, 100 %, 3538 MiB, 71, 169.06 W
2026/10/07 03:22:48.721, 100 %, 3573 MiB, 74, 165.63 W
2026/10/07 03:22:58.727, 100 %, 3573 MiB, 73, 167.77 W
2026/10/07 03:23:08.734, 100 %, 3573 MiB, 76, 198.54 W
2026/10/07 03:23:18.741, 100 %, 3574 MiB, 71, 167.11 W
2026/10/07 03:23:28.757, 100 %, 3574 MiB, 76, 197.71 W
2026/10/07 03:23:38.772, 100 %, 3574 MiB, 75, 198.21 W
2026/10/07 03:23:48.778, 100 %, 3574 MiB, 75, 195.37 W
2026/10/07 03:23:58.785, 100 %, 3574 MiB, 75, 200.08 W
2026/10/07 03:24:08.792, 100 %, 3574 MiB, 75, 196.04 W
2026/10/07 03:24:18.804, 100 %, 3574 MiB, 75, 166.02 W
2026/10/07 03:24:28.811, 100 %, 3283 MiB, 75, 164.90 W
2026/10/07 03:24:38.817, 100 %, 3283 MiB, 75, 169.18 W
2026/10/07 03:24:48.822, 100 %, 3283 MiB, 73, 198.53 W
2026/10/07 03:24:58.834, 100 %, 3283 MiB, 74, 167.95 W
2026/10/07 03:25:08.837, 100 %, 3283 MiB, 74, 198.77 W
2026/10/07 03:25:18.846, 100 %, 3283 MiB, 75, 199.05 W
2026/10/07 03:25:28.854, 100 %, 3283 MiB, 76, 194.60 W
2026/10/07 03:25:38.864, 100 %, 3283 MiB, 75, 199.07 W
2026/10/07 03:25:48.869, 100 %, 3283 MiB, 75, 196.66 W
2026/10/07 03:25:58.878, 100 %, 3283 MiB, 74, 163.80 W
2026/10/07 03:26:08.884, 100 %, 3690 MiB, 74, 199.10 W
2026/10/07 03:26:18.893, 100 %, 3690 MiB, 65, 181.61 W
2026/10/07 03:26:28.898, 100 %, 3690 MiB, 73, 124.94 W
2026/10/07 03:26:38.906, 100 %, 3690 MiB, 74, 169.61 W
2026/10/07 03:26:48.911, 100 %, 2353 MiB, 72, 139.80 W
2026/10/07 03:26:58.920, 100 %, 3690 MiB, 74, 166.18 W
2026/10/07 03:27:08.934, 100 %, 3690 MiB, 75, 196.50 W
2026/10/07 03:27:18.939, 100 %, 3836 MiB, 64, 169.01 W
2026/10/07 03:27:28.946, 100 %, 3836 MiB, 75, 199.15 W
2026/10/07 03:27:38.951, 100 %, 3836 MiB, 75, 199.07 W
2026/10/07 03:27:48.961, 100 %, 3836 MiB, 73, 171.17 W
2026/10/07 03:27:58.969, 100 %, 3836 MiB, 76, 169.46 W
2026/10/07 03:28:08.974, 100 %, 3836 MiB, 76, 196.86 W
2026/10/07 03:28:18.981, 100 %, 3836 MiB, 75, 198.92 W
2026/10/07 03:28:28.994, 100 %, 3836 MiB, 76, 195.10 W
2026/10/07 03:28:38.998, 100 %, 3836 MiB, 75, 167.99 W
2026/10/07 03:28:49.006, 100 %, 2357 MiB, 63, 90.62 W
2026/10/07 03:28:59.015, 100 %, 3836 MiB, 75, 198.41 W
2026/10/07 03:29:09.022, 100 %, 3836 MiB, 75, 168.37 W
2026/10/07 03:29:19.029, 100 %, 3836 MiB, 72, 169.11 W
2026/10/07 03:29:29.036, 100 %, 3836 MiB, 71, 196.57 W
2026/10/07 03:29:39.043, 100 %, 3836 MiB, 76, 200.46 W
2026/10/07 03:29:49.066, 100 %, 3836 MiB, 76, 194.35 W
2026/10/07 03:29:59.077, 100 %, 3836 MiB, 75, 163.36 W
2026/10/07 03:30:09.079, 100 %, 3836 MiB, 66, 170.56 W
2026/10/07 03:30:19.090, 100 %, 3836 MiB, 76, 199.38 W
2026/10/07 03:30:29.097, 100 %, 1917 MiB, 64, 132.01 W
2026/10/07 03:30:39.105, 100 %, 3836 MiB, 75, 164.01 W
2026/10/07 03:30:49.110, 100 %, 3836 MiB, 69, 187.92 W
2026/10/07 03:30:59.120, 100 %, 3836 MiB, 76, 199.40 W
2026/10/07 03:31:09.125, 100 %, 3836 MiB, 75, 196.58 W
2026/10/07 03:31:19.137, 100 %, 3836 MiB, 76, 192.70 W
2026/10/07 03:31:29.145, 100 %, 3836 MiB, 75, 163.83 W
2026/10/07 03:31:39.149, 100 %, 3836 MiB, 67, 173.61 W
2026/10/07 03:31:49.158, 100 %, 3836 MiB, 76, 199.19 W
2026/10/07 03:31:59.165, 100 %, 3836 MiB, 76, 196.86 W
2026/10/07 03:32:09.175, 100 %, 3360 MiB, 64, 145.42 W
2026/10/07 03:32:19.180, 100 %, 3360 MiB, 75, 199.33 W
2026/10/07 03:32:29.189, 100 %, 3360 MiB, 75, 198.22 W
2026/10/07 03:32:39.194, 100 %, 3360 MiB, 75, 177.71 W
2026/10/07 03:32:49.205, 100 %, 3360 MiB, 69, 169.29 W
2026/10/07 03:32:59.215, 100 %, 3360 MiB, 73, 194.77 W
2026/10/07 03:33:09.218, 100 %, 3360 MiB, 76, 199.96 W
2026/10/07 03:33:19.230, 100 %, 3360 MiB, 76, 194.67 W
2026/10/07 03:33:29.236, 100 %, 3360 MiB, 75, 165.78 W
2026/10/07 03:33:39.244, 100 %, 3360 MiB, 66, 168.82 W
2026/10/07 03:33:49.247, 100 %, 3360 MiB, 75, 198.88 W
2026/10/07 03:33:59.256, 100 %, 3360 MiB, 76, 174.15 W
2026/10/07 03:34:09.267, 100 %, 3360 MiB, 74, 165.41 W
2026/10/07 03:34:19.273, 100 %, 3360 MiB, 70, 196.73 W
2026/10/07 03:34:29.278, 100 %, 3360 MiB, 76, 199.78 W
2026/10/07 03:34:39.287, 100 %, 3360 MiB, 76, 194.32 W
2026/10/07 03:34:49.297, 100 %, 3360 MiB, 76, 165.63 W
2026/10/07 03:34:59.304, 100 %, 3360 MiB, 71, 172.09 W
2026/10/07 03:35:09.308, 100 %, 3360 MiB, 75, 199.44 W
2026/10/07 03:35:19.317, 100 %, 3360 MiB, 76, 198.83 W
2026/10/07 03:35:29.323, 100 %, 3360 MiB, 73, 167.26 W
2026/10/07 03:35:39.337, 100 %, 3360 MiB, 68, 196.42 W
2026/10/07 03:35:49.341, 100 %, 3360 MiB, 76, 199.73 W
2026/10/07 03:35:59.349, 100 %, 3360 MiB, 76, 197.98 W
2026/10/07 03:36:09.358, 100 %, 3360 MiB, 75, 165.28 W
2026/10/07 03:36:19.362, 100 %, 3360 MiB, 66, 168.61 W
2026/10/07 03:36:29.370, 100 %, 3360 MiB, 75, 199.62 W
2026/10/07 03:36:39.377, 100 %, 3360 MiB, 74, 197.43 W
2026/10/07 03:36:49.384, 100 %, 3360 MiB, 76, 168.39 W
2026/10/07 03:36:59.397, 100 %, 3360 MiB, 77, 170.50 W
2026/10/07 03:37:09.402, 100 %, 3628 MiB, 75, 199.22 W
2026/10/07 03:37:19.409, 100 %, 3628 MiB, 74, 197.46 W
2026/10/07 03:37:29.417, 0 %, 3141 MiB, 60, 118.38 W
2026/10/07 03:37:39.421, 0 %, 1789 MiB, 61, 171.15 W
2026/10/07 03:37:49.429, 100 %, 3699 MiB, 72, 164.23 W
2026/10/07 03:37:59.433, 100 %, 3699 MiB, 72, 169.48 W
2026/10/07 03:38:09.444, 100 %, 3699 MiB, 75, 199.77 W
2026/10/07 03:38:19.469, 100 %, 3699 MiB, 75, 198.27 W
2026/10/07 03:38:29.471, 100 %, 3699 MiB, 75, 166.35 W
2026/10/07 03:38:39.483, 100 %, 3699 MiB, 68, 167.07 W
2026/10/07 03:38:49.492, 100 %, 3699 MiB, 73, 196.58 W
2026/10/07 03:38:59.500, 100 %, 3699 MiB, 74, 198.84 W
2026/10/07 03:39:09.510, 100 %, 3699 MiB, 75, 172.93 W
2026/10/07 03:39:19.516, 100 %, 3699 MiB, 73, 167.16 W
2026/10/07 03:39:29.530, 100 %, 3699 MiB, 74, 196.17 W
2026/10/07 03:39:39.546, 100 %, 3699 MiB, 76, 199.90 W
2026/10/07 03:39:49.553, 100 %, 3699 MiB, 76, 197.23 W
2026/10/07 03:39:59.559, 100 %, 3699 MiB, 74, 165.71 W
2026/10/07 03:40:09.571, 100 %, 2357 MiB, 73, 105.99 W
2026/10/07 03:40:19.577, 100 %, 3699 MiB, 74, 198.97 W
2026/10/07 03:40:29.588, 100 %, 3699 MiB, 75, 194.67 W
2026/10/07 03:40:39.593, 100 %, 3699 MiB, 75, 166.33 W
2026/10/07 03:40:49.599, 100 %, 3699 MiB, 65, 176.35 W
2026/10/07 03:40:59.605, 100 %, 3699 MiB, 76, 198.86 W
2026/10/07 03:41:09.613, 100 %, 3699 MiB, 74, 195.88 W
2026/10/07 03:41:19.616, 100 %, 3699 MiB, 75, 165.54 W
2026/10/07 03:41:29.628, 100 %, 3315 MiB, 75, 199.25 W
2026/10/07 03:41:39.641, 100 %, 3315 MiB, 75, 198.25 W
2026/10/07 03:41:49.647, 100 %, 3315 MiB, 75, 168.82 W
2026/10/07 03:41:59.656, 100 %, 3315 MiB, 68, 165.89 W
2026/10/07 03:42:09.660, 100 %, 3315 MiB, 72, 197.54 W
2026/10/07 03:42:19.667, 100 %, 3315 MiB, 76, 200.18 W
2026/10/07 03:42:29.673, 100 %, 3315 MiB, 76, 198.07 W
2026/10/07 03:42:39.683, 100 %, 2357 MiB, 70, 121.96 W
2026/10/07 03:42:49.690, 100 %, 3315 MiB, 75, 199.48 W
2026/10/07 03:42:59.698, 100 %, 3315 MiB, 76, 198.51 W
2026/10/07 03:43:09.710, 100 %, 3315 MiB, 76, 176.15 W
2026/10/07 03:43:19.715, 100 %, 3315 MiB, 74, 165.73 W
2026/10/07 03:43:29.719, 100 %, 3315 MiB, 70, 196.68 W
2026/10/07 03:43:39.727, 100 %, 3315 MiB, 76, 199.47 W
2026/10/07 03:43:49.737, 100 %, 3315 MiB, 76, 193.27 W
2026/10/07 03:43:59.741, 100 %, 3315 MiB, 71, 170.09 W
2026/10/07 03:44:09.744, 100 %, 3315 MiB, 75, 199.39 W
2026/10/07 03:44:19.760, 100 %, 3315 MiB, 75, 199.48 W
2026/10/07 03:44:29.771, 100 %, 3315 MiB, 76, 177.52 W
2026/10/07 03:44:39.772, 100 %, 3315 MiB, 74, 165.65 W
2026/10/07 03:44:49.782, 100 %, 3315 MiB, 71, 196.35 W
2026/10/07 03:44:59.788, 100 %, 3315 MiB, 76, 198.88 W
2026/10/07 03:45:09.796, 100 %, 2357 MiB, 63, 101.65 W
2026/10/07 03:45:19.804, 100 %, 3686 MiB, 73, 167.06 W
2026/10/07 03:45:29.814, 100 %, 3686 MiB, 76, 197.09 W
2026/10/07 03:45:39.818, 100 %, 3686 MiB, 75, 199.14 W
2026/10/07 03:45:49.830, 100 %, 3686 MiB, 75, 199.35 W
2026/10/07 03:45:59.832, 100 %, 3686 MiB, 75, 200.01 W
2026/10/07 03:46:09.843, 100 %, 3686 MiB, 75, 198.76 W
2026/10/07 03:46:19.850, 100 %, 3823 MiB, 74, 198.04 W
2026/10/07 03:46:29.855, 100 %, 3823 MiB, 74, 164.72 W
2026/10/07 03:46:39.863, 100 %, 3823 MiB, 75, 168.72 W
2026/10/07 03:46:49.871, 100 %, 3823 MiB, 76, 197.95 W
2026/10/07 03:46:59.880, 100 %, 3834 MiB, 75, 192.72 W
2026/10/07 03:47:09.889, 100 %, 3823 MiB, 73, 169.19 W
2026/10/07 03:47:19.895, 100 %, 3823 MiB, 72, 198.82 W
2026/10/07 03:47:29.907, 100 %, 3823 MiB, 75, 195.28 W
2026/10/07 03:47:39.911, 100 %, 3823 MiB, 73, 167.48 W
2026/10/07 03:47:49.919, 100 %, 3823 MiB, 73, 170.42 W
2026/10/07 03:47:59.924, 100 %, 3823 MiB, 75, 198.62 W
2026/10/07 03:48:09.932, 100 %, 3823 MiB, 75, 199.25 W
2026/10/07 03:48:19.942, 100 %, 3823 MiB, 76, 179.88 W
2026/10/07 03:48:29.948, 100 %, 2357 MiB, 64, 103.28 W
2026/10/07 03:48:39.959, 100 %, 3823 MiB, 74, 200.05 W
2026/10/07 03:48:49.966, 100 %, 3823 MiB, 75, 198.75 W
2026/10/07 03:48:59.972, 100 %, 3823 MiB, 76, 168.82 W
2026/10/07 03:49:09.979, 100 %, 3823 MiB, 74, 167.02 W
2026/10/07 03:49:19.986, 100 %, 3823 MiB, 76, 197.85 W
2026/10/07 03:49:29.994, 100 %, 3823 MiB, 76, 198.97 W
2026/10/07 03:49:40.000, 100 %, 3355 MiB, 73, 164.53 W
2026/10/07 03:49:50.009, 100 %, 3355 MiB, 74, 196.43 W
2026/10/07 03:50:00.018, 100 %, 3355 MiB, 75, 199.18 W
2026/10/07 03:50:10.023, 100 %, 3355 MiB, 76, 194.58 W
2026/10/07 03:50:20.034, 100 %, 3355 MiB, 75, 166.32 W
2026/10/07 03:50:30.040, 100 %, 3355 MiB, 72, 171.70 W
2026/10/07 03:50:40.048, 100 %, 3355 MiB, 75, 199.41 W
2026/10/07 03:50:50.055, 100 %, 3355 MiB, 75, 167.85 W
2026/10/07 03:51:00.062, 100 %, 3355 MiB, 73, 167.61 W
2026/10/07 03:51:10.072, 100 %, 3355 MiB, 75, 196.67 W
2026/10/07 03:51:20.082, 100 %, 3355 MiB, 76, 199.96 W
2026/10/07 03:51:30.086, 100 %, 3355 MiB, 76, 196.64 W
2026/10/07 03:51:40.095, 100 %, 3355 MiB, 75, 167.47 W
2026/10/07 03:51:50.102, 100 %, 2357 MiB, 66, 86.48 W
2026/10/07 03:52:00.110, 100 %, 3355 MiB, 75, 198.46 W
2026/10/07 03:52:10.116, 100 %, 3355 MiB, 75, 186.26 W
2026/10/07 03:52:20.125, 100 %, 3355 MiB, 74, 163.19 W
2026/10/07 03:52:30.129, 100 %, 3355 MiB, 76, 189.45 W
2026/10/07 03:52:40.142, 100 %, 3355 MiB, 76, 199.56 W
2026/10/07 03:52:50.145, 100 %, 3355 MiB, 76, 196.31 W
2026/10/07 03:53:00.154, 100 %, 3579 MiB, 75, 186.86 W
2026/10/07 03:53:10.163, 100 %, 3579 MiB, 64, 135.95 W
2026/10/07 03:53:20.171, 22 %, 3579 MiB, 60, 89.82 W
2026/10/07 03:53:30.174, 1 %, 1917 MiB, 60, 146.94 W
2026/10/07 03:53:40.187, 100 %, 3653 MiB, 70, 195.71 W
2026/10/07 03:53:50.192, 100 %, 3653 MiB, 75, 199.63 W
2026/10/07 03:54:00.204, 100 %, 3653 MiB, 75, 194.96 W
2026/10/07 03:54:10.208, 100 %, 3653 MiB, 75, 164.71 W
2026/10/07 03:54:20.216, 100 %, 3653 MiB, 72, 170.55 W
2026/10/07 03:54:30.223, 100 %, 3653 MiB, 75, 199.57 W
2026/10/07 03:54:40.231, 100 %, 3653 MiB, 67, 184.14 W
2026/10/07 03:54:50.236, 100 %, 3653 MiB, 76, 199.66 W
2026/10/07 03:55:00.243, 100 %, 3653 MiB, 75, 195.96 W
2026/10/07 03:55:10.250, 100 %, 3653 MiB, 75, 167.13 W
2026/10/07 03:55:20.260, 100 %, 3653 MiB, 72, 168.73 W
2026/10/07 03:55:30.275, 100 %, 3653 MiB, 76, 198.36 W
2026/10/07 03:55:40.276, 100 %, 1917 MiB, 75, 200.23 W
2026/10/07 03:55:50.284, 100 %, 3653 MiB, 76, 199.27 W
2026/10/07 03:56:00.293, 100 %, 3653 MiB, 74, 199.19 W
2026/10/07 03:56:10.297, 100 %, 3653 MiB, 76, 191.62 W
2026/10/07 03:56:20.305, 100 %, 3653 MiB, 75, 164.41 W
2026/10/07 03:56:30.313, 100 %, 3653 MiB, 66, 181.48 W
2026/10/07 03:56:40.318, 100 %, 3653 MiB, 76, 198.90 W
2026/10/07 03:56:50.319, 100 %, 3305 MiB, 74, 199.71 W
2026/10/07 03:57:00.321, 100 %, 3305 MiB, 76, 196.44 W
2026/10/07 03:57:10.328, 100 %, 3305 MiB, 75, 166.26 W
2026/10/07 03:57:20.335, 100 %, 3305 MiB, 71, 168.92 W
2026/10/07 03:57:30.343, 100 %, 3305 MiB, 76, 192.15 W
2026/10/07 03:57:40.349, 100 %, 3305 MiB, 76, 199.58 W
2026/10/07 03:57:50.358, 100 %, 3305 MiB, 76, 197.93 W
2026/10/07 03:58:00.364, 100 %, 3305 MiB, 76, 199.57 W
2026/10/07 03:58:10.375, 100 %, 3305 MiB, 76, 185.44 W
2026/10/07 03:58:20.385, 100 %, 3305 MiB, 70, 166.85 W
2026/10/07 03:58:30.390, 100 %, 3305 MiB, 67, 183.10 W
2026/10/07 03:58:40.399, 100 %, 3305 MiB, 76, 199.63 W
2026/10/07 03:58:50.405, 100 %, 3305 MiB, 76, 195.26 W
2026/10/07 03:59:00.411, 100 %, 3305 MiB, 75, 199.86 W
2026/10/07 03:59:10.418, 100 %, 3305 MiB, 76, 195.49 W
2026/10/07 03:59:20.425, 100 %, 3305 MiB, 75, 163.16 W
2026/10/07 03:59:30.433, 100 %, 3305 MiB, 73, 170.42 W
2026/10/07 03:59:40.443, 100 %, 3305 MiB, 76, 199.11 W
2026/10/07 03:59:50.452, 100 %, 3305 MiB, 76, 197.78 W
2026/10/07 04:00:00.458, 100 %, 3305 MiB, 75, 168.66 W
2026/10/07 04:00:10.467, 100 %, 3679 MiB, 65, 192.42 W
2026/10/07 04:00:20.476, 100 %, 3682 MiB, 74, 168.32 W
2026/10/07 04:00:30.479, 100 %, 3679 MiB, 74, 167.99 W
2026/10/07 04:00:40.487, 100 %, 3679 MiB, 73, 169.38 W
2026/10/07 04:00:50.488, 100 %, 3679 MiB, 70, 162.61 W
2026/10/07 04:01:00.492, 100 %, 3679 MiB, 75, 197.63 W
2026/10/07 04:01:10.495, 100 %, 2163 MiB, 66, 129.79 W
2026/10/07 04:01:20.499, 100 %, 3819 MiB, 67, 166.25 W
2026/10/07 04:01:30.514, 100 %, 3819 MiB, 74, 193.07 W
2026/10/07 04:01:40.519, 100 %, 3819 MiB, 75, 200.16 W
2026/10/07 04:01:50.528, 100 %, 3819 MiB, 75, 197.75 W
2026/10/07 04:02:00.530, 100 %, 3819 MiB, 75, 197.21 W
2026/10/07 04:02:10.537, 100 %, 3819 MiB, 74, 164.73 W
2026/10/07 04:02:20.549, 100 %, 3819 MiB, 66, 178.58 W
2026/10/07 04:02:30.559, 100 %, 3819 MiB, 76, 198.99 W
2026/10/07 04:02:40.562, 100 %, 3819 MiB, 76, 195.80 W
2026/10/07 04:02:50.572, 100 %, 3819 MiB, 73, 167.51 W
2026/10/07 04:03:00.583, 100 %, 3819 MiB, 66, 190.97 W
2026/10/07 04:03:10.586, 100 %, 3819 MiB, 76, 199.65 W
2026/10/07 04:03:20.598, 100 %, 3819 MiB, 76, 194.69 W
2026/10/07 04:03:30.601, 100 %, 3819 MiB, 74, 163.93 W
2026/10/07 04:03:40.608, 100 %, 3819 MiB, 71, 169.49 W
2026/10/07 04:03:50.612, 100 %, 3819 MiB, 76, 198.93 W
2026/10/07 04:04:00.624, 100 %, 3819 MiB, 76, 199.43 W
2026/10/07 04:04:10.634, 100 %, 3819 MiB, 76, 182.95 W
2026/10/07 04:04:20.650, 100 %, 3819 MiB, 72, 164.96 W
2026/10/07 04:04:30.658, 100 %, 3819 MiB, 75, 199.41 W
2026/10/07 04:04:40.669, 100 %, 3819 MiB, 76, 199.61 W
2026/10/07 04:04:50.676, 100 %, 3819 MiB, 75, 180.09 W
2026/10/07 04:05:00.682, 100 %, 3819 MiB, 75, 163.44 W
2026/10/07 04:05:10.699, 100 %, 3819 MiB, 76, 191.04 W
2026/10/07 04:05:20.714, 100 %, 3819 MiB, 75, 199.62 W
2026/10/07 04:05:30.725, 100 %, 3819 MiB, 76, 195.69 W
2026/10/07 04:05:40.736, 100 %, 3819 MiB, 76, 164.41 W
2026/10/07 04:05:50.743, 100 %, 3819 MiB, 71, 168.73 W
2026/10/07 04:06:00.746, 100 %, 3819 MiB, 77, 198.47 W
2026/10/07 04:06:10.752, 100 %, 3354 MiB, 73, 164.00 W
2026/10/07 04:06:20.762, 100 %, 3354 MiB, 71, 167.38 W
2026/10/07 04:06:30.767, 100 %, 3354 MiB, 75, 199.44 W
2026/10/07 04:06:40.780, 100 %, 3354 MiB, 75, 199.06 W
2026/10/07 04:06:50.787, 100 %, 3354 MiB, 76, 172.71 W
2026/10/07 04:07:00.791, 100 %, 3354 MiB, 73, 166.16 W
2026/10/07 04:07:10.802, 100 %, 3354 MiB, 75, 194.17 W
2026/10/07 04:07:20.807, 100 %, 3354 MiB, 75, 199.86 W
2026/10/07 04:07:30.814, 100 %, 3354 MiB, 76, 198.87 W
2026/10/07 04:07:40.822, 100 %, 3354 MiB, 75, 164.01 W
2026/10/07 04:07:50.828, 100 %, 3354 MiB, 75, 199.76 W
2026/10/07 04:08:00.836, 100 %, 3354 MiB, 75, 195.99 W
2026/10/07 04:08:10.846, 100 %, 3354 MiB, 74, 166.88 W
2026/10/07 04:08:20.856, 100 %, 3354 MiB, 73, 169.04 W
2026/10/07 04:08:30.862, 100 %, 3354 MiB, 74, 199.43 W
2026/10/07 04:08:40.869, 100 %, 3354 MiB, 76, 199.10 W
2026/10/07 04:08:50.873, 100 %, 3354 MiB, 76, 177.40 W
2026/10/07 04:09:00.884, 100 %, 3354 MiB, 75, 167.19 W
2026/10/07 04:09:10.888, 100 %, 3354 MiB, 68, 195.06 W
2026/10/07 04:09:20.898, 8 %, 2325 MiB, 63, 186.94 W
2026/10/07 04:09:30.907, 100 %, 3354 MiB, 75, 171.63 W
2026/10/07 04:09:40.917, 100 %, 3354 MiB, 69, 168.98 W
2026/10/07 04:09:50.920, 100 %, 3354 MiB, 73, 198.43 W
2026/10/07 04:10:00.929, 100 %, 3354 MiB, 75, 200.21 W
2026/10/07 04:10:10.938, 100 %, 3354 MiB, 76, 196.03 W
2026/10/07 04:10:20.941, 100 %, 3354 MiB, 75, 165.03 W
2026/10/07 04:10:30.952, 100 %, 3354 MiB, 66, 171.48 W
2026/10/07 04:10:40.958, 100 %, 3354 MiB, 75, 199.19 W
2026/10/07 04:10:50.966, 100 %, 3354 MiB, 76, 199.04 W
2026/10/07 04:11:00.978, 100 %, 1917 MiB, 72, 85.22 W
2026/10/07 04:11:10.982, 100 %, 1917 MiB, 74, 199.07 W
2026/10/07 04:11:20.991, 100 %, 3531 MiB, 74, 166.69 W
2026/10/07 04:11:30.996, 100 %, 3531 MiB, 74, 199.74 W
2026/10/07 04:11:41.004, 100 %, 3604 MiB, 64, 176.93 W
2026/10/07 04:11:51.010, 100 %, 3604 MiB, 75, 199.18 W
2026/10/07 04:12:01.019, 100 %, 3604 MiB, 75, 198.79 W
2026/10/07 04:12:11.026, 100 %, 3604 MiB, 73, 198.14 W
2026/10/07 04:12:21.037, 100 %, 3604 MiB, 75, 193.82 W
2026/10/07 04:12:31.044, 100 %, 3604 MiB, 74, 164.52 W
2026/10/07 04:12:41.059, 100 %, 3142 MiB, 71, 112.91 W
2026/10/07 04:12:51.071, 100 %, 3604 MiB, 75, 164.96 W
2026/10/07 04:13:01.080, 100 %, 3604 MiB, 65, 174.69 W
2026/10/07 04:13:11.087, 100 %, 3604 MiB, 76, 198.88 W
2026/10/07 04:13:21.093, 100 %, 3293 MiB, 75, 199.17 W
2026/10/07 04:13:31.102, 100 %, 3293 MiB, 75, 199.48 W
2026/10/07 04:13:41.111, 100 %, 3293 MiB, 75, 193.27 W
2026/10/07 04:13:51.112, 100 %, 3293 MiB, 74, 198.92 W
2026/10/07 04:14:01.126, 100 %, 3293 MiB, 75, 193.79 W
2026/10/07 04:14:11.135, 100 %, 3293 MiB, 75, 166.62 W
2026/10/07 04:14:21.144, 100 %, 1917 MiB, 63, 105.97 W
2026/10/07 04:14:31.148, 100 %, 3293 MiB, 75, 163.95 W
2026/10/07 04:14:41.159, 100 %, 3293 MiB, 70, 189.14 W
2026/10/07 04:14:51.164, 100 %, 3293 MiB, 76, 199.66 W
2026/10/07 04:15:01.170, 100 %, 3512 MiB, 74, 199.32 W
2026/10/07 04:15:11.179, 100 %, 3512 MiB, 75, 170.53 W
2026/10/07 04:15:21.191, 100 %, 3512 MiB, 64, 179.81 W
2026/10/07 04:15:31.194, 100 %, 3568 MiB, 74, 174.77 W
2026/10/07 04:15:41.202, 100 %, 3568 MiB, 73, 164.63 W
2026/10/07 04:15:51.209, 100 %, 3568 MiB, 74, 168.68 W
2026/10/07 04:16:01.216, 6 %, 2345 MiB, 60, 125.70 W
2026/10/07 04:16:11.223, 100 %, 3568 MiB, 70, 165.42 W
2026/10/07 04:16:21.230, 100 %, 3568 MiB, 76, 197.91 W
2026/10/07 04:16:31.239, 100 %, 3568 MiB, 75, 197.86 W
2026/10/07 04:16:41.250, 100 %, 3568 MiB, 75, 199.08 W
2026/10/07 04:16:51.256, 100 %, 3568 MiB, 75, 199.26 W
2026/10/07 04:17:01.259, 100 %, 3568 MiB, 75, 184.93 W
2026/10/07 04:17:11.271, 100 %, 3285 MiB, 75, 193.62 W
2026/10/07 04:17:21.276, 100 %, 3285 MiB, 75, 165.53 W
2026/10/07 04:17:31.286, 100 %, 3285 MiB, 65, 169.82 W
2026/10/07 04:17:41.291, 1 %, 2163 MiB, 61, 143.30 W
2026/10/07 04:17:51.307, 100 %, 3285 MiB, 66, 168.99 W
2026/10/07 04:18:01.309, 100 %, 3285 MiB, 76, 199.19 W
2026/10/07 04:18:11.317, 100 %, 3285 MiB, 76, 199.60 W
2026/10/07 04:18:21.323, 100 %, 3285 MiB, 74, 199.53 W
2026/10/07 04:18:31.333, 100 %, 3285 MiB, 76, 199.46 W
2026/10/07 04:18:41.340, 100 %, 3285 MiB, 76, 187.35 W
2026/10/07 04:18:51.346, 100 %, 3610 MiB, 73, 165.97 W
2026/10/07 04:19:01.353, 1 %, 3610 MiB, 59, 89.15 W
2026/10/07 04:19:11.361, 1 %, 2345 MiB, 60, 136.97 W
2026/10/07 04:19:21.366, 100 %, 3610 MiB, 75, 177.00 W
2026/10/07 04:19:31.379, 100 %, 3693 MiB, 75, 198.35 W
2026/10/07 04:19:41.386, 100 %, 3693 MiB, 76, 168.40 W
2026/10/07 04:19:51.394, 100 %, 3693 MiB, 73, 169.55 W
2026/10/07 04:20:01.401, 100 %, 3693 MiB, 76, 198.99 W
2026/10/07 04:20:11.408, 100 %, 3693 MiB, 76, 200.57 W
2026/10/07 04:20:21.415, 100 %, 3693 MiB, 76, 188.04 W
2026/10/07 04:20:31.421, 100 %, 3693 MiB, 71, 166.32 W
2026/10/07 04:20:41.429, 100 %, 3693 MiB, 69, 185.05 W
2026/10/07 04:20:51.440, 100 %, 3693 MiB, 66, 170.32 W
2026/10/07 04:21:01.448, 100 %, 3693 MiB, 76, 199.70 W
2026/10/07 04:21:11.455, 100 %, 3693 MiB, 76, 197.82 W
2026/10/07 04:21:21.463, 100 %, 3693 MiB, 75, 167.40 W
2026/10/07 04:21:31.468, 100 %, 3693 MiB, 74, 167.98 W
2026/10/07 04:21:41.473, 100 %, 3693 MiB, 76, 198.32 W
2026/10/07 04:21:51.481, 100 %, 3693 MiB, 74, 199.53 W
2026/10/07 04:22:01.491, 100 %, 3693 MiB, 76, 189.04 W
2026/10/07 04:22:11.496, 100 %, 3693 MiB, 76, 197.15 W
2026/10/07 04:22:21.506, 100 %, 3693 MiB, 75, 169.58 W
2026/10/07 04:22:31.514, 100 %, 3693 MiB, 72, 167.63 W
2026/10/07 04:22:41.521, 100 %, 3693 MiB, 75, 193.21 W
2026/10/07 04:22:51.530, 100 %, 3693 MiB, 76, 199.34 W
2026/10/07 04:23:01.535, 100 %, 3693 MiB, 76, 197.99 W
2026/10/07 04:23:11.549, 100 %, 3693 MiB, 75, 165.37 W
2026/10/07 04:23:21.564, 100 %, 3693 MiB, 66, 169.71 W
2026/10/07 04:23:31.574, 100 %, 3313 MiB, 65, 176.62 W
2026/10/07 04:23:41.583, 100 %, 3313 MiB, 75, 199.52 W
2026/10/07 04:23:51.592, 100 %, 3313 MiB, 75, 195.24 W
2026/10/07 04:24:01.600, 100 %, 3313 MiB, 75, 165.05 W
2026/10/07 04:24:11.605, 100 %, 3313 MiB, 73, 168.33 W
2026/10/07 04:24:21.613, 100 %, 3313 MiB, 75, 197.72 W
2026/10/07 04:24:31.619, 100 %, 3313 MiB, 76, 199.09 W
2026/10/07 04:24:41.636, 100 %, 3313 MiB, 76, 187.19 W
2026/10/07 04:24:51.648, 100 %, 3313 MiB, 75, 190.09 W
2026/10/07 04:25:01.656, 100 %, 3313 MiB, 74, 164.10 W
2026/10/07 04:25:11.669, 100 %, 3313 MiB, 66, 179.45 W
2026/10/07 04:25:21.678, 100 %, 3313 MiB, 75, 199.43 W
2026/10/07 04:25:31.683, 100 %, 3313 MiB, 74, 198.55 W
2026/10/07 04:25:41.696, 100 %, 3313 MiB, 75, 170.06 W
2026/10/07 04:25:51.710, 100 %, 3313 MiB, 74, 168.40 W
2026/10/07 04:26:01.720, 100 %, 3313 MiB, 75, 193.30 W
2026/10/07 04:26:11.726, 100 %, 3313 MiB, 69, 159.90 W
2026/10/07 04:26:21.734, 100 %, 3313 MiB, 75, 198.91 W
2026/10/07 04:26:31.741, 100 %, 3313 MiB, 75, 199.61 W
2026/10/07 04:26:41.752, 100 %, 3313 MiB, 75, 189.19 W
2026/10/07 04:26:51.760, 100 %, 3313 MiB, 70, 165.46 W
2026/10/07 04:27:01.767, 100 %, 3313 MiB, 69, 187.40 W
2026/10/07 04:27:11.779, 100 %, 3313 MiB, 76, 199.35 W
2026/10/07 04:27:21.782, 100 %, 3313 MiB, 76, 196.58 W
2026/10/07 04:27:31.799, 100 %, 2163 MiB, 62, 61.04 W
2026/10/07 04:27:41.810, 100 %, 3141 MiB, 75, 195.91 W
2026/10/07 04:27:51.817, 100 %, 3615 MiB, 70, 169.65 W
2026/10/07 04:28:01.834, 100 %, 3615 MiB, 75, 198.88 W
2026/10/07 04:28:11.838, 100 %, 3675 MiB, 74, 199.33 W
2026/10/07 04:28:21.844, 100 %, 3675 MiB, 75, 198.91 W
2026/10/07 04:28:31.852, 100 %, 3675 MiB, 75, 172.06 W
2026/10/07 04:28:41.854, 100 %, 3675 MiB, 72, 169.72 W
2026/10/07 04:28:51.865, 100 %, 3675 MiB, 75, 198.42 W
2026/10/07 04:29:01.872, 100 %, 3675 MiB, 72, 168.62 W
2026/10/07 04:29:11.881, 100 %, 3675 MiB, 70, 168.46 W
2026/10/07 04:29:21.887, 100 %, 3675 MiB, 75, 198.90 W
2026/10/07 04:29:31.899, 100 %, 3675 MiB, 76, 198.63 W
2026/10/07 04:29:41.908, 100 %, 3675 MiB, 75, 175.41 W
2026/10/07 04:29:51.912, 100 %, 3675 MiB, 76, 199.62 W
2026/10/07 04:30:01.919, 100 %, 3675 MiB, 75, 178.23 W
2026/10/07 04:30:11.926, 100 %, 3675 MiB, 71, 165.30 W
2026/10/07 04:30:21.932, 100 %, 3675 MiB, 74, 194.85 W
2026/10/07 04:30:31.943, 14 %, 3142 MiB, 64, 183.85 W
2026/10/07 04:30:41.947, 100 %, 3309 MiB, 76, 199.35 W
2026/10/07 04:30:51.956, 100 %, 3309 MiB, 75, 197.11 W
2026/10/07 04:31:01.966, 100 %, 3309 MiB, 75, 164.95 W
2026/10/07 04:31:11.970, 100 %, 3309 MiB, 74, 169.04 W
2026/10/07 04:31:21.985, 0 %, 1917 MiB, 61, 124.39 W
2026/10/07 04:31:31.988, 100 %, 3309 MiB, 68, 194.74 W
2026/10/07 04:31:41.991, 100 %, 3309 MiB, 75, 198.37 W
2026/10/07 04:31:52.002, 100 %, 3309 MiB, 76, 192.56 W
2026/10/07 04:32:02.009, 100 %, 3309 MiB, 75, 166.41 W
2026/10/07 04:32:12.016, 100 %, 2345 MiB, 71, 91.18 W
2026/10/07 04:32:22.029, 100 %, 3309 MiB, 73, 167.02 W
2026/10/07 04:32:32.041, 100 %, 3309 MiB, 68, 185.49 W
2026/10/07 04:32:42.056, 100 %, 3309 MiB, 76, 199.68 W
2026/10/07 04:32:52.062, 100 %, 3309 MiB, 76, 195.28 W
2026/10/07 04:33:02.063, 100 %, 2345 MiB, 65, 71.72 W
2026/10/07 04:33:12.077, 100 %, 3547 MiB, 67, 186.98 W
2026/10/07 04:33:22.082, 100 %, 3606 MiB, 72, 124.96 W
2026/10/07 04:33:32.094, 100 %, 3606 MiB, 74, 197.86 W
2026/10/07 04:33:42.100, 100 %, 3606 MiB, 75, 166.52 W
2026/10/07 04:33:52.111, 100 %, 3606 MiB, 73, 171.12 W
2026/10/07 04:34:02.117, 100 %, 3606 MiB, 70, 197.90 W
2026/10/07 04:34:12.124, 100 %, 3606 MiB, 73, 169.03 W
2026/10/07 04:34:22.132, 100 %, 3606 MiB, 76, 199.22 W
2026/10/07 04:34:32.137, 100 %, 3606 MiB, 75, 198.80 W
2026/10/07 04:34:42.147, 100 %, 3606 MiB, 75, 179.51 W
2026/10/07 04:34:52.152, 100 %, 3606 MiB, 74, 166.39 W
2026/10/07 04:35:02.159, 100 %, 3606 MiB, 75, 183.53 W
2026/10/07 04:35:12.172, 100 %, 3606 MiB, 74, 166.32 W
2026/10/07 04:35:22.180, 100 %, 3606 MiB, 68, 193.81 W
2026/10/07 04:35:32.185, 100 %, 3606 MiB, 75, 198.81 W
2026/10/07 04:35:42.191, 100 %, 3606 MiB, 76, 195.73 W
2026/10/07 04:35:52.194, 100 %, 3294 MiB, 75, 198.29 W
2026/10/07 04:36:02.206, 100 %, 3294 MiB, 75, 181.14 W
2026/10/07 04:36:12.214, 100 %, 3295 MiB, 74, 164.84 W
2026/10/07 04:36:22.221, 100 %, 3295 MiB, 72, 196.55 W
2026/10/07 04:36:32.228, 100 %, 3295 MiB, 74, 199.59 W
2026/10/07 04:36:42.236, 100 %, 3295 MiB, 74, 199.62 W
2026/10/07 04:36:52.245, 100 %, 3295 MiB, 75, 199.83 W
2026/10/07 04:37:02.254, 100 %, 3295 MiB, 75, 182.04 W
2026/10/07 04:37:12.260, 100 %, 3295 MiB, 69, 160.72 W
2026/10/07 04:37:22.268, 100 %, 3295 MiB, 66, 189.47 W
2026/10/07 04:37:32.275, 100 %, 3295 MiB, 73, 166.81 W
2026/10/07 04:37:42.282, 100 %, 3295 MiB, 68, 194.80 W
2026/10/07 04:37:52.288, 100 %, 3295 MiB, 75, 199.62 W
2026/10/07 04:38:02.289, 100 %, 3295 MiB, 75, 196.86 W
2026/10/07 04:38:12.291, 100 %, 3295 MiB, 75, 164.78 W
2026/10/07 04:38:22.300, 100 %, 3520 MiB, 75, 199.88 W
2026/10/07 04:38:32.304, 0 %, 3520 MiB, 59, 114.07 W
2026/10/07 04:38:42.315, 1 %, 2358 MiB, 61, 147.74 W
2026/10/07 04:38:52.320, 100 %, 3520 MiB, 75, 199.43 W
2026/10/07 04:39:02.329, 100 %, 3611 MiB, 74, 185.41 W
2026/10/07 04:39:12.334, 100 %, 3611 MiB, 73, 162.46 W
2026/10/07 04:39:22.345, 100 %, 3611 MiB, 70, 189.62 W
2026/10/07 04:39:32.354, 100 %, 3611 MiB, 75, 199.81 W
2026/10/07 04:39:42.358, 100 %, 3611 MiB, 75, 196.88 W
2026/10/07 04:39:52.367, 100 %, 3611 MiB, 75, 165.84 W
2026/10/07 04:40:02.374, 100 %, 2358 MiB, 62, 76.55 W
2026/10/07 04:40:12.381, 100 %, 3611 MiB, 75, 198.86 W
2026/10/07 04:40:22.388, 100 %, 3611 MiB, 75, 168.19 W
2026/10/07 04:40:32.395, 100 %, 3611 MiB, 74, 169.05 W
2026/10/07 04:40:42.399, 100 %, 3611 MiB, 76, 198.60 W
2026/10/07 04:40:52.414, 100 %, 3611 MiB, 75, 199.33 W
2026/10/07 04:41:02.422, 100 %, 3611 MiB, 75, 187.51 W
2026/10/07 04:41:12.427, 100 %, 3611 MiB, 73, 167.79 W
2026/10/07 04:41:22.433, 100 %, 3611 MiB, 74, 199.55 W
2026/10/07 04:41:32.442, 100 %, 3611 MiB, 75, 199.85 W
2026/10/07 04:41:42.450, 100 %, 3611 MiB, 75, 189.62 W
2026/10/07 04:41:52.456, 100 %, 3611 MiB, 71, 163.68 W
2026/10/07 04:42:02.464, 100 %, 3611 MiB, 69, 186.12 W
2026/10/07 04:42:12.474, 100 %, 3611 MiB, 76, 200.29 W
2026/10/07 04:42:22.480, 100 %, 3296 MiB, 74, 163.75 W
2026/10/07 04:42:32.487, 100 %, 3296 MiB, 65, 174.93 W
2026/10/07 04:42:42.498, 100 %, 3296 MiB, 76, 199.61 W
2026/10/07 04:42:52.505, 100 %, 3296 MiB, 75, 195.55 W
2026/10/07 04:43:02.507, 100 %, 3296 MiB, 75, 169.02 W
2026/10/07 04:43:12.516, 100 %, 3296 MiB, 75, 169.13 W
2026/10/07 04:43:22.526, 1 %, 2358 MiB, 61, 135.44 W
2026/10/07 04:43:32.530, 100 %, 3296 MiB, 76, 193.57 W
2026/10/07 04:43:42.542, 100 %, 3296 MiB, 75, 167.84 W
2026/10/07 04:43:52.550, 100 %, 3304 MiB, 72, 168.21 W
2026/10/07 04:44:02.560, 100 %, 3296 MiB, 76, 199.71 W
2026/10/07 04:44:12.562, 100 %, 3296 MiB, 76, 195.45 W
2026/10/07 04:44:22.570, 100 %, 3296 MiB, 73, 163.77 W
2026/10/07 04:44:32.584, 100 %, 3296 MiB, 74, 168.04 W
2026/10/07 04:44:42.587, 100 %, 3296 MiB, 73, 196.50 W
2026/10/07 04:44:52.591, 100 %, 3296 MiB, 75, 199.59 W
2026/10/07 04:45:02.604, 100 %, 3296 MiB, 76, 196.43 W
2026/10/07 04:45:12.611, 100 %, 3296 MiB, 75, 165.05 W
2026/10/07 04:45:22.617, 100 %, 3296 MiB, 66, 171.44 W
2026/10/07 04:45:32.628, 100 %, 3296 MiB, 76, 199.62 W
2026/10/07 04:45:42.632, 100 %, 3697 MiB, 74, 198.02 W
2026/10/07 04:45:52.638, 100 %, 3697 MiB, 74, 168.73 W
2026/10/07 04:46:02.642, 100 %, 3697 MiB, 74, 199.56 W
2026/10/07 04:46:12.653, 100 %, 3697 MiB, 75, 198.51 W
2026/10/07 04:46:22.660, 100 %, 3697 MiB, 75, 168.08 W
2026/10/07 04:46:32.668, 100 %, 3697 MiB, 75, 197.52 W
2026/10/07 04:46:42.678, 100 %, 3836 MiB, 73, 198.94 W
2026/10/07 04:46:52.686, 100 %, 3836 MiB, 74, 199.35 W
2026/10/07 04:47:02.694, 100 %, 3844 MiB, 75, 186.91 W
2026/10/07 04:47:12.703, 100 %, 3848 MiB, 75, 194.39 W
2026/10/07 04:47:22.715, 100 %, 3833 MiB, 75, 192.11 W
2026/10/07 04:47:32.730, 100 %, 3833 MiB, 73, 193.81 W
2026/10/07 04:47:42.732, 100 %, 3833 MiB, 74, 182.70 W
2026/10/07 04:47:52.733, 100 %, 3841 MiB, 68, 197.04 W
2026/10/07 04:48:02.739, 100 %, 3832 MiB, 76, 199.63 W
2026/10/07 04:48:12.748, 100 %, 3832 MiB, 76, 196.22 W
2026/10/07 04:48:22.753, 100 %, 3832 MiB, 75, 198.52 W
2026/10/07 04:48:32.768, 100 %, 3832 MiB, 75, 183.98 W
2026/10/07 04:48:42.770, 100 %, 3832 MiB, 73, 162.80 W
2026/10/07 04:48:52.776, 100 %, 3832 MiB, 67, 180.68 W
2026/10/07 04:49:02.781, 100 %, 3832 MiB, 76, 199.86 W
2026/10/07 04:49:12.790, 100 %, 3832 MiB, 76, 194.77 W
2026/10/07 04:49:22.800, 100 %, 3832 MiB, 74, 164.73 W
2026/10/07 04:49:32.812, 100 %, 3832 MiB, 72, 168.59 W
2026/10/07 04:49:42.828, 100 %, 3832 MiB, 76, 198.88 W
2026/10/07 04:49:52.836, 100 %, 3832 MiB, 76, 200.01 W
2026/10/07 04:50:02.842, 100 %, 3832 MiB, 74, 198.99 W
2026/10/07 04:50:12.852, 100 %, 3832 MiB, 75, 199.27 W
2026/10/07 04:50:22.860, 100 %, 3832 MiB, 75, 173.85 W
2026/10/07 04:50:32.867, 100 %, 3832 MiB, 76, 166.50 W
2026/10/07 04:50:42.876, 100 %, 3832 MiB, 70, 195.91 W
2026/10/07 04:50:52.885, 100 %, 3832 MiB, 76, 198.99 W
2026/10/07 04:51:02.898, 100 %, 3832 MiB, 76, 192.40 W
2026/10/07 04:51:12.900, 100 %, 3832 MiB, 75, 166.22 W
2026/10/07 04:51:22.905, 100 %, 3832 MiB, 66, 169.73 W
2026/10/07 04:51:32.908, 0 %, 1787 MiB, 61, 146.07 W
2026/10/07 04:51:42.922, 100 %, 3358 MiB, 76, 199.55 W
2026/10/07 04:51:52.928, 100 %, 3358 MiB, 76, 199.60 W
2026/10/07 04:52:02.935, 100 %, 3358 MiB, 75, 172.29 W
2026/10/07 04:52:12.944, 100 %, 3358 MiB, 74, 165.25 W
2026/10/07 04:52:22.952, 100 %, 3358 MiB, 70, 196.81 W
2026/10/07 04:52:32.956, 100 %, 3358 MiB, 76, 199.99 W
2026/10/07 04:52:42.968, 100 %, 3358 MiB, 75, 193.85 W
2026/10/07 04:52:52.972, 100 %, 3358 MiB, 75, 163.59 W
2026/10/07 04:53:02.977, 100 %, 3358 MiB, 71, 170.83 W
2026/10/07 04:53:12.986, 100 %, 3358 MiB, 70, 165.82 W
2026/10/07 04:53:22.994, 100 %, 3358 MiB, 76, 197.02 W
2026/10/07 04:53:33.006, 100 %, 3358 MiB, 76, 199.67 W
2026/10/07 04:53:43.012, 100 %, 3358 MiB, 76, 195.55 W
2026/10/07 04:53:53.020, 100 %, 3358 MiB, 74, 164.88 W
2026/10/07 04:54:03.025, 100 %, 3358 MiB, 66, 178.76 W
2026/10/07 04:54:13.033, 100 %, 3358 MiB, 76, 200.19 W
2026/10/07 04:54:23.039, 100 %, 3358 MiB, 76, 198.61 W
2026/10/07 04:54:33.047, 100 %, 3358 MiB, 76, 167.67 W
2026/10/07 04:54:43.056, 100 %, 3358 MiB, 74, 169.71 W
2026/10/07 04:54:53.063, 100 %, 3358 MiB, 75, 165.08 W
2026/10/07 04:55:03.073, 100 %, 3358 MiB, 66, 170.87 W
2026/10/07 04:55:13.079, 100 %, 3358 MiB, 75, 198.88 W
2026/10/07 04:55:23.088, 100 %, 3358 MiB, 73, 197.18 W
2026/10/07 04:55:33.095, 100 %, 3358 MiB, 75, 169.09 W
2026/10/07 04:55:43.101, 100 %, 3358 MiB, 74, 168.81 W
2026/10/07 04:55:53.108, 100 %, 3358 MiB, 74, 198.52 W
2026/10/07 04:56:03.110, 100 %, 3358 MiB, 76, 198.62 W
2026/10/07 04:56:13.124, 100 %, 3358 MiB, 76, 194.38 W
2026/10/07 04:56:23.139, 100 %, 3358 MiB, 75, 162.74 W
2026/10/07 04:56:33.154, 100 %, 3622 MiB, 75, 166.36 W
2026/10/07 04:56:43.165, 100 %, 3622 MiB, 72, 198.71 W
2026/10/07 04:56:53.173, 100 %, 3622 MiB, 75, 197.67 W
2026/10/07 04:57:03.177, 100 %, 3740 MiB, 74, 198.61 W
2026/10/07 04:57:13.186, 100 %, 3740 MiB, 75, 199.15 W
2026/10/07 04:57:23.193, 100 %, 3740 MiB, 74, 165.96 W
2026/10/07 04:57:33.201, 100 %, 3740 MiB, 74, 167.63 W
2026/10/07 04:57:43.207, 100 %, 3740 MiB, 72, 196.31 W
2026/10/07 04:57:53.219, 100 %, 3740 MiB, 75, 198.54 W
2026/10/07 04:58:03.225, 100 %, 3740 MiB, 75, 192.91 W
2026/10/07 04:58:13.231, 0 %, 3740 MiB, 61, 88.80 W
2026/10/07 04:58:23.241, 100 %, 3740 MiB, 75, 164.75 W
2026/10/07 04:58:33.247, 100 %, 3740 MiB, 74, 164.97 W
2026/10/07 04:58:43.255, 100 %, 3740 MiB, 73, 169.45 W
2026/10/07 04:58:53.263, 100 %, 3740 MiB, 75, 199.72 W
2026/10/07 04:59:03.268, 100 %, 3740 MiB, 76, 198.51 W
2026/10/07 04:59:13.279, 100 %, 3740 MiB, 76, 182.43 W
2026/10/07 04:59:23.285, 100 %, 3740 MiB, 75, 166.61 W
2026/10/07 04:59:33.293, 100 %, 3740 MiB, 75, 179.62 W
2026/10/07 04:59:43.299, 100 %, 3740 MiB, 74, 163.10 W
2026/10/07 04:59:53.308, 100 %, 3740 MiB, 66, 191.70 W
2026/10/07 05:00:03.317, 100 %, 3740 MiB, 76, 199.62 W
2026/10/07 05:00:13.324, 100 %, 3740 MiB, 76, 194.41 W
2026/10/07 05:00:23.330, 100 %, 3740 MiB, 74, 163.96 W
2026/10/07 05:00:33.332, 100 %, 3740 MiB, 73, 168.62 W
2026/10/07 05:00:43.339, 100 %, 3326 MiB, 74, 169.26 W
2026/10/07 05:00:53.356, 100 %, 3326 MiB, 74, 198.85 W
2026/10/07 05:01:03.362, 100 %, 3326 MiB, 74, 198.93 W
2026/10/07 05:01:13.371, 100 %, 3326 MiB, 75, 195.63 W
2026/10/07 05:01:23.377, 100 %, 3326 MiB, 74, 163.32 W
2026/10/07 05:01:33.383, 100 %, 3326 MiB, 66, 169.87 W
2026/10/07 05:01:43.390, 100 %, 3326 MiB, 76, 199.20 W
2026/10/07 05:01:53.396, 100 %, 3326 MiB, 67, 144.23 W
2026/10/07 05:02:03.409, 100 %, 3326 MiB, 75, 199.57 W
2026/10/07 05:02:13.412, 100 %, 3326 MiB, 76, 195.91 W
2026/10/07 05:02:23.421, 100 %, 3326 MiB, 75, 165.12 W
2026/10/07 05:02:33.430, 100 %, 3318 MiB, 71, 166.50 W
2026/10/07 05:02:43.437, 100 %, 3318 MiB, 75, 199.34 W
2026/10/07 05:02:53.442, 100 %, 3318 MiB, 76, 198.65 W
2026/10/07 05:03:03.449, 100 %, 3318 MiB, 76, 180.39 W
2026/10/07 05:03:13.457, 100 %, 3318 MiB, 75, 199.05 W
2026/10/07 05:03:23.465, 100 %, 3318 MiB, 75, 172.61 W
2026/10/07 05:03:33.475, 100 %, 3319 MiB, 76, 169.42 W
2026/10/07 05:03:43.482, 100 %, 3319 MiB, 76, 198.18 W
2026/10/07 05:03:53.492, 100 %, 3319 MiB, 76, 198.56 W
2026/10/07 05:04:03.498, 100 %, 3319 MiB, 76, 195.56 W
2026/10/07 05:04:13.504, 100 %, 3319 MiB, 75, 164.61 W
2026/10/07 05:04:23.512, 100 %, 3588 MiB, 74, 167.14 W
2026/10/07 05:04:33.518, 100 %, 3588 MiB, 74, 198.94 W
2026/10/07 05:04:43.525, 100 %, 3588 MiB, 74, 195.60 W
2026/10/07 05:04:53.539, 100 %, 3659 MiB, 74, 138.53 W
2026/10/07 05:05:03.544, 100 %, 3659 MiB, 75, 198.49 W
2026/10/07 05:05:13.551, 100 %, 3659 MiB, 75, 192.97 W
2026/10/07 05:05:23.563, 100 %, 3659 MiB, 75, 162.83 W
2026/10/07 05:05:33.564, 100 %, 3659 MiB, 71, 172.20 W
2026/10/07 05:05:43.577, 100 %, 3659 MiB, 74, 162.09 W
2026/10/07 05:05:53.590, 100 %, 3659 MiB, 72, 169.75 W
2026/10/07 05:06:03.602, 100 %, 3659 MiB, 75, 199.90 W
2026/10/07 05:06:13.610, 100 %, 3659 MiB, 76, 198.36 W
2026/10/07 05:06:23.620, 100 %, 3659 MiB, 75, 167.34 W
2026/10/07 05:06:33.622, 100 %, 3659 MiB, 75, 199.01 W
2026/10/07 05:06:43.636, 100 %, 3659 MiB, 76, 177.10 W
2026/10/07 05:06:53.646, 100 %, 3659 MiB, 74, 162.93 W
2026/10/07 05:07:03.652, 100 %, 3659 MiB, 68, 184.36 W
2026/10/07 05:07:13.655, 100 %, 3659 MiB, 76, 199.36 W
2026/10/07 05:07:23.659, 100 %, 3298 MiB, 75, 199.17 W
2026/10/07 05:07:33.671, 100 %, 3298 MiB, 75, 199.50 W
2026/10/07 05:07:43.681, 100 %, 3298 MiB, 75, 177.36 W
2026/10/07 05:07:53.691, 100 %, 3298 MiB, 75, 166.80 W
2026/10/07 05:08:03.698, 100 %, 3298 MiB, 75, 196.57 W
2026/10/07 05:08:13.707, 100 %, 3302 MiB, 72, 169.93 W
2026/10/07 05:08:23.720, 100 %, 3298 MiB, 76, 197.69 W
2026/10/07 05:08:33.734, 100 %, 3298 MiB, 75, 199.86 W
2026/10/07 05:08:43.741, 100 %, 3298 MiB, 76, 184.06 W
2026/10/07 05:08:53.749, 100 %, 3298 MiB, 74, 168.31 W
2026/10/07 05:09:03.755, 100 %, 3298 MiB, 75, 192.80 W
2026/10/07 05:09:13.768, 100 %, 3298 MiB, 75, 165.38 W
2026/10/07 05:09:23.775, 100 %, 3298 MiB, 66, 176.36 W
2026/10/07 05:09:33.778, 100 %, 3298 MiB, 76, 198.79 W
2026/10/07 05:09:43.788, 100 %, 3298 MiB, 76, 199.06 W
2026/10/07 05:09:53.797, 100 %, 3468 MiB, 75, 188.68 W
2026/10/07 05:10:03.802, 100 %, 3468 MiB, 75, 198.92 W
2026/10/07 05:10:13.807, 100 %, 3468 MiB, 73, 167.89 W
2026/10/07 05:10:23.816, 100 %, 3413 MiB, 72, 126.00 W
2026/10/07 05:10:33.825, 100 %, 3554 MiB, 74, 166.84 W
2026/10/07 05:10:43.836, 100 %, 3554 MiB, 65, 170.49 W
2026/10/07 05:10:53.847, 100 %, 3554 MiB, 75, 198.88 W
2026/10/07 05:11:03.857, 100 %, 3554 MiB, 76, 199.37 W
2026/10/07 05:11:13.872, 100 %, 3554 MiB, 75, 199.79 W
2026/10/07 05:11:23.888, 100 %, 3554 MiB, 75, 179.21 W
2026/10/07 05:11:33.904, 100 %, 3554 MiB, 68, 163.65 W
2026/10/07 05:11:43.909, 100 %, 3554 MiB, 68, 194.66 W
2026/10/07 05:11:53.917, 100 %, 3554 MiB, 74, 164.86 W
2026/10/07 05:12:03.924, 100 %, 3554 MiB, 65, 189.01 W
2026/10/07 05:12:13.934, 100 %, 3562 MiB, 75, 199.78 W
2026/10/07 05:12:23.950, 100 %, 3554 MiB, 75, 197.16 W
2026/10/07 05:12:33.963, 100 %, 3554 MiB, 76, 167.55 W
2026/10/07 05:12:43.971, 100 %, 3274 MiB, 75, 163.68 W
2026/10/07 05:12:53.979, 100 %, 3274 MiB, 65, 175.79 W
2026/10/07 05:13:03.987, 100 %, 3274 MiB, 76, 200.18 W
2026/10/07 05:13:13.992, 100 %, 3274 MiB, 75, 200.14 W
2026/10/07 05:13:24.001, 100 %, 3274 MiB, 75, 198.85 W
2026/10/07 05:13:34.014, 100 %, 3274 MiB, 75, 196.12 W
2026/10/07 05:13:44.018, 100 %, 3274 MiB, 74, 165.54 W
2026/10/07 05:13:54.025, 100 %, 3274 MiB, 65, 176.57 W
2026/10/07 05:14:04.033, 1 %, 2154 MiB, 62, 162.30 W
2026/10/07 05:14:14.042, 100 %, 3274 MiB, 76, 199.73 W
2026/10/07 05:14:24.045, 100 %, 3274 MiB, 75, 199.17 W
2026/10/07 05:14:34.052, 100 %, 3274 MiB, 75, 182.61 W
2026/10/07 05:14:44.060, 100 %, 3274 MiB, 75, 165.71 W
2026/10/07 05:14:54.070, 36 %, 3666 MiB, 69, 101.24 W
2026/10/07 05:15:04.080, 100 %, 3666 MiB, 69, 197.25 W
2026/10/07 05:15:14.086, 100 %, 2395 MiB, 70, 67.85 W
2026/10/07 05:15:24.091, 100 %, 3666 MiB, 69, 168.11 W
2026/10/07 05:15:34.103, 100 %, 3666 MiB, 75, 168.87 W
2026/10/07 05:15:44.105, 100 %, 3674 MiB, 74, 175.51 W
2026/10/07 05:15:54.113, 100 %, 3674 MiB, 73, 199.52 W
2026/10/07 05:16:04.122, 100 %, 2403 MiB, 69, 133.23 W
2026/10/07 05:16:14.129, 100 %, 3810 MiB, 74, 188.17 W
2026/10/07 05:16:24.142, 100 %, 3810 MiB, 74, 163.12 W
2026/10/07 05:16:34.156, 100 %, 3810 MiB, 65, 177.67 W
2026/10/07 05:16:44.170, 100 %, 3810 MiB, 76, 199.79 W
2026/10/07 05:16:54.176, 100 %, 3810 MiB, 76, 196.86 W
2026/10/07 05:17:04.185, 100 %, 3810 MiB, 74, 165.76 W
2026/10/07 05:17:14.193, 100 %, 3810 MiB, 69, 167.62 W
2026/10/07 05:17:24.201, 100 %, 3810 MiB, 76, 198.29 W
2026/10/07 05:17:34.206, 100 %, 3810 MiB, 76, 199.77 W
2026/10/07 05:17:44.213, 100 %, 2403 MiB, 68, 130.07 W
2026/10/07 05:17:54.223, 100 %, 3810 MiB, 74, 164.84 W
2026/10/07 05:18:04.232, 100 %, 3810 MiB, 66, 191.97 W
2026/10/07 05:18:14.238, 100 %, 3810 MiB, 76, 200.32 W
2026/10/07 05:18:24.245, 100 %, 3810 MiB, 76, 197.98 W
2026/10/07 05:18:34.250, 100 %, 3810 MiB, 72, 162.84 W
2026/10/07 05:18:44.260, 100 %, 3810 MiB, 74, 169.52 W
2026/10/07 05:18:54.266, 100 %, 3810 MiB, 76, 199.38 W
2026/10/07 05:19:04.273, 100 %, 3810 MiB, 76, 197.73 W
2026/10/07 05:19:14.285, 100 %, 3810 MiB, 75, 166.88 W
2026/10/07 05:19:24.291, 100 %, 2403 MiB, 73, 98.65 W
2026/10/07 05:19:34.300, 100 %, 3810 MiB, 65, 179.55 W
2026/10/07 05:19:44.303, 100 %, 3810 MiB, 75, 199.75 W
2026/10/07 05:19:54.314, 100 %, 3810 MiB, 75, 198.77 W
2026/10/07 05:20:04.319, 100 %, 3810 MiB, 75, 170.27 W
2026/10/07 05:20:14.329, 100 %, 3810 MiB, 74, 167.69 W
2026/10/07 05:20:24.335, 100 %, 3810 MiB, 77, 197.24 W
2026/10/07 05:20:34.339, 100 %, 3810 MiB, 76, 199.38 W
2026/10/07 05:20:44.354, 100 %, 3810 MiB, 76, 196.14 W
2026/10/07 05:20:54.358, 100 %, 3810 MiB, 76, 163.82 W
2026/10/07 05:21:04.366, 9 %, 2403 MiB, 60, 78.30 W
2026/10/07 05:21:14.375, 100 %, 3351 MiB, 74, 199.67 W
2026/10/07 05:21:24.384, 100 %, 3351 MiB, 75, 191.20 W
2026/10/07 05:21:34.389, 100 %, 3351 MiB, 74, 163.95 W
2026/10/07 05:21:44.397, 100 %, 3351 MiB, 65, 185.72 W
2026/10/07 05:21:54.403, 100 %, 3351 MiB, 75, 198.93 W
2026/10/07 05:22:04.414, 100 %, 3351 MiB, 75, 194.18 W
2026/10/07 05:22:14.422, 100 %, 3351 MiB, 74, 164.92 W
2026/10/07 05:22:24.429, 100 %, 3351 MiB, 69, 168.41 W
2026/10/07 05:22:34.433, 100 %, 3351 MiB, 76, 198.49 W
2026/10/07 05:22:44.440, 100 %, 1916 MiB, 75, 199.31 W
2026/10/07 05:22:54.449, 100 %, 3351 MiB, 74, 190.83 W
2026/10/07 05:23:04.454, 100 %, 3351 MiB, 71, 160.54 W
2026/10/07 05:23:14.463, 100 %, 3351 MiB, 68, 185.33 W
2026/10/07 05:23:24.473, 100 %, 3351 MiB, 75, 199.41 W
2026/10/07 05:23:34.482, 100 %, 3351 MiB, 73, 194.30 W
2026/10/07 05:23:44.489, 100 %, 3351 MiB, 75, 162.02 W
2026/10/07 05:23:54.496, 100 %, 3351 MiB, 70, 167.15 W
2026/10/07 05:24:04.502, 100 %, 3351 MiB, 76, 199.01 W
2026/10/07 05:24:14.510, 100 %, 3351 MiB, 75, 200.10 W
2026/10/07 05:24:24.518, 100 %, 3351 MiB, 75, 172.04 W
2026/10/07 05:24:34.523, 100 %, 3351 MiB, 74, 165.82 W
2026/10/07 05:24:44.531, 100 %, 3351 MiB, 68, 173.78 W
2026/10/07 05:24:54.543, 100 %, 3351 MiB, 76, 199.14 W
2026/10/07 05:25:04.546, 100 %, 3368 MiB, 75, 197.85 W
2026/10/07 05:25:14.555, 100 %, 3351 MiB, 75, 166.30 W
2026/10/07 05:25:24.564, 100 %, 3351 MiB, 71, 168.04 W
2026/10/07 05:25:34.571, 100 %, 3351 MiB, 74, 198.85 W
2026/10/07 05:25:44.576, 100 %, 3351 MiB, 76, 199.77 W
2026/10/07 05:25:54.586, 100 %, 3351 MiB, 76, 196.44 W
2026/10/07 05:26:04.592, 100 %, 3351 MiB, 75, 167.25 W
2026/10/07 05:26:14.600, 5 %, 1416 MiB, 54, 13.29 W
2026/10/07 05:26:24.606, 4 %, 1409 MiB, 51, 12.74 W
2026/10/07 05:26:34.621, 3 %, 1430 MiB, 49, 14.81 W
